Patient,Session,File,Motion Mean,Motion Std,Motion Max,Motion Min,Motion P10,Motion P50,Motion P90,Jacobian Mean,Jacobian Std,Jacobian Min,Jacobian % Negative,Harmonic Energy,QA_JAC0,QA_JAC2,QA_HE,QA_Passed
pt002,MR1,002_to_001_warp.nii.gz,0.9345232363142485,1.14246019415917,7.506777721972886,0.0019193873471571841,0.13341687960208223,0.40005052321875456,2.873308239628314,1.0402555875690327,0.5416960162490588,-0.6534042898109997,3.96728515625e-05,0.393780944892641,False,True,True,False
pt002,MR1,003_to_002_warp.nii.gz,0.8847624649150024,1.1446634217188956,8.540460040017729,0.0013607996873594727,0.1203879138503494,0.34205891385178167,2.864738225710499,1.0400131567754576,0.5264954436653572,-0.23878637156495858,5.126953125e-05,0.3637268179763187,False,True,True,False
pt002,MR1,004_to_003_warp.nii.gz,1.0437540805088552,1.1751007124779909,8.414868413755418,0.002263824688343895,0.13881033200086731,0.4668858367318841,2.9165358075456185,1.0404165702077497,0.5666294700606049,-0.8072963347193505,7.32421875e-05,0.4267953798981364,False,True,True,False
pt002,MR1,005_to_004_warp.nii.gz,0.9210371304485939,1.1548954012166666,8.890131168866672,0.0013421527398323366,0.12749579223895716,0.36917538137850947,2.8796892377168715,1.04038314111159,0.5387015395262171,-1.3103109266473132,9.1552734375e-05,0.4004707665996077,False,True,True,False
pt002,MR1,006_to_005_warp.nii.gz,0.9749786305642232,1.167302763444767,8.782274223565919,0.002601741352157467,0.13129075482362576,0.4072481891048144,2.898157396647297,1.040381215465246,0.5542326992560235,-0.3789584793815626,9.8876953125e-05,0.42186179639679705,False,True,True,False
pt002,MR1,007_to_006_warp.nii.gz,0.8931703934295666,1.1582814243945891,9.381762026279759,0.0021430815994731,0.12091206608453497,0.34068642397491694,2.8765497870708043,1.0401912702753529,0.538499960189733,-0.5780891674122355,4.57763671875e-05,0.37826517029537177,False,True,True,False
pt002,MR1,008_to_007_warp.nii.gz,0.9257461651139018,1.1448217957804994,9.958152886011868,0.001037623562850032,0.1265974079985935,0.37720544686358165,2.8700874171762845,1.0399646855438602,0.5309864290848981,-0.8299627570175531,5.9814453125e-05,0.38328961016867763,False,True,True,False
pt002,MR1,009_to_008_warp.nii.gz,0.8913617795709078,1.142510975377337,10.026425228689815,0.0024142364794022546,0.12611705180570762,0.35230220103335663,2.8638586888528668,1.0405211052386583,0.5180928482027726,-1.3079786468481012,7.32421875e-05,0.36922942075311593,False,True,True,False
pt002,MR1,010_to_009_warp.nii.gz,0.8733061769994073,1.1390574243682368,8.28370843608309,0.0010984515308144391,0.12115034871862544,0.3331006273732054,2.859743412723675,1.0403131281706453,0.5180757380908795,-0.3548399672732016,2.9296875e-05,0.3545780544236025,False,True,True,False
pt002,MR1,011_to_010_warp.nii.gz,0.8798698187573146,1.133837380590997,7.370447416376883,0.001275630912204606,0.12206587240655467,0.346679932020628,2.8543289393349354,1.0404250636394006,0.5114521967291648,-0.4472000329521765,1.46484375e-05,0.34537967469326714,False,True,True,False
pt002,MR1,012_to_011_warp.nii.gz,1.0523442758227854,1.1787426618017138,7.650192112736962,0.0007653726460778694,0.13858785012784786,0.47205482046139935,2.920499160149192,1.039941670519711,0.5703599756619472,-0.8244744209826873,3.96728515625e-05,0.4300640400745629,False,True,True,False
pt002,MR1,013_to_012_warp.nii.gz,0.8869385449753697,1.1265579712273797,8.221474790614414,0.0021150229571576633,0.12982682746908886,0.3694887746454343,2.8514428425665637,1.0406275461055894,0.5082183556753609,-1.1471715658594017,5.2490234375e-05,0.34955309767610365,False,True,True,False
pt002,MR1,014_to_013_warp.nii.gz,0.9656253164070183,1.1398881058436199,9.171068303879082,0.0013249636098540466,0.13245675877769478,0.417438259264307,2.860815994927682,1.0400032857263681,0.5309823792990995,-1.362960489469806,4.8828125e-05,0.38236193815249936,False,True,True,False
pt002,MR1,015_to_014_warp.nii.gz,0.9105300684698008,1.13335455817265,7.119737380568557,0.002095873719566076,0.12803439972631844,0.3809086364313162,2.8617300109195467,1.040287343247948,0.5111444867273967,-0.16132140166724926,2.13623046875e-05,0.3437324514656115,False,True,True,False
pt002,MR1,016_to_015_warp.nii.gz,0.9481933261591666,1.1385827258919832,8.643153293638493,0.0014169349471719799,0.1317204946385771,0.4120933658896103,2.864400760450704,1.040246974837765,0.5265620597490447,-0.35393768928116903,2.8076171875e-05,0.37635871749538574,False,True,True,False
pt002,MR1,017_to_016_warp.nii.gz,0.8702789915383029,1.1225683535474351,7.463713387542018,0.002176436146009199,0.12535482654046487,0.35057463549177015,2.840004172297186,1.0402890459254899,0.5029276683270004,-1.6342679447522286,2.44140625e-05,0.3348495310771875,False,True,True,False
pt002,MR1,018_to_017_warp.nii.gz,0.8760017305744412,1.12408479583965,8.388799094274912,0.0024647849834219067,0.12421055957032634,0.34857826263113734,2.843651897393532,1.0403216501008692,0.5056758477427481,-1.419026564504863,3.90625e-05,0.3457817150861013,False,True,True,False
pt002,MR1,019_to_018_warp.nii.gz,0.8734450880229333,1.130761545186311,10.080062880539934,0.0023976109426989203,0.12400990645740993,0.3493511314351033,2.845932183862303,1.0401407431286733,0.5034102963559527,-0.5664785971024029,3.41796875e-05,0.3388902569055902,False,True,True,False
pt002,MR1,020_to_019_warp.nii.gz,0.84788195477278,1.1195071829934082,7.693998855824943,0.0004546161646198232,0.11923802251350275,0.32417261134915887,2.8278830212921062,1.0405655945553252,0.4973599242347798,-0.20744418310544668,4.57763671875e-05,0.32572875223771575,False,True,True,False
pt002,MR1,021_to_020_warp.nii.gz,0.9215054263198336,1.1436652061925043,10.100523351046029,0.0025469125784964783,0.1293143436842494,0.3871675300571146,2.8693723710160404,1.040170783553676,0.5229303306525767,-0.6518437641792837,6.28662109375e-05,0.3648820561703201,False,True,True,False
pt002,MR1,022_to_021_warp.nii.gz,0.920939037946551,1.1360868828512534,8.228609939686397,0.0007636057425466586,0.13080035402606902,0.3926742506761758,2.8622568231766676,1.040022891228692,0.5241514354946899,-0.5289041756727504,2.25830078125e-05,0.3669461924886545,False,True,True,False
pt002,MR1,023_to_022_warp.nii.gz,0.9234006610787602,1.1373294520031074,8.333220128809037,0.002280742537487982,0.13089534448558807,0.3886210013321899,2.861894266254042,1.0406490999463405,0.5265885918763544,-0.837439166785993,5.55419921875e-05,0.37695189446143174,False,True,True,False
pt002,MR1,024_to_023_warp.nii.gz,0.8935515440246747,1.1235941088483645,8.920797347987234,0.001755949317545234,0.1270347671704912,0.3734670088991622,2.841864432978759,1.0401861036337103,0.5115038521081544,-0.3567548046703163,4.08935546875e-05,0.34837290890498207,False,True,True,False
pt002,MR1,025_to_024_warp.nii.gz,0.8465559249314988,1.132233590981585,9.079779080361249,0.0018087370921281885,0.11956216496469341,0.3259590450803195,2.8435987212101224,1.0406182296938524,0.500969729090149,-0.6798243818445137,1.89208984375e-05,0.33174963369045274,False,True,True,False
pt002,MR1,026_to_025_warp.nii.gz,0.8981846344707458,1.1414778162952777,8.2914364969492,0.0021552593464959327,0.1245499972284938,0.3619695338885155,2.8643081536835195,1.0399737589542273,0.520526898742817,-1.2363048629811664,5.55419921875e-05,0.36290834780058623,False,True,True,False
pt002,MR1,027_to_026_warp.nii.gz,0.9133170286457267,1.1403590945331605,8.81524411711448,0.0018766443778685737,0.1269597557701732,0.37578425619877187,2.864534505662914,1.0401868092045214,0.5308762436806725,-0.41026894546873305,5.31005859375e-05,0.36830298694079205,False,True,True,False
pt002,MR1,028_to_027_warp.nii.gz,0.9159332497943737,1.1424819955317382,8.220263526352866,0.0014711459411039089,0.13197615561120837,0.38290188993641205,2.867295288390211,1.0405034775657978,0.5295976365454492,-2.7752877507059046,5.92041015625e-05,0.38654859950550247,False,True,True,False
pt002,MR1,029_to_028_warp.nii.gz,0.942753663988228,1.1501570625490558,11.538708564585423,0.0003980112909725412,0.1313812352993027,0.3941912416929648,2.8750672940461826,1.040248039735622,0.5394029505318736,-1.4797224660094603,8.48388671875e-05,0.3947860035798778,False,True,True,False
pt002,MR1,030_to_029_warp.nii.gz,0.9019265265234157,1.1523832207171907,9.400876920968546,0.0006933416964442046,0.1250996076723337,0.3561706712821465,2.8731128911390647,1.0403879857570493,0.5326954315706766,-0.4493179578050261,0.00013427734375,0.38320800551040235,False,True,True,False
pt002,MR1,031_to_030_warp.nii.gz,0.9671645200192853,1.16980326287269,9.554645676702489,0.001491612126044048,0.13178229076288447,0.4097002915609672,2.9034322957738374,1.0401242164075368,0.5596605480865966,-0.8791171362799673,8.60595703125e-05,0.4211784233037379,False,True,True,False
pt002,MR1,032_to_031_warp.nii.gz,0.9790892235583541,1.1640922553049682,9.319023989740295,0.0019030371346800737,0.1373770471704983,0.4270438994285761,2.908737981833874,1.0401100700171242,0.5576127492049346,-3.3447219889026174,0.00010986328125,0.421998734799888,False,True,True,False
pt002,MR1,033_to_032_warp.nii.gz,0.9502855538598672,1.1633167441142913,7.986160690451174,0.0010898894533609446,0.1324271453938842,0.39435593341192243,2.898079989748274,1.0403523013893352,0.5532745236029921,-1.3135716864168472,0.0001763916015625,0.41947907087352587,False,True,True,False
pt002,MR1,034_to_033_warp.nii.gz,0.9316436666408624,1.1492642982292864,7.774096529206822,0.0022621939099177805,0.12880046009764656,0.3837337752736769,2.876046447005623,1.040427888912251,0.5472868995881123,-0.8509202847159041,7.8125e-05,0.3995352860983873,False,True,True,False
pt002,MR1,035_to_034_warp.nii.gz,0.8824517814528298,1.1406873234059927,9.385835885670065,0.0010711054143074847,0.12134796845091472,0.3405049103968737,2.861297336310857,1.0403424399420298,0.521393485863034,-1.9329749546005686,7.8125e-05,0.36144551124722696,False,True,True,False
pt002,MR1,036_to_035_warp.nii.gz,0.9196495444604325,1.159243148199782,9.485786700057023,0.002354613900355325,0.12712882043678497,0.370853496245106,2.8825308750559633,1.0404542743604264,0.5395150622600244,-0.6109867027678418,0.000186767578125,0.3829917165236472,False,True,True,False
pt002,MR1,037_to_036_warp.nii.gz,0.960094399164573,1.1709954328923233,9.492927643929304,0.0018960036029206564,0.128556850605342,0.3892248159393043,2.901716291889794,1.0401802958923825,0.5567556007438893,-0.755188029473988,0.0001312255859375,0.41307658869442804,False,True,True,False
pt002,MR1,038_to_037_warp.nii.gz,0.9248458321251115,1.1418888630879187,8.849564183714424,0.001151320694280862,0.12939495233332174,0.3777300709574622,2.867907118353867,1.040513353533958,0.5322316709639108,-0.8156292868780483,9.033203125e-05,0.38931091447016736,False,True,True,False
pt002,MR1,039_to_038_warp.nii.gz,0.9529288217046568,1.1485518705165296,9.941038740573017,0.0016303994910220408,0.13084808296521874,0.3972823244600464,2.872084059024547,1.0399727940052559,0.5332623805955558,-1.0063394939964108,9.70458984375e-05,0.39430179417902833,False,True,True,False
pt002,MR1,040_to_039_warp.nii.gz,0.870101894820499,1.1166517365186397,8.00200788398933,0.0011344373235847825,0.1250523095411626,0.35200476352539334,2.8406325451195826,1.040365079529538,0.5070951307860174,-0.26879878029853366,4.08935546875e-05,0.3399118367954827,False,True,True,False
pt002,MR1,041_to_040_warp.nii.gz,0.8763603151069596,1.126538478063765,8.514630560452984,0.0014204098208493905,0.12490707473441902,0.3506388075355371,2.8451689024822886,1.0403771424239097,0.5113082282320076,-0.6525027574250386,2.197265625e-05,0.34707711463682556,False,True,True,False
pt002,MR1,042_to_041_warp.nii.gz,0.9885530812232534,1.15696164388294,9.103963648407422,0.0008423156951306163,0.1335006416319493,0.43784851866595453,2.888103740414331,1.0398174044075583,0.5464677872892127,-0.2752168183206667,9.33837890625e-05,0.39882712298541795,False,True,True,False
pt002,MR1,043_to_042_warp.nii.gz,0.8843878902163369,1.1237871630228085,9.88006376715058,0.002264171171864986,0.12774254525018752,0.35816079684997615,2.8468134508745977,1.040493753732363,0.5176963697700331,-0.8888532293304119,5.615234375e-05,0.3541205753714085,False,True,True,False
pt002,MR1,044_to_043_warp.nii.gz,0.9141393596626686,1.1275236587283708,8.003635622456699,0.003069431118178414,0.13015349506925664,0.38827365600942954,2.857152549409832,1.0404011336197396,0.5186188713104066,-0.6851753910695957,5.79833984375e-05,0.36427231335279514,False,True,True,False
pt002,MR1,045_to_044_warp.nii.gz,0.9187192273989991,1.1275579636207307,8.523058103130293,0.0015792501512391468,0.13339042624484998,0.3958446531297334,2.855207677261637,1.0403167579059305,0.5214233573917073,-0.20215799069465856,4.94384765625e-05,0.36833784895722255,False,True,True,False
pt002,MR1,046_to_045_warp.nii.gz,0.8221712868827261,1.114767072025147,9.715399592432838,0.0013345456472998733,0.11824648813452683,0.31088208754625235,2.826294848342798,1.0403469967535688,0.49183442043322984,-0.8167145443220061,3.35693359375e-05,0.3096356406507316,False,True,True,False
pt002,MR1,047_to_046_warp.nii.gz,0.8377513539113906,1.1255115737666266,8.542645421853058,0.001732147367811665,0.1189306344086622,0.31815313314439286,2.8361113947994734,1.0407953879542777,0.491752971137499,-0.3812926110396699,3.47900390625e-05,0.3173063043337149,False,True,True,False
pt002,MR1,048_to_047_warp.nii.gz,0.8809209608727803,1.129751292022496,7.980919616199272,0.0012451979252905245,0.12504531989723852,0.35743573428261255,2.8467347855988665,1.0399163708854948,0.5115690998530484,-1.0482332307549107,2.01416015625e-05,0.34791683074035373,False,True,True,False
pt002,MR1,049_to_048_warp.nii.gz,0.9558848682584998,1.13981684831928,8.9610194574803,0.0019663656257248477,0.1325347389147526,0.41366320925676026,2.8634050091063816,1.039874651348833,0.5224843493767155,-0.603136534338915,1.3427734375e-05,0.35888299187937744,False,True,True,False
pt002,MR1,050_to_049_warp.nii.gz,0.8342879224309989,1.1012588979799998,9.442012138628309,0.0016711629394545633,0.1232781332250338,0.33795546428970813,2.8042039731962816,1.0406726530038448,0.4834342038059761,-0.1084229964877216,1.15966796875e-05,0.30505247941702973,False,True,True,False
pt002,MR1,051_to_050_warp.nii.gz,0.8911697433135476,1.1158712997923246,7.637585503951168,0.001982436402922023,0.12802934061382104,0.3742098697546512,2.8288968941175647,1.0403249057938058,0.501709037213628,-0.08283748139068163,1.03759765625e-05,0.3313994112532777,False,True,True,False
pt002,MR1,052_to_051_warp.nii.gz,0.8261423512201764,1.1095361258022451,9.269103715128077,0.0020575256462055185,0.11907659773798863,0.3249003712209653,2.812468197867508,1.0404753379980267,0.48372557061112176,-3.768835614080457,2.197265625e-05,0.30477837063263247,False,True,True,False
pt002,MR1,053_to_052_warp.nii.gz,0.8934512413783067,1.1362286740278065,8.581173664974184,0.0019386137330560432,0.12631086169957134,0.3626726150398605,2.8567722794323887,1.0401042652525063,0.5159224766162361,-0.7279916914310749,5.55419921875e-05,0.3599548479805303,False,True,True,False
pt002,MR1,054_to_053_warp.nii.gz,0.9136842903808303,1.138966155495778,8.034630608768571,0.0007269241147687761,0.1267886893246737,0.3768373429937052,2.8650857299401458,1.040292732605353,0.5336604749517697,-0.35684621752298595,4.08935546875e-05,0.3650037181717893,False,True,True,False
pt002,MR1,055_to_054_warp.nii.gz,0.9385156587695905,1.1507073558019658,9.810088090510574,0.0012058847394505194,0.1338385382824729,0.4001775949732438,2.878835806999602,1.0403342394284634,0.5438957572301689,-0.2823139435548017,4.39453125e-05,0.3866745448274071,False,True,True,False
pt002,MR1,056_to_055_warp.nii.gz,0.9261476035164742,1.1515657835366355,9.644313135036864,0.0019233911929019947,0.12734555498422462,0.37220059370344605,2.875352776582765,1.040305603362048,0.5422370869688802,-0.5061490106496048,8.48388671875e-05,0.4000389996283833,False,True,True,False
pt002,MR1,057_to_056_warp.nii.gz,0.9768195580605483,1.1667859327242964,9.021845483433657,0.001277719874086192,0.13342858169609648,0.4120466148489493,2.899300993539064,1.0404790084402802,0.5595002009049759,-0.6992693622264978,0.0001226806640625,0.4318933893846083,False,True,True,False
pt002,MR1,058_to_057_warp.nii.gz,0.9183792726043228,1.162251991897983,9.439090556105397,0.0012862174291406229,0.12700253126743752,0.3623859286737616,2.8834766312828477,1.0403686478945722,0.5406554650045087,-0.7009257163386017,0.0001397705078125,0.40175995692792654,False,True,True,False
pt002,MR1,059_to_058_warp.nii.gz,0.9784161326863581,1.1763667895456642,8.14319180013894,0.0014454315765316866,0.1310616068870978,0.40702438629981064,2.9241660517635015,1.039856169474221,0.5690277844445324,-3.2840831978532234,0.000142822265625,0.43339375166239913,False,True,True,False
pt002,MR1,060_to_059_warp.nii.gz,0.9214722253054297,1.165044308553393,9.16006239144724,0.0018885122574113086,0.12618193410664313,0.35912817311126777,2.8899787707219007,1.040398303945836,0.5473846728031633,-1.5970835462883057,0.0001300048828125,0.4026062494036777,False,True,True,False
pt002,MR1,061_to_060_warp.nii.gz,0.9715848001588897,1.1661213781870123,11.803486131706897,0.0016371311970281698,0.1334607971416029,0.41081869127441273,2.893967214150951,1.0404336570784283,0.5620805080196966,-0.6661223041133645,0.000211181640625,0.4252631146334099,False,True,True,False
pt002,MR1,062_to_061_warp.nii.gz,0.9053344249022612,1.1587984124290187,9.179419302953882,0.0009577115325658447,0.12523913439084183,0.351131169258852,2.8768212399989017,1.0403808846977574,0.5358362186324781,-0.9865298280075645,0.0001617431640625,0.38965643180254445,False,True,True,False
pt002,MR1,063_to_062_warp.nii.gz,0.963838349872555,1.156084627914954,8.931831352789837,0.0027421959285268147,0.13431390935798007,0.4188247537399028,2.888645473584289,1.0402578357471612,0.5406626817305975,-1.0217185662271593,6.8359375e-05,0.39837552722375685,False,True,True,False
pt002,MR1,064_to_063_warp.nii.gz,0.8803961724490107,1.1218876687807462,8.625655607101057,0.0024287356738571676,0.12761286519860363,0.3585467138485255,2.8429998134881305,1.0399725144671101,0.5055442375908795,-0.39511682852838864,6.9580078125e-05,0.34534570384042906,False,True,True,False
pt002,MR1,065_to_064_warp.nii.gz,0.8883891915242427,1.1247128753827205,11.689938403265922,0.001910376475581054,0.12802959068853093,0.37273611206782853,2.8462168230938647,1.0404195840243378,0.5023000207126971,-2.1802535225066517,3.5400390625e-05,0.3342295579669103,False,True,True,False
pt002,MR1,066_to_065_warp.nii.gz,0.8380959103574535,1.1177094328113983,9.499505076656975,0.002225521080965939,0.12121377687744748,0.3229087522204164,2.825685470908212,1.0404429586689319,0.4920255488039631,-1.3254806044148415,3.41796875e-05,0.31344588670107193,False,True,True,False
pt002,MR1,067_to_066_warp.nii.gz,0.9030384678171213,1.1337181054413537,8.943199899885562,0.0008512796887217149,0.13019802486709633,0.37981273272136584,2.855227797649417,1.0405190826026658,0.5176112305351409,-0.5135761851831626,7.32421875e-05,0.35917814073856186,False,True,True,False
pt002,MR1,068_to_067_warp.nii.gz,0.8864738073909092,1.1209683805605253,8.207377803942581,0.0018603042153359675,0.12845548515426733,0.37003381004172664,2.842026257218107,1.0404032478185177,0.5078429281861006,-0.7412074420524429,4.57763671875e-05,0.3413603675166436,False,True,True,False
pt002,MR1,069_to_068_warp.nii.gz,0.8985554750075764,1.1122797576393657,7.496465418519688,0.0026137219078144064,0.12979982105931442,0.3839816496186388,2.832048311326425,1.0400156325429126,0.5039190560218646,-1.2199623315197372,2.74658203125e-05,0.33782194790378567,False,True,True,False
pt002,MR1,070_to_069_warp.nii.gz,0.8681968357500461,1.117875169216989,8.037542915924034,0.0004857186981916074,0.12469500134788582,0.3550160684088476,2.83517710990053,1.0402062794847837,0.5202761377365546,-0.37294266201078646,1.89208984375e-05,0.3294925175251368,False,True,True,False
pt002,MR1,071_to_070_warp.nii.gz,0.8560943141888719,1.1220785433517113,9.883260422399996,0.0025431651354300908,0.12206349351814684,0.34272086397432966,2.8362310709290135,1.0402448812107605,0.49944827843141537,-0.0797618054245576,1.28173828125e-05,0.3243936905693738,False,True,True,False
pt002,MR1,072_to_071_warp.nii.gz,0.9139460253037188,1.125484312136468,8.479571802264566,0.0014535692506842035,0.13287883571630887,0.39803243139681466,2.8521387026693406,1.0403520773826063,0.5199332067786879,-0.21014460175211627,1.708984375e-05,0.3519607537780348,False,True,True,False
pt002,MR1,073_to_072_warp.nii.gz,0.9266439468884781,1.1360902403176645,8.583129031972199,0.0020328949731064174,0.13320739295130962,0.39982187460989943,2.867229675025424,1.040436090140351,0.52759570671539,-0.26879070140893596,4.150390625e-05,0.37959849998392464,False,True,True,False
pt002,MR1,074_to_073_warp.nii.gz,0.9052368451668152,1.1471273031650382,11.047767802020248,0.001864618812429832,0.12740481046402358,0.3648873190653833,2.8648585183908977,1.0403707436446843,0.5247859561659164,-1.202129215352388,9.8876953125e-05,0.3772782659308046,False,True,True,False
pt002,MR1,075_to_074_warp.nii.gz,0.8846311854644636,1.1406556591299275,8.840875386054314,0.0006210452982751214,0.12285966287541115,0.3433141823973152,2.8584354031023436,1.0403582580198094,0.5221722781738575,-0.9502898081140255,8.056640625e-05,0.36642211024336846,False,True,True,False
pt002,MR1,076_to_075_warp.nii.gz,0.8771470679007831,1.148387449572625,9.656630093147786,0.001075629012404822,0.1206124443579471,0.33301474784386864,2.8645333595640166,1.0405287555291118,0.5229088656269025,-0.43858127355783794,8.85009765625e-05,0.36616760444165636,False,True,True,False
pt002,MR1,077_to_076_warp.nii.gz,1.0044659760728252,1.1719168695876823,9.370324220973284,0.0030575126008292753,0.136039616657731,0.44361576472676656,2.915195006208144,1.039760163975493,0.5653094876375316,-0.9002039400351126,9.70458984375e-05,0.4307504999084486,False,True,True,False
pt002,MR1,078_to_077_warp.nii.gz,0.9249988959497374,1.1524836888664896,9.287869037351067,0.002625874418990835,0.1321450236758305,0.37843182705339806,2.8793264291223983,1.0408169824664413,0.5409015730031479,-0.7032328669412425,6.77490234375e-05,0.40087060985633466,False,True,True,False
pt002,MR1,079_to_078_warp.nii.gz,0.962973829766651,1.167367434806262,11.11624156642697,0.0026451694717066127,0.13085280068812455,0.39712591062366903,2.8934268829936736,1.0402565415377034,0.5536745563334293,-2.1782689763440146,0.0001800537109375,0.42121466954902287,False,True,True,False
pt002,MR1,080_to_079_warp.nii.gz,0.9104148958121886,1.150925912070842,8.893916438990958,0.00241423957309687,0.12901813361665235,0.36433632445010067,2.876559561828898,1.0404185364978051,0.5417996297246048,-1.6436380047648356,9.46044921875e-05,0.38822430169144134,False,True,True,False
pt002,MR1,081_to_080_warp.nii.gz,0.9929616726863383,1.167720278925187,10.046957788334467,0.0022930106639890238,0.13569904403424735,0.4306940696672668,2.902120727529604,1.040080332249358,0.5592473587727108,-0.6184500099065906,7.87353515625e-05,0.4184794358630175,False,True,True,False
pt002,MR1,082_to_081_warp.nii.gz,0.9103372562208056,1.1391979088877482,8.661654176142068,0.0018594876134704424,0.13188354129402785,0.3722713105782695,2.865548760315329,1.0402578620836065,0.5352072930830597,-0.8297237820154675,6.28662109375e-05,0.3819081173014945,False,True,True,False
pt002,MR1,083_to_082_warp.nii.gz,0.9630726371779559,1.1496596168326807,8.587621013209525,0.002811535006899956,0.1357276011100475,0.41582440144798366,2.8790213070818633,1.0405548366575752,0.5387845926959326,-0.9605545964743996,8.9111328125e-05,0.4024036205647033,False,True,True,False
pt002,MR1,084_to_083_warp.nii.gz,0.9018448681221045,1.1324572522425451,8.297347693491812,0.0024960118246114046,0.12878774054284436,0.3739055582411427,2.8598689409819236,1.0403316507946976,0.5177916144150622,-1.5168593231944965,0.0001104736328125,0.3634375115109825,False,True,True,False
pt002,MR1,085_to_084_warp.nii.gz,0.894103883553375,1.1417850418938897,9.934296043541302,0.0008413618209158876,0.12672720536463586,0.3563428794857027,2.8632767052936927,1.0404195123013964,0.5277528640238874,-0.8153922650711061,0.0001092529296875,0.37333840106853683,False,True,True,False
pt002,MR1,086_to_085_warp.nii.gz,0.9267240660666693,1.1508506755367622,8.919917419744763,0.001653932150435941,0.12773348838723395,0.38305152053891833,2.874077017291518,1.0402599442392186,0.5370360494003789,-0.49413607108203217,5.4931640625e-05,0.3805830955559762,False,True,True,False
pt002,MR1,087_to_086_warp.nii.gz,0.9505744115632093,1.1554257448705787,9.745878467666008,0.000715731160419676,0.13262361795418623,0.40991841322521605,2.8787351616179704,1.0404725735733074,0.543010685611826,-0.707787205724372,3.41796875e-05,0.39444806328422444,False,True,True,False
pt002,MR1,088_to_087_warp.nii.gz,0.9207204859760665,1.1573231292799828,10.167419815491929,0.001515533941150481,0.1302993908832204,0.38214237475482127,2.873832389885407,1.0406237840829484,0.5342624619050171,-0.7525982912611142,0.0001116943359375,0.38978625801984135,False,True,True,False
pt002,MR1,089_to_088_warp.nii.gz,0.918169893557793,1.137496792639832,9.690794328384012,0.002356008289526949,0.13292993848537438,0.39075492442755844,2.861181506806834,1.0403743488696273,0.5233426315471947,-0.6200743326084579,8.4228515625e-05,0.37259484435032947,False,True,True,False
pt002,MR1,090_to_089_warp.nii.gz,0.8797378743249696,1.1386429378453866,8.193242168766764,0.0007789281263074533,0.12478066379241919,0.3494840233620895,2.8602635023103065,1.0401070840383109,0.5209935859446054,-0.4117123847416098,7.99560546875e-05,0.3559388589181197,False,True,True,False
pt002,MR1,091_to_090_warp.nii.gz,0.8953860949684561,1.139929988927039,10.191489237836768,0.0011129433943209701,0.12836656924257042,0.36839211394176546,2.8573786395113614,1.0403073111179157,0.516977947487595,-0.6092907594275606,7.14111328125e-05,0.3601605759429451,False,True,True,False
pt002,MR1,092_to_091_warp.nii.gz,0.8885391783378978,1.1273934417650284,7.89038831718346,0.0022014031264327924,0.12820005655366454,0.3682414355894923,2.8498050901209178,1.0403687869142326,0.5167353691611584,-0.243556964694323,3.96728515625e-05,0.351419251202111,False,True,True,False
pt002,MR1,093_to_092_warp.nii.gz,0.8783321914313109,1.125343300532617,6.8240195099725005,0.0019909185432636597,0.1291199290624221,0.35918710529630815,2.8462979555033288,1.040504362790171,0.5134980031259153,-0.21654816523206163,1.8310546875e-05,0.34238921556687024,False,True,True,False
pt002,MR1,094_to_093_warp.nii.gz,0.8957138486171426,1.1494674381267005,8.005174658734148,0.0018794155792699924,0.12530098295768075,0.3513144630705756,2.8691202082818568,1.040483803494765,0.5279306316022757,-0.6478371956157437,0.00011474609375,0.3696070125642861,False,True,True,False
pt002,MR1,095_to_094_warp.nii.gz,0.9035520185872317,1.1551613462658001,9.728675656888786,0.0029194263495244503,0.12555755340007518,0.3492966359916492,2.8744575973378215,1.040195480626211,0.530955743565635,-1.3076767900798651,0.0001129150390625,0.38714635203309555,False,True,True,False
pt002,MR1,096_to_095_warp.nii.gz,0.9357596019307798,1.1563856584995993,8.630812781354049,0.0016725308872926204,0.13065595669568528,0.37805997416049575,2.8855317991029414,1.0404870240202542,0.5390704100671468,-0.64316910941827,4.94384765625e-05,0.403955191098474,False,True,True,False
pt002,MR1,097_to_096_warp.nii.gz,0.9619615937362,1.15660380936199,8.355453338160602,0.0015577034102618014,0.13249447923403518,0.4026076173862902,2.8907101587727158,1.04045771330794,0.5516671834688811,-0.7289835550953184,0.0001318359375,0.4158971594262211,False,True,True,False
pt002,MR1,098_to_097_warp.nii.gz,0.9309680948492373,1.1710856555228657,8.997057979036974,0.0010777879956912699,0.13097765085749072,0.3677774620300548,2.8980123468190113,1.040277222236889,0.5469815897788012,-1.0673797508805682,0.00018310546875,0.4065275433844946,False,True,True,False
pt002,MR1,099_to_098_warp.nii.gz,0.9074977860102261,1.155180944900183,10.568059220089177,0.0007201615891239926,0.12646509816079626,0.35508257284927713,2.878622421482964,1.040263611532389,0.5389644831907148,-1.3091691217184385,6.16455078125e-05,0.3859730914192139,False,True,True,False
pt002,MR1,100_to_099_warp.nii.gz,0.914734544464252,1.1506067331537313,10.752319297689725,0.0015657484243424234,0.12827658737047712,0.368354778881067,2.875257103100429,1.0401244438716266,0.5366432258328248,-0.35799448634037284,0.0001055908203125,0.3879351352944087,False,True,True,False
pt002,MR1,101_to_100_warp.nii.gz,0.881395794517765,1.141744979028383,8.756639938761598,0.0012681377303862347,0.12436415905062397,0.34263915257240857,2.8632256990524327,1.0404729473749765,0.5222992817812002,-1.362071135689711,7.87353515625e-05,0.3680332966873185,False,True,True,False
pt002,MR1,102_to_101_warp.nii.gz,0.8623931488760221,1.1198969585897136,8.162092769243062,0.0015752447972360406,0.12374470069335573,0.34416526625674854,2.8356689678480684,1.0404669358173073,0.5062511502001584,-0.8356126511316319,5.18798828125e-05,0.3398884383217932,False,True,True,False
pt002,MR1,103_to_102_warp.nii.gz,0.8363951170021459,1.1248687140016036,10.778617566045297,0.0013268819611354555,0.1191647223879039,0.31654542452089374,2.8329034506526978,1.0405918725126093,0.494009648891207,-0.5483997892018303,0.0001025390625,0.3212745180618968,False,True,True,False
pt002,MR1,104_to_103_warp.nii.gz,0.8192842275207233,1.1115982931085309,8.568355444743121,0.0016162311204775863,0.11833609303106159,0.3114144654382752,2.8210256480600773,1.0405441339416492,0.48430312254235697,-0.7360926166028009,4.08935546875e-05,0.3070767390719932,False,True,True,False
pt002,MR1,105_to_104_warp.nii.gz,0.8174269709353854,1.116288365909932,8.495448786238521,0.0013122403561497463,0.11668841465481548,0.3058481386974762,2.8224591976900553,1.0403304019037392,0.48531353534548144,-0.45546605885624597,2.685546875e-05,0.30553899478063007,False,True,True,False
pt002,MR1,106_to_105_warp.nii.gz,0.8670434766306394,1.1153739321293656,7.185674745390436,0.0013846422839004472,0.12503670151015195,0.35916330862292767,2.830464992242462,1.0402379526589998,0.497938342980616,-0.06943505001927772,1.220703125e-06,0.31549495860632193,False,True,True,False
pt002,MR1,107_to_106_warp.nii.gz,0.904804273054096,1.1157829734605906,8.03500851222898,0.0014849778023384734,0.1310537227312216,0.38928586446412683,2.83536771835534,1.04013010807994,0.5058301430727706,-0.01600354839625286,6.103515625e-07,0.3294362302644314,False,True,True,False
pt002,MR1,108_to_107_warp.nii.gz,0.8592176983644297,1.1088172590897512,7.459154586521743,0.001052600907619633,0.12666759213246956,0.3535207750246645,2.8232960739842334,1.0404171386447012,0.4954360558808493,-0.2940250063788444,1.77001953125e-05,0.323478554598978,False,True,True,False
pt002,MR1,109_to_108_warp.nii.gz,0.834945093231733,1.1097063912758496,8.783591714700254,0.0017930929140134314,0.12373402545986358,0.33319114700319596,2.8179525924167796,1.0402450149151745,0.4848722418278601,-0.7910310399857778,4.08935546875e-05,0.3114550011495288,False,True,True,False
pt002,MR1,110_to_109_warp.nii.gz,0.8251863629081498,1.118137857741711,7.523934377325936,0.0019232900009438167,0.1172791207046195,0.3111355149925642,2.8284218549319573,1.0404614970102373,0.4909179533365855,-0.3283753971560173,2.13623046875e-05,0.31364348921647,False,True,True,False
pt002,MR1,111_to_110_warp.nii.gz,0.8273645594769448,1.118284263020425,8.186070346486582,0.0008978329399201112,0.11663590697545173,0.3096219266763149,2.822738251349985,1.040232469252282,0.49149009694663615,-0.43885004742968126,4.94384765625e-05,0.31763805079559915,False,True,True,False
pt002,MR1,112_to_111_warp.nii.gz,0.8578408218850346,1.1411010372843158,8.705622635177468,0.0020413530264653543,0.11796481991608006,0.3191463237887718,2.856930863592058,1.0407424703128951,0.511422551283205,-0.6085279769583973,0.000150146484375,0.35144718098465794,False,True,True,False
pt002,MR1,113_to_112_warp.nii.gz,0.8719268244413655,1.1509070054590882,8.266964254422174,0.0017714508826181855,0.11935690099669735,0.3263409862923521,2.8660360890537846,1.040194394193315,0.5244398796854058,-0.3320820609249042,3.0517578125e-05,0.3635770415205585,False,True,True,False
pt002,MR1,114_to_113_warp.nii.gz,0.8683921029278606,1.1478594067404817,10.475446415930852,0.0013674565397559517,0.11848145793627095,0.3234683197924697,2.856350963393855,1.0401446350932948,0.5156860320857288,-1.1538395999263649,4.5166015625e-05,0.35583262976141056,False,True,True,False
pt002,MR1,115_to_114_warp.nii.gz,0.908162112339578,1.1639090591059436,10.000744078446616,0.0015782109893711556,0.12443632936853966,0.35153086086610497,2.882789725383758,1.0403412281758144,0.5405713511507476,-1.5646400697966558,0.000128173828125,0.3924890006788718,False,True,True,False
pt002,MR1,116_to_115_warp.nii.gz,0.8806131495820037,1.154140382691646,11.154490263571578,0.0012889863136281534,0.12505210504779327,0.3328518087453824,2.86780911961067,1.0404621072836016,0.5265969373099813,-0.4441135751674563,0.0001104736328125,0.37034133011854936,False,True,True,False
pt002,MR1,117_to_116_warp.nii.gz,0.9810645803663887,1.156662114956659,9.684666119253983,0.0018329808049461313,0.1354767655751099,0.41265590858199624,2.8883086653775303,1.0404345962950123,0.5451643024120623,-1.7949269285106413,6.34765625e-05,0.41092839601923964,False,True,True,False
pt002,MR1,118_to_117_warp.nii.gz,0.8624411659493831,1.1396119522784243,8.709379194129268,0.001703885660279199,0.11865762168981128,0.3189207472544071,2.8509213356437133,1.0403904466982754,0.5223235578424443,-0.511155739992132,7.080078125e-05,0.3575453355621535,False,True,True,False
pt002,MR1,119_to_118_warp.nii.gz,0.8522739754179457,1.1352169627869568,9.571050496788386,0.001225503563391461,0.11746179975765156,0.3170969671590709,2.8457190459847492,1.0404927016396721,0.5061466838653909,-0.39127899023952073,0.0001190185546875,0.3442684215168989,False,True,True,False
pt002,MR1,120_to_119_warp.nii.gz,0.9242684410462562,1.1543281398276122,11.999836018244828,0.0024347951344803513,0.1272864815957273,0.3755210682088994,2.871248756625907,1.0404357035972693,0.5283890447847803,-0.45024371746392244,5.43212890625e-05,0.3755985140640151,False,True,True,False
pt002,MR1,121_to_120_warp.nii.gz,0.8490887353213243,1.1208616699446592,8.326330034730299,0.0014921737463684383,0.11872623460944595,0.32651239695874423,2.8303605069479763,1.0402257795135779,0.4952681226693911,-0.15806789480247554,2.74658203125e-05,0.3275761667522139,False,True,True,False
pt002,MR1,122_to_121_warp.nii.gz,0.8477409643569422,1.1159368958116067,9.335338299702313,0.0008537049041254725,0.1223977012101634,0.3321920843744611,2.826736297227643,1.0403750523297872,0.49786158246996626,-0.9625275908567171,3.72314453125e-05,0.32874881648881704,False,True,True,False
pt002,MR1,123_to_122_warp.nii.gz,0.8636375425711377,1.1181778029243525,11.823698146908583,0.0007799084905504691,0.1264954370576166,0.3500196099526484,2.8316051872656955,1.0404449292753015,0.5011742868579435,-0.5021798867142968,0.000115966796875,0.33813123744288753,False,True,True,False
pt002,MR1,124_to_123_warp.nii.gz,0.8349388009770113,1.1194971005076197,7.385036304774622,0.002149374051170361,0.11870016749755846,0.31737890526844553,2.827365281422153,1.0403257125299366,0.49920684978949587,-0.41196085755864875,2.8076171875e-05,0.3247019952469516,False,True,True,False
pt002,MR1,125_to_124_warp.nii.gz,0.851689362502954,1.1412576759103432,7.9407915924516175,0.002486261253074564,0.11605914468815474,0.31024575465263116,2.8505121265700786,1.040501125530768,0.5099400791302506,-0.6728430303348619,5.79833984375e-05,0.3493936715095453,False,True,True,False
pt002,MR1,126_to_125_warp.nii.gz,0.9192240318480981,1.1436475449491197,9.4278197274825,0.0017411433491442254,0.12834879536180455,0.3739524813472585,2.869700452290728,1.040423562271212,0.5292880233710642,-0.42832598674690703,8.9111328125e-05,0.3788187298632494,False,True,True,False
pt002,MR1,127_to_126_warp.nii.gz,0.8868403059658777,1.154961113136381,9.254159393274819,0.0021276810290164045,0.12180545105930624,0.3384825820525358,2.8708426204708943,1.0403581068028283,0.5266713655350437,-0.2430662650409861,6.16455078125e-05,0.3766107641028034,False,True,True,False
pt002,MR1,128_to_127_warp.nii.gz,1.0225617700004037,1.182824292519653,9.107562631431762,0.0021773178495918806,0.13255855183967044,0.4346000734862051,2.918360488021651,1.040117055352018,0.5643669329490937,-0.4972415167530375,8.48388671875e-05,0.41938173530152023,False,True,True,False
pt002,MR1,129_to_128_warp.nii.gz,0.8985420408020306,1.1465316327182509,11.227453793358068,0.0012687566968223906,0.12649266721601954,0.35333893962803403,2.865810708582948,1.0402237431161596,0.5266097868695163,-0.6978284575157505,8.4228515625e-05,0.37789479493995204,False,True,True,False
pt002,MR1,130_to_129_warp.nii.gz,0.9006926043467769,1.1432760477709734,8.252384118702235,0.0018162549489107547,0.12672423190038165,0.35869251785587997,2.8677549019572237,1.0404960164610546,0.5372865236526391,-0.9156343531038321,8.7890625e-05,0.3792502895213442,False,True,True,False
pt002,MR1,131_to_130_warp.nii.gz,0.9012305021008166,1.1332531895503706,8.732993636911532,0.0028517801676603495,0.12873476170816928,0.3691739118424693,2.85898746635463,1.0403920779694316,0.5256041863048652,-0.957882480648391,5.92041015625e-05,0.37378742426546824,False,True,True,False
pt002,MR1,132_to_131_warp.nii.gz,0.8728405551912024,1.1362483972022552,10.741605640813555,0.0033086799018185024,0.1210792341606713,0.33370406972764555,2.8521943141218773,1.0403053594344795,0.5165053710488096,-0.8894593420683472,5.67626953125e-05,0.3552089784522599,False,True,True,False
pt002,MR1,133_to_132_warp.nii.gz,0.8906475521690329,1.1390427752903733,8.256434905784914,0.0030063218431963966,0.12339400702277838,0.35161359556601446,2.8646826839784594,1.0404481156145722,0.5227349980333559,-0.8796197632810582,0.0001043701171875,0.35461660419106267,False,True,True,False
pt002,MR1,134_to_133_warp.nii.gz,0.9443751679999278,1.1446330424995712,10.055507637883274,0.0029378941110937175,0.12849170571553728,0.3952129791487755,2.873135656568742,1.0402855412535272,0.5355162276533056,-1.1822405013980257,5.18798828125e-05,0.37058507692782655,False,True,True,False
pt002,MR1,135_to_134_warp.nii.gz,0.8492341254925221,1.1092853853020495,8.884475768583375,0.0031867706311558904,0.12472187619279902,0.3434598709182215,2.829245246537459,1.040404233770931,0.5000306187191772,-0.4320793091299486,3.41796875e-05,0.32223792390744527,False,True,True,False
pt002,MR1,136_to_135_warp.nii.gz,0.8355633615533583,1.1082594829176138,8.850619947921082,0.0019076581672287439,0.12159335903243879,0.3280702675794957,2.8201917361614703,1.0403737942359883,0.48727012826805477,-1.197962920899447,4.57763671875e-05,0.3160877516095848,False,True,True,False
pt002,MR1,137_to_136_warp.nii.gz,0.8524034467751643,1.1052622848656024,8.249895354789082,0.0020369188690713812,0.12496148860173802,0.34922719885275394,2.8208330797615453,1.0404994185520096,0.49169167986432943,-0.5387081291808838,6.103515625e-05,0.3181667930604987,False,True,True,False
pt002,MR1,138_to_137_warp.nii.gz,0.8691163063058562,1.1072562482405308,9.633825548787053,0.0003755072763555344,0.12567072088159742,0.36115758953439847,2.8257854419408037,1.0403584948439661,0.493312247819204,-2.824139768614489,6.9580078125e-05,0.32068220181352375,False,True,True,False
pt002,MR1,139_to_138_warp.nii.gz,0.8754168100788798,1.1247106791756711,9.00776927998135,0.002592564303091779,0.1253268374995602,0.35496887327511817,2.839907879667321,1.0402199944018133,0.5042519260631124,-0.5887035289367113,5.18798828125e-05,0.3356357738811168,False,True,True,False
pt002,MR1,140_to_139_warp.nii.gz,0.8140531422079847,1.1149087636229345,8.662311905476843,0.000975230295533046,0.11506283804627264,0.30166030425374224,2.8147153097881668,1.0404347964588372,0.483615287550567,-1.3319927904907165,5.0048828125e-05,0.30436254426750425,False,True,True,False
pt002,MR1,141_to_140_warp.nii.gz,0.8244855297119444,1.102581851394193,8.084584252053938,0.0022584206988782974,0.11994276981217589,0.3184507726200584,2.812647513285053,1.040365863965442,0.4811421536292631,-0.45221491185284746,2.44140625e-05,0.3089780162460341,False,True,True,False
pt002,MR1,142_to_141_warp.nii.gz,0.8175496184690592,1.1122726843830895,9.038666731959184,0.0007568934203387832,0.11805254455290294,0.31037499908279254,2.823933841732568,1.0401781050380372,0.4840440316334143,-0.5615319816884925,3.90625e-05,0.3041726237199147,False,True,True,False
pt002,MR1,143_to_142_warp.nii.gz,0.8692311748791873,1.1143705849372618,9.249130717408837,0.0014836172282146182,0.12762820415508977,0.35613646812989164,2.832068487476579,1.0404851289119714,0.49820258045086857,-0.4494351834150373,4.08935546875e-05,0.3326833325622449,False,True,True,False
pt002,MR1,144_to_143_warp.nii.gz,0.877737471053626,1.1143278622221235,7.928924858307141,0.001713893891538913,0.12883703353751036,0.3594656745520521,2.8304526245459107,1.0404424681656856,0.4996690734005439,-0.30194298431552946,3.90625e-05,0.3333437531929516,False,True,True,False
pt002,MR1,145_to_144_warp.nii.gz,0.8477304058196035,1.1218986206666195,11.927917122230895,0.0017702945509477164,0.12077232513645321,0.3325798508284115,2.83014499733549,1.0404209452260753,0.49560881602420387,-0.4778889821083071,5.126953125e-05,0.3239166257312904,False,True,True,False
pt002,MR1,146_to_145_warp.nii.gz,0.9007734939236941,1.1347755803086488,7.566833027338091,0.0008893912724258881,0.12705423128258977,0.3695869777239641,2.8582963294053854,1.040326519213526,0.5157568563735669,-0.3579892719700524,3.23486328125e-05,0.3589844120076002,False,True,True,False
pt002,MR1,147_to_146_warp.nii.gz,0.8916052483654309,1.1307125033467158,8.158896964835462,0.00166562696581175,0.12570821684244754,0.3650617299801181,2.8535320008977973,1.0401012337084885,0.5215092111631996,-0.9109195602450068,5.0048828125e-05,0.35522071133579386,False,True,True,False
pt002,MR1,148_to_147_warp.nii.gz,0.9213989877048018,1.1417657261315874,10.576300109907779,0.0015937128441828575,0.13488940807043434,0.39199015266002096,2.866073246032288,1.0402772939429314,0.5289977338388338,-1.5723984590559164,7.75146484375e-05,0.38339357401841057,False,True,True,False
pt002,MR1,149_to_148_warp.nii.gz,0.9222116174881672,1.146204550360953,8.48480867517592,0.002375069278740985,0.12879615145192116,0.378368127263368,2.870091383280081,1.0405725074594694,0.5355141789415845,-0.6977995477007521,5.67626953125e-05,0.38380729648724077,False,True,True,False
pt002,MR1,150_to_149_warp.nii.gz,0.9432420848867096,1.1517607696271694,8.432630806735537,0.001067131949441182,0.13075378311020341,0.39120303180860344,2.8804580886935427,1.0403175062732095,0.5406583451476336,-1.8463715600685382,0.0001214599609375,0.39912691165971176,False,True,True,False
pt002,MR1,151_to_150_warp.nii.gz,0.8962803412230074,1.1480109276637,8.678324038820518,0.001349302323210762,0.12608406067024355,0.3511933147246279,2.869930497282973,1.0402778795019965,0.5302357415495236,-3.7355874410118184,0.000107421875,0.3720297577634058,False,True,True,False
pt002,MR1,152_to_151_warp.nii.gz,0.9202496639475498,1.1440078612149371,8.242126406398567,0.0018156234278805196,0.13022765479270787,0.3788502837414731,2.869249861562814,1.0403421450379222,0.5336120004668389,-0.6234731942055248,5.79833984375e-05,0.38505864097797377,False,True,True,False
pt002,MR1,153_to_152_warp.nii.gz,0.9879306640064733,1.1515048558622654,9.281221770103729,0.0015442658094960463,0.13611914214523502,0.4398835760639576,2.886737233424226,1.040058185471054,0.5600573263590823,-0.6922439468486111,8.23974609375e-05,0.4034738224352718,False,True,True,False
pt002,MR1,154_to_153_warp.nii.gz,0.9105911243907133,1.1235142845181663,7.711866008933607,0.0010411272726380389,0.13331096465215897,0.3864318250925798,2.852076062134383,1.0403833357861223,0.5162533391942594,-0.3523019878622905,4.7607421875e-05,0.3667035060295907,False,True,True,False
pt002,MR1,155_to_154_warp.nii.gz,0.8421001105642074,1.1237392506309296,8.657991141446383,0.0035082583396737646,0.11817826259033343,0.3183368644936365,2.829618125832151,1.0403743147770088,0.4982294935523386,-0.7564415978719571,6.2255859375e-05,0.3228811059810272,False,True,True,False
pt002,MR1,156_to_155_warp.nii.gz,0.8470912228589738,1.0976510823040957,9.01768508372538,0.002171257096935143,0.12589129487172712,0.345852929495132,2.8087574365996795,1.040185412302269,0.4874238827729603,-1.182772468278571,2.3193359375e-05,0.3124529410709457,False,True,True,False
pt002,MR1,157_to_156_warp.nii.gz,0.8433671624656648,1.1039910812852876,9.437052762808364,0.0010362002898678013,0.12418616451092224,0.3411934685659893,2.815916786083841,1.040592085469739,0.4826511341780558,-0.43416852637758735,7.01904296875e-05,0.3119151576171938,False,True,True,False
pt002,MR1,158_to_157_warp.nii.gz,0.8364364925071723,1.1038712308099055,8.60347007977414,0.0019459242228702977,0.12485854491071705,0.33374666079104687,2.8167806072462267,1.0408793232091815,0.48590178145485974,-0.17109434601287174,1.89208984375e-05,0.3146961012854685,False,True,True,False
pt002,MR1,159_to_158_warp.nii.gz,0.8939406360435669,1.1345010632028343,7.8089293820160774,0.002109176300859862,0.12534625334166516,0.3618144047562235,2.8537618102260383,1.0397734743075095,0.5117834679579292,-0.6083556668535322,3.41796875e-05,0.35062795363406546,False,True,True,False
pt002,MR1,160_to_159_warp.nii.gz,0.8353000036639489,1.105683996591771,7.886097136117057,0.0015631954334830033,0.12158032604375472,0.3292765100956127,2.814614163044054,1.040277547330401,0.4878178673012482,-0.2040338100466552,1.0986328125e-05,0.31002781477874014,False,True,True,False
pt002,MR2,002_to_001_warp.nii.gz,0.859056814115935,1.394932073780877,15.357636651408837,0.0013448711325516264,0.09105042994419542,0.2578017285654509,2.9182303543781383,1.0416893932379194,0.6131116755101853,-5.627101834039849,0.0004168701171875,0.38091757633728696,False,True,True,False
pt002,MR2,003_to_002_warp.nii.gz,0.826964076871039,1.2893221476592922,11.746633195982866,0.0016964218745394864,0.08855808931696453,0.2521759913705871,2.897169198407475,1.041824458261322,0.5103686862032327,-0.39335368220838907,3.173828125e-05,0.3290574736359821,False,True,True,False
pt002,MR2,004_to_003_warp.nii.gz,1.0016016259325284,1.2018169443760558,8.019887167464443,0.0018481354732880612,0.10408136154687113,0.3976612630923513,2.8976238754208063,1.039667359728613,0.5542751855980292,-0.16747326787066857,6.103515625e-06,0.3895434323428574,False,True,True,False
pt002,MR2,005_to_004_warp.nii.gz,0.8568579444898705,1.1492900106540895,9.448417697153516,0.002028546968103269,0.10027610835092486,0.3302774606873171,2.841119467356241,1.039800821862589,0.5062496862066471,-0.4250688446872118,6.103515625e-05,0.32069883991462933,False,True,True,False
pt002,MR2,006_to_005_warp.nii.gz,0.7650209508747484,1.1424235642511622,10.118231830363905,0.001505407327671587,0.09237126247082178,0.26125589138545424,2.8189572225725334,1.0404105010868658,0.48174377426477705,-0.4542526267479956,3.35693359375e-05,0.2794280557030246,False,True,True,False
pt002,MR2,007_to_006_warp.nii.gz,0.8088235271078177,1.1478938157974061,7.51948977870293,0.0016002172659918717,0.09508845469611829,0.2940180813439014,2.8336483689515783,1.0407261559590721,0.4966235411862999,0.000390065762870513,0.0,0.29584088185218443,True,True,True,True
pt002,MR2,008_to_007_warp.nii.gz,0.8974240908287615,1.145085725544493,6.968778253681471,0.001264681076379375,0.10586521151817298,0.36687089934952555,2.8447268652395707,1.0426166005263209,0.5152234904360892,-0.05114715897355223,3.0517578125e-06,0.33062436288724156,False,True,True,False
pt002,MR2,009_to_008_warp.nii.gz,0.7387337843026686,1.146767619039867,6.1724693578279215,0.00049516786511217,0.08491248090189078,0.22944503418255313,2.8198614112928397,1.0413259974833877,0.4770457508572999,-0.12643891164411353,1.220703125e-06,0.2693810126488523,False,True,True,False
pt002,MR2,010_to_009_warp.nii.gz,0.7780574059163244,1.1414429556651966,6.5889816357402236,0.0005395511922590191,0.09302277958045448,0.2704180077750736,2.8254659816188985,1.0417902670196626,0.4884395663936975,-0.04241664680947747,3.662109375e-06,0.28667378463506127,False,True,True,False
pt002,MR2,011_to_010_warp.nii.gz,0.821864913097412,1.149193648716072,6.672463518638005,0.0010582812313751223,0.10029722163232964,0.3056695790091425,2.833916266781495,1.0394193767945552,0.5110638494293995,-0.07967414857072593,3.0517578125e-06,0.3155425804725136,False,True,True,False
pt002,MR2,012_to_011_warp.nii.gz,0.74765741382793,1.1460726071032779,6.640006006012963,0.0007340646919318731,0.08620229160799842,0.23694618187188735,2.824280774419227,1.0415696193079058,0.4799260753967059,-0.4414448981053756,7.32421875e-06,0.2749886728992033,False,True,True,False
pt002,MR2,013_to_012_warp.nii.gz,0.7855007842332489,1.1478765730824747,9.07667331389143,0.0006731513771686971,0.09224357462789298,0.2678697044374738,2.829586802152924,1.0421824830687334,0.49447584107181847,-0.13587813154425968,1.953125e-05,0.2942941953266845,False,True,True,False
pt002,MR2,014_to_013_warp.nii.gz,1.0435940465051856,1.2226153922518057,8.518652935370701,0.002154941680595582,0.10976149868608477,0.42949573229256266,2.9358943157943527,1.0391227168460702,0.5787199556685986,-0.38241475774861766,3.173828125e-05,0.4290997234409704,False,True,True,False
pt002,MR2,015_to_014_warp.nii.gz,1.1039533458120752,1.2316440826992048,8.524151922888496,0.0005947879626726458,0.12360797495352986,0.4886511501343139,2.976414240639195,1.042650682281261,0.5779092030749051,-0.7004282015011924,5.37109375e-05,0.4400560069883751,False,True,True,False
pt002,MR2,016_to_015_warp.nii.gz,0.7633385210142495,1.143855028860749,5.724891377213014,0.001622412569838694,0.09051170520009837,0.2552192870352883,2.822794541735241,1.0399431486058508,0.48637439282287226,-0.006885039286047185,6.103515625e-07,0.28206796728006134,False,True,True,False
pt002,MR2,017_to_016_warp.nii.gz,0.8087902610544533,1.1522022399704483,5.846178707958481,0.00133840483339742,0.09840132871414514,0.29681344981422797,2.836358801655113,1.0401238333491292,0.503945747007999,0.005257159656067095,0.0,0.3068010038886522,True,True,True,True
pt002,MR2,018_to_017_warp.nii.gz,0.8426302559282874,1.1572480430725287,6.206069998954149,0.002137480908272353,0.09797867629374679,0.3142576323221079,2.8476632529551686,1.0411140921031876,0.512748667110223,-0.0187356859903937,6.103515625e-07,0.32311120404120713,False,True,True,False
pt002,MR2,019_to_018_warp.nii.gz,0.8141623929448686,1.1477960577482627,6.268536699134636,0.0014045954814554873,0.09640715007959337,0.29563043747341855,2.8341743416789926,1.0401766784654547,0.5012162408975664,0.0003984296503752463,0.0,0.3062476641502187,True,True,True,True
pt002,MR2,020_to_019_warp.nii.gz,0.7684975133286875,1.1467263536597583,5.831163247466893,0.0017772247682135865,0.09002766380015588,0.2505366701324113,2.8250919277060613,1.0389841261639352,0.4873087536128723,-0.015083128875869182,2.44140625e-06,0.28392632271374546,False,True,True,False
pt002,MR2,021_to_020_warp.nii.gz,0.7531113007776987,1.1433268829912357,9.725019648078721,0.001149610623141097,0.08966146235185918,0.24365431764476886,2.8198976776275892,1.0410476542301024,0.47984573779446915,-0.15155581426136733,1.220703125e-05,0.2760483129911815,False,True,True,False
pt002,MR2,022_to_021_warp.nii.gz,0.7498254207765003,1.1444300997702284,6.745406681654326,0.0017692711384553355,0.08828650062650689,0.24355095873474197,2.8212573274956965,1.041469420249531,0.4800089676506751,-0.038503843433064365,1.8310546875e-06,0.273345085702886,False,True,True,False
pt002,MR2,023_to_022_warp.nii.gz,0.7516444617451828,1.147491804128086,8.767362839891822,0.0016799233637211435,0.08749190659624417,0.23908671723846653,2.823382607541698,1.0410100371269904,0.48280078283461914,-0.12736598249141778,2.44140625e-06,0.27729794416373293,False,True,True,False
pt002,MR2,024_to_023_warp.nii.gz,0.7795874529734614,1.1523885869823687,7.046162693315694,0.001897883425253539,0.09328142974335321,0.265887081568798,2.8318808800612727,1.0411603416188309,0.49527489467604735,-0.2313660568999994,9.1552734375e-06,0.2991317940489467,False,True,True,False
pt002,MR2,025_to_024_warp.nii.gz,0.7736132402336138,1.139330089000926,7.87504728390353,0.0017023336329334414,0.09231534125886973,0.26876258858381874,2.820496966170392,1.0411730671350654,0.48251274328143084,-0.10148465278537847,1.8310546875e-06,0.282004470127434,False,True,True,False
pt002,MR2,026_to_025_warp.nii.gz,0.7885026745807735,1.1392134153116842,6.915522421485936,0.0006200406340353185,0.09628247119441093,0.2874099848876767,2.8232538232335322,1.0401767457068554,0.4902812822126025,-0.004874815252707795,4.2724609375e-06,0.2875966504292151,False,True,True,False
pt002,MR2,027_to_026_warp.nii.gz,0.9301887547028852,1.2187100653925025,10.519575641362236,0.0007530438534762673,0.11349588781106018,0.3714491308410105,2.8934199416525477,1.0441469847819504,0.5296753283218059,-0.20438067515766717,1.15966796875e-05,0.36517354691597004,False,True,True,False
pt002,MR2,028_to_027_warp.nii.gz,0.764604242282476,1.1511041423756603,6.749479217702543,0.001075074660996367,0.088235842568871,0.24736295060594263,2.8281051702414794,1.040040705568075,0.4915892481277779,-0.06400340778142326,1.8310546875e-06,0.285944942010029,False,True,True,False
pt002,MR2,029_to_028_warp.nii.gz,0.9570778057700504,1.1758873561291228,8.193286496218054,0.0021011612357617424,0.11016332085193296,0.4057042645565518,2.8844916899185256,1.0375499816501261,0.5509189955827563,-0.06238194133959937,6.103515625e-07,0.38685216690457547,False,True,True,False
pt002,MR2,030_to_029_warp.nii.gz,0.7577802679844737,1.1479882251668516,5.8558596564414565,0.0020199132290069245,0.0895085812904475,0.2474964364879182,2.822676442255527,1.0416484656322864,0.4851471836219061,-0.18048119838108423,9.765625e-06,0.28018674656443254,False,True,True,False
pt002,MR2,031_to_030_warp.nii.gz,0.8217051778218923,1.1458018926494726,8.228849841102756,0.0007116717775360392,0.09648213540712462,0.3008463829762848,2.834077624881639,1.0406874161569546,0.4987234181710159,-0.00013164288842400145,6.103515625e-07,0.30616147929386905,False,True,True,False
pt002,MR2,032_to_031_warp.nii.gz,0.7567771456237462,1.1406608027324339,6.172046403015068,0.0008358787260432504,0.0903793937590055,0.25368901554682366,2.8179376268332077,1.0419014912239433,0.47951745219574826,-0.11829429356322793,6.103515625e-07,0.275190480002413,False,True,True,False
pt002,MR2,033_to_032_warp.nii.gz,0.8175414139951768,1.1438206680112804,8.304341874568776,0.0007481982707910669,0.09731860590951794,0.30348564077386075,2.827739508082176,1.0397852570950776,0.4994594058327017,-1.097934835988516,2.3193359375e-05,0.30557056175532815,False,True,True,False
pt002,MR2,034_to_033_warp.nii.gz,0.7538604781775262,1.1391060059034237,7.538151186099548,0.0016708984490541065,0.08928110411782758,0.24563706689801773,2.817214076269621,1.0412916984722327,0.4795436936709883,-0.45567791181297074,3.173828125e-05,0.279197386278579,False,True,True,False
pt002,MR2,035_to_034_warp.nii.gz,0.9573625627809729,1.1586697445359149,6.49576165427621,0.0012873959555928895,0.11371752399397572,0.41314820763984084,2.866415134057883,1.0425622006967725,0.5342360108695013,-0.4785618577052481,3.23486328125e-05,0.36362517466130145,False,True,True,False
pt002,MR2,036_to_035_warp.nii.gz,0.8074969540889227,1.1458404748609956,6.181569348756724,0.0021605186484791473,0.10012297257582024,0.2954822834224079,2.8326306150459013,1.0395250264563018,0.5032344958372404,-0.5858858852448683,1.15966796875e-05,0.30577259380821575,False,True,True,False
pt002,MR2,037_to_036_warp.nii.gz,0.7934928919191845,1.1434034829178825,6.47018999741659,0.001754275690693723,0.09604480181976426,0.27886250694682546,2.8227903285421485,1.039620146873179,0.49678937653679234,-1.2767355734659294,5.06591796875e-05,0.2953192829549978,False,True,True,False
pt002,MR2,038_to_037_warp.nii.gz,0.7659142341027253,1.145260763971872,6.61049885675531,0.0008777917590345806,0.09063773833773099,0.2559891422957243,2.8236970505643537,1.0420100182085585,0.48712273157832636,-0.049948031517283976,3.662109375e-06,0.28465879375293335,False,True,True,False
pt002,MR2,039_to_038_warp.nii.gz,0.7492789220657206,1.1481004755850492,7.054558647928026,0.0009558901145112317,0.08659903581500031,0.2353528396565281,2.821647888318276,1.0414875077479888,0.48325348551761876,-0.03874789761389225,4.8828125e-06,0.27810330599865174,False,True,True,False
pt002,MR2,040_to_039_warp.nii.gz,0.7751434444547141,1.1331352155112537,5.760056905181624,0.001025104878922075,0.0906814395088601,0.26403609828450153,2.8164741361197962,1.042838532758746,0.48110470054458027,0.004963133992376758,0.0,0.2771183541175447,True,True,True,True
pt002,MR2,041_to_040_warp.nii.gz,0.8627162839411053,1.1474348176541138,5.8068396887950176,0.0009381989329453535,0.10303946708524815,0.34343552503196495,2.837728880151207,1.0383580876382041,0.52014470814754,7.596856676098732e-05,0.0,0.33008443246764174,True,True,True,True
pt002,MR2,042_to_041_warp.nii.gz,0.7637130172924149,1.1364019466947282,7.095809526771325,0.0017067583404575988,0.09168167413977424,0.2551148994369915,2.8140322916878935,1.0398165614333874,0.48328088524525076,-0.026827383299403772,1.8310546875e-06,0.28019221418871487,False,True,True,False
pt002,MR2,043_to_042_warp.nii.gz,0.752062479997613,1.1357289337499565,5.722655451603101,0.0014969760480174961,0.08725270811783016,0.2459991077330142,2.815064733974032,1.042169811829667,0.47566045795308215,0.001823480490683345,0.0,0.27012214632797354,True,True,True,True
pt002,MR2,044_to_043_warp.nii.gz,0.7489256910178743,1.138311200215061,5.888591497318615,0.001774229348429853,0.08971929161819749,0.24876275655904426,2.8141040215442064,1.0412391674458648,0.47664000195016304,-0.025156729641396793,6.103515625e-07,0.268557096573972,False,True,True,False
pt002,MR2,045_to_044_warp.nii.gz,0.7509016993898066,1.133024012071911,5.777949456138443,0.0013206437135526812,0.0899440123377097,0.2515785311494427,2.812300973613296,1.0411947281631897,0.47496292095299214,0.022568368902478434,0.0,0.268080477742508,True,True,True,True
pt002,MR2,046_to_045_warp.nii.gz,0.7900499747863237,1.139079104272705,5.619729104331415,0.00047608096166256564,0.09441761265664925,0.2820499237670045,2.821826191483871,1.0394540796499248,0.4897251500780388,-0.0159666900569553,6.103515625e-07,0.2889254464408514,False,True,True,False
pt002,MR2,047_to_046_warp.nii.gz,0.7635248791977695,1.1378708089946739,7.088637967463674,0.0009251085160237483,0.09260100398982701,0.263177163993347,2.8175608576101054,1.0411007504000342,0.4800791572197814,-0.1386644516153076,6.7138671875e-06,0.2733745625263698,False,True,True,False
pt002,MR2,048_to_047_warp.nii.gz,0.8900356844759194,1.182014750070664,9.944319822772336,0.002658899444643736,0.10753014549199386,0.3533857891834643,2.868012448003599,1.0436762480864026,0.5143051676349619,0.01882410199985063,0.0,0.3397307769655896,True,True,True,True
pt002,MR2,049_to_048_warp.nii.gz,0.7381820749102439,1.1375086914966905,5.756071977744616,0.000767435940166487,0.08605477548479289,0.23665787283819784,2.8126530863949126,1.0416185844072736,0.4727956501645213,0.0229057427716825,0.0,0.26241740756666904,True,True,True,True
pt002,MR2,050_to_049_warp.nii.gz,0.7788241617503463,1.1379773779529192,5.764569050918939,0.0012018832107277663,0.09478032622244703,0.27086663788481946,2.8179620577444826,1.0396974188984371,0.48867712680697495,0.020846859991265766,0.0,0.2850457483748565,True,True,True,True
pt002,MR2,051_to_050_warp.nii.gz,0.7647320038492447,1.1434003110296722,5.766848541141518,0.00126596216599016,0.0883999951820617,0.2522419974211647,2.8246619916062525,1.0422831898101663,0.4825941382645897,-0.006727952864810437,1.220703125e-06,0.27781433350494517,False,True,True,False
pt002,MR2,052_to_051_warp.nii.gz,0.8801323904108384,1.154491339085536,7.309749889455372,0.0013789551995692611,0.10505444788180174,0.35497335671450236,2.8470929165541308,1.038127293448621,0.5272093737278467,-0.13196740471866156,1.46484375e-05,0.3428339897543298,False,True,True,False
pt002,MR2,053_to_052_warp.nii.gz,0.9550087473497944,1.184294771951263,8.469395225169668,0.0021022872068366186,0.11559410958657215,0.41233299257164974,2.8922009630565992,1.0441200688975782,0.535961952004592,-0.04414304708078896,1.8310546875e-06,0.36915566337467526,False,True,True,False
pt002,MR2,054_to_053_warp.nii.gz,0.8060289019256188,1.1513654046079236,6.99280385618586,0.00133414295937326,0.09704858364303323,0.29209991090991544,2.83344655156078,1.039627983716824,0.5048926122275846,0.007405990092367034,0.0,0.30979489040539965,True,True,True,True
pt002,MR2,055_to_054_warp.nii.gz,0.9059472200382193,1.1572780895014878,9.747611971875962,0.0017555732609744346,0.11160843342904238,0.3727053893526154,2.852023712936493,1.0373766937629592,0.5396338765007609,-0.15004822654767203,1.89208984375e-05,0.3703378444210356,False,True,True,False
pt002,MR2,056_to_055_warp.nii.gz,0.8258337813464172,1.1427893110984908,7.13143291389436,0.001275682356727419,0.09918087880473074,0.3140955562183383,2.8363385902332556,1.041796096062089,0.5025426661115521,-0.08515220044237917,1.28173828125e-05,0.31190206258039505,False,True,True,False
pt002,MR2,057_to_056_warp.nii.gz,0.900011911800584,1.16070600952963,8.348985009972042,0.0014282014071201395,0.10627301418938886,0.3670427779180637,2.8659789601488694,1.0424284076093415,0.5283075959795055,-0.014952955621761466,3.0517578125e-06,0.35297932553649775,False,True,True,False
pt002,MR2,058_to_057_warp.nii.gz,0.9140799151258279,1.165181792177341,7.213526080103035,0.0011996982800484164,0.11227572494453504,0.3695482095345073,2.8718611827051577,1.0367031491151808,0.5472055576666504,-0.09679752274854787,7.32421875e-06,0.38058064543739945,False,True,True,False
pt002,MR2,059_to_058_warp.nii.gz,0.750003479356755,1.1348042497900697,5.820595091154613,0.0008366308205580063,0.0882708104992306,0.2470089505940035,2.80968342287257,1.0422671173077707,0.4755572416966419,-0.1550805331630983,7.9345703125e-06,0.26850574211866013,False,True,True,False
pt002,MR2,060_to_059_warp.nii.gz,0.7609298295554596,1.147324653697085,5.690961171075837,0.0014509030141294501,0.09005861326665794,0.24413300629134976,2.8259743772208044,1.0396924254488287,0.4797615072431388,0.00030648564020550206,0.0,0.275531170895948,True,True,True,True
pt002,MR2,061_to_060_warp.nii.gz,0.7525107994590237,1.1374122869802321,6.098231515338506,0.0023960603500592444,0.08879818206089203,0.24699296122824504,2.8148466818292954,1.0420682927048714,0.47774473882657253,-0.03432689466854979,1.220703125e-06,0.2717334496851812,False,True,True,False
pt002,MR2,062_to_061_warp.nii.gz,0.7766525784400196,1.1416869660847233,7.746772343103986,0.0010425135361101046,0.0932428618903496,0.26410800830654624,2.821693917203716,1.0399115808501542,0.48970318548618175,0.01128107149284548,0.0,0.2886956336037512,True,True,True,True
pt002,MR2,063_to_062_warp.nii.gz,0.7709116021311266,1.1386140829565423,10.857890739545514,0.0010064397653931803,0.09263627428862478,0.26341607232905306,2.8160563730035917,1.0396313767540175,0.48673877955191674,-0.009279749322151209,1.8310546875e-06,0.28467169204915005,False,True,True,False
pt002,MR2,064_to_063_warp.nii.gz,0.7460340812100595,1.138372081529467,7.098178221858664,0.0016045485303472578,0.08830920833479665,0.24168712464911596,2.8138444948043015,1.0418783278662234,0.4759216245485454,-0.003329565306038229,6.103515625e-07,0.26917581823668785,False,True,True,False
pt002,MR2,065_to_064_warp.nii.gz,0.7867813208930192,1.1371637013384663,6.244695473528313,0.0016251501442107095,0.09379509730386694,0.27222607837398444,2.821870714620766,1.0426767924469722,0.4846180570067858,0.007356245728937762,0.0,0.28448875228946213,True,True,True,True
pt002,MR2,066_to_065_warp.nii.gz,0.869694975993249,1.1504049455013543,5.771225298519863,0.0010778576549918448,0.10521172907433032,0.3336054681877031,2.8499679663037703,1.0371319512911223,0.5238380350225527,0.009443064771211497,0.0,0.34446096095478074,True,True,True,True
pt002,MR2,067_to_066_warp.nii.gz,0.8653423881390434,1.15934673450943,8.032335945088025,0.0017230511010623531,0.1058699091804916,0.3229020180620771,2.8512732766914173,1.0432658583424266,0.5076825076127868,-0.017012140454336667,1.220703125e-06,0.3245785593951641,False,True,True,False
pt002,MR2,068_to_067_warp.nii.gz,3.0056549288510657,3.716796972181275,26.976977428605355,0.003704321283993655,0.3283863704689287,1.7026373366363472,7.613846640470089,1.0158600959648354,1.1776184974365074,-19.470662609320748,0.0128857421875,2.6680562228184765,False,True,True,False
pt002,MR2,069_to_068_warp.nii.gz,1.4443853631987602,1.4973023795677003,12.264885253566982,0.0015817822024068529,0.18518040816789702,0.7768944905667372,3.774847129215558,1.0275819786477238,0.7239355286659238,-1.1652244658246687,0.0004766845703125,0.7823310126234485,False,True,True,False
pt002,MR2,070_to_069_warp.nii.gz,2.56224215124259,3.0279173824933383,28.051678082047538,0.003984774255521585,0.46107560002896664,1.5868959423093427,5.249871337675564,1.0667542084083979,1.544357679157138,-13.75291190356862,0.0079522705078125,2.199696963555528,False,True,True,False
pt002,MR2,071_to_070_warp.nii.gz,0.8793213509957957,1.1410960956885108,5.781126902471467,0.002250434245233218,0.1125905823564785,0.3642339971285662,2.8408176217813685,1.0377173264490773,0.5259735286759859,0.003485524362084556,0.0,0.34482482990143914,True,True,True,True
pt002,MR2,072_to_071_warp.nii.gz,1.0356400836706188,1.320085860274268,14.01922787383654,0.0023147066772565613,0.12908010441139256,0.4263232132262338,2.960052378995156,1.0448725524707092,0.5771239847441944,-0.0631164969139206,1.64794921875e-05,0.45442668703314765,False,True,True,False
pt002,MR2,073_to_072_warp.nii.gz,0.8252042113061887,1.144660458808536,5.751027037909556,0.000957038084777585,0.09797083402216832,0.30767994035434293,2.8342629822635477,1.0411073914368996,0.49854682838139724,0.02042158317190587,0.0,0.3045136477946083,True,True,True,True
pt002,MR2,074_to_073_warp.nii.gz,0.8159421826392511,1.1508688007685473,6.191872249602944,0.0008496583228283991,0.10058468743215633,0.2971502223249569,2.8350138500654816,1.038881559290516,0.5096383678206774,0.0018748300178008934,0.0,0.31688613467816984,True,True,True,True
pt002,MR2,075_to_074_warp.nii.gz,0.838422482419475,1.1481410978810636,6.322399776051859,0.0006341834937785921,0.10020828384202919,0.325637479405932,2.8399618182077937,1.0418078109059032,0.5105605451740984,-0.020612811487886046,1.220703125e-06,0.31980107742180697,False,True,True,False
pt002,MR2,076_to_075_warp.nii.gz,0.8227115079324158,1.1564501926024902,7.717546857383198,0.001280935637568428,0.09899357247447077,0.29836242315043127,2.8468359175399987,1.0433260252766068,0.4970597816310501,0.022248270122772165,0.0,0.3056590518340407,True,True,True,True
pt002,MR2,077_to_076_warp.nii.gz,0.8822986866194635,1.1560807601730314,6.434869701903963,0.0010548457442038546,0.10896914630643521,0.36162582082515227,2.8547295523115195,1.0374746508351904,0.5287969937855214,-0.04947083155535127,3.0517578125e-06,0.3537320459129254,False,True,True,False
pt002,MR2,078_to_077_warp.nii.gz,0.7915772897364711,1.146183259255844,6.8454003019649186,0.0010672087758256826,0.0943835219270606,0.28206028250664583,2.8312085631448896,1.0412627617295458,0.4934921215788203,0.008331931006997337,0.0,0.29685920149733697,True,True,True,True
pt002,MR2,079_to_078_warp.nii.gz,0.8428427969135587,1.1424576527687864,6.759526178246134,0.0012078523727348108,0.10275518236307132,0.32783511251894437,2.8311491820030312,1.038751843330039,0.510842325664355,-0.01799753943861359,6.103515625e-07,0.3239852245182751,False,True,True,False
pt002,MR2,080_to_079_warp.nii.gz,0.9893718388997044,1.2281997874924262,11.3829335206664,0.002180905150675186,0.12056480627358813,0.4378600971637195,2.9174766528503175,1.0445660628183675,0.5518688845549307,-0.38882886098418606,3.173828125e-05,0.403686942644947,False,True,True,False
pt002,MR2,081_to_080_warp.nii.gz,0.7966369619241831,1.1497424054395822,5.767803805240563,0.00045722632419157525,0.09562887542325418,0.2790385877189964,2.8305882669253517,1.039106615271288,0.5027281771442587,0.010830254456504563,0.0,0.30523309526277537,True,True,True,True
pt002,MR2,082_to_081_warp.nii.gz,0.7977304845223168,1.1381975257680208,6.707246076272135,0.001577344018856949,0.09615634828078115,0.28577036446111886,2.829167462317016,1.0425141629733687,0.49041543919655833,-0.012473154276052256,4.8828125e-06,0.29534593441198354,False,True,True,False
pt002,MR2,083_to_082_warp.nii.gz,0.8617219831301761,1.1492428231862473,5.763319385847676,0.0013001327933297381,0.10470459589714733,0.3469331314983254,2.8436741635230787,1.0381604091728822,0.5160002650703858,0.01962400665106857,0.0,0.32732179030058567,True,True,True,True
pt002,MR2,084_to_083_warp.nii.gz,0.7599197068136643,1.1342728338883168,7.636833621863023,0.0012766421342473295,0.09059804211641966,0.25639281424563953,2.816878394569049,1.0422104331765867,0.4763271102586631,-0.0036185175642224326,1.220703125e-06,0.27194057907555164,False,True,True,False
pt002,MR2,085_to_084_warp.nii.gz,0.7566241881987152,1.1418817121992748,5.809599514733139,0.001098029337953556,0.089411061290617,0.25076527188814873,2.8182235159831786,1.0404144523911585,0.48172874208466404,0.0025751782783682508,0.0,0.2755302466483225,True,True,True,True
pt002,MR2,086_to_085_warp.nii.gz,0.7481589141860089,1.14457011341793,6.680548935620174,0.0017836980917788567,0.08782179106720626,0.24103743945847758,2.821553852771476,1.0413933407172227,0.48024711730023073,-0.1994574925317452,2.44140625e-06,0.27613495710480257,False,True,True,False
pt002,MR2,087_to_086_warp.nii.gz,0.763398427604114,1.1375504388408249,5.755537370407,0.0020163251089885086,0.09186241087253014,0.2570118455113321,2.814593988353565,1.0398539667618896,0.48464355835415,0.007534493527088028,0.0,0.2804940555248164,True,True,True,True
pt002,MR2,088_to_087_warp.nii.gz,0.7355165441089221,1.1330148538897085,6.654235693087201,0.0009090535064120087,0.08716279668731243,0.23510719288254853,2.80958670499748,1.0416112271388158,0.4708772623298104,0.023702655552256015,0.0,0.2615435585694716,True,True,True,True
pt002,MR2,089_to_088_warp.nii.gz,0.7385127265996161,1.1389758200786861,5.775556721175336,0.0013424523526001555,0.0880740739135369,0.2400591991351379,2.812605418591647,1.04097653144928,0.47418185806565816,0.0209475284157593,0.0,0.2639384676769175,True,True,True,True
pt002,MR2,090_to_089_warp.nii.gz,0.7639386392401447,1.1367780681339477,5.777662696600132,0.0015112039413891513,0.0905213800708469,0.26507390771178163,2.8155859733067823,1.041195217710667,0.48064837025836626,0.0069766954016626465,0.0,0.27473106925567603,True,True,True,True
pt002,MR2,091_to_090_warp.nii.gz,0.794164691254833,1.1405340156402555,5.790126414378044,0.0014477152702135438,0.09402023402526467,0.28801594095222227,2.8264011874690134,1.040565021517227,0.4898007370627833,0.0194588654277758,0.0,0.2834458483280858,True,True,True,True
pt002,MR2,092_to_091_warp.nii.gz,0.7671810590245365,1.135493416442008,5.671051558556757,0.0011878997270249382,0.09228857555848431,0.2687390785784764,2.813139409779429,1.040387983801538,0.48036758953780206,0.023112142437151505,0.0,0.27442756911897825,True,True,True,True
pt002,MR2,093_to_092_warp.nii.gz,0.7366653213713076,1.146425772329895,10.350486346716034,0.0017864388867511298,0.08492653183617258,0.22632538888868714,2.8172126828512356,1.0413839497938817,0.4787917798876141,-0.6628726949224649,1.46484375e-05,0.26986041680642125,False,True,True,False
pt002,MR2,094_to_093_warp.nii.gz,0.7630922060296358,1.1396379243480856,6.388782918951457,0.0012293084330236399,0.09065040242385246,0.254370836165315,2.8187201837985634,1.0414100924297378,0.4802039839142073,0.0036986450509000775,0.0,0.27575139853308017,True,True,True,True
pt002,MR2,095_to_094_warp.nii.gz,0.7665957545478328,1.1377397886554257,6.248200826190821,0.0011681660414547402,0.09075641966748078,0.2630301939745455,2.8198750830941997,1.042110525150364,0.48154237518122833,-0.25787501636402266,1.64794921875e-05,0.2754287211603921,False,True,True,False
pt002,MR2,096_to_095_warp.nii.gz,0.7658546101487909,1.1461433428984409,5.675545507757945,0.0015114892794097657,0.09021259889895107,0.25628894095947075,2.828387202739878,1.0401663425365701,0.48202918275532164,0.01163690077751298,0.0,0.2768966020668318,True,True,True,True
pt002,MR2,097_to_096_warp.nii.gz,0.7733000666154288,1.1440041299729438,6.306614446822399,0.001598019333148604,0.09152553591852265,0.26398108147606114,2.8264839466707423,1.0405488326457117,0.4834014855526859,0.00010360514978127273,0.0,0.2801305340905114,True,True,True,True
pt002,MR2,098_to_097_warp.nii.gz,0.7424631690265053,1.139751066069728,5.764145922845654,0.0021736800577508465,0.08651452974196921,0.23538141911410304,2.8131707373373382,1.0405415520638035,0.47799633347510345,0.02071265835918031,0.0,0.26844588456410445,True,True,True,True
pt002,MR2,099_to_098_warp.nii.gz,0.7399782181553313,1.1396143681380908,5.686923379782868,0.001497663691432849,0.08604435546455602,0.23447131581314068,2.8115758634363006,1.040258847783212,0.4770151374635451,0.022775544812574437,0.0,0.26706324454191566,True,True,True,True
pt002,MR2,100_to_099_warp.nii.gz,0.7485993163064671,1.132187487395674,5.5906962189025435,0.0018169636632479934,0.08799315575232816,0.24545365450115386,2.810282084447192,1.0421941150103384,0.4740649445794077,0.022908510843033306,0.0,0.2661117983574828,True,True,True,True
pt002,MR2,101_to_100_warp.nii.gz,0.8402580074131292,1.14426356614495,6.6493698880695735,0.0017740770927454034,0.09883495225801378,0.32225833990378094,2.8303887128794747,1.0385281926613128,0.5073040368519085,0.0193196431180771,0.0,0.31330228066084315,True,True,True,True
pt002,MR2,102_to_101_warp.nii.gz,0.81901278945465,1.1471351783660988,5.823598752918071,0.0005420722190511328,0.09397699819033473,0.2977101769632172,2.8340194652984474,1.0404443306574023,0.498751771395574,0.002630641616710174,0.0,0.2963344522203119,True,True,True,True
pt002,MR2,103_to_102_warp.nii.gz,0.8023646070693355,1.1314852052636197,5.634887205485621,0.0010230485118870967,0.10070961136784959,0.30092770581633665,2.816554957242196,1.0390866310103448,0.4949432491239333,0.024964099251465834,0.0,0.2969511343335206,True,True,True,True
pt002,MR2,104_to_103_warp.nii.gz,0.7315716062857479,1.131327239631069,5.701903682273812,0.0008662662686523495,0.08491658069904985,0.2290528546779396,2.802822189720279,1.0412639392412466,0.4687788288404387,-0.032626957424970904,9.765625e-06,0.2598948826218368,False,True,True,False
pt002,MR2,105_to_104_warp.nii.gz,0.9305272592027933,1.198086792124426,9.595618734105692,0.0018258150424545292,0.11443788651449681,0.38526632654849524,2.8831207405700603,1.0436891602758727,0.5261703757108481,0.017166631297311868,0.0,0.36022593917870993,True,True,True,True
pt002,MR2,106_to_105_warp.nii.gz,0.7703170071502449,1.1427948197085207,6.959219680796818,0.0012766160106419324,0.09247239523591827,0.26834525430291856,2.8234701006446863,1.0407831113288064,0.4857255033859365,-0.0799716546957778,1.03759765625e-05,0.2842755245025176,False,True,True,False
pt002,MR2,107_to_106_warp.nii.gz,0.7400858738754005,1.1464648685056642,5.760147248927452,0.0008883170675826988,0.08485394883813091,0.23089642011254752,2.81663912621421,1.0407683154562484,0.4799992500219212,0.01990913944029445,0.0,0.27043649373200884,True,True,True,True
pt002,MR2,108_to_107_warp.nii.gz,0.7985624662147949,1.1449664597939286,5.844376016833903,0.0016712167478393429,0.09486844463528644,0.292668230103696,2.8302670582608975,1.0415210795427063,0.4943231977633539,0.01803264343972901,0.0,0.29160616155254554,True,True,True,True
pt002,MR2,109_to_108_warp.nii.gz,0.786730734555226,1.1474600944947486,6.901462665539161,0.0014776791403042291,0.09583996854025881,0.28055168455445534,2.8318023061262396,1.0417780648208699,0.4970596451928512,-0.5827084953049733,5.4931640625e-06,0.29977062058138215,False,True,True,False
pt002,MR2,110_to_109_warp.nii.gz,0.8043117263302909,1.1458323276360807,6.94077270460646,0.0006801890923724981,0.0973031001990413,0.2881421587568419,2.8269645370802623,1.0392848164164272,0.5027048769928409,-0.019792085203768503,6.103515625e-07,0.30631878772553733,False,True,True,False
pt002,MR2,111_to_110_warp.nii.gz,0.7676546456240466,1.1404609857430286,6.230734787907824,0.0007136558595435851,0.09006310780914989,0.26231343504584714,2.817537819419152,1.041602112387097,0.4847156941858833,0.012877159297673626,0.0,0.2822334538031716,True,True,True,True
pt002,MR2,112_to_111_warp.nii.gz,0.7779552204247626,1.1364601121127695,5.791254605143051,0.0011829879755584035,0.09357434564176557,0.26802948714495356,2.8144305691698106,1.038735676103199,0.48811650351328273,-0.05114176756705901,2.44140625e-06,0.287301741771972,False,True,True,False
pt002,MR2,113_to_112_warp.nii.gz,0.7441895311037685,1.133151697599412,7.813515214714877,0.001350911377940577,0.08929117554521081,0.24442184888707996,2.8091673590682036,1.0419748145455214,0.4726197379206879,0.0039745889851770634,0.0,0.2644878297411275,True,True,True,True
pt002,MR2,114_to_113_warp.nii.gz,0.8511410965548807,1.1439121691994958,5.7507825513244155,0.0008822570993144241,0.10010311708432601,0.3315539762218148,2.829954626971342,1.0388565497663478,0.511893512741985,0.01710328881264222,0.0,0.3198392584100188,True,True,True,True
pt002,MR2,115_to_114_warp.nii.gz,0.7409061747286995,1.1305601240797518,5.821423221288076,0.0013693092125045322,0.08658016574843656,0.238880894633833,2.804305341953458,1.0419528774923803,0.470293131161216,0.01619528412392278,0.0,0.2617017735446178,True,True,True,True
pt002,MR2,116_to_115_warp.nii.gz,0.7773145203622314,1.138549687950762,5.753445554123668,0.0018726085995862036,0.09264955947352313,0.26529749676707576,2.8159244652657085,1.0393207486376526,0.48806250643529886,0.020193103749016877,0.0,0.28630240982410143,True,True,True,True
pt002,MR2,117_to_116_warp.nii.gz,0.8537282880928874,1.1568300186617502,7.58533488563854,0.0012484355937955839,0.10451839586812466,0.3258210593961318,2.8515982227607646,1.043015984436713,0.5054947194249088,-0.22408001852254872,3.662109375e-06,0.3197951704627164,False,True,True,False
pt002,MR2,118_to_117_warp.nii.gz,0.7880362072055359,1.1488641209644468,8.671340003760973,0.0007365779006113913,0.09644164390397533,0.27817200145717774,2.8281870690118627,1.0401676702751674,0.4970745181827306,-0.8602147805594761,4.0283203125e-05,0.3007592784804272,False,True,True,False
pt002,MR2,119_to_118_warp.nii.gz,0.7918313252791316,1.1369416019219376,8.900994261748957,0.0014268146905430787,0.09721740564001495,0.2852715899219256,2.8210690935635605,1.0423445224855095,0.4897443170624315,-0.7070894776506966,2.01416015625e-05,0.29012592260859954,False,True,True,False
pt002,MR2,120_to_119_warp.nii.gz,0.7758579813182334,1.1402437740103897,7.049206221716241,0.000904718784989303,0.09241513327088052,0.2656473766560775,2.818549761977335,1.0397380454112095,0.4876141335140154,-0.0052500790494157245,1.220703125e-06,0.2869652657978602,False,True,True,False
pt002,MR2,121_to_120_warp.nii.gz,0.8128818577632664,1.143831786341238,9.534081403286264,0.001210960117214761,0.0963256410358364,0.30329128565340113,2.830177696464593,1.0405605388363859,0.4968558538682269,-0.035505834406465264,7.32421875e-06,0.3009198126323566,False,True,True,False
pt002,MR2,122_to_121_warp.nii.gz,0.7851743841999482,1.1348913297745715,6.433030171012248,0.001174637248718279,0.0961215231198505,0.27360673652423584,2.8119615833698552,1.039250475619429,0.4896913298181553,-0.005914037098153068,5.4931640625e-06,0.2911582642631418,False,True,True,False
pt002,MR2,123_to_122_warp.nii.gz,0.7738045963032608,1.1366381767526468,6.979899688940952,0.001141212001296975,0.09357131404668236,0.2687380738757714,2.818858901051958,1.0422828742893058,0.48419104261595175,0.005066219851566741,0.0,0.2817182407028969,True,True,True,True
pt002,MR2,124_to_123_warp.nii.gz,0.8409565241412167,1.1411321434069743,5.826083096435817,0.001136626066809368,0.10196830885281238,0.33177874929448514,2.8325746548482624,1.042288571202669,0.506163205344651,-0.1414200417367628,2.44140625e-06,0.31543308082510074,False,True,True,False
pt002,MR2,125_to_124_warp.nii.gz,0.7486723578961191,1.1455556165746001,6.395806767987637,0.0004852185785380208,0.08824558707820657,0.2397309084295891,2.81781763662382,1.0409731913833205,0.48166292469310884,-0.005562336723757111,6.103515625e-07,0.27603640952649655,False,True,True,False
pt002,MR2,126_to_125_warp.nii.gz,0.7591727434799148,1.1446886369834532,9.945820181710037,0.0014368897277422972,0.08997028459028289,0.24669744588691417,2.8185914659269233,1.0407436281621787,0.4804868353543108,-0.8405825165366037,9.1552734375e-06,0.2808209248661715,False,True,True,False
pt002,MR2,127_to_126_warp.nii.gz,0.7285098623724819,1.1364366864787816,5.7880879939716925,0.0013224345624377938,0.0840271218695159,0.22516870102640926,2.807776656231725,1.0415023316592034,0.471062775433451,-0.07795853920637262,1.8310546875e-06,0.2608851446677538,False,True,True,False
pt002,MR2,128_to_127_warp.nii.gz,0.7353252265358434,1.1348841679771522,5.78217701926489,0.0012370764604454508,0.08451179644376348,0.23048730603467377,2.8084091299282217,1.0415416208967627,0.47113335082091173,0.013209161346526766,0.0,0.2620322124302885,True,True,True,True
pt002,MR2,129_to_128_warp.nii.gz,0.726808464850904,1.1354942584673342,5.792595800724462,0.0011362273178790806,0.08368079890917232,0.22401419935414435,2.8061070791265217,1.0406599352099426,0.4699058443670737,0.01387231537420635,0.0,0.25987493792857524,True,True,True,True
pt002,MR2,130_to_129_warp.nii.gz,0.738998157870621,1.1374622046385936,5.968485622946891,0.0010725525062688166,0.08398723524817686,0.22859285215315106,2.8090796468939385,1.0405472848710726,0.4755084337973204,-0.005475810878866007,6.103515625e-07,0.2673879149320878,False,True,True,False
pt002,MR2,131_to_130_warp.nii.gz,0.7439220433987592,1.1351582822791055,5.655030049669056,0.0012975063810721867,0.08756046010061116,0.23862616765111977,2.8049227167480164,1.0407506061800866,0.4763823946516131,0.0250832518315136,0.0,0.26758526609357985,True,True,True,True
pt002,MR2,132_to_131_warp.nii.gz,0.7228921321946211,1.1357302301600785,5.681682654556038,0.0008016833087179158,0.08328207124540654,0.2212125121271129,2.803962586414618,1.0409990361838626,0.4694276140008199,0.022403575651229916,0.0,0.25790328074571944,True,True,True,True
pt002,MR2,133_to_132_warp.nii.gz,0.7399924401122782,1.1400523739726987,5.751767286835036,0.0006901481154830115,0.08514330219110167,0.23279085085819687,2.811647971320788,1.0410585729256772,0.4760290930229282,-0.06615372965143693,7.9345703125e-06,0.268357376502552,False,True,True,False
pt002,MR2,134_to_133_warp.nii.gz,0.7384370753144931,1.140653622684274,5.783328678071989,0.001369363301263532,0.08429399124917356,0.2315089483439356,2.81384200733769,1.041810421050732,0.4745806035254618,-0.045893190507710464,2.44140625e-06,0.26580382357207527,False,True,True,False
pt002,MR2,135_to_134_warp.nii.gz,0.7392541333262176,1.1346202839462989,5.7255036440180405,0.0016821956804854508,0.08760025558001182,0.2420729540432297,2.807775050860465,1.0417204608801067,0.47291783472631876,0.021988487799294215,0.0,0.2632457167389622,True,True,True,True
pt002,MR2,136_to_135_warp.nii.gz,0.7535242309976575,1.1404989641163692,6.132720995736629,0.0019886161274592752,0.08699843929554549,0.2420070394242965,2.8156365597055,1.039798434905054,0.47965448334895333,0.02198477999887868,0.0,0.2737490462173039,True,True,True,True
pt002,MR2,137_to_136_warp.nii.gz,0.736522636627932,1.1417842687605182,5.6734854495360905,0.0011836571936411592,0.08413087899201063,0.22697618537974945,2.815371514322547,1.0407470745898173,0.47523121387690986,-0.32054859695910376,1.220703125e-06,0.26766379013011443,False,True,True,False
pt002,MR2,138_to_137_warp.nii.gz,0.7788204332560862,1.1359117802297234,5.7812908626986435,0.0009577049008089223,0.09390252070881053,0.274911616792295,2.8112683342120124,1.039975403678084,0.4885836397403672,0.013786251075678975,0.0,0.28437826110299874,True,True,True,True
pt002,MR2,139_to_138_warp.nii.gz,0.7649682781675924,1.134388525353974,8.114829565600274,0.0015054215854353949,0.09242820453090612,0.267320202126889,2.8106047441938324,1.0405162649460413,0.4793550693418827,-0.09368132105663071,8.544921875e-06,0.2747580224799564,False,True,True,False
pt002,MR2,140_to_139_warp.nii.gz,0.905741546619276,1.1473172318882703,7.570564030509107,0.0021152535317023845,0.11191128196664972,0.38562197691807903,2.849814221674255,1.0375201687740412,0.530013894263365,-0.0011069498213037326,1.220703125e-06,0.35460815854870303,False,True,True,False
pt002,MR2,141_to_140_warp.nii.gz,0.7603762824211111,1.1279870982960138,5.704312714818784,0.0007712829591478633,0.0912367064840886,0.26218860795125937,2.8059697716481162,1.0420279808849326,0.47560437875113304,-0.26201762323750977,1.220703125e-06,0.2701579495315207,False,True,True,False
pt002,MR2,142_to_141_warp.nii.gz,0.8643504462633039,1.1488704162293193,8.384937522324408,0.0014156567968788094,0.10812285842030675,0.3454800700960583,2.843988811293695,1.043320998609982,0.5058086884407549,0.020831486319784393,0.0,0.32010556380514715,True,True,True,True
pt002,MR2,143_to_142_warp.nii.gz,0.7463257092461736,1.1419809313901534,6.678240612137851,0.0015241202382678281,0.08861738548656635,0.24047288138208756,2.81587223778652,1.0412572957263186,0.47983570148054905,-0.32633839084496374,3.662109375e-06,0.27470053458463467,False,True,True,False
pt002,MR2,144_to_143_warp.nii.gz,0.7399117037359761,1.141301615530536,5.843900738337074,0.002192135990380566,0.08472738637956771,0.22850916209320807,2.8122404090034308,1.0410380478551846,0.47703140376672404,-0.13025457138195268,1.220703125e-06,0.26996193108382693,False,True,True,False
pt002,MR2,145_to_144_warp.nii.gz,0.737262464371543,1.138351324707277,5.730938744375451,0.001196415815100164,0.085015920680029,0.23060097084186387,2.811100396771095,1.041495178993416,0.4734069415313822,-0.19404944581615755,1.220703125e-05,0.26487234612233657,False,True,True,False
pt002,MR2,146_to_145_warp.nii.gz,0.7503441391646745,1.138269161264741,5.579163589328909,0.0013286091207712698,0.08722672489474076,0.23972698161467343,2.8126718349383144,1.041324223898554,0.47751773287919047,0.01154255008743987,0.0,0.2735116229219146,True,True,True,True
pt002,MR2,147_to_146_warp.nii.gz,0.9176731428757684,1.1561243561710008,6.731517294372545,0.0020341761417650745,0.11189878014903656,0.3804548480972927,2.8648727669266782,1.0377308148983313,0.5359509023390291,-0.024607958917681465,2.44140625e-06,0.37093172405729646,False,True,True,False
pt002,MR2,148_to_147_warp.nii.gz,0.8069243427936088,1.1298414183692922,5.746239808623621,0.001333891409193038,0.10058908777224758,0.3026034529366876,2.809741152692069,1.0395201205377826,0.4932590681525701,0.0019299171927481993,0.0,0.2971148470425215,True,True,True,True
pt002,MR2,149_to_148_warp.nii.gz,0.8145147786147211,1.1269606610215483,5.740111467130643,0.0015410407534230963,0.10083997226697672,0.310027837067142,2.8159806876601703,1.0423609942826793,0.49108607533830884,-0.047395734012923074,1.8310546875e-06,0.2978029682759107,False,True,True,False
pt002,MR2,150_to_149_warp.nii.gz,0.8103063671338263,1.1321253692585151,5.655305081199491,0.001140632046835322,0.10089417651637314,0.30894371888873634,2.823520384737956,1.0420356043866388,0.49111440147317686,-0.11815895543654209,2.44140625e-06,0.295181602004696,False,True,True,False
pt002,MR2,151_to_150_warp.nii.gz,0.7728272900518127,1.1451238237583556,6.312533222541776,0.000980106937177464,0.09339787489630988,0.262676367798805,2.8213292544416064,1.0407358875868504,0.4888334835835872,0.006279041708707597,0.0,0.28762890226771615,True,True,True,True
pt002,MR2,152_to_151_warp.nii.gz,1.4881881093054614,1.6599393140647616,15.043740695405166,0.0026042432915596887,0.17073083074513945,0.7068510290843806,3.9033502084474243,1.026334741567903,0.7803953585840353,-2.5506572867240744,0.00085205078125,0.9059880386835314,False,True,True,False
pt002,MR2,153_to_152_warp.nii.gz,0.7453964810818802,1.1223274855408434,7.779496369062517,0.0004936951123245926,0.09236878366182161,0.2494470602999042,2.7967410654396754,1.041472655147424,0.46778923763953567,-0.011473326813632449,6.103515625e-07,0.26299107699087915,False,True,True,False
pt002,MR2,154_to_153_warp.nii.gz,1.0481818514420598,1.3251207265544371,13.555789590585057,0.000980362257155416,0.13524208464072832,0.44256173190462245,2.975834429751745,1.0445261444761584,0.5694251618577257,-0.3574450231046059,6.103515625e-05,0.44059004861793766,False,True,True,False
pt002,MR2,155_to_154_warp.nii.gz,0.776658069392195,1.129054873051762,10.524330268338627,0.0008742957053935022,0.09589392072021423,0.27667602203533476,2.8025144072349435,1.0398553102977404,0.4818559097791655,-0.061092720827598514,7.32421875e-06,0.2819948054536813,False,True,True,False
pt002,MR2,156_to_155_warp.nii.gz,0.8731331833492579,1.1620315037289344,8.8633595288355,0.0010628859910345016,0.10819047140515863,0.344097846826001,2.8569255849974162,1.0435815685670706,0.5081796688864746,0.004146924648121498,0.0,0.3275837972351157,True,True,True,True
pt002,MR2,157_to_156_warp.nii.gz,0.8005927886415601,1.1363510244632544,6.254312549937131,0.001653004356062406,0.0966126691827614,0.284321622847475,2.8142294402140275,1.0382235662324717,0.4931091968568997,0.018289033485247453,0.0,0.2956843347639002,True,True,True,True
pt002,MR2,158_to_157_warp.nii.gz,0.7440359616316067,1.1235434117796452,5.613255656075811,0.0009810472454300067,0.09041088385924795,0.25092529834257493,2.795332770938349,1.0413176871896206,0.46745201820464,0.026048815986927914,0.0,0.2589191617982709,True,True,True,True
pt002,MR2,159_to_158_warp.nii.gz,0.730782646447036,1.1301181589853384,5.708714694209185,0.00038666030687263433,0.08501439776520839,0.22756213889014523,2.7984236850728528,1.0404104366561804,0.4691531080223481,-0.011940235546129316,6.103515625e-07,0.26019709499389787,False,True,True,False
pt002,MR2,160_to_159_warp.nii.gz,0.8212159854653635,1.127481167473946,6.0236877943271905,0.0007473869729179906,0.10287376519261472,0.3115838938584753,2.8234880066924264,1.043079563352302,0.48952515392443147,0.022681710587965878,0.0,0.2936395881344054,True,True,True,True
pt002,MR3,002_to_001_warp.nii.gz,1.7245928547311262,2.1102250689224626,20.826477849998522,0.0021711667003241324,0.24090291223729177,0.8349067818211267,4.107410199222815,1.054125479804838,1.004930600234784,-4.4692846382543,0.00245849609375,1.2077655750381844,False,True,True,False
pt002,MR3,003_to_002_warp.nii.gz,0.7714756107984548,1.1607448143377679,6.268272442896808,0.00197372988633623,0.08847096213732622,0.24844987317345163,2.863761564792931,1.0417190097000741,0.49783350325032666,-0.236602354084067,4.2724609375e-06,0.2988581914752924,False,True,True,False
pt002,MR3,004_to_003_warp.nii.gz,0.7622223898621064,1.167031111652881,8.256908754616363,0.0011450835412623616,0.08631557116225026,0.23731241523063992,2.8629834828003724,1.0404936335528672,0.4968586989197518,-0.04863950917154327,9.765625e-06,0.2967253381797854,False,True,True,False
pt002,MR3,005_to_004_warp.nii.gz,0.8495446888656997,1.1614780299817729,8.779266240884818,0.0013585107110444387,0.10017214545672258,0.3329193030557682,2.88183364845098,1.039734415952922,0.5242371677393969,-0.8923197186886253,2.8076171875e-05,0.33497206856752176,False,True,True,False
pt002,MR3,006_to_005_warp.nii.gz,0.8627034090799296,1.1667125941945857,7.454080172320474,0.0023707215827695736,0.10246323897353334,0.3294289457542056,2.8854392306472647,1.0390759324601224,0.5295503116248241,-0.2957504318605481,4.2724609375e-06,0.34684449061134764,False,True,True,False
pt002,MR3,007_to_006_warp.nii.gz,0.770329015676468,1.1564542082092648,6.6726659396529895,0.0006346946596412785,0.08855750594177546,0.24879963021720236,2.8584912266343037,1.0416294976542186,0.4979094034033282,-0.15635339346555135,1.03759765625e-05,0.2952043553047219,False,True,True,False
pt002,MR3,008_to_007_warp.nii.gz,0.7513570351427552,1.1527296565267835,5.781126237376494,0.0014578021163793066,0.08493133073384727,0.23360421926157005,2.8471734993515696,1.0409332126256907,0.48644420622537565,-0.39417871203230814,4.2724609375e-06,0.2841464076393177,False,True,True,False
pt002,MR3,009_to_008_warp.nii.gz,0.7556669023176508,1.162329975750986,6.101322150199333,0.0021559063824509853,0.08538628984704158,0.2319564724383071,2.8590018710868326,1.0408727776070996,0.4964896624064456,-0.2965298069638257,7.9345703125e-06,0.29407247013595345,False,True,True,False
pt002,MR3,010_to_009_warp.nii.gz,0.7974900908232087,1.152529448651182,7.798740455779404,0.001519999251691545,0.0944320096034533,0.27833179684712706,2.858296492736877,1.0397006288383392,0.5040059744080867,-0.2226714168092126,2.44140625e-06,0.3105120890757018,False,True,True,False
pt002,MR3,011_to_010_warp.nii.gz,0.8379014568495614,1.1478169384048271,5.9012427845195035,0.0013305744798736698,0.10135833094301483,0.3120232261992767,2.867671000561026,1.042707524639883,0.5116984906842473,-0.16879962267790175,3.662109375e-06,0.3231372864136512,False,True,True,False
pt002,MR3,012_to_011_warp.nii.gz,0.7723846691968561,1.1609033969601248,6.736643738753052,0.001461116566089288,0.08775807308682405,0.24874248462342757,2.8583285509799636,1.0403256895969424,0.49760930900693084,-0.15149511114631395,3.662109375e-06,0.2976216116368149,False,True,True,False
pt002,MR3,013_to_012_warp.nii.gz,0.8769719849983535,1.158345923971043,5.988019179587925,0.0009611555054009739,0.10519633771832136,0.33647908637419954,2.889777342799819,1.043148909447015,0.5267695264906308,-0.1668212640108256,6.103515625e-06,0.3480033314817314,False,True,True,False
pt002,MR3,014_to_013_warp.nii.gz,0.8049614648069526,1.1626854189421794,6.8991607682015665,0.0007371457320529045,0.09475499422538966,0.28106390320503016,2.8691478134495605,1.0392122472030845,0.5089657045911269,-0.11355248269207917,1.220703125e-06,0.317064159999212,False,True,True,False
pt002,MR3,015_to_014_warp.nii.gz,0.7682274882872746,1.1655972977624534,8.593796983275185,0.0011143768520414448,0.08766426000020058,0.24581785105969553,2.8681033350195726,1.0413805111760874,0.4998827210500322,-0.08040941954742709,1.40380859375e-05,0.2980496326206038,False,True,True,False
pt002,MR3,016_to_015_warp.nii.gz,0.7781565468305617,1.1630766817211877,10.806646581383887,0.0008888286250672883,0.0898435698605644,0.25636197508926095,2.8656000327114124,1.0410866752352268,0.4982074201844302,-0.16839879631093194,7.32421875e-06,0.30202889167455454,False,True,True,False
pt002,MR3,017_to_016_warp.nii.gz,2.955191791102045,3.6463863312515965,30.768441119248784,0.006064495570506755,0.3541346779405941,1.722283913402401,6.933708173259464,1.0105812894371997,1.211254077100159,-38.241585370530714,0.013790283203125,2.8649869666545946,False,True,True,False
pt002,MR3,018_to_017_warp.nii.gz,1.982707569639144,2.3281504966708657,20.843604658405344,0.004102244413432983,0.3320251026993554,1.0835576123331263,4.442288370166823,1.058345122493841,1.1737946921994151,-4.3516585362584115,0.0043927001953125,1.5040970943837488,False,True,True,False
pt002,MR3,019_to_018_warp.nii.gz,0.8069565611041419,1.1571054416400899,5.884008700388373,0.001816543624245829,0.09297820772348497,0.27340003927096057,2.869016901278067,1.0422339894921293,0.5085037045426604,-0.7637411394950294,1.40380859375e-05,0.31353748768694306,False,True,True,False
pt002,MR3,020_to_019_warp.nii.gz,0.7547299895712197,1.1724696618111403,11.41543728630412,0.0010890874264259899,0.082938921575028,0.2249343152386018,2.863517447407105,1.0410655469776209,0.4970449865051258,-0.609159938272786,5.7373046875e-05,0.2960545120581534,False,True,True,False
pt002,MR3,021_to_020_warp.nii.gz,0.9437862830073943,1.177867760408954,8.143288710631573,0.0007358476710689528,0.11594032686992352,0.38615769634226293,2.914948092366294,1.037027887470047,0.5578006836850729,-0.2578493458131633,4.2724609375e-06,0.4048265273987036,False,True,True,False
pt002,MR3,022_to_021_warp.nii.gz,0.7607523331927111,1.1600363916682341,7.919177487004744,0.0009850981524215248,0.08571173747771675,0.23722421823599033,2.855873183395533,1.04111978242802,0.49388938931047266,-1.2425551902746192,2.62451171875e-05,0.29244216652372523,False,True,True,False
pt002,MR3,023_to_022_warp.nii.gz,0.8920303955415944,1.1517044315263527,7.369864423685308,0.0011867852126355137,0.1124339469979476,0.3636248577589636,2.881433461131192,1.043076202833032,0.5293146558594078,-0.1284072558677134,1.03759765625e-05,0.35336607459545244,False,True,True,False
pt002,MR3,024_to_023_warp.nii.gz,1.1714106211034088,1.3164255188885627,8.889679954665485,0.0011657929688345357,0.1452019709659079,0.5312415849094848,3.3104191484811087,1.031286565779969,0.6455664745555181,-0.4940248912845146,0.0001544189453125,0.6059540684454404,False,True,True,False
pt002,MR3,025_to_024_warp.nii.gz,0.9926040226381105,1.2027080711391778,7.6176061080782675,0.002408003922400295,0.12863734342949848,0.4036061548195969,2.955933099896998,1.044190198347086,0.5762524029868719,-0.20612759223782431,4.8828125e-05,0.4316266532055629,False,True,True,False
pt002,MR3,026_to_025_warp.nii.gz,0.7908005750818607,1.163324754167302,9.006811328974793,0.0017377397436958133,0.09125657794703794,0.26513828195949957,2.8608885665973816,1.0400604266875382,0.5053049855341737,-0.9268646379916102,5.67626953125e-05,0.31298967523824767,False,True,True,False
pt002,MR3,027_to_026_warp.nii.gz,0.9260588141434292,1.1679037461458333,7.280025703955037,0.0007128172873628171,0.11408194571962778,0.37761928426053193,2.9026478900237795,1.0367144216649682,0.5466729889059125,-0.11031790029798659,9.765625e-06,0.38851055240760846,False,True,True,False
pt002,MR3,028_to_027_warp.nii.gz,0.8331500653501123,1.1424990809103586,6.2715729167545415,0.0015216312985467334,0.1037572890804166,0.3240804337400539,2.862396843904026,1.0428270170183205,0.5134496757507433,-0.37577180331369364,9.765625e-06,0.31943011527675,False,True,True,False
pt002,MR3,029_to_028_warp.nii.gz,0.7880051901663591,1.1552113193427993,6.704192932623612,0.0012314419396886242,0.09052660813432165,0.2642698462207761,2.85026411633141,1.0398894178179825,0.5056447873753167,-1.6826965264107905,6.103515625e-06,0.30976914030715347,False,True,True,False
pt002,MR3,030_to_029_warp.nii.gz,0.7608554998040442,1.1534814676612641,6.963747785843107,0.000762742237015018,0.08717534467260389,0.24427063886998548,2.84880599944358,1.041495414185671,0.49165113683678335,-0.1256952246265619,1.77001953125e-05,0.2890472401650362,False,True,True,False
pt002,MR3,031_to_030_warp.nii.gz,0.787550431304172,1.1638337178827627,11.298751926752596,0.001744584575555459,0.09096895170798551,0.26173017684611005,2.8616574463229325,1.039567107953665,0.5031021647737978,-0.909294596228638,7.38525390625e-05,0.3106014415410266,False,True,True,False
pt002,MR3,032_to_031_warp.nii.gz,0.7789195825457983,1.158312985867831,8.846010540521757,0.0005898428077470975,0.09129547456158613,0.25932490602999814,2.8576564428673796,1.0412079522244235,0.5029546120722992,-1.8104341026696673,1.953125e-05,0.3012894735614557,False,True,True,False
pt002,MR3,033_to_032_warp.nii.gz,0.8107938904428292,1.1491184847464984,8.946499919792432,0.0005139960240387137,0.09858385424091014,0.29307973820984734,2.852273234513446,1.0392571298163085,0.5051847458968565,-0.1099077280917019,4.2724609375e-06,0.3122060724296308,False,True,True,False
pt002,MR3,034_to_033_warp.nii.gz,0.8267083575541766,1.1482806550435212,6.825877974776963,0.0018113281707634707,0.10038767081129502,0.29909758852722057,2.8597162112652756,1.0430615182472764,0.5122272525400612,-0.40335772510857465,1.89208984375e-05,0.32310648741739983,False,True,True,False
pt002,MR3,035_to_034_warp.nii.gz,0.8240456041380064,1.1576220478139385,8.079431136084462,0.0009989473961576417,0.09678449935156004,0.29331758306925554,2.870771366321722,1.0421221451050173,0.514419740724786,-0.30602406997627996,3.662109375e-05,0.32266112064596925,False,True,True,False
pt002,MR3,036_to_035_warp.nii.gz,0.7755421039144731,1.1605549365337355,6.504925827426764,0.0017642893324687336,0.08924493522366313,0.2543096999076708,2.858910978111233,1.0411080838917306,0.5013787686927167,-0.1590015583606714,6.7138671875e-06,0.2999767887868138,False,True,True,False
pt002,MR3,037_to_036_warp.nii.gz,0.9488735278153416,1.1883467914337509,9.541470876874518,0.0016285486793659678,0.11338947706903106,0.37335332422203915,2.92829566877622,1.035973497302695,0.5597708940617626,-0.14792625461554798,3.0517578125e-06,0.4117021880028804,False,True,True,False
pt002,MR3,038_to_037_warp.nii.gz,0.8642680135315701,1.1493244526103579,6.669901622368573,0.001598171941018686,0.1053400652267028,0.3217797652253328,2.868351032225079,1.0432604518476374,0.5247177114914624,-0.060434867981062894,4.2724609375e-06,0.34052399170550257,False,True,True,False
pt002,MR3,039_to_038_warp.nii.gz,0.7563804290339239,1.1631642908306963,7.515376606874675,0.00039495831571893206,0.08439211840071484,0.2319312612025741,2.8518838416112917,1.0412492397559496,0.4950525410490659,-0.7645326234991476,4.69970703125e-05,0.2943840754733127,False,True,True,False
pt002,MR3,040_to_039_warp.nii.gz,0.7618824616727025,1.1654233607972457,11.484470168296966,0.001204052731945906,0.08631318268763938,0.2377988147896216,2.8607443473392475,1.0410575160577522,0.5006812525118426,-0.6072779227173121,2.25830078125e-05,0.2975784708073653,False,True,True,False
pt002,MR3,041_to_040_warp.nii.gz,0.7549514436021417,1.169849952714706,8.75968457734607,0.0009649859000851935,0.08414767351704693,0.22650891898773806,2.85869602805695,1.0407305582744668,0.49859974876902796,-1.6905108450317716,3.0517578125e-05,0.2964015399791766,False,True,True,False
pt002,MR3,042_to_041_warp.nii.gz,0.7628036692856695,1.1715094788778937,7.312840756685104,0.0007631371401771564,0.08511974492284474,0.23192950476560809,2.862750431270591,1.0411158845386033,0.5014921642312606,-0.7728855552005113,2.685546875e-05,0.30194925030868647,False,True,True,False
pt002,MR3,043_to_042_warp.nii.gz,0.7795771439176181,1.1559364140707162,6.143813254102382,0.001433998583919337,0.09039293732760766,0.25840462767661376,2.8535898609958283,1.0398633172620364,0.5033559648854845,-0.5109364882859709,9.765625e-06,0.3047648292963543,False,True,True,False
pt002,MR3,044_to_043_warp.nii.gz,0.7623502593050876,1.1608283991989783,6.670085911785535,0.0019969617017868402,0.0865818982389009,0.2392261945330165,2.851475685834024,1.0411000938999044,0.4980819821413084,-0.34879019887959656,2.86865234375e-05,0.2981903254062706,False,True,True,False
pt002,MR3,045_to_044_warp.nii.gz,0.7548080968067896,1.1612754158799639,8.444683617712279,0.001466651995257881,0.08519666543354762,0.23239174947853594,2.852915839537956,1.0411803463446763,0.4984006722617251,-0.15994283344850535,2.44140625e-05,0.2927397319461158,False,True,True,False
pt002,MR3,046_to_045_warp.nii.gz,0.8195975496942726,1.1536664444674316,8.169015275675351,0.001112442779582681,0.09612967371144075,0.2899811512157453,2.858886468963549,1.0382497432721443,0.5109012840134624,-0.37944466585000736,1.953125e-05,0.32187645991532127,False,True,True,False
pt002,MR3,047_to_046_warp.nii.gz,0.7936767118908946,1.14667734015355,7.202978512417463,0.0007074311496949232,0.0931059769211161,0.269445733487086,2.850183792034088,1.0427148432762539,0.5027706715311991,-0.6037510665262229,1.28173828125e-05,0.3039749448339299,False,True,True,False
pt002,MR3,048_to_047_warp.nii.gz,0.7606765456209154,1.1654755832554575,10.275186289565543,0.0005028266496113867,0.0862603333588259,0.23573814237963892,2.8582962474422122,1.0410440918125652,0.5000632193003478,-0.46055347612459796,1.89208984375e-05,0.2976940487622013,False,True,True,False
pt002,MR3,049_to_048_warp.nii.gz,0.753359022207447,1.1674512004503592,9.430555183282747,0.0008083321304730573,0.08296671521196868,0.22746467792938563,2.8554008103580473,1.0411283421467297,0.49702207539845883,-0.5817964513916553,3.84521484375e-05,0.29386346876498576,False,True,True,False
pt002,MR3,050_to_049_warp.nii.gz,0.7717199228441817,1.1601720662616268,9.019083304487213,0.0006360266898460623,0.0872585954214537,0.24699865305561364,2.8518275244082836,1.039981822502807,0.5007337433329502,-0.5216894321166783,1.0986328125e-05,0.3028408676156163,False,True,True,False
pt002,MR3,051_to_050_warp.nii.gz,0.7594277030786347,1.162870433592774,9.544716676368582,0.0012512187966331253,0.08472794282288149,0.2342052244237996,2.85318282308512,1.041660949733086,0.4958725818563307,-0.22951376465176707,2.197265625e-05,0.2965365362045814,False,True,True,False
pt002,MR3,052_to_051_warp.nii.gz,0.751893246802954,1.162940623542463,9.140777097851442,0.0014477664415583345,0.08365801467781653,0.22802338032149452,2.851905883141915,1.040730747990441,0.49937525644694236,-0.6999796473605229,2.9296875e-05,0.29283917966929246,False,True,True,False
pt002,MR3,053_to_052_warp.nii.gz,0.8240877144689062,1.1577848858816175,8.963665329567046,0.002108017911095276,0.09659321173477509,0.290812271937536,2.8586676380726677,1.038694483944955,0.5176988880835138,-0.18021228756569393,8.544921875e-06,0.3310162594288245,False,True,True,False
pt002,MR3,054_to_053_warp.nii.gz,0.7823871361978486,1.1516294955016297,8.25135125484424,0.0012479574770759886,0.09012439925578603,0.2592749801691636,2.850714050786815,1.0418652771084764,0.49895751427197854,-0.4567516967631339,9.1552734375e-06,0.30126774559016345,False,True,True,False
pt002,MR3,055_to_054_warp.nii.gz,0.7907056089986719,1.1659553768544115,10.481367492523402,0.0012903657878670584,0.09156263045349423,0.26210230645878063,2.864211733943122,1.040186904073602,0.5128606930440982,-0.3809189821443354,1.0986328125e-05,0.3164437365116258,False,True,True,False
pt002,MR3,056_to_055_warp.nii.gz,0.9284813054490167,1.1647898448278429,7.170729763868352,0.0014243768217669724,0.11109628215879394,0.3888573612217364,2.8970693050084293,1.0377516638698503,0.548865149126215,-0.11132234371373419,4.8828125e-06,0.38469507982656004,False,True,True,False
pt002,MR3,057_to_056_warp.nii.gz,0.9427482221408416,1.1627876007991078,10.45994957297076,0.0014824905376848985,0.11868847748383363,0.4145034868657087,2.898477932543964,1.0368253866835175,0.5509842389115024,-0.6560238384593735,4.45556640625e-05,0.3965639445386294,False,True,True,False
pt002,MR3,058_to_057_warp.nii.gz,0.953228360100923,1.1643618347690927,9.241442536023687,0.0031825408245346283,0.12616496704728505,0.3844810366053568,2.916934508242353,1.0442627818437904,0.5571240400552905,-0.7350998953643146,4.57763671875e-05,0.4004994233669854,False,True,True,False
pt002,MR3,059_to_058_warp.nii.gz,0.8097959460222823,1.1433412492044472,8.896174050993462,0.0010345592415494645,0.0969455279604764,0.28789487535352754,2.8487007910975053,1.0429827280968231,0.5052204662678209,-0.6990363908685882,1.64794921875e-05,0.30968677645499165,False,True,True,False
pt002,MR3,060_to_059_warp.nii.gz,0.7589773227294395,1.1659530653115127,9.31818110193946,0.0012835838603412178,0.08443558417312681,0.23079596922652457,2.8574628459968343,1.0408754713023063,0.5015282211427433,-0.3559231145329725,2.197265625e-05,0.29592937651357887,False,True,True,False
pt002,MR3,061_to_060_warp.nii.gz,0.7555837859414741,1.173266659079077,11.481327334781605,0.0015710828567233133,0.08378857774102162,0.22696133911213018,2.863017422260692,1.0413833976913314,0.49794562350632676,-1.0214591083565565,8.60595703125e-05,0.29841174863713305,False,True,True,False
pt002,MR3,062_to_061_warp.nii.gz,0.7589569430189129,1.1552904013564989,6.851599038464235,0.0012328804743791783,0.08643124083589798,0.23799629744237127,2.845970843181632,1.0403258559229283,0.4977154074030231,-0.3480224000680924,1.5869140625e-05,0.29005914310751973,False,True,True,False
pt002,MR3,063_to_062_warp.nii.gz,0.8349281650332034,1.153489004284548,9.335039865900974,0.0005085379087174652,0.09940960246995303,0.30239749989531256,2.8553688746709414,1.0385234280461864,0.5148351798165085,-0.3200995582587597,8.544921875e-06,0.3299692065701622,False,True,True,False
pt002,MR3,064_to_063_warp.nii.gz,1.590386137365671,1.8277428189620075,15.686142696838061,0.0029304597801620863,0.1853136941821974,0.7610670353846534,3.963370253951756,1.023950791090011,0.8137432751751822,-6.69030283410794,0.0016339111328125,1.0402855270146254,False,True,True,False
pt002,MR3,065_to_064_warp.nii.gz,1.3967716560596048,1.5740630741215909,13.507838858281756,0.004726639728835696,0.2039666514866948,0.6549032711517538,3.725764579106891,1.0493595037086503,0.7926371657609969,-2.445696362874707,0.0008038330078125,0.819813590255392,False,True,True,False
pt002,MR3,066_to_065_warp.nii.gz,0.825290246177194,1.1448877698280147,9.23979896290021,0.0015599367509996289,0.10149211093516088,0.30999114537619044,2.8487838549302853,1.0391334627682733,0.5074546356527756,-0.6778257740981942,1.77001953125e-05,0.31641184772072023,False,True,True,False
pt002,MR3,067_to_066_warp.nii.gz,0.7514964166974305,1.1519317685601216,6.710696370348595,0.001372146971896794,0.08560748102067961,0.23225610207107972,2.8413370710209715,1.0405006829109016,0.48968362581311636,-0.23975601888123554,1.89208984375e-05,0.2865544862288599,False,True,True,False
pt002,MR3,068_to_067_warp.nii.gz,0.7623687396748192,1.144980266759808,6.316449914137742,0.0006925052212220492,0.08955075158579551,0.25145504164940535,2.8352621415874344,1.0407586460602731,0.490126616949252,-0.12657537247913908,2.44140625e-06,0.2850204871881364,False,True,True,False
pt002,MR3,069_to_068_warp.nii.gz,1.0426496732143737,1.2261236856814657,8.058048004342806,0.0013654279561454098,0.12784543132901383,0.43713982963894704,2.9890908307521347,1.0331289640849552,0.5908147981345605,-0.25475045089972537,1.708984375e-05,0.4838466072701573,False,True,True,False
pt002,MR3,070_to_069_warp.nii.gz,0.7738633929452738,1.1312621875204647,6.1527044466261716,0.001990204361392401,0.09478082242314101,0.26922587812698473,2.8249125133028423,1.0394558815482193,0.4879691131814335,-0.5534438460198722,2.62451171875e-05,0.2877435882371405,False,True,True,False
pt002,MR3,071_to_070_warp.nii.gz,1.0969394973658542,1.2402468595440304,7.973924673890754,0.0013606874877003076,0.15558305366890138,0.4853435686121555,3.117457484300612,1.0461229591765888,0.6237283797149438,-1.6069443371467786,8.7890625e-05,0.5120554679665384,False,True,True,False
pt002,MR3,072_to_071_warp.nii.gz,0.8584347416987059,1.142735686826818,7.438224320936008,0.002225341539405128,0.10436529251754184,0.33784980588281244,2.8635121875620984,1.0422642971980534,0.517841795901208,-0.4837515907605563,2.8076171875e-05,0.3345640778824439,False,True,True,False
pt002,MR3,073_to_072_warp.nii.gz,0.8467300036318436,1.1478168207440953,7.560908888507217,0.0007974078019565264,0.1039166557192257,0.32328436926694926,2.859512926298487,1.0381376492980434,0.5205317786064982,-0.31730450219816875,1.0986328125e-05,0.34020503496766763,False,True,True,False
pt002,MR3,074_to_073_warp.nii.gz,0.9188543901262842,1.159028822328532,7.640000163390955,0.0013674464180323284,0.11600010367557438,0.360610952717641,2.9054039296495517,1.0434759789833183,0.5417289254204829,-0.5315633228690148,5.4931640625e-06,0.3747685491664512,False,True,True,False
pt002,MR3,075_to_074_warp.nii.gz,0.759737697637744,1.1565532804505132,9.24082798496427,0.0019007458637886835,0.08622041815170216,0.23775925895002667,2.847071084550262,1.0408676542971644,0.49861231253216964,-0.6707179865968551,1.64794921875e-05,0.2940470974766868,False,True,True,False
pt002,MR3,076_to_075_warp.nii.gz,0.7806328436554923,1.1567648999378801,6.984205530194586,0.001040824611908313,0.08915930969783079,0.2526524432619337,2.850859393973657,1.0400306363992475,0.502834613960697,-0.2358568382485952,9.765625e-06,0.3081176975593689,False,True,True,False
pt002,MR3,077_to_076_warp.nii.gz,0.9673991838868577,1.1779716223928098,6.840727965465992,0.0015543762519164156,0.11747680735866549,0.4023777747358216,2.919238206628296,1.0355976757338228,0.5651636779725336,-0.11489335319826062,7.9345703125e-06,0.4189110779833118,False,True,True,False
pt002,MR3,078_to_077_warp.nii.gz,0.9004044071941566,1.1507815794791334,6.216625521860284,0.002081815529150531,0.11195028489280906,0.35026107662839634,2.8924426349049344,1.0430573568805437,0.5322839457258657,-0.17992985847293422,7.9345703125e-06,0.3597610628066178,False,True,True,False
pt002,MR3,079_to_078_warp.nii.gz,1.1482403510925643,1.30960838778573,11.35342354957436,0.0030885003191718423,0.13948331051799556,0.5105741297289723,3.256096206069076,1.0321358176012376,0.6275030445410787,-1.0114997245970385,7.87353515625e-05,0.5707527939470767,False,True,True,False
pt002,MR3,080_to_079_warp.nii.gz,1.1231680026811688,1.27028163652702,9.51603937554405,0.0013301197960271852,0.15500839603404484,0.4957654163895563,3.211906173093448,1.045413863739299,0.6353947479147556,-0.7770688959600659,0.0001385498046875,0.5348731572783255,False,True,True,False
pt002,MR3,081_to_080_warp.nii.gz,0.7600869895071259,1.155405911117947,8.508557559121746,0.000903100372411215,0.08531045704160037,0.23411973872350653,2.848804314774073,1.040849904730657,0.49232717572107015,-0.19026846481435897,1.28173828125e-05,0.29329622614807593,False,True,True,False
pt002,MR3,082_to_081_warp.nii.gz,0.7729633063283369,1.1617631977896978,8.866887899924269,0.0013374229537113677,0.08722379390084674,0.24341260737437098,2.855910446154996,1.0409419372118223,0.500518805182238,-0.1820635414548342,2.8076171875e-05,0.3039567534027515,False,True,True,False
pt002,MR3,083_to_082_warp.nii.gz,1.292554003698088,1.485606408593704,15.43437699560737,0.0012483453441468726,0.15285127870627022,0.5793476779252869,3.6180969549141095,1.029384159993037,0.6953154009469487,-3.4393289300123557,0.000347900390625,0.7234125375749723,False,True,True,False
pt002,MR3,084_to_083_warp.nii.gz,1.1936074596316595,1.3599650821310885,11.67663956127327,0.0027450794199850013,0.1647958493414788,0.5355803063530613,3.3877882689766756,1.0462164081970697,0.6653583888471091,-1.4951451007080423,0.0003631591796875,0.6027051784091172,False,True,True,False
pt002,MR3,085_to_084_warp.nii.gz,0.7628924694379731,1.155330261594926,8.168873225267532,0.0017502568865056618,0.0866464076116339,0.2398683091692852,2.847245508183764,1.0405689655485602,0.49811953942128945,-0.17517281310596802,1.15966796875e-05,0.29599398003265587,False,True,True,False
pt002,MR3,086_to_085_warp.nii.gz,1.2767719574359915,1.435533877762738,12.10587995832647,0.0017583244612741334,0.15539504934530696,0.5890267780252509,3.5791426349730764,1.0298122185822072,0.6909019718623072,-3.122977707789751,0.0002728271484375,0.712569587653038,False,True,True,False
pt002,MR3,087_to_086_warp.nii.gz,0.7486293987059873,1.1249862594056634,8.436576741256353,0.0009777452163968756,0.0890418890441072,0.24413593891400112,2.8155764144474626,1.0413460815747353,0.476249871285612,-0.15009306443356954,1.77001953125e-05,0.2716905668566757,False,True,True,False
pt002,MR3,088_to_087_warp.nii.gz,0.7711225867603801,1.1290970534614762,6.0485844104020625,0.001917288375871228,0.09247803434998692,0.26303198490724866,2.8236542320955764,1.0423494183465198,0.48535238521883817,-0.146129573916462,2.44140625e-06,0.2837278778509324,False,True,True,False
pt002,MR3,089_to_088_warp.nii.gz,0.7490396105151552,1.1435304306417795,9.693816235068791,0.001456224700463574,0.08510872268175533,0.23097298632372282,2.827705898579089,1.04006892158051,0.48294304963527557,-1.0903420602760303,4.82177734375e-05,0.2821947345909369,False,True,True,False
pt002,MR3,090_to_089_warp.nii.gz,0.7675871444005387,1.1380452431225476,6.832875203055397,0.0008013805435089666,0.09178764661593063,0.257268139168096,2.828251452737727,1.040004999761578,0.48813247860515024,-0.028013357847973954,1.8310546875e-06,0.28672176050532,False,True,True,False
pt002,MR3,091_to_090_warp.nii.gz,0.8685244212518853,1.1345051274197124,6.616821139216992,0.0008266193163073904,0.10919770169666419,0.3346387380847309,2.854007371979351,1.0433420314776451,0.5224640138660519,-0.031979319541809305,1.220703125e-06,0.3391929645859973,False,True,True,False
pt002,MR3,092_to_091_warp.nii.gz,0.8887510788159872,1.1524652390974521,11.135969277184936,0.0017872904574130714,0.10955720979571894,0.34872580338815085,2.8649323732036867,1.0377335136183619,0.5323778719716454,-0.6611837987341065,3.72314453125e-05,0.36227505496927676,False,True,True,False
pt002,MR3,093_to_092_warp.nii.gz,0.7549406348163835,1.138023667648801,7.757868850538716,0.0016475572193554008,0.08816640531646901,0.24053882747622235,2.826389779602428,1.0406307663061847,0.48439258854028777,-0.2770969806307743,1.8310546875e-05,0.28370444390734817,False,True,True,False
pt002,MR3,094_to_093_warp.nii.gz,0.7644075997387916,1.1431839941300062,7.490367016909999,0.0013323271564685028,0.08904835816472316,0.24771432351184147,2.8301209281261914,1.0399333073243568,0.4872327136942415,-0.3518334160696245,2.50244140625e-05,0.2881071749172184,False,True,True,False
pt002,MR3,095_to_094_warp.nii.gz,0.7451472268401228,1.140958801356796,6.887362540183009,0.0006435508071707334,0.08790843274908046,0.23340298122854952,2.8264863896325485,1.0409896825192009,0.47800698403108904,-0.16139110259680708,1.3427734375e-05,0.2753549772149432,False,True,True,False
pt002,MR3,096_to_095_warp.nii.gz,0.7681719985952291,1.1296182149475846,6.0475856760172535,0.001387683692071797,0.09003510155217874,0.25927356769748877,2.8265668407927484,1.0421508115912403,0.48551771744954153,-0.4650315352710751,4.2724609375e-06,0.2841171672428797,False,True,True,False
pt002,MR3,097_to_096_warp.nii.gz,1.026018042347388,1.212716743049952,9.304821943448884,0.0016998523151855202,0.1371399625728611,0.42127810289514656,2.981688458010993,1.044326978161438,0.5933627689863076,-0.6855546271401696,4.150390625e-05,0.45822495336373564,False,True,True,False
pt002,MR3,098_to_097_warp.nii.gz,0.7573729994344417,1.1533122862673388,8.438945385594577,0.0015921155720525452,0.08645505222045294,0.2374921395261481,2.8462072074659925,1.0409964874973587,0.48771911610931357,-0.4783874406606622,1.708984375e-05,0.2884043609994958,False,True,True,False
pt002,MR3,099_to_098_warp.nii.gz,0.8852402414505014,1.1634752806998125,6.097054817243473,0.001263936258986402,0.1069423231266062,0.3344648203295829,2.8914008714726642,1.0374178150916034,0.5325610847478869,-0.06205664916948946,4.2724609375e-06,0.3620459933538422,False,True,True,False
pt002,MR3,100_to_099_warp.nii.gz,0.7780900612247508,1.1485379124590869,8.423633070892812,0.0012959611284246724,0.08905196195436742,0.2556660385489039,2.8395932947938047,1.039265342013846,0.49449690109324823,-0.09575866284149423,4.8828125e-06,0.29809789158887534,False,True,True,False
pt002,MR3,101_to_100_warp.nii.gz,0.8826823430063234,1.1415177764176798,7.412917036566588,0.0015269266582535464,0.11181740220610362,0.33989299791001015,2.866167388522304,1.0437218396512593,0.527937765024435,-0.3240286540369797,7.9345703125e-06,0.35068088233921413,False,True,True,False
pt002,MR3,102_to_101_warp.nii.gz,0.757913253153413,1.1548399807982774,9.50894225514607,0.001006688692249436,0.08425370806448815,0.23131769747797443,2.8494922805794847,1.0408747475712707,0.48933432393808446,-1.5456799943781299,4.7607421875e-05,0.2885436727730698,False,True,True,False
pt002,MR3,103_to_102_warp.nii.gz,0.7512000950533083,1.1580464273509081,8.522276301008015,0.0012602065205187293,0.08471127173033206,0.2283976914566623,2.8477806293731094,1.041255539217144,0.49063420537792146,-0.8764216835623441,1.15966796875e-05,0.2892964192800684,False,True,True,False
pt002,MR3,104_to_103_warp.nii.gz,0.7493773796710664,1.1533970666221252,6.645190077803702,0.0009934565085526258,0.08362547381081474,0.22791474147127283,2.8409353976640497,1.0408131364018065,0.49309924252253245,-0.13486248026205372,7.9345703125e-06,0.28554502330123804,False,True,True,False
pt002,MR3,105_to_104_warp.nii.gz,0.7675602522860084,1.1546303684075863,6.793872380569303,0.0013734055418941752,0.08802303309378762,0.2460038629720298,2.8478879324731237,1.0403301969783785,0.4945525414220139,-0.017735888477332814,1.8310546875e-06,0.2964873420781655,False,True,True,False
pt002,MR3,106_to_105_warp.nii.gz,1.1935063402775525,1.354723268447993,10.674340544360676,0.0021803927302745966,0.14331481446295238,0.5320405795584695,3.4132919128998314,1.0309533130301103,0.6532484026788695,-1.0768898537645322,0.0001080322265625,0.6197068630111636,False,True,True,False
pt002,MR3,107_to_106_warp.nii.gz,1.0459199958053786,1.2305618669341776,8.40657471189955,0.0014132407099772875,0.14076697116152836,0.4387269059809924,3.0317417286278205,1.044747825721005,0.594038457503956,-0.38657945671399474,4.57763671875e-05,0.4669057732347909,False,True,True,False
pt002,MR3,108_to_107_warp.nii.gz,0.7562320624272852,1.1508087016642183,7.824294927929886,0.0014962413992417253,0.08448249378579749,0.23232041150521274,2.841784814146824,1.0414664527166908,0.4892307347859486,-0.1317020798413988,4.8828125e-06,0.28649595126804933,False,True,True,False
pt002,MR3,109_to_108_warp.nii.gz,0.9045585656164651,1.1619060270014279,6.439437707955269,0.0024845370317038286,0.10988464449361107,0.3634240645895951,2.89210532708613,1.0371287722978613,0.5371353998608026,-0.33415792343578177,2.44140625e-06,0.3703874729069665,False,True,True,False
pt002,MR3,110_to_109_warp.nii.gz,0.8697912943455202,1.1423079136710417,5.895320046138111,0.000564396556192111,0.10824877209965626,0.3433915752966763,2.8535547457542596,1.0376522578984726,0.5222045599982201,-0.2756053941048898,7.32421875e-06,0.34233346512633006,False,True,True,False
pt002,MR3,111_to_110_warp.nii.gz,0.8468096785335477,1.1369436927608403,6.864303244839272,0.0012038501814277739,0.10504681210995849,0.32101933532613236,2.85083190151831,1.0430866366283207,0.5127646435798834,-2.352376770813092,2.74658203125e-05,0.3244000062670348,False,True,True,False
pt002,MR3,112_to_111_warp.nii.gz,0.7537117547441932,1.145031682895788,10.260026741796487,0.0013957468737536677,0.0887295330818989,0.24324830799797575,2.8348386328489306,1.0414697159864321,0.48677042269929993,-0.8173771033509899,3.47900390625e-05,0.28327725843344104,False,True,True,False
pt002,MR3,113_to_112_warp.nii.gz,0.8782657556171357,1.1489034761354342,6.553951607967889,0.0009660379905393218,0.10704990454208854,0.3525294792600934,2.862489317842846,1.0383842868981576,0.5270831759122007,-1.5978062342783026,1.89208984375e-05,0.3464268820498871,False,True,True,False
pt002,MR3,114_to_113_warp.nii.gz,0.845547574561332,1.1334363586270557,8.48659552161487,0.0010817152542618625,0.10563640349759976,0.3344512328010972,2.850055882945208,1.0417177847627057,0.5050174793529475,-0.043189873034063804,1.220703125e-06,0.3165990568222756,False,True,True,False
pt002,MR3,115_to_114_warp.nii.gz,0.7493728196770065,1.14516416624313,6.356016288177078,0.0013371698237524517,0.08553217835210856,0.2325515625187824,2.830639491467884,1.0407587146207091,0.4850749633670394,-0.2341062012234737,1.52587890625e-05,0.2830225531830435,False,True,True,False
pt002,MR3,116_to_115_warp.nii.gz,0.7444076015591371,1.1470989676164636,5.874066018271087,0.0013266392971751611,0.08635974966174786,0.23148419294910616,2.8330703229142427,1.0401982727703578,0.48474247846630175,-0.06728418268656827,3.0517578125e-06,0.27831802457537175,False,True,True,False
pt002,MR3,117_to_116_warp.nii.gz,0.8787150834946109,1.1491744848587495,8.338479364392409,0.0010967486672184914,0.1074011992765348,0.3448180827285301,2.8637804641403357,1.0380910555238725,0.5254254318904074,-0.2212728427832261,1.64794921875e-05,0.35131743242975616,False,True,True,False
pt002,MR3,118_to_117_warp.nii.gz,0.8023874141645383,1.1355038455550621,8.25700238792161,0.0014645156786278974,0.09643115551822018,0.2855070146495312,2.8426090510957613,1.0421241418406875,0.5016471022058845,-0.6199048891023292,2.44140625e-05,0.3034088477318665,False,True,True,False
pt002,MR3,119_to_118_warp.nii.gz,0.7937361589915146,1.1419279357607073,9.099354662793086,0.0011897134429573024,0.09535292988502699,0.27590117214430543,2.8332803021588155,1.039316983589408,0.49981685540654325,-0.3803277551849539,1.220703125e-05,0.3067888087745912,False,True,True,False
pt002,MR3,120_to_119_warp.nii.gz,0.8396627243774588,1.1348363501682999,6.436968047622649,0.00106978844398892,0.10153436354051612,0.3246372397211297,2.848374253219378,1.0424316778526475,0.508260728880426,-0.023531060228767334,3.0517578125e-06,0.3169713470322198,False,True,True,False
pt002,MR3,121_to_120_warp.nii.gz,0.7549197949064937,1.140569818476463,7.15607179588793,0.0008234135793123708,0.09008200580771968,0.24813658230139218,2.8281645601329055,1.0401527042998402,0.4835322412595065,-1.447546528617652,3.47900390625e-05,0.2803789689339728,False,True,True,False
pt002,MR3,122_to_121_warp.nii.gz,0.7670507799493447,1.1308768090660661,6.9144578258914615,0.0013981221096908698,0.09335632452337836,0.2643615551294908,2.822637505147889,1.0401888450909436,0.4838188823925798,-0.1907313624773859,7.9345703125e-06,0.28062091310897463,False,True,True,False
pt002,MR3,123_to_122_warp.nii.gz,0.8185129992996802,1.1344105746656443,6.2810813579792155,0.0008228671189932784,0.0995458288792767,0.2990439438190763,2.832213960069127,1.0386928375096933,0.5045351691788695,-1.000381894901048,4.2724609375e-06,0.3134155108400787,False,True,True,False
pt002,MR3,124_to_123_warp.nii.gz,0.7618473778797638,1.1282709096504115,9.702337369184827,0.0016246992153013304,0.09202427675962782,0.258664537857334,2.823599100460045,1.0419514463088257,0.48208886476879365,-0.5010182462252644,1.708984375e-05,0.27836141925072516,False,True,True,False
pt002,MR3,125_to_124_warp.nii.gz,0.8450387236331497,1.1294708651760699,5.96532228478141,0.0005715200564496773,0.10627805563819197,0.32621175254814194,2.8448695133672257,1.0431984733410486,0.5117990480369795,-0.37756428626463956,4.2724609375e-06,0.32529078610988954,False,True,True,False
pt002,MR3,126_to_125_warp.nii.gz,0.8171412121270387,1.1344484465139426,6.044956119107833,0.00128980439742579,0.09921452050262676,0.2968510743182722,2.834962014983836,1.0384233413451056,0.5033555107922006,-0.06446519851611922,6.103515625e-07,0.31265754468585905,False,True,True,False
pt002,MR3,127_to_126_warp.nii.gz,0.7375454814533068,1.1396587946300458,5.923854320189993,0.001808101611235911,0.08511776626135174,0.23061904689651985,2.821291283039937,1.040973763836368,0.47750963326419416,-0.02287577642723715,6.103515625e-07,0.2714706979118017,False,True,True,False
pt002,MR3,128_to_127_warp.nii.gz,0.7271339506280118,1.1351680941997804,11.279559792397677,0.0012204509638127105,0.08469497292669188,0.22229646200734293,2.8175784731700393,1.0406467801898385,0.4717962092858736,-0.23253436613897357,5.37109375e-05,0.2645952825983892,False,True,True,False
pt002,MR3,129_to_128_warp.nii.gz,0.7349935877348728,1.136600229388381,6.210255445125374,0.0006361320501949502,0.08444996821659562,0.22584975352747488,2.8205590846480724,1.0411174568694164,0.4765352431434875,0.011683730720478664,0.0,0.2696178841271182,True,True,True,True
pt002,MR3,130_to_129_warp.nii.gz,0.830580133985038,1.1376897393835572,8.689864288629082,0.0012185206324688924,0.102069794476622,0.3134454338618688,2.83571970386599,1.0389575260107209,0.5075000877065678,-0.8684503818758615,3.662109375e-05,0.32081103744582234,False,True,True,False
pt002,MR3,131_to_130_warp.nii.gz,0.761607883532774,1.1361529158115289,7.977902260603315,0.00214264413378275,0.09132570763023473,0.2514018443728445,2.824579218065374,1.0398824652690177,0.486935087139524,-2.6901992156208285,3.0517578125e-05,0.2869112343872695,False,True,True,False
pt002,MR3,132_to_131_warp.nii.gz,0.8710349387569458,1.1311492311008697,7.880617064239257,0.0020135002731614528,0.10982852515229569,0.3542414236036461,2.8485525565197496,1.042585639861838,0.5146195320008081,-0.12605093589547645,1.8310546875e-05,0.32944168927580564,False,True,True,False
pt002,MR3,133_to_132_warp.nii.gz,0.9909924688918252,1.1890334675950267,8.038814791683492,0.0021556181907729597,0.12907775782707046,0.4135183846490551,2.949226601953148,1.0439527909447803,0.5693167306137671,-0.21072116250623366,1.8310546875e-05,0.42263591603543005,False,True,True,False
pt002,MR3,134_to_133_warp.nii.gz,0.826687618245004,1.1447216133630485,9.38500290957291,0.001492571115526857,0.09993006611458363,0.3025230376780626,2.8432392632276353,1.0384507625045851,0.5116066179562001,-0.2694561668456031,1.40380859375e-05,0.32215117182972997,False,True,True,False
pt002,MR3,135_to_134_warp.nii.gz,0.9036661200375385,1.1554790497222616,9.142089775191964,0.0012526780260879546,0.11033792659899685,0.35752518967306124,2.880623515302813,1.03727755775297,0.539979873382188,-0.13341706114912846,1.40380859375e-05,0.37407694223033316,False,True,True,False
pt002,MR3,136_to_135_warp.nii.gz,0.752671489438419,1.1460215357658405,8.382349553286002,0.000987058717399047,0.08820925915875535,0.2389298537145614,2.835777981822443,1.0408333111940793,0.4882227193661879,-0.985975672609639,1.03759765625e-05,0.282140815764757,False,True,True,False
pt002,MR3,137_to_136_warp.nii.gz,0.7707366660294954,1.133410621113873,6.41264751968212,0.0009844072374267246,0.09261087239128285,0.2599352903630524,2.824106508982617,1.039480609670084,0.486431413930481,-0.19609113970236178,6.7138671875e-06,0.28644065908166927,False,True,True,False
pt002,MR3,138_to_137_warp.nii.gz,0.772941310681881,1.1371429972036116,6.915697677397891,0.0007775497662931373,0.09374889786612574,0.25952146954352745,2.827337289572916,1.0400664449678674,0.48756373942551656,-0.49802827717586023,3.662109375e-06,0.28836551391225757,False,True,True,False
pt002,MR3,139_to_138_warp.nii.gz,0.7837270145484527,1.1383941280556131,7.151991159325284,0.001301463159786125,0.0945874458280815,0.2679960764138636,2.828966059730623,1.0394158640955309,0.4984061199648416,-0.5087548235657142,4.2724609375e-06,0.29759470108317104,False,True,True,False
pt002,MR3,140_to_139_warp.nii.gz,0.7581123993191515,1.1318555321875794,8.006222177256069,0.0007594531547607345,0.08972881854983017,0.2506708129867195,2.8237995274044434,1.0418020035256292,0.4820153076944346,-0.19414775801263198,1.46484375e-05,0.2781452357802943,False,True,True,False
pt002,MR3,141_to_140_warp.nii.gz,0.792866865114936,1.1271717781350834,6.012302255429082,0.0006742856704310049,0.09732015404073122,0.28340478049472395,2.8173797385614856,1.0395684408575563,0.49275184697286395,-0.08984504273112998,3.0517578125e-06,0.29605039918696596,False,True,True,False
pt002,MR3,142_to_141_warp.nii.gz,0.7861409785028596,1.1172862432470565,5.7927962018675005,0.0025256115510570954,0.09776301493198515,0.29207559014187046,2.818359326211425,1.041801122731809,0.48097070822193,-0.07404639689621341,6.103515625e-07,0.2812097386372183,False,True,True,False
pt002,MR3,143_to_142_warp.nii.gz,0.7410435640125235,1.13473174153753,5.798701389322324,0.001539956867569203,0.08622658122081248,0.2327382063108493,2.820363289223333,1.041417738329621,0.4766060915862131,-0.472585940913777,7.32421875e-06,0.27153449353408726,False,True,True,False
pt002,MR3,144_to_143_warp.nii.gz,0.7428108881835759,1.132654714786225,6.083027911069439,0.0012448189872794535,0.08839108816061983,0.2377668367109474,2.817818083902739,1.041344222430275,0.47766594290120457,-0.5298310253107423,1.40380859375e-05,0.27356941111324085,False,True,True,False
pt002,MR3,145_to_144_warp.nii.gz,0.7499304066100381,1.137950701379962,6.277113574009215,0.0013260889384924348,0.0892346680324093,0.2426194912027514,2.8220762859005344,1.0403833312938113,0.4817275912699115,-0.05643692720872181,6.103515625e-07,0.27805283117750595,False,True,True,False
pt002,MR3,146_to_145_warp.nii.gz,0.8026276847690984,1.1338154365784314,5.831666053133703,0.0003783970623896742,0.0971704481568213,0.2819567988869238,2.8285967099812255,1.0391925436774339,0.4958232449515408,0.006618468964556009,0.0,0.30258745090845207,True,True,True,True
pt002,MR3,147_to_146_warp.nii.gz,0.7299819736670892,1.1266647461919181,5.868205922397455,0.0009313969978030011,0.08706048985657584,0.23094984042234856,2.8059632696089056,1.0405315460395124,0.4699071423023081,0.018863443581556442,0.0,0.26176634590230025,True,True,True,True
pt002,MR3,148_to_147_warp.nii.gz,0.7459789979274183,1.1227438935558047,5.781159259075624,0.000746146478648726,0.08968469641650269,0.24643578415721312,2.809129670468255,1.0416088488830555,0.4714827479136722,-0.012192256345688175,6.103515625e-07,0.26689876229330595,False,True,True,False
pt002,MR3,149_to_148_warp.nii.gz,0.7337890810665908,1.124695427182122,5.829078207319894,0.0020411080239294004,0.08611072847751429,0.23266012990025797,2.8056305130760952,1.0412980360226092,0.46824251273053397,0.004463051198743053,0.0,0.2620613640682075,True,True,True,True
pt002,MR3,150_to_149_warp.nii.gz,0.7346854688629384,1.128497101276371,5.870161478513393,0.0014067201184251809,0.08567110824019104,0.2290273743559066,2.808015547518862,1.0410620802414987,0.47124570446416447,-0.08202053816627802,2.44140625e-06,0.266013118460382,False,True,True,False
pt002,MR3,151_to_150_warp.nii.gz,0.782023738463712,1.1316168897745893,6.2545300908356,0.0009108856564110651,0.09534753750883665,0.27524373704829996,2.8211184582690625,1.0399007832633274,0.491073908194562,-0.011828168002487812,6.103515625e-07,0.28977705758252503,False,True,True,False
pt002,MR3,152_to_151_warp.nii.gz,0.7769451324783934,1.1322852872324247,6.838313947025943,0.001750398585673173,0.09356774652544757,0.2622729424000378,2.818872842851765,1.0391877562630751,0.4883416511394023,-0.13921015622952632,1.0986328125e-05,0.2917434736885406,False,True,True,False
pt002,MR3,153_to_152_warp.nii.gz,0.7898897112792379,1.1187122696953102,6.506782943132692,0.002035992272595722,0.098581679039409,0.2846414053672415,2.821072247258382,1.0420855569054037,0.48577143805306566,-0.08967312224813238,3.0517578125e-06,0.2879102725427819,False,True,True,False
pt002,MR3,154_to_153_warp.nii.gz,0.755360887680686,1.1329400077045362,7.616608278876165,0.000950053719071791,0.08902322569671828,0.24654356145566908,2.8202724630736444,1.041385379157417,0.480475058875018,-0.024947384558820396,6.103515625e-07,0.2801540722440704,False,True,True,False
pt002,MR3,155_to_154_warp.nii.gz,0.7727523754904329,1.1271268994307315,8.218743231150826,0.0011972407496101461,0.09645567919600237,0.2713587142677194,2.8205036791879854,1.0409732465138593,0.4809936427740877,-0.35514343168914303,3.662109375e-06,0.2830155298185436,False,True,True,False
pt002,MR3,156_to_155_warp.nii.gz,0.8699705978880838,1.1299075209065657,5.854787430618335,0.0014720921804665921,0.11087430505551818,0.34233033941406354,2.8359395596495474,1.037729310999437,0.516116480695782,-0.056705389716735624,2.44140625e-06,0.33857015456372236,False,True,True,False
pt002,MR3,157_to_156_warp.nii.gz,0.7273642981427373,1.1220712488936997,5.847884701106414,0.0011674286942492857,0.08558481801708605,0.227715929721094,2.80205149656544,1.041154810695295,0.46552358717009584,0.015736387208829625,0.0,0.25831061794304483,True,True,True,True
pt002,MR3,158_to_157_warp.nii.gz,0.7771737716738959,1.1139141544855473,5.924787994584579,0.0015265926253429812,0.09646171741111233,0.2753508190246762,2.800862536495613,1.0393602762578344,0.4798445627954646,-0.05929075682796175,3.662109375e-06,0.2814667702699876,False,True,True,False
pt002,MR3,159_to_158_warp.nii.gz,0.7375999526331958,1.1257375372464202,7.304060447282706,0.0014144724345789936,0.08720965836690549,0.2334544750219029,2.8040476508150673,1.040800579975512,0.473020837307115,-0.5735629728471972,1.64794921875e-05,0.2680849132542768,False,True,True,False
pt002,MR3,160_to_159_warp.nii.gz,0.7350735430945741,1.122455098899079,6.324919661256498,0.0016174541397386219,0.08898576432428838,0.2356705779807424,2.801620060671326,1.0404934556869871,0.4688531474525345,0.005335379476606533,0.0,0.2631032787007401,True,True,True,True
pt022,MR1,002_to_001_warp.nii.gz,1.139943584248202,1.244259529609293,11.787685575987876,0.0020076675321672884,0.1269435935819178,0.5760555874764064,3.0802850468743364,1.040258104462023,0.6212570973450484,-0.5242526051280947,0.0002490234375,0.6197560920529152,False,True,True,False
pt022,MR1,003_to_002_warp.nii.gz,1.213113344762065,1.2095303365799954,9.178290454836178,0.0033564315509001484,0.17446559197528327,0.700508142042527,3.081052546423098,1.0444403075202002,0.6946421605809922,-0.688106296987527,0.0001641845703125,0.6404729736572407,False,True,True,False
pt022,MR1,004_to_003_warp.nii.gz,1.1997084618399783,1.2698827019229872,11.253417444194104,0.0014823866812727798,0.11620156025187006,0.6620827056442877,3.1410559927476296,1.041384739679815,0.6729895568319817,-1.6507531416927694,0.00017822265625,0.6463335478157342,False,True,True,False
pt022,MR1,005_to_004_warp.nii.gz,1.2614305412394977,1.2409555443541798,10.244731226130506,0.0020103515155438386,0.17580648076727526,0.758724199890753,3.1831913486559262,1.0430141104375594,0.7427222686070204,-1.54640309358278,0.0002294921875,0.7033651736328947,False,True,True,False
pt022,MR1,006_to_005_warp.nii.gz,1.2393395875102338,1.2582830121912822,9.753360073511013,0.002085612232695082,0.133575733216194,0.7151322678479448,3.1630834477188468,1.0398008751143484,0.6814927215800408,-1.2997872443865355,0.0001654052734375,0.6695602506322743,False,True,True,False
pt022,MR1,007_to_006_warp.nii.gz,1.1613519374374852,1.2654124698842815,10.851149803340439,0.0020187953190844384,0.11634590348219201,0.6080982694944658,3.0905463073090758,1.038820136459191,0.6458785293541393,-1.6821521881687198,0.000238037109375,0.6519918368639211,False,True,True,False
pt022,MR1,008_to_007_warp.nii.gz,1.1013553892556034,1.2312968029229872,10.174528634839929,0.0009079497527098923,0.11418731958920243,0.5387927783476221,2.982773592165539,1.041904594904089,0.6374707077695121,-1.5732928066550602,0.0002154541015625,0.5843015299316745,False,True,True,False
pt022,MR1,009_to_008_warp.nii.gz,1.0989493968306314,1.2161342781146316,9.572407929621578,0.0023098778361383514,0.12343417587526616,0.5450905882371395,2.9701324049509075,1.0434964365778607,0.6393420953019698,-1.2450032232340298,0.000181884765625,0.5675540696936772,False,True,True,False
pt022,MR1,010_to_009_warp.nii.gz,1.2429971097015304,1.2570906672403757,8.952712963496667,0.0013837464875707329,0.1452288414620428,0.7311308001932703,3.120758579171,1.043590308824999,0.7061030744245739,-1.2879130088569573,0.00028564453125,0.6840720248543897,False,True,True,False
pt022,MR1,011_to_010_warp.nii.gz,1.2227951298645374,1.2867925171425196,10.539037930984888,0.0023497060098569954,0.15033410987453255,0.6565682601033277,3.2249234979579513,1.0363197887550337,0.6752013331667799,-1.7523937827631284,0.0001800537109375,0.714800418765027,False,True,True,False
pt022,MR1,012_to_011_warp.nii.gz,1.0673080657350253,1.230533466694673,10.48531202397814,0.0010200340560754214,0.11261406575235074,0.4984865631525939,2.970859254809002,1.042837119074219,0.617290299547294,-1.210460014445142,0.0001385498046875,0.5477391712050901,False,True,True,False
pt022,MR1,013_to_012_warp.nii.gz,1.2002514431249522,1.285483804548949,12.678280738805318,0.0018881959926582118,0.13269233002293768,0.6489930909170154,3.1349665419938244,1.0380825727573624,0.6484098408137837,-0.6240337242779733,0.00029541015625,0.6568531189532316,False,True,True,False
pt022,MR1,014_to_013_warp.nii.gz,1.166978606584614,1.2582402296502377,11.600171442705411,0.0009947645415435563,0.14773115878204415,0.6086543571108649,3.096601083743584,1.036466825386074,0.6527067370967514,-2.470477431083009,0.000233154296875,0.6637944389182008,False,True,True,False
pt022,MR1,015_to_014_warp.nii.gz,1.8505342145711494,1.7930802901212777,22.432631431065893,0.0031272288547259386,0.3049792660552366,1.2283236527369463,4.204086673816348,1.02543974364558,0.8909146864092807,-4.4903831317766585,0.003858642578125,1.5214012495664002,False,True,True,False
pt022,MR1,016_to_015_warp.nii.gz,1.021351878907601,1.1728951225230162,10.472080659670878,0.0009774588419068418,0.1151804288173394,0.4674045236675882,2.914128667616824,1.0417114526527056,0.5793059821785569,-1.6786496576109402,7.50732421875e-05,0.4742555483001085,False,True,True,False
pt022,MR1,017_to_016_warp.nii.gz,1.490456276026591,1.2903848065946644,11.426871240881978,0.0035747714170914287,0.3126756436897386,0.9970874056560233,3.5739527330830065,1.048304685091238,0.9115552073458726,-7.55555908872567,0.0004913330078125,0.9114438651947248,False,True,True,False
pt022,MR1,018_to_017_warp.nii.gz,1.0475876615142534,1.2328643946773907,9.169838722348182,0.0010249292143224536,0.10755900021023998,0.4571472515094828,2.9641391765567024,1.040210779257561,0.5988073766346718,-1.5528517822532062,0.000126953125,0.5308585076136348,False,True,True,False
pt022,MR1,019_to_018_warp.nii.gz,1.12034617690668,1.2387043988580004,10.100583848623861,0.0010644721654140383,0.12810859168901073,0.5656054859268782,3.0148156250611478,1.0431442882379542,0.6591381251350076,-2.0905619284089556,0.00031005859375,0.5798170284846236,False,True,True,False
pt022,MR1,020_to_019_warp.nii.gz,1.0471015576660743,1.2425655882128883,9.798533573069482,0.001351529755989762,0.10660401698394995,0.4566334862968933,2.9779829343263087,1.0423594029403909,0.6229734140021967,-1.064843179752885,0.0002294921875,0.545551202405945,False,True,True,False
pt022,MR1,021_to_020_warp.nii.gz,1.4234257290883563,1.438934794194046,17.01304335998829,0.0021894006756050578,0.1926513726138292,0.8516297107468953,3.6554336774186984,1.0313895562520772,0.7490540476775436,-7.102343087035435,0.0010791015625,0.9517417970460946,False,True,True,False
pt022,MR1,022_to_021_warp.nii.gz,1.196195392302186,1.2151003604564787,8.300136400815404,0.0024320547081580035,0.1746386476517493,0.6714118763939965,3.060358111639654,1.0442984374376856,0.6955917732919009,-0.8589324044262726,0.00013916015625,0.6453915938716716,False,True,True,False
pt022,MR1,023_to_022_warp.nii.gz,1.108834855160893,1.242635434621589,12.335639968286042,0.0012317230630698953,0.11293814055669152,0.565494738819212,2.9806058787549463,1.0421923075561774,0.6414427305607753,-1.5483340672606645,0.0003515625,0.5856982439425824,False,True,True,False
pt022,MR1,024_to_023_warp.nii.gz,2.149714925840163,2.095269935673431,22.0193262657877,0.0049911320705091885,0.3661955108078179,1.5014121416103778,4.722256421348805,1.0218534699141424,0.9740607338330342,-18.67412596848356,0.0068682861328125,1.9747605909878416,False,True,True,False
pt022,MR1,025_to_024_warp.nii.gz,1.2298960793433489,1.2044321336688446,8.948036029707916,0.003322185050813297,0.18901260214535082,0.7272449061788169,3.1087096939370147,1.0444092303841994,0.7108250474011505,-0.9641625335142336,0.0001446533203125,0.6599718333416592,False,True,True,False
pt022,MR1,026_to_025_warp.nii.gz,1.240934154448503,1.2322130550365953,9.086077499252513,0.002846448171278509,0.16821309399600906,0.739785580426942,3.122071313040029,1.0440686960224141,0.710367557971255,-1.9048264285919654,0.000146484375,0.677691939562633,False,True,True,False
pt022,MR1,027_to_026_warp.nii.gz,1.1342998505995938,1.2606322781890067,10.408894018558236,0.0013849357701065967,0.11449790915197283,0.561061166157858,3.0538029497589783,1.0424021742634288,0.6477460329515821,-0.946096366339851,0.0001763916015625,0.6138316396263984,False,True,True,False
pt022,MR1,028_to_027_warp.nii.gz,1.1478430390766459,1.2496890357280772,9.380145758244504,0.0007320769032300571,0.11366435810169885,0.5984761002943959,3.01741401481492,1.0415281200294213,0.6655043859581846,-2.5558086392067176,0.000201416015625,0.6247243344828908,False,True,True,False
pt022,MR1,029_to_028_warp.nii.gz,1.6024659698008592,1.5575165942830933,15.025655258506356,0.002852169886193838,0.22986530203411426,1.0179351374103112,3.8808912064874193,1.028939443090556,0.8133725266201937,-6.415681525796815,0.002318115234375,1.1780167832356399,False,True,True,False
pt022,MR1,030_to_029_warp.nii.gz,1.174897102717473,1.2430003832606076,11.629030641867459,0.0015460652855409838,0.13709791850424827,0.6488516507402113,3.0455871039045292,1.037049173986885,0.6508028979410624,-0.6094868964394966,0.000206298828125,0.6481805473458334,False,True,True,False
pt022,MR1,031_to_030_warp.nii.gz,1.29026304754432,1.2450072235947531,10.101091143099337,0.00242668218879944,0.2073195062603988,0.774365448959611,3.2692017944077154,1.0453959983716081,0.7439819184544986,-1.1802399688783827,0.000264892578125,0.7248971959824462,False,True,True,False
pt022,MR1,032_to_031_warp.nii.gz,1.086053616908315,1.217960781555576,8.30776661056047,0.0007475364660514842,0.11417703687041604,0.5483832679820256,2.9711686542816698,1.0399823346187294,0.6162821482201133,-0.9516070923457369,0.0001751708984375,0.5616410586249699,False,True,True,False
pt022,MR1,033_to_032_warp.nii.gz,1.2126759364505992,1.2450294971545757,8.975628098200536,0.000990223867358252,0.14029134191190532,0.696141327208974,3.105516324506055,1.0374977884531507,0.6446027143647529,-0.7944234359926932,0.00014892578125,0.6417849865031711,False,True,True,False
pt022,MR1,034_to_033_warp.nii.gz,1.2001826419839352,1.242585076039006,10.464392273442426,0.0021732899096150228,0.12393362247733233,0.700466438021332,3.054325815488232,1.0416894809090724,0.6723100744662995,-1.8652964703002135,0.0001275634765625,0.6179573174045347,False,True,True,False
pt022,MR1,035_to_034_warp.nii.gz,1.3663873098044672,1.2466848577368412,9.627543525346901,0.0045412520740558465,0.24185158547424798,0.875570244099485,3.3607959774663017,1.045921784323651,0.8029500781077886,-1.79590651253992,0.000345458984375,0.7899348640520363,False,True,True,False
pt022,MR1,036_to_035_warp.nii.gz,1.1046854439018186,1.2506027487610296,10.542199348542491,0.001494035899705848,0.11795867019651421,0.5305235606863596,2.987357119830446,1.0397449640430785,0.6367561781793787,-2.282793966456071,0.0002618408203125,0.601304427784954,False,True,True,False
pt022,MR1,037_to_036_warp.nii.gz,1.0689827127842604,1.2321981547050473,9.474000305200102,0.0010195131142697667,0.11526170574924834,0.49897594272294815,2.9673740030524858,1.039565712237069,0.6105461364919939,-0.7604344143166006,9.1552734375e-05,0.5502608602858738,False,True,True,False
pt022,MR1,038_to_037_warp.nii.gz,1.0540087818505817,1.215659266400002,9.989866519692043,0.001124319719902484,0.11731730299825589,0.4916209338399772,2.9622467458274255,1.042946432484872,0.6160651490563825,-1.1797189366019223,0.000106201171875,0.5311836411874545,False,True,True,False
pt022,MR1,039_to_038_warp.nii.gz,1.1089821784967104,1.2134888604075813,8.0684787666496,0.0010225105538154966,0.12777168910134237,0.5827038722598163,2.9708497441238895,1.042982959347836,0.6301148492070185,-2.2001384354118447,0.00013671875,0.5534162216518022,False,True,True,False
pt022,MR1,040_to_039_warp.nii.gz,1.0723653560047337,1.252919474900457,10.434329157259889,0.0012974419029143768,0.10877379904168788,0.489932618358696,2.979855988306114,1.040325731217263,0.6191240622835408,-0.7664717227284957,0.0001947021484375,0.5676876503093783,False,True,True,False
pt022,MR1,041_to_040_warp.nii.gz,1.9317732702924197,1.8213899918001704,20.214011394456033,0.005981406975125498,0.32402994550191366,1.3234150676576482,4.355187940171892,1.024837689131711,0.9272993010411148,-4.700487946861544,0.00415771484375,1.6387184899147753,False,True,True,False
pt022,MR1,042_to_041_warp.nii.gz,1.2406263788047465,1.2683968698598875,9.570525829128098,0.0021246577138417586,0.1639481785079925,0.7077489896728714,3.2679665899900643,1.035283782945988,0.6704233642992669,-1.724401632011735,0.00023193359375,0.7145831738783971,False,True,True,False
pt022,MR1,043_to_042_warp.nii.gz,1.031206127784426,1.1782241278861598,8.703954167287728,0.0013817822920226411,0.11965351651738196,0.5027429229429076,2.931871134955666,1.0412068060338466,0.6020602786343162,-1.0986633173156153,0.000120849609375,0.4937023255199133,False,True,True,False
pt022,MR1,044_to_043_warp.nii.gz,1.1213364852283139,1.2129919561281155,10.823681981822075,0.0026794877739548814,0.15127918592517053,0.5873051879731125,2.972808023737471,1.03565565527267,0.6094100937657565,-1.0837130066620726,0.000181884765625,0.5819724213286099,False,True,True,False
pt022,MR1,045_to_044_warp.nii.gz,1.3409322114291595,1.235208401441174,10.171713519881779,0.005271337582293874,0.2609279759057585,0.8399459062772399,3.3025381504647995,1.0468439468178223,0.8064226703889984,-2.6791708390175693,0.0004742431640625,0.7692242406838901,False,True,True,False
pt022,MR1,046_to_045_warp.nii.gz,1.1453725708494926,1.203800104710711,10.076890382122048,0.0019462752602314238,0.1541450414500491,0.6207341433008597,2.979110463122218,1.0438444085669933,0.6491696093495182,-0.622334334808258,0.0001092529296875,0.5780868319865191,False,True,True,False
pt022,MR1,047_to_046_warp.nii.gz,1.090011145670664,1.2350698355213097,9.657899466454984,0.0013263306522738512,0.11211531958457606,0.5323041704044582,2.9817906739539604,1.0419937854127763,0.6235814079592018,-0.9948946501679204,0.0001812744140625,0.5575176720254786,False,True,True,False
pt022,MR1,048_to_047_warp.nii.gz,1.1421849764717114,1.2529846519166319,9.754920529441693,0.0019503572059608458,0.11446883154351994,0.5877116467992937,3.026292269591545,1.042421184978766,0.6636402266724784,-0.9858381086188887,0.0003192138671875,0.6181457909337614,False,True,True,False
pt022,MR1,049_to_048_warp.nii.gz,1.2043363026317182,1.2757248900572578,10.957313451931789,0.0015131869269438493,0.13655397868981278,0.6451027014229849,3.1724553570119234,1.0363395645924864,0.672988889186007,-1.5616485407432088,0.000174560546875,0.7083704670376563,False,True,True,False
pt022,MR1,050_to_049_warp.nii.gz,1.1102485587139477,1.2404886778565452,9.899700995025944,0.0010681035024904726,0.11841940005158694,0.551693186271801,2.9883760051052044,1.0429137489598097,0.6468875805289913,-0.7452599571123626,0.0001495361328125,0.590838227191792,False,True,True,False
pt022,MR1,051_to_050_warp.nii.gz,1.117817232593181,1.2247911319469753,9.321632240410912,0.0011307593045359657,0.13464166841737404,0.5628171741323926,2.9795748550743313,1.0434131671927203,0.6547547170760945,-1.6519424308843307,0.0001202392578125,0.5895413817746947,False,True,True,False
pt022,MR1,052_to_051_warp.nii.gz,1.18662475477461,1.2831875471894436,9.509589137816796,0.0028017418977226813,0.12862217582238783,0.6170080280350607,3.1591356708238822,1.0371837166138134,0.6662083219145309,-1.2731710392386266,0.0002972412109375,0.6772138079597526,False,True,True,False
pt022,MR1,053_to_052_warp.nii.gz,1.1299399755228712,1.2719039070919007,10.594775899119307,0.0022786545872506016,0.11155035565001767,0.5519473850992495,3.07607891343329,1.0401777520245354,0.6536317301798248,-1.8329883656505674,0.0003082275390625,0.6244849724917101,False,True,True,False
pt022,MR1,054_to_053_warp.nii.gz,1.0409644677738619,1.241933081382107,8.658123279521561,0.0015253892548966895,0.10402296456082226,0.43930031569972194,2.9776784030112373,1.0404292427244477,0.6166688611855229,-1.349635901950057,0.00019775390625,0.543081654792326,False,True,True,False
pt022,MR1,055_to_054_warp.nii.gz,1.1656273152174403,1.2729208450491767,13.095783690232242,0.0022696906254092036,0.1274739010688881,0.604049446630089,3.087698763120017,1.0364920127235013,0.6434149551877749,-1.6295273214314963,0.000228271484375,0.6375409343588386,False,True,True,False
pt022,MR1,056_to_055_warp.nii.gz,1.1875320712026756,1.2546394730458277,9.315114045830809,0.0023216006496971707,0.13965890138686454,0.6461199062897662,3.1102578349548122,1.0370945142797063,0.6448940751051496,-0.38571841956774117,0.0001300048828125,0.6368548260179766,False,True,True,False
pt022,MR1,057_to_056_warp.nii.gz,1.1340772776488126,1.213896899863628,9.614761128570372,0.0013089322923490344,0.1342395986284671,0.6019510078200117,2.978739553638958,1.042668826496409,0.6431987575871485,-0.684774923286607,7.8125e-05,0.5692698085923756,False,True,True,False
pt022,MR1,058_to_057_warp.nii.gz,2.4376598508902267,2.4408143491288223,25.465096994928853,0.004393251890971225,0.42605602741352244,1.7278363308538696,5.11615023983215,1.017834023148734,1.0864704338172317,-22.78835156474942,0.010966796875,2.5106085500104895,False,True,True,False
pt022,MR1,059_to_058_warp.nii.gz,1.5357570879593068,1.268173952969211,10.72263207460499,0.006076708209771785,0.3333520639487508,1.0918167351436798,3.537530102410032,1.0473204865058117,0.9737533444810273,-2.1436563502466246,0.0006793212890625,0.9878657499771467,False,True,True,False
pt022,MR1,060_to_059_warp.nii.gz,1.3405404421787046,1.231565061037981,8.972601632739842,0.001378653159440236,0.2298457085222645,0.8535064114854343,3.29872832735224,1.04435821958801,0.7748644322011838,-2.8674740800415823,0.0001507568359375,0.7505751745460187,False,True,True,False
pt022,MR1,061_to_060_warp.nii.gz,1.0617042746435998,1.2258190379266394,9.58321729256441,0.0021614886993682005,0.1085609145192747,0.493209937537717,2.96847547836264,1.0425366331868704,0.6218253152109208,-0.7109965946934089,8.48388671875e-05,0.5372101625900201,False,True,True,False
pt022,MR1,062_to_061_warp.nii.gz,1.0675948872883665,1.2478533561415834,10.624448273144193,0.0018427880956586227,0.10816798393554046,0.4774817793236399,2.9787587731596585,1.0402669396175803,0.6200146194209997,-0.7086225744041974,0.0001318359375,0.5638318813771269,False,True,True,False
pt022,MR1,063_to_062_warp.nii.gz,1.1081685928131402,1.2463121912458301,10.479630541120152,0.002624759845205463,0.11221006578995453,0.5474007871490254,3.0041020373125837,1.042375367206318,0.6323737114157099,-0.6124447288974859,0.0002508544921875,0.5803881021362778,False,True,True,False
pt022,MR1,064_to_063_warp.nii.gz,1.2306146049088624,1.2996210136068134,13.883904804388923,0.0015164519866675875,0.15349803144297033,0.6550658614145415,3.2923817338497687,1.035268507595043,0.6670687427241213,-0.7020589399006443,0.0003619384765625,0.7124406759433765,False,True,True,False
pt022,MR1,065_to_064_warp.nii.gz,1.0572729322542544,1.207705829932677,8.784582956618944,0.0012506925180756432,0.12152381104351263,0.4952130363460112,2.955636568750656,1.0432944802245414,0.6175563341873469,-0.4106965172382469,8.60595703125e-05,0.5272492837659322,False,True,True,False
pt022,MR1,066_to_065_warp.nii.gz,2.4633753247405394,2.4470302682391645,29.14656895411296,0.007729453555407264,0.4354666478888688,1.7797748659195687,5.129129056438092,1.0168909762858651,1.1032003624477387,-24.48844867831649,0.0113372802734375,2.5842826264220555,False,True,True,False
pt022,MR1,067_to_066_warp.nii.gz,1.734314051158548,1.3772402325497966,14.101329099549746,0.0043603711182883705,0.4219137094710498,1.274232655493082,3.816937908310125,1.0499191494605375,1.1492165005471804,-3.2130664352812723,0.0016217041015625,1.2253945123051466,False,True,True,False
pt022,MR1,068_to_067_warp.nii.gz,1.5916485554924875,1.5854196763287836,14.153471489256443,0.0043683735440355935,0.2364663708166584,0.9783557303699453,3.8860370178463537,1.0290462056590042,0.7888717728167176,-7.7222959680593535,0.002352294921875,1.140811469708734,False,True,True,False
pt022,MR1,069_to_068_warp.nii.gz,1.1753872232952915,1.2449841327803515,9.737128405123148,0.001826888206817077,0.12271733640684147,0.6339826055626665,3.0706666366715196,1.0393520985761484,0.6480109863858828,-1.709510133982399,0.0001123046875,0.6100003428798061,False,True,True,False
pt022,MR1,070_to_069_warp.nii.gz,1.1607548786215376,1.244109569050233,10.940272600788663,0.0011656892723284026,0.14153649813991626,0.6072533933205255,3.098648718769848,1.0372017614338753,0.6396995644393886,-0.8490159673287866,0.0002716064453125,0.6465598279330564,False,True,True,False
pt022,MR1,071_to_070_warp.nii.gz,1.7035873471120306,1.3659850762163408,14.041062306731463,0.011796185654539845,0.41059042658373046,1.2431553892588694,3.782282210598673,1.0497454157493693,1.128904989151441,-5.8378452630859154,0.00181884765625,1.2069774176654655,False,True,True,False
pt022,MR1,072_to_071_warp.nii.gz,1.25344235586004,1.3317792189736393,15.592713965857428,0.001530651377659328,0.14261696141281177,0.6808993662606488,3.3514323920981357,1.0354973744682718,0.6840418823176958,-4.315815424394702,0.00056884765625,0.7505009380393557,False,True,True,False
pt022,MR1,073_to_072_warp.nii.gz,2.212245292516341,2.218388837009655,25.393128862146504,0.001707846486644134,0.3748314817185497,1.5358998807891169,4.764818876180317,1.019315081081689,1.0128665673104098,-26.380780260292852,0.00764404296875,2.107452188555821,False,True,True,False
pt022,MR1,074_to_073_warp.nii.gz,1.6241764603591926,1.3522883815393985,13.28463226777898,0.004838719587020261,0.3644549758837276,1.1446662690855511,3.704192498169393,1.0494432341818076,1.0548138211735076,-4.358867372132265,0.0016253662109375,1.11346185972247,False,True,True,False
pt022,MR1,075_to_074_warp.nii.gz,1.1090790403806556,1.2416909703694046,10.766640855440162,0.0022165917033421575,0.12055243949802427,0.5392161025568856,2.992630355290476,1.039140526350991,0.6301577309070099,-1.3407932255713755,0.0001678466796875,0.6018251124693353,False,True,True,False
pt022,MR1,076_to_075_warp.nii.gz,1.091619164424503,1.2138983684979014,10.529565951214432,0.0023939280822539454,0.12486413659631339,0.5369157719828073,2.975648830976239,1.0422615179403296,0.6256257928780808,-0.7019407836358873,0.0001287841796875,0.5565866840249173,False,True,True,False
pt022,MR1,077_to_076_warp.nii.gz,0.9707122474290958,1.1946018017778814,7.468069933136285,0.000669994804038223,0.09996286252257826,0.3962042001327236,2.928498989832005,1.0415729548476973,0.5732309381702331,-1.2626291110279206,9.6435546875e-05,0.45745843865753844,False,True,True,False
pt022,MR1,078_to_077_warp.nii.gz,1.0301198155794742,1.22632207140334,10.533990808650694,0.0023394414429366286,0.11158204939010265,0.4443366588964329,2.9704782292823695,1.0395100543004814,0.5952426278292317,-0.5967728416768993,0.0001177978515625,0.5201615710932265,False,True,True,False
pt022,MR1,079_to_078_warp.nii.gz,0.997708207418897,1.1906037876146622,8.625761199241852,0.0011619378296979582,0.11055207865012388,0.4285491683897703,2.928821203880524,1.0424865584078793,0.5930431540347045,-0.5360794852699448,0.0001129150390625,0.4750558540686424,False,True,True,False
pt022,MR1,080_to_079_warp.nii.gz,0.988765558397037,1.2142033422668457,8.26053692378739,0.0008438857343264648,0.10086285826638079,0.40091255428182804,2.951745278331955,1.0412779786520974,0.5888954914374036,-0.5298899083685252,9.70458984375e-05,0.48955284332210636,False,True,True,False
pt022,MR1,081_to_080_warp.nii.gz,0.9902533611761976,1.2118698263891923,8.20285836455607,0.0012238196908321006,0.10347218595999638,0.4120136484410696,2.946545916775018,1.0405920820309367,0.5842266309708852,-0.7296865380106807,8.9111328125e-05,0.48774463392155565,False,True,True,False
pt022,MR1,082_to_081_warp.nii.gz,1.0247273359055111,1.224605195024611,9.380114989953624,0.0018063999740881604,0.10722383707074627,0.44832741626384764,2.970640831624001,1.0409494879493395,0.5941050418886451,-1.1268825202751496,0.0001727294921875,0.5165537366379616,False,True,True,False
pt022,MR1,083_to_082_warp.nii.gz,1.6628509138265182,1.6384334970825463,23.893394384915304,0.002403465881335128,0.17230726495299628,1.0974967642101006,3.954355763645872,1.0344391817970593,0.891863802896774,-14.958652136235957,0.003341064453125,1.1759102109950887,False,True,True,False
pt022,MR1,084_to_083_warp.nii.gz,1.7092623020269004,1.3846049104978253,12.126253167398133,0.004642443450503534,0.3315034740935005,1.2850965476226506,3.8163232742706037,1.038222630429845,0.9868183843162704,-3.3127775981755696,0.0011822509765625,1.1073939530360044,False,True,True,False
pt022,MR1,085_to_084_warp.nii.gz,2.88929221711883,2.6850130441443,30.560157466233406,0.00606313396670408,0.5764940486799633,2.1317053529075523,5.730826067799608,1.0156790599985122,1.2655010176206214,-33.39830314244753,0.01804931640625,3.4180560140809892,False,True,True,False
pt022,MR1,086_to_085_warp.nii.gz,1.8619029939072775,1.3837845072691035,11.83572265452817,0.008243082056128049,0.47581057267549726,1.4649634988528846,3.9069109548942222,1.0511903846334385,1.253406805135256,-12.68235326965032,0.0030413818359375,1.4174043264428662,False,True,True,False
pt022,MR1,087_to_086_warp.nii.gz,1.7945866995195083,1.7113730588644385,25.365804343489092,0.004468565330793804,0.2803180597871892,1.2334756648203609,3.995885352529949,1.0247533322771745,0.8942524236839724,-7.936855216843772,0.00356201171875,1.4777618714365774,False,True,True,False
pt022,MR1,088_to_087_warp.nii.gz,1.7739630107919462,1.7397986455941665,18.949657318510837,0.004987610891655121,0.28724688875229976,1.1563908585091505,3.9816891332408373,1.0258216519128898,0.8637344032023695,-11.337115358165175,0.0037567138671875,1.3990196667058763,False,True,True,False
pt022,MR1,089_to_088_warp.nii.gz,1.5585750177442157,1.2777967885375772,10.12688565025837,0.0038923028817790806,0.3185546786192243,1.1305788255723808,3.574565597525034,1.0463861140440025,0.9572248878393986,-3.5359216609469777,0.0010357666015625,1.0028825032446,False,True,True,False
pt022,MR1,090_to_089_warp.nii.gz,1.2907317239383553,1.2309438758031002,9.75667392384746,0.0017994156489040815,0.1823121126627561,0.8114319297500732,3.1604266587797714,1.0412017936967504,0.7213635561687475,-0.6833787436918171,0.0001605224609375,0.6694160997440946,False,True,True,False
pt022,MR1,091_to_090_warp.nii.gz,1.0653546209954434,1.2509831807549263,11.479618861411813,0.0015716246760864429,0.10792106779080914,0.4880324316067851,2.9818203207264,1.0403996138215883,0.6233460335674701,-1.4542384382850195,0.00019287109375,0.5562804942925943,False,True,True,False
pt022,MR1,092_to_091_warp.nii.gz,1.1533740278967293,1.2594482615677929,11.203785891502102,0.0012337235641145291,0.11438012030615712,0.6055705852508189,3.056992128717801,1.0369412016402115,0.6318458704162335,-0.8278466619580709,0.0001611328125,0.6110364501716166,False,True,True,False
pt022,MR1,093_to_092_warp.nii.gz,1.0313291883259919,1.2054947218933016,9.133541791769343,0.0008350908102041902,0.1037893751783645,0.46777094763225735,2.94697340312685,1.0406854100529954,0.5868414373352245,-0.9855249016214492,9.46044921875e-05,0.503294571901633,False,True,True,False
pt022,MR1,094_to_093_warp.nii.gz,1.0418197260583808,1.2347732981962027,11.196688749693216,0.0016097118882701814,0.10305705379078371,0.45039274348265695,2.9619110752707867,1.0404790839707403,0.597255737891571,-0.9533386917825081,0.0001666259765625,0.527621181326423,False,True,True,False
pt022,MR1,095_to_094_warp.nii.gz,1.0976342377920367,1.2347736345460605,8.31588855191456,0.0013336725495964154,0.10592035447126945,0.5247476163273262,2.9806064511701873,1.042213020283767,0.625159804315653,-1.2577837818696738,0.0001116943359375,0.5695973543298348,False,True,True,False
pt022,MR1,096_to_095_warp.nii.gz,1.1396308631251915,1.2458409185364598,10.709857886208598,0.001389120399681192,0.11607627738910493,0.5841845455313659,3.0373935818628963,1.0429111756433165,0.6653428220496324,-1.1842877487250163,0.00018310546875,0.5999179738710732,False,True,True,False
pt022,MR1,097_to_096_warp.nii.gz,1.1391938878411005,1.2487298792349488,9.729075530489784,0.0020241932055113767,0.1216268648603594,0.5807745154764639,3.0238892424480825,1.042326968547531,0.6578158580403407,-2.14309973668536,0.000155029296875,0.6200264486219035,False,True,True,False
pt022,MR1,098_to_097_warp.nii.gz,1.1311685976488282,1.2658040484201993,10.758212699728931,0.0009861234975265393,0.10789811198627346,0.5607778734110436,3.0543867448263815,1.0415420272357039,0.6631221554912463,-4.88416238184627,0.0002001953125,0.6194006317501115,False,True,True,False
pt022,MR1,099_to_098_warp.nii.gz,1.0486481509883778,1.2557598460383521,8.305384989718632,0.0017068014681312928,0.10335130138946798,0.4352034516108294,2.9869056871792234,1.0407411310661627,0.6245144551246364,-0.6569646293005401,0.00015625,0.5491759452490531,False,True,True,False
pt022,MR1,100_to_099_warp.nii.gz,1.262401897400198,1.3173205842079854,10.206631379930736,0.002708749079808106,0.158526603176863,0.6979516589108437,3.344656181429681,1.034947789254531,0.6915638414278217,-1.0448092634503476,0.0002569580078125,0.7587680455565564,False,True,True,False
pt022,MR1,101_to_100_warp.nii.gz,1.030257082306025,1.2205508915978442,8.761530346883841,0.002097194361100808,0.10707304295999774,0.462568288753083,2.965161470567534,1.0418303393241382,0.6064968344210687,-0.4666356512268578,8.23974609375e-05,0.5089521630647319,False,True,True,False
pt022,MR1,102_to_101_warp.nii.gz,1.0225647892391716,1.223863988170726,9.21264319120209,0.0009245109076905247,0.10337320862971655,0.4372271545167171,2.9554121803799194,1.0407832111430977,0.5945046582950884,-0.6667071098466406,0.0001434326171875,0.513576347512629,False,True,True,False
pt022,MR1,103_to_102_warp.nii.gz,1.1793478037311373,1.286140698531012,13.151233343090697,0.0014608674956587404,0.14136764897953136,0.6123835577917249,3.1424580010935568,1.0364913939436848,0.6494561023576917,-1.3969165868778621,0.00034423828125,0.6756411682011324,False,True,True,False
pt022,MR1,104_to_103_warp.nii.gz,1.0305172340680524,1.1878278498017776,9.296972373482197,0.002197264672652386,0.11730815264006932,0.4817794172124257,2.938022151676462,1.0423813658423977,0.6025170750218575,-0.199993405709723,4.33349609375e-05,0.5005923225904046,False,True,True,False
pt022,MR1,105_to_104_warp.nii.gz,1.0134549004253257,1.2177301275694825,10.051231186593258,0.001206762322144095,0.10447464487490662,0.44379628889533074,2.9494742745500715,1.0404531249185525,0.5841134173696542,-2.329033750774207,0.0001171875,0.49214109123794836,False,True,True,False
pt022,MR1,106_to_105_warp.nii.gz,1.0209365477694419,1.209009141398655,8.88964899492972,0.0018842110110355846,0.10259915300907611,0.4492644449530354,2.9469352914981664,1.0409180349973766,0.5737927371651038,-0.9435008185974115,7.080078125e-05,0.478885990427755,False,True,True,False
pt022,MR1,107_to_106_warp.nii.gz,1.1288951452322213,1.2335164793416815,8.039217298246005,0.0012566466538513955,0.1263158911672058,0.5979272324297609,2.989415120355497,1.039285481498323,0.6399456488310832,-2.0093610600803693,0.000186767578125,0.607365743199693,False,True,True,False
pt022,MR1,108_to_107_warp.nii.gz,1.022418941912103,1.1967715976748994,9.098273738286617,0.0018038944029415067,0.10921308724245953,0.480871918543999,2.9382404460615077,1.0418800523375775,0.5822170068932893,-0.6896301771863798,6.53076171875e-05,0.4883015695707269,False,True,True,False
pt022,MR1,109_to_108_warp.nii.gz,1.3535648262748003,1.3690161418942537,12.01690009671511,0.0018805159634874302,0.1930137457477703,0.7874913373030408,3.5586576497617495,1.0318318506266275,0.7143322164608168,-2.437083923625767,0.0008148193359375,0.851378758532247,False,True,True,False
pt022,MR1,110_to_109_warp.nii.gz,1.1712489036094238,1.1908184031067344,8.037849422655743,0.002155406846399296,0.18267533046690218,0.6672280076799254,2.993503710974702,1.0447322093334994,0.6682684852216294,-0.6508362118188716,5.92041015625e-05,0.5901405412861938,False,True,True,False
pt022,MR1,111_to_110_warp.nii.gz,1.0595316535257935,1.2026738036190263,10.221786993597592,0.001515327517107379,0.12791008341293789,0.5217547243665895,2.945691314939082,1.0377737944666774,0.602212380382272,-0.491038059196371,9.33837890625e-05,0.5271288114420171,False,True,True,False
pt022,MR1,112_to_111_warp.nii.gz,1.143226414601666,1.2044190378114052,10.400973345614135,0.0035766021188728195,0.16677852239313004,0.6100415664512981,2.981104099941286,1.044204492963884,0.6547357783787146,-0.6752155760029253,0.000169677734375,0.591064985876776,False,True,True,False
pt022,MR1,113_to_112_warp.nii.gz,0.998985007288452,1.2101760831050072,9.29448086204109,0.002023292612630268,0.10527305996617085,0.4461599875127842,2.951820305378405,1.041382270665336,0.5733128208718737,-0.8055754781358222,7.8125e-05,0.46766509787717525,False,True,True,False
pt022,MR1,114_to_113_warp.nii.gz,1.0640035967566464,1.2141271266220945,7.680247185041641,0.00137063485676642,0.10856007361637822,0.5356352463966003,2.967499787287426,1.0420495283915334,0.6075971983034401,-0.37902061726131,7.9345703125e-05,0.5306919224447378,False,True,True,False
pt022,MR1,115_to_114_warp.nii.gz,1.0081272144067088,1.211421727819079,7.724977193834445,0.0023699352494617686,0.10578787398151816,0.45601378824729755,2.950298659208574,1.0409931226856266,0.5860931802296012,-0.9014035306730037,8.30078125e-05,0.49232818518867716,False,True,True,False
pt022,MR1,116_to_115_warp.nii.gz,1.1279660161793061,1.2129168389707197,11.334283549569534,0.0017991627826697768,0.1504567895054285,0.588176943645941,2.974435415818544,1.0440137778912737,0.6393508636532979,-0.655931736305691,7.62939453125e-05,0.5692272486964446,False,True,True,False
pt022,MR1,117_to_116_warp.nii.gz,1.0067090404243457,1.2177486981143586,8.001118777901253,0.0015911394723949817,0.10299062703521672,0.4335066630143898,2.950356061496788,1.0419294270073118,0.5949185125179166,-0.5342739412734779,9.6435546875e-05,0.48550076427572464,False,True,True,False
pt022,MR1,118_to_117_warp.nii.gz,0.9819636717455418,1.2232775275225507,8.897936291601509,0.0012639033428697606,0.09923739437275118,0.40176081053852775,2.9600603620603976,1.0420537953192792,0.5848321283118729,-0.2894764404538255,4.82177734375e-05,0.4662859966968289,False,True,True,False
pt022,MR1,119_to_118_warp.nii.gz,1.2346835092480837,1.3185988519387652,11.155296701422662,0.0013754443747966783,0.16082621165165703,0.6544422746625409,3.3687262272119343,1.033564107797761,0.6813926706026536,-1.8526888325950306,0.0004119873046875,0.7359808852503329,False,True,True,False
pt022,MR1,120_to_119_warp.nii.gz,1.3231468696245918,1.3633884218998404,12.642742819505205,0.002027833943459202,0.18236495953971324,0.7323986133910628,3.550183679047099,1.032254350328668,0.6999017821462636,-2.5133965586713356,0.0006622314453125,0.8033288023069125,False,True,True,False
pt022,MR1,121_to_120_warp.nii.gz,1.322628260249177,1.2695914977916674,10.815763360358046,0.003423854431605092,0.2335774361856027,0.7935395196736166,3.3486281925661086,1.0471254004501613,0.7979225179825973,-1.1834524660408403,0.0003411865234375,0.7682037147189178,False,True,True,False
pt022,MR1,122_to_121_warp.nii.gz,1.1612511619061072,1.275692461814884,12.789281687834913,0.0006571317382988762,0.11724619804922179,0.6133619597084994,3.0836734725110317,1.0428261728063695,0.6641438351176063,-0.9632029729510763,0.000281982421875,0.6186736161983617,False,True,True,False
pt022,MR1,123_to_122_warp.nii.gz,1.322275795727803,1.3232585718333887,12.074302574794006,0.003225378075439685,0.17123745915041455,0.7760292521018892,3.41890087885359,1.0355935436321215,0.7050349342260833,-1.3934615232013576,0.0003399658203125,0.7789325675168258,False,True,True,False
pt022,MR1,124_to_123_warp.nii.gz,1.2194634936992,1.2725815487906718,9.155753099821457,0.001352919393521555,0.11620248270852783,0.6911217809854329,3.133745658539522,1.0382613829071605,0.6629062617762267,-2.5283443721899426,0.000233154296875,0.6576617138432747,False,True,True,False
pt022,MR1,125_to_124_warp.nii.gz,1.4051708728169023,1.396017365177014,11.67458937763541,0.002097247566978111,0.19614128492007896,0.8362346461161132,3.6311992259296026,1.0318212365110486,0.7413957499220193,-1.7678193006290341,0.0010791015625,0.924934791933834,False,True,True,False
pt022,MR1,126_to_125_warp.nii.gz,1.092166764865374,1.1945713126671513,8.94587705706474,0.001469021573115474,0.11841737277343785,0.5692729918121393,2.95754119185169,1.040698379330239,0.6178329625507023,-0.5527187945939358,7.32421875e-05,0.5434590700127601,False,True,True,False
pt022,MR1,127_to_126_warp.nii.gz,1.1125461832738046,1.198440774291663,10.708190063281895,0.0015307624306330585,0.1356736609079205,0.575474827717515,2.967554308626742,1.042899403806626,0.6365117325805778,-1.1210036655043238,8.6669921875e-05,0.5603968275145662,False,True,True,False
pt022,MR1,128_to_127_warp.nii.gz,1.0714184173063404,1.2219540547375427,8.877936595730363,0.0017243267084784224,0.10906241928033253,0.49967190692842045,2.9743130252643226,1.0412979249707393,0.6086645049006987,-0.5339352199843631,9.33837890625e-05,0.5415829780013064,False,True,True,False
pt022,MR1,129_to_128_warp.nii.gz,1.0627926975622553,1.2398627055044755,9.270323259652589,0.0025098828657166583,0.10436281849971615,0.46701676710634926,2.980697510948176,1.0413022775444312,0.6197782406585349,-1.989110483475718,0.00017822265625,0.5560826262466649,False,True,True,False
pt022,MR1,130_to_129_warp.nii.gz,1.0374379255357065,1.2246744985656468,9.498494694738284,0.0008119159477885901,0.1028066848388,0.43705358462339206,2.9628999084226972,1.0413059098442679,0.6128938042665293,-1.7597561846953629,0.0001251220703125,0.5319974609917308,False,True,True,False
pt022,MR1,131_to_130_warp.nii.gz,1.0682588466970104,1.2068738768616354,9.107656091525707,0.0009647106307065061,0.12100332711967132,0.511778882175087,2.957675959568173,1.042511619215087,0.6146321104398375,-0.636517767322041,0.0001287841796875,0.5259984954964964,False,True,True,False
pt022,MR1,132_to_131_warp.nii.gz,0.9942500768116908,1.2135565801866934,8.664746014198439,0.0010329831295124812,0.09901632484221187,0.41115385841182267,2.9470417936497597,1.041593536840857,0.579046246935524,-0.38891992490327715,7.2021484375e-05,0.47813574504895173,False,True,True,False
pt022,MR1,133_to_132_warp.nii.gz,1.0577604252329882,1.224393520473246,10.631936965865062,0.0029639039735808084,0.12180000386203624,0.4963019161317772,2.9633151815889223,1.0385257860673907,0.600113250896453,-0.5151169650595194,0.0002093505859375,0.5420695253175674,False,True,True,False
pt022,MR1,134_to_133_warp.nii.gz,1.0613826265151456,1.2152777296893353,9.297442375032455,0.0021308545909977275,0.11954346436091223,0.5167602539487155,2.963275358448717,1.0396286690986862,0.6112829572171578,-1.114867033741048,0.0001568603515625,0.5471352247240189,False,True,True,False
pt022,MR1,135_to_134_warp.nii.gz,1.2258713894488071,1.264847680632242,10.157185465752436,0.002121736131360902,0.11861552955421162,0.7199262717277044,3.126673871853381,1.0415332525511685,0.6703498999523971,-3.1386568277283184,0.000250244140625,0.6387242438842808,False,True,True,False
pt022,MR1,136_to_135_warp.nii.gz,1.2790817349043915,1.2814036751221234,12.646352789548814,0.0019123275058986267,0.1434125977991235,0.7781029822514032,3.1774795780550265,1.038266190667728,0.6562815384946655,-2.120575612355285,0.0002752685546875,0.6538563446386213,False,True,True,False
pt022,MR1,137_to_136_warp.nii.gz,1.1709322077168742,1.235961622959773,9.749970766770925,0.00140719408546892,0.1403610941549181,0.6526746130976135,3.0287769994457445,1.037150648109174,0.6530887732024023,-2.6955329777775234,0.0001263427734375,0.6311617223508749,False,True,True,False
pt022,MR1,138_to_137_warp.nii.gz,1.107159917653635,1.1998759385292685,11.293400334973224,0.000906941063333324,0.11988540833901729,0.5904427449896211,2.952495478140671,1.0402535457464437,0.6026481674140242,-0.525347063287179,6.16455078125e-05,0.5168357277087171,False,True,True,False
pt022,MR1,139_to_138_warp.nii.gz,1.1022090256189352,1.1660596641235206,7.945950365490733,0.0022643127250134235,0.1402093327155002,0.6170904336538598,2.9256733564632187,1.0419490937174904,0.5876549894552292,-0.31606696098397635,6.65283203125e-05,0.482583213725879,False,True,True,False
pt022,MR1,140_to_139_warp.nii.gz,1.0436224433274122,1.1733538431401334,10.185700768935195,0.0016402098497930154,0.13068761157717435,0.5280373818284492,2.924421546461922,1.0424956239648815,0.5938456256819133,-0.6970311290603729,8.1787109375e-05,0.4775278273399476,False,True,True,False
pt022,MR1,141_to_140_warp.nii.gz,1.0595592594104142,1.2102143046832112,11.34018452721547,0.0011740674816218197,0.12224446262251873,0.5324229693064615,2.953920886648827,1.0374907303650713,0.6031227608142198,-0.9400760565711365,0.0001739501953125,0.5252729344171891,False,True,True,False
pt022,MR1,142_to_141_warp.nii.gz,0.9620543475733264,1.203171439620447,9.35209312859071,0.0012838325721714224,0.10465932856354662,0.3976223890056001,2.937239543836024,1.041939989947251,0.5754544373575075,-0.9034730969890464,0.000107421875,0.4505722672204104,False,True,True,False
pt022,MR1,143_to_142_warp.nii.gz,1.0044693912315277,1.1823468009287081,10.694651881874616,0.002273355983245881,0.12484398692503719,0.46348483700255644,2.927303193050803,1.0427307784536934,0.5804529982243501,-0.4483067618502283,7.01904296875e-05,0.46440929077916576,False,True,True,False
pt022,MR1,144_to_143_warp.nii.gz,1.0758458377951938,1.1976903309259475,8.95719323197056,0.002805868318660928,0.14145389658592436,0.5536080713811458,2.9602967810998133,1.0442397128724379,0.6233290940371027,-0.6302503770010999,0.0001043701171875,0.523426524715908,False,True,True,False
pt022,MR1,145_to_144_warp.nii.gz,1.0515034597860666,1.2300932350055265,10.937597274171395,0.0004960049498940552,0.11422819583290092,0.4914837249121082,2.9663188048145175,1.0399532754198682,0.606985084958168,-1.9503928741042857,0.00016357421875,0.5191468825216229,False,True,True,False
pt022,MR1,146_to_145_warp.nii.gz,1.0298784764858504,1.2311514043201757,12.463142041288505,0.0007313053838050922,0.10705734557305675,0.4669982134046553,2.9659446038318893,1.039897820436293,0.596793844402607,-1.21079010112916,0.000203857421875,0.5171624132522714,False,True,True,False
pt022,MR1,147_to_146_warp.nii.gz,1.0806965504761257,1.2391930363100083,10.95986392486484,0.0012760144524588555,0.12102958511373416,0.5197705796110035,2.9784424807580634,1.0382311412954675,0.6253952539172094,-3.48575650694465,0.00015869140625,0.5619486871015792,False,True,True,False
pt022,MR1,148_to_147_warp.nii.gz,0.9738735761884478,1.2239818584242843,9.12830881259219,0.0015577147970440004,0.10023562503903942,0.38372194647059255,2.951948328650904,1.0415149062210813,0.5802236017611262,-0.6917429545685521,6.591796875e-05,0.46509564532853404,False,True,True,False
pt022,MR1,149_to_148_warp.nii.gz,1.0568397657608193,1.2353896480445972,14.049202167846017,0.001539857970292057,0.10881002409793725,0.5060184300046806,2.9636696791690817,1.0388353119483253,0.6004547866634872,-1.7456732379603683,0.000255126953125,0.5254816015404681,False,True,True,False
pt022,MR1,150_to_149_warp.nii.gz,1.1566921877775713,1.2358387122004582,10.81468336685156,0.0024900380260797035,0.14447584033275954,0.6418676948284289,2.9881197144341396,1.0386559197271281,0.6371509179298931,-0.8517909689068371,0.0001531982421875,0.6011757926096482,False,True,True,False
pt022,MR1,151_to_150_warp.nii.gz,1.1399428442597215,1.216928138769911,11.722646522781238,0.0004309255239316032,0.15401603660245441,0.5954889895134476,2.989942299368012,1.0439183820102982,0.6584633243380782,-0.817695497937726,0.0001324462890625,0.581800533044722,False,True,True,False
pt022,MR1,152_to_151_warp.nii.gz,2.0246642885613655,1.8486876896864823,18.597390232153234,0.004509410904773134,0.3198513538127045,1.4528042406827448,4.538604126034255,1.0285180142284975,0.9322817247357015,-4.4718034453346736,0.003529052734375,1.5610988371465095,False,True,True,False
pt022,MR1,153_to_152_warp.nii.gz,1.1632842762812516,1.2305926927774296,8.16539657907578,0.00239783839417696,0.11976796981273995,0.6376419431728262,3.0328948876147983,1.0405345118898617,0.6348604987815339,-1.1984220917281063,0.0002178955078125,0.6008698295262846,False,True,True,False
pt022,MR1,154_to_153_warp.nii.gz,1.2087920130695209,1.2059298459792511,9.634085805146636,0.0022755029829062685,0.16091993689437434,0.7059337527715894,3.046011168281441,1.0419296219075271,0.6799530416158117,-1.0385253017889988,0.00012939453125,0.6231855188993107,False,True,True,False
pt022,MR1,155_to_154_warp.nii.gz,1.2352809621478928,1.2489126184824741,10.542614939686999,0.002338810477153023,0.1705092384031703,0.7075192175805243,3.1751263082390495,1.0453389334831273,0.7179075270247394,-0.8036679601071002,0.0003173828125,0.6766240974849589,False,True,True,False
pt022,MR1,156_to_155_warp.nii.gz,1.1898178773345922,1.2485726322809443,9.792542056816611,0.0018818928337233155,0.14012364451199352,0.6509167216340592,3.0666867058801013,1.0436869271934242,0.6850035716247617,-2.0325617982122286,0.00034423828125,0.6287101822141056,False,True,True,False
pt022,MR1,157_to_156_warp.nii.gz,2.2592197652623622,2.1505840320927616,21.78649118733548,0.003457293003884213,0.3964322602351091,1.6368201858703326,4.837889953211477,1.0232912715555007,1.0092698777441707,-8.990896679106319,0.0072222900390625,2.0646215118258255,False,True,True,False
pt022,MR1,158_to_157_warp.nii.gz,1.2984073136848742,1.2604722949304434,9.254950078935256,0.0016646075705113808,0.17740722571268103,0.771852316673318,3.324710039642486,1.0423066922107167,0.7118373057621008,-0.9178121366792656,0.000137939453125,0.6866208671043281,False,True,True,False
pt022,MR1,159_to_158_warp.nii.gz,1.059717152919288,1.2062812015389077,10.701155508330384,0.0018800962045966104,0.11295251896351509,0.5143830213295564,2.9569603501953465,1.0400036330421991,0.6015750955412137,-2.0297986063081908,9.70458984375e-05,0.5298068989746593,False,True,True,False
pt022,MR1,160_to_159_warp.nii.gz,1.3834312175992116,1.2702196490573887,11.112351325007483,0.001827059226668471,0.2585377669887504,0.8767316632363344,3.431836060248496,1.04776258142637,0.8463362684467645,-1.2618467404287608,0.0005157470703125,0.8262825294326579,False,True,True,False
pt022,MR2,002_to_001_warp.nii.gz,1.8246822046828814,1.7889772904698056,18.51549133737096,0.008845263661607853,0.35660658808894363,1.2187327005761297,3.921104715857094,1.0491162544934578,1.1057312207679757,-7.785277972812599,0.0017962646484375,1.2503031999852938,False,True,True,False
pt022,MR2,003_to_002_warp.nii.gz,0.9648229164841083,1.190584157558753,13.012029357073585,0.0010921325813452927,0.10520535719832899,0.3872716267966774,2.9245963558474393,1.0395150700644118,0.5603254998776822,-1.153770966921081,0.0001123046875,0.4523311028800986,False,True,True,False
pt022,MR2,004_to_003_warp.nii.gz,1.336482461391106,1.6257887496085788,20.898016044188296,0.0012081676392415206,0.18411700459074742,0.6978969017396968,3.4191664524461505,1.0355266457645265,0.7610747258144509,-4.461769362771227,0.0005523681640625,0.8352618315927453,False,True,True,False
pt022,MR2,005_to_004_warp.nii.gz,1.2363019554329882,1.412453746536791,16.0387181227153,0.0021420997036940338,0.20316453468324752,0.6489822598366539,3.1739068151241265,1.0445346672662421,0.6897482615043824,-0.5440190256643594,8.30078125e-05,0.6268150008450525,False,True,True,False
pt022,MR2,006_to_005_warp.nii.gz,2.721511773737018,3.0250985322623887,29.191286302200233,0.004580319995789402,0.41925275934439854,1.8050300150315501,5.770992594333528,1.025539390120603,1.2269721882775022,-21.745471898027727,0.01537841796875,2.7977563308512554,False,True,True,False
pt022,MR2,007_to_006_warp.nii.gz,2.1260440390768447,1.998602010495192,19.508465932889287,0.004095247374851836,0.5058184981630005,1.5226485438039905,4.235281640082175,1.0507418271545443,1.3838134527123058,-12.64220368822935,0.0042388916015625,1.6179381678229334,False,True,True,False
pt022,MR2,008_to_007_warp.nii.gz,0.8725431918256619,1.1466511061685714,9.091471165018717,0.0007364780689392333,0.08991876014056317,0.3073869113412734,2.8402371800015267,1.0413072780501473,0.5264291527844247,-1.2915894408913304,9.6435546875e-05,0.37473604160084195,False,True,True,False
pt022,MR2,009_to_008_warp.nii.gz,0.8940111188064904,1.1702967622246774,9.68806926793738,0.00051802323893954,0.09462689495981638,0.32276077940956105,2.8716947877337473,1.0407172895107448,0.5335666582356116,-0.705746522923365,8.48388671875e-05,0.40037207788564266,False,True,True,False
pt022,MR2,010_to_009_warp.nii.gz,1.1035377069457386,1.2798003678528707,13.488041431028403,0.0018275830484950559,0.12795151152821643,0.5010365961552588,3.143129291166651,1.03908469974659,0.621937111003121,-3.446321560061998,0.0003839111328125,0.5723303081073987,False,True,True,False
pt022,MR2,011_to_010_warp.nii.gz,1.0184974852530837,1.234280941278539,18.61634212151652,0.0013863549208302202,0.10056474063740474,0.42383166645603126,2.968549380207148,1.0397941951172691,0.6008214853680135,-4.959675217705236,0.00043212890625,0.5047946731901245,False,True,True,False
pt022,MR2,012_to_011_warp.nii.gz,1.4519632408686223,1.5665128777189348,17.86375159641392,0.0011566630381664542,0.17212286421143932,0.8419491665981016,3.61875340587768,1.0380159087403735,0.7257656949858103,-1.799404047222661,0.00067138671875,0.8160430380701365,False,True,True,False
pt022,MR2,013_to_012_warp.nii.gz,1.050788859515851,1.1769931403502694,8.363757264549356,0.0007728796812959865,0.1323438453317954,0.4935944335486272,2.9684364722394894,1.0425104163987082,0.5735711694526533,-0.8347691589274022,6.40869140625e-05,0.4603525161760396,False,True,True,False
pt022,MR2,014_to_013_warp.nii.gz,1.1398561350733045,1.2695689729023842,9.548096321333054,0.001422892528820887,0.13967865269318527,0.5618640532224559,3.13120774255994,1.0383369010149237,0.613117376876806,-1.0424740979045133,0.0001251220703125,0.5558225904341991,False,True,True,False
pt022,MR2,015_to_014_warp.nii.gz,0.9420702673144347,1.13320567462505,9.289508022130523,0.0024212357342300846,0.11717569356944593,0.4049456506805444,2.855796260188199,1.0392069972095974,0.5231653442207492,-0.6707370561636085,6.28662109375e-05,0.3960173530033488,False,True,True,False
pt022,MR2,016_to_015_warp.nii.gz,0.9283041634713969,1.1267340609332006,8.302913300413001,0.0024183467382540304,0.12558716209863205,0.38757940877608743,2.881815021117219,1.043126311220601,0.5174311614702849,-0.3405844052828033,5.0048828125e-05,0.36733987937278023,False,True,True,False
pt022,MR2,017_to_016_warp.nii.gz,0.950269014059392,1.1461179178732581,13.22460756850234,0.0008356788056515453,0.11474538501275819,0.40104990127102935,2.873764661478347,1.0415648165836493,0.5355213775831104,-1.286531455170395,6.9580078125e-05,0.3963640403508483,False,True,True,False
pt022,MR2,018_to_017_warp.nii.gz,0.908631719256062,1.1340947750320642,11.016061063437633,0.0011055541593543976,0.11175654844643117,0.35773149365088974,2.8450403840818685,1.0424139232786909,0.5225809853204046,-0.70738211570122,0.0001055908203125,0.36640531637981566,False,True,True,False
pt022,MR2,019_to_018_warp.nii.gz,1.1156545920785519,1.354761580600694,13.32422417421639,0.002619114469513254,0.149145937285583,0.5194722367873832,3.044618570878634,1.0435031636483456,0.6024613338892607,-1.9340801472035791,8.48388671875e-05,0.515424498577748,False,True,True,False
pt022,MR2,020_to_019_warp.nii.gz,0.980652669427852,1.1925712991705628,10.689742757145051,0.0017774093998197728,0.10497547079577857,0.4130747528663511,2.9374538329446143,1.0408197393360934,0.5577430351791227,-1.1364679464234042,0.0001092529296875,0.44398677958405125,False,True,True,False
pt022,MR2,021_to_020_warp.nii.gz,1.0788649329525593,1.217199801935309,12.354081165702095,0.0030891120304676546,0.130781844913396,0.5271995994482589,2.978283516994745,1.0359666097380544,0.6010004315274684,-3.7381173809192996,0.0003009033203125,0.5178990157788882,False,True,True,False
pt022,MR2,022_to_021_warp.nii.gz,1.1547702716828565,1.2594062185931674,10.137083637556636,0.00318167328317577,0.13687329314860744,0.5806965500741017,3.171713092186052,1.0397927039848835,0.6211289965404445,-1.3242707424103237,0.0001678466796875,0.5471880001320157,False,True,True,False
pt022,MR2,023_to_022_warp.nii.gz,1.3097126771482435,1.473748772525467,14.53657471263209,0.0008650582541983583,0.1951776436798273,0.7190011905172073,3.298070452317445,1.0434565932705389,0.7329410681461855,-2.482123144926108,0.0003106689453125,0.6866511023475467,False,True,True,False
pt022,MR2,024_to_023_warp.nii.gz,1.0489273368089076,1.252481065224567,12.214028526336858,0.002094165385433155,0.12967735018785506,0.45813387881048273,2.9930720495335477,1.0385990211360394,0.6051064086283849,-3.0340262020245388,0.00036865234375,0.5388917293695765,False,True,True,False
pt022,MR2,025_to_024_warp.nii.gz,0.8950979811492717,1.190098352190693,10.318949646613628,0.0019877876572351677,0.09010747015093289,0.2929333609014633,2.9019097972433716,1.040748448785363,0.5544892241868417,-4.944694577027619,0.000340576171875,0.42068749547791234,False,True,True,False
pt022,MR2,026_to_025_warp.nii.gz,1.0753729224000361,1.2643964522620728,10.356109620652852,0.000610295218212912,0.13871128262912832,0.49298818244479536,3.032697873527753,1.0379896738429817,0.5997952922415523,-1.3450162898512503,0.0001904296875,0.5334416015516207,False,True,True,False
pt022,MR2,027_to_026_warp.nii.gz,0.915947258278492,1.1766639930126523,10.46923099439166,0.001310420645096276,0.10091752137298879,0.32642317640894836,2.891632256520498,1.0400399874692017,0.5444111432444984,-1.60100585109799,0.0001708984375,0.4137886370228563,False,True,True,False
pt022,MR2,028_to_027_warp.nii.gz,1.079713580591876,1.2665280521515763,11.640823084247016,0.0020740890470517677,0.15234916561145292,0.4923613777560584,2.998050277437779,1.0437035270271457,0.6204464532370654,-3.6997121204274213,0.0001904296875,0.508392833753346,False,True,True,False
pt022,MR2,029_to_028_warp.nii.gz,0.9275069713559493,1.1672442455545857,10.288280188140602,0.0012365392573409168,0.105187779687032,0.34928285500711365,2.9008987594303908,1.0425950594350422,0.5402988863517801,-0.9042959205700015,0.0002337646484375,0.4078761724761452,False,True,True,False
pt022,MR2,030_to_029_warp.nii.gz,0.9972147954978103,1.2033443348958444,10.187738661335342,0.0017608215448154942,0.1133370678495659,0.41390896262749327,2.9594767547998386,1.0432275244999325,0.5998111882986864,-3.5581964165599054,0.00034423828125,0.47210140526302075,False,True,True,False
pt022,MR2,031_to_030_warp.nii.gz,0.9313852713670195,1.185672569667818,11.129847655105804,0.0015049220584925041,0.09528606480384906,0.36120810193723807,2.8981274080358075,1.0404964739302442,0.5565523300945855,-1.528170481286707,0.000250244140625,0.43498819128158844,False,True,True,False
pt022,MR2,032_to_031_warp.nii.gz,2.25969301648513,2.6667420350433386,27.666033849879483,0.006989094026471104,0.3299746962338536,1.3933420938810401,4.814566462190691,1.027391050323872,1.0938085707359144,-16.063610489085715,0.0087103271484375,2.14444317850043,False,True,True,False
pt022,MR2,033_to_032_warp.nii.gz,1.635746479779766,1.7543848508530508,20.55215282052269,0.003853109388575836,0.3297859629075201,0.9919426108211105,3.713546153130224,1.047802339389773,1.000921406233002,-7.467481630591605,0.001199951171875,1.0818056180329088,False,True,True,False
pt022,MR2,034_to_033_warp.nii.gz,1.3566314777894097,1.656775256905462,19.769728993820003,0.003030104579349752,0.1924903291331047,0.6949939725326122,3.473677110144096,1.0349546337557354,0.8133308266868139,-2.6930000481349587,0.00052978515625,0.8449988771034094,False,True,True,False
pt022,MR2,035_to_034_warp.nii.gz,0.9250937996489317,1.127671347231545,8.004147829692753,0.0020364877398403626,0.12333797529745337,0.3854053502347812,2.876090660656208,1.0428421378374815,0.5199669783900172,-0.6614652981096723,2.50244140625e-05,0.3600590093976419,False,True,True,False
pt022,MR2,036_to_035_warp.nii.gz,0.944001250695643,1.1674195187819951,8.896808439349863,0.002900862050591724,0.11928353372192782,0.3919239162315251,2.910849175271821,1.0428557926224868,0.5321312512871106,-0.5812092375605828,3.662109375e-05,0.38457458063971095,False,True,True,False
pt022,MR2,037_to_036_warp.nii.gz,0.8832772920164581,1.1506617957205119,11.554929004353093,0.0008059108126129271,0.09644694627982947,0.3370353723068814,2.8265953508777506,1.0415491852287015,0.5242573586114411,-1.7124968667227913,0.0001336669921875,0.3836931646563032,False,True,True,False
pt022,MR2,038_to_037_warp.nii.gz,0.8403273830086881,1.1307240097374158,9.962344264454858,0.0012665665260013252,0.0909647994023829,0.2875901852485735,2.808234797191853,1.0415546904163688,0.5014741439686847,-0.6174550336466637,4.8828125e-05,0.34235354098006526,False,True,True,False
pt022,MR2,039_to_038_warp.nii.gz,1.1599341393555698,1.3223428246488707,12.150263484487526,0.0023816229447378456,0.15647407363972615,0.583167840268817,3.1433725197975795,1.0361450858002375,0.640996904843854,-1.8485022104132702,0.00016845703125,0.6121961807067676,False,True,True,False
pt022,MR2,040_to_039_warp.nii.gz,0.9114904778626804,1.1361896311547124,9.357411130579978,0.0012525374158973092,0.10883943879634748,0.3600175392611845,2.841442423799844,1.042581702587279,0.5334687783789721,-1.258931098058507,0.0001416015625,0.38350579165786514,False,True,True,False
pt022,MR2,041_to_040_warp.nii.gz,0.8811534559310487,1.1599327008089646,11.206198316932309,0.0006537758957558421,0.09593146603871434,0.31386842472532983,2.847577279086619,1.0408305779824074,0.529780893740517,-1.6914427660452225,0.000108642578125,0.3907351959431217,False,True,True,False
pt022,MR2,042_to_041_warp.nii.gz,1.1563884558804913,1.323896853441316,11.730138085768543,0.0024048131759193654,0.15776430237763567,0.5754109904695315,3.1556530353994177,1.0378133574519,0.636258523581931,-0.5145700564633043,0.0001239013671875,0.5978959747182122,False,True,True,False
pt022,MR2,043_to_042_warp.nii.gz,1.5982871769706377,1.6956026729062117,18.645383385420903,0.004009035614293436,0.308882612222935,0.991547255155671,3.6502136009027812,1.0475946698435765,0.9544320055000772,-4.803024021051029,0.0010198974609375,1.0476904745301072,False,True,True,False
pt022,MR2,044_to_043_warp.nii.gz,1.3375189671514462,1.506342321422702,15.936137661620544,0.003183767143548949,0.17294422749990299,0.7085649719103426,3.5080108474618688,1.0363106822059687,0.7401403867923069,-6.1000120357119165,0.0004217529296875,0.8188195704762741,False,True,True,False
pt022,MR2,045_to_044_warp.nii.gz,0.8858323241706196,1.160937775637399,12.033825055447098,0.0014455709866445534,0.09238605336402303,0.3130563196995405,2.854842925482622,1.0411432431963108,0.5259882679033899,-0.9425236586529863,0.0001507568359375,0.39716654836711807,False,True,True,False
pt022,MR2,046_to_045_warp.nii.gz,0.9029108355620886,1.1650658649856027,13.398415942960197,0.0014436747487247307,0.09978668352873844,0.3441395466252696,2.8522435782870024,1.0402999388510488,0.5311481742859825,-3.6576382755177974,0.0001690673828125,0.4047620951452832,False,True,True,False
pt022,MR2,047_to_046_warp.nii.gz,1.1066640889607968,1.2816571771832248,11.054329109717964,0.0015133829273215548,0.15251406008884832,0.5306350600821003,3.016656105180653,1.043194331942045,0.6158286628255996,-1.032087710417511,0.0001226806640625,0.49763238590012454,False,True,True,False
pt022,MR2,048_to_047_warp.nii.gz,0.8648067481731675,1.1485121101110447,10.756867027230664,0.0016889234392073865,0.09496981873897115,0.30385972987082555,2.81836420010439,1.0404361709936396,0.5200509926597173,-0.9056670655569,0.000162353515625,0.37654969747935146,False,True,True,False
pt022,MR2,049_to_048_warp.nii.gz,0.9139727739397844,1.1866048924523394,13.188752124634426,0.0012388563777985142,0.09751085554623341,0.3223560276951445,2.9030602406145203,1.039953045117974,0.5401882805212471,-2.152763738100402,0.00011474609375,0.4144970306134954,False,True,True,False
pt022,MR2,050_to_049_warp.nii.gz,1.2855939811146817,1.4525473430416243,13.66438220189444,0.0019521857825809945,0.17719528641286988,0.6682785543857734,3.3582861404353626,1.0359762847204697,0.7271537580476498,-1.5444871304211891,0.0003961181640625,0.7584363339494599,False,True,True,False
pt022,MR2,051_to_050_warp.nii.gz,1.3023409222158355,1.5326276941350379,15.940700689742938,0.0024290491134349606,0.2131923601550932,0.6816404916789662,3.292713701796711,1.04508389128537,0.7372795381725907,-1.2426890223788243,0.0002783203125,0.7070112039396464,False,True,True,False
pt022,MR2,052_to_051_warp.nii.gz,0.9502992420320358,1.16885823613347,10.375031387049903,0.0007075385892026305,0.10528678351270748,0.3920594266181262,2.893683553711504,1.0429637658554027,0.5606315462688843,-4.162458691937553,0.000205078125,0.4319635196221611,False,True,True,False
pt022,MR2,053_to_052_warp.nii.gz,0.8319830237131925,1.1437837824056187,8.648512707162997,0.001001891444120077,0.08566400135865429,0.2760021142335335,2.8145158655414755,1.0415186519075839,0.5131275909137664,-2.1226688143230743,0.00010009765625,0.3502875413973745,False,True,True,False
pt022,MR2,054_to_053_warp.nii.gz,0.8262034746609352,1.1385856508977878,7.7389029365439,0.0009906787135766657,0.0863595783055151,0.2738629905594235,2.811509233161866,1.041860996298045,0.5029329638631435,-0.7102144487807296,6.77490234375e-05,0.34029789835416124,False,True,True,False
pt022,MR2,055_to_054_warp.nii.gz,1.198644150747628,1.4461918836836556,16.589207648121697,0.0016058094429022827,0.1605127326960089,0.5895390557660816,3.2092636040712454,1.0356308293451029,0.6908717972156018,-0.6771634464929976,0.00012939453125,0.6510972243951463,False,True,True,False
pt022,MR2,056_to_055_warp.nii.gz,1.5994455954885356,1.8630342489903695,22.876845890962922,0.005051952265606328,0.23127311616502266,0.8916059486225946,3.770458259100533,1.0333701620583338,0.8574461733303598,-19.194790907471237,0.001280517578125,1.1313983133655319,False,True,True,False
pt022,MR2,057_to_056_warp.nii.gz,1.6672254891541711,1.7944773380140804,21.831322689479226,0.005439603524290862,0.3412449732432312,1.0281166518856026,3.722243690015477,1.0485168363490722,1.0218942662412906,-9.999911428240168,0.001329345703125,1.1196218977043517,False,True,True,False
pt022,MR2,058_to_057_warp.nii.gz,0.8963986142965952,1.1641273005175656,11.838315508315077,0.0010882452116283425,0.10101633812076834,0.3334226406177748,2.8503389232989553,1.0401024473994136,0.5325881228409818,-1.1968946050438996,0.0001348876953125,0.3972896459296831,False,True,True,False
pt022,MR2,059_to_058_warp.nii.gz,0.9400978163983393,1.1337378633867257,10.375804470929761,0.0010657216609404692,0.11013301586980713,0.4015897953401159,2.839451564077062,1.0411079200697717,0.5204203766885676,-0.8882223990338068,8.6669921875e-05,0.3788479941757821,False,True,True,False
pt022,MR2,060_to_059_warp.nii.gz,0.8361502698166273,1.131486345800076,7.592790126404925,0.0011668061265541494,0.09247049450825573,0.2872319803168061,2.7978702202960375,1.0404427207809928,0.5085119986466091,-0.23119204531401572,2.74658203125e-05,0.3430511243507932,False,True,True,False
pt022,MR2,061_to_060_warp.nii.gz,0.9055497893126511,1.1508727171113755,8.77833734639559,0.00097376830429275,0.10018477933544997,0.35367477142499787,2.8562855322431973,1.042585466978845,0.54474138860347,-1.6283890660056777,4.638671875e-05,0.38235113819875194,False,True,True,False
pt022,MR2,062_to_061_warp.nii.gz,1.1851718425170583,1.4066354803385641,14.74323483581626,0.0031352355345018036,0.15159763903414492,0.5728625556114157,3.2444339102638966,1.0380670324359627,0.6766347946670066,-1.7323679005149983,0.0001751708984375,0.6342262640347343,False,True,True,False
pt022,MR2,063_to_062_warp.nii.gz,1.085506081589626,1.2503849469762414,10.112626016360991,0.0013514416692002088,0.13763624714967934,0.5070090397261128,3.057000619337544,1.0368088462231404,0.5962145649096233,-0.5348311316644316,0.000164794921875,0.5314674037548971,False,True,True,False
pt022,MR2,064_to_063_warp.nii.gz,1.3453173932221008,1.5634587490530139,17.09745317115358,0.003024082382041188,0.2243847516994268,0.7268161295403002,3.37063624384732,1.0445361931220958,0.7653013579057238,-2.4276500860364516,0.000257568359375,0.737050645101971,False,True,True,False
pt022,MR2,065_to_064_warp.nii.gz,1.2268158196774015,1.3841262991591436,13.566247364021331,0.0028699051130400407,0.14851397422773469,0.6160263570138611,3.358251973859164,1.038739025300859,0.6635580844182709,-1.457541096111955,0.00031494140625,0.6325198105849387,False,True,True,False
pt022,MR2,066_to_065_warp.nii.gz,1.516633182107377,1.8216689091901253,23.859150921537857,0.0030573681205518827,0.2187488133037105,0.8672525877945809,3.615873507611097,1.032254579120749,0.7836347211882132,-4.16618352209873,0.0013751220703125,1.0383958156757171,False,True,True,False
pt022,MR2,067_to_066_warp.nii.gz,1.5123805133099038,1.670225110655233,17.31401693453915,0.0057417817661337064,0.2765170953897248,0.8840302655147562,3.5670615047444674,1.0462821483255782,0.8959810050663495,-3.927262374652192,0.000716552734375,0.9374961025354199,False,True,True,False
pt022,MR2,068_to_067_warp.nii.gz,0.9156311857692156,1.1660476715217671,9.027083862755902,0.001640877696289163,0.1012538872971863,0.33415323004743636,2.8921910109962155,1.0419258927718638,0.5455293103431468,-1.9582275777313891,0.0002227783203125,0.39535523679541185,False,True,True,False
pt022,MR2,069_to_068_warp.nii.gz,0.9843766304106315,1.2022764169160167,10.33505399470802,0.0016761530954819159,0.11714882722370945,0.4083819084202782,2.9529135536546436,1.0393339342971055,0.5790511023735208,-1.1862400997283271,0.000115966796875,0.4667101583725678,False,True,True,False
pt022,MR2,070_to_069_warp.nii.gz,0.8982225313917505,1.1585354189997148,12.081130451484114,0.000233640744995274,0.10024390218835101,0.32540129780217064,2.8546192550241916,1.0424387738751664,0.5367705324851697,-0.6094396880436393,0.000107421875,0.3940559833322606,False,True,True,False
pt022,MR2,071_to_070_warp.nii.gz,0.9806452165833338,1.1941938724541952,12.875152138173876,0.002211135490005988,0.12108834327348464,0.40347202518518194,2.955920075649224,1.0432191303142089,0.5665671254071547,-2.5357549951221787,0.000147705078125,0.4338010066674232,False,True,True,False
pt022,MR2,072_to_071_warp.nii.gz,0.8674594456928354,1.1778978248433523,12.922442427913724,0.0012307001289380802,0.08634010995300585,0.2778104187625601,2.862350638360833,1.0408253305678523,0.5348201599793635,-0.9465635290222775,0.0001239013671875,0.39261610802906544,False,True,True,False
pt022,MR2,073_to_072_warp.nii.gz,1.0310086533113911,1.2394063926206482,9.327467998008053,0.0022061564900677645,0.12686332626222047,0.4516905510313946,2.972351739599834,1.0388135761945905,0.5979440871404526,-0.8435471273760374,7.87353515625e-05,0.4917511956596943,False,True,True,False
pt022,MR2,074_to_073_warp.nii.gz,1.2440898272247092,1.3979987947365564,12.413313467104194,0.001715069852333118,0.15490394095286844,0.6333854125342624,3.379350780154481,1.0382293621390934,0.6710280928307555,-1.8092420598192043,0.0002667236328125,0.6398992317287063,False,True,True,False
pt022,MR2,075_to_074_warp.nii.gz,1.2833181418142268,1.4802396458432538,15.53436179435779,0.0015999758481768866,0.20459022651809955,0.6724460308768234,3.288602445173687,1.0452914979486083,0.7251438372137621,-1.5430383946245252,0.0002630615234375,0.6845721893114404,False,True,True,False
pt022,MR2,076_to_075_warp.nii.gz,0.983083698088694,1.1912136437873886,13.786875861455796,0.001627167403955294,0.10512328223384622,0.4128993523006961,2.9127351464405846,1.0387707925994925,0.5614137395744213,-2.744102321444696,0.000362548828125,0.4459653537722156,False,True,True,False
pt022,MR2,077_to_076_warp.nii.gz,0.9397890328872566,1.1957852501374897,9.282026426442629,0.0010070158595096637,0.10083932301267903,0.3507320134889538,2.9310571927536877,1.0427254383160685,0.5661114789270197,-5.275105302155007,0.00032958984375,0.44018234380005283,False,True,True,False
pt022,MR2,078_to_077_warp.nii.gz,0.984631370842735,1.2131224857258027,11.350642713328067,0.0006949564461690807,0.11446967664585478,0.39374994047493905,2.95983151869353,1.0393203918275258,0.5947511945614812,-2.801427616133705,0.0003143310546875,0.481532719895021,False,True,True,False
pt022,MR2,079_to_078_warp.nii.gz,0.904092589287901,1.1802560047031465,11.807805464527418,0.0012373796692890023,0.09881148112025984,0.32681962023384936,2.886479526444813,1.0423917757225036,0.5611907872557457,-1.5046202740248458,0.0001898193359375,0.40089797780584635,False,True,True,False
pt022,MR2,080_to_079_warp.nii.gz,0.9037744920186179,1.1715157598003725,11.13213378997799,0.0019252902054135998,0.10273783033039868,0.33524142505835963,2.8851324984684403,1.042536727075165,0.5604633217193443,-2.1179122100089156,0.0001708984375,0.3916570776361741,False,True,True,False
pt022,MR2,081_to_080_warp.nii.gz,1.4962893185757047,1.786664144781416,22.08147813276204,0.0019372252503200853,0.20390261946986588,0.8069941267633098,3.6777271955702244,1.0347682767118491,0.8279619062707144,-9.348445970610191,0.0015264892578125,1.0550343664373796,False,True,True,False
pt022,MR2,082_to_081_warp.nii.gz,1.3004805268618114,1.4783533182645496,16.281067662001785,0.0003262040384898589,0.2136218827595916,0.6866414703240546,3.328815961647249,1.045308078810268,0.745719353181762,-1.4562762655557764,0.0003070068359375,0.7207950391877879,False,True,True,False
pt022,MR2,083_to_082_warp.nii.gz,1.273504850374385,1.512364806990965,17.509399708585164,0.002177272187675946,0.16715156706016362,0.6312089841058153,3.4000484030701936,1.0367177446428613,0.7405633884441544,-3.381008280788827,0.0005938720703125,0.7529451776161102,False,True,True,False
pt022,MR2,084_to_083_warp.nii.gz,1.1507318286226735,1.3167300630687484,15.136735117467106,0.0015816481427807882,0.1729237744470529,0.5571460772648762,3.1051629822446927,1.044736287139736,0.6461725110357887,-1.7189418239585517,0.0001470947265625,0.5704856303371131,False,True,True,False
pt022,MR2,085_to_084_warp.nii.gz,1.3223826424474874,1.5927598900758504,18.436083994683106,0.0011101516013804218,0.17234371126835196,0.658395214917249,3.4883240066834214,1.0363837224205876,0.7407271494422847,-2.9510944803023422,0.000633544921875,0.7975717741337596,False,True,True,False
pt022,MR2,086_to_085_warp.nii.gz,0.9404857983458643,1.139077308117091,10.335619782309209,0.001967068560246504,0.11407045298142214,0.38675242415815236,2.873059450981784,1.0421742046121338,0.5412362912483402,-0.20790767651601744,7.75146484375e-05,0.3919806833215619,False,True,True,False
pt022,MR2,087_to_086_warp.nii.gz,1.562659832610469,1.8451663612861187,23.124056265455675,0.0017228523487448273,0.22098827454638975,0.8553218695041507,3.737046706788746,1.0328818182605997,0.8254824709282408,-13.408207497455379,0.0014630126953125,1.0934078180613997,False,True,True,False
pt022,MR2,088_to_087_warp.nii.gz,1.6817876010966342,1.7545347344887325,19.980235340343647,0.006497266273457302,0.34411087768776916,1.041792166965648,3.7664293189262854,1.0485145886888239,1.0372461022569202,-10.200494451030623,0.0015576171875,1.1268640646243206,False,True,True,False
pt022,MR2,089_to_088_warp.nii.gz,0.8628069032602241,1.1743013601535326,10.752652248761592,0.0013686327187874855,0.0858389735772017,0.2825376287623517,2.855757329341058,1.0412061204373366,0.5298393683699952,-2.5325401175183226,0.0002337646484375,0.3898403687698645,False,True,True,False
pt022,MR2,090_to_089_warp.nii.gz,0.9282416193339593,1.1736931506744295,11.452420321393218,0.0004777029977513289,0.09477686384896948,0.367773180830285,2.8758282330273484,1.042237794480863,0.5468254121718811,-1.8706110946545256,0.0001885986328125,0.40218064286785693,False,True,True,False
pt022,MR2,091_to_090_warp.nii.gz,1.1976212084295283,1.3142071717081474,11.695532007760207,0.0014652720808456818,0.1596643317229651,0.6500637741398725,3.119822674173016,1.0342334567157405,0.6532333692805915,-0.6494317834813841,0.0001873779296875,0.6226755533814651,False,True,True,False
pt022,MR2,092_to_091_warp.nii.gz,0.8755596482109625,1.115006643044519,9.390810260694458,0.001027525078761425,0.10524940216496413,0.33961970111563977,2.790705935785195,1.0421298863788409,0.5054263056205882,-1.1723154052512776,4.7607421875e-05,0.3515846541124902,False,True,True,False
pt022,MR2,093_to_092_warp.nii.gz,1.2339541660768156,1.4304638679960227,16.143118702591188,0.001995132467688343,0.1644818135176584,0.6265901381133502,3.3192319553177962,1.0376340670355688,0.6811183443785342,-3.6884714735853614,0.000521240234375,0.6831230097706767,False,True,True,False
pt022,MR2,094_to_093_warp.nii.gz,0.9641240092785999,1.1388842959244128,8.705367143639645,0.0009899058280837193,0.11241908662880641,0.4145541328409348,2.8480500244096913,1.0427964166787265,0.5382878777846309,-0.5083387473758264,4.39453125e-05,0.3868485988270205,False,True,True,False
pt022,MR2,095_to_094_warp.nii.gz,0.9077667106259889,1.1688226737397334,13.43601692795174,0.001339358930136128,0.10518086870493415,0.34235466982983775,2.8750943114383536,1.039792635297342,0.5324179522794724,-1.8517999988122027,0.000159912109375,0.4040812647403636,False,True,True,False
pt022,MR2,096_to_095_warp.nii.gz,1.0859951219675517,1.258403762628256,10.086685508558256,0.0008641527525410752,0.14454235196479698,0.5051909868286726,3.006693526503296,1.0434078522556787,0.5899138527106703,-1.0403297114264118,7.99560546875e-05,0.4783441141992718,False,True,True,False
pt022,MR2,097_to_096_warp.nii.gz,0.9317302967336698,1.1498508558714546,10.829218647189355,0.0017753773449707036,0.10354969886136733,0.3766564163667107,2.854694680988252,1.0407788376675684,0.548750005839126,-1.6892306988467742,0.00012451171875,0.3982341705535209,False,True,True,False
pt022,MR2,098_to_097_warp.nii.gz,0.8714934144133951,1.1809993873037288,17.04488828994133,0.0006588358402115991,0.0940071866736309,0.29877845123085284,2.843008252012004,1.040210664121985,0.5276262599449782,-1.4877932918314407,0.0002392578125,0.3877206204887724,False,True,True,False
pt022,MR2,099_to_098_warp.nii.gz,0.8319685938003042,1.1508758671085821,10.110157315357169,0.0016840785032205686,0.08624214333435959,0.2645775553581039,2.822080388136809,1.0410656148800443,0.5065499667465447,-0.54143433023648,6.7138671875e-05,0.3520696097359658,False,True,True,False
pt022,MR2,100_to_099_warp.nii.gz,0.8353257074667314,1.1545477017311043,10.117370454879323,0.0009823987557837787,0.08740610132567116,0.26977191183900406,2.818732077893362,1.0411329973334111,0.5137611014355529,-0.39789975203100153,4.08935546875e-05,0.35821089691404107,False,True,True,False
pt022,MR2,101_to_100_warp.nii.gz,0.9588258360552253,1.1988094962274438,12.164644516134874,0.0013553840268697673,0.1112177774877038,0.3768390935887911,2.9433796944227266,1.0395461367309082,0.5696247557538567,-1.873011590036674,0.0001788330078125,0.43958859464906164,False,True,True,False
pt022,MR2,102_to_101_warp.nii.gz,1.1334701184194114,1.3408212252978844,12.568699523711347,0.002478017206814971,0.15215289246141345,0.557002162494348,3.1021446425464765,1.0447556852468756,0.6194989210456173,-1.8897741500728968,0.0001763916015625,0.5339280922916768,False,True,True,False
pt022,MR2,103_to_102_warp.nii.gz,1.0575711310184126,1.2310263210511936,10.008827021375973,0.001128542705396882,0.13486756032577074,0.499087497987282,2.9714295137959326,1.0374214214893214,0.5998346133237551,-1.6246648682327371,0.0001239013671875,0.5120583028454125,False,True,True,False
pt022,MR2,104_to_103_warp.nii.gz,1.2231229209660406,1.4155054850971678,14.471339967322555,0.0022157386502639634,0.16993201555856918,0.6113300230432951,3.2737808542447397,1.0363207245638864,0.695138748587639,-1.1844288411718509,0.0001861572265625,0.6674153240149004,False,True,True,False
pt022,MR2,105_to_104_warp.nii.gz,1.3888336679646136,1.58346347969284,15.796228127030435,0.0042934168651798,0.2416820889767225,0.7586301217312708,3.4526920463397026,1.0454820314259614,0.7970999277243938,-5.552492612053275,0.0002313232421875,0.7869825467112027,False,True,True,False
pt022,MR2,106_to_105_warp.nii.gz,0.9481805086199874,1.1737304420879835,10.52836684173142,0.0018148986003489092,0.1159598891951177,0.3897023085555307,2.9145423109982134,1.0390827913192535,0.5453953702312164,-0.4132424869019319,0.00010498046875,0.4239542633013623,False,True,True,False
pt022,MR2,107_to_106_warp.nii.gz,1.3200666237106944,1.5152498272797277,17.417093499314202,0.004606429762059784,0.18951228197832232,0.6932108354710806,3.413609660734361,1.0353648555171544,0.7392576492959011,-3.7130181101927398,0.000533447265625,0.7882525786587173,False,True,True,False
pt022,MR2,108_to_107_warp.nii.gz,1.2975517547798197,1.4707510030690347,14.357667236955606,0.0024204059166685753,0.21833582698148368,0.6814643452727387,3.3161950559780102,1.0452099861491504,0.7335661171930747,-3.2958492043641554,0.0002679443359375,0.6834763185636384,False,True,True,False
pt022,MR2,109_to_108_warp.nii.gz,1.1126503293207728,1.3041520266190252,10.947252456845302,0.0018259962019114959,0.15103610175880486,0.5216733217279425,3.0878616186255474,1.0444174090201752,0.6207061090870521,-1.1356628466632472,0.000164794921875,0.5382586484165379,False,True,True,False
pt022,MR2,110_to_109_warp.nii.gz,0.8955930457250387,1.1790104983422172,10.821706339056416,0.0017566674774807671,0.0920600699423905,0.32341651513924335,2.8634142195455192,1.0411201937140568,0.541878087861818,-5.075163463676483,0.000272216796875,0.4150050748082096,False,True,True,False
pt022,MR2,111_to_110_warp.nii.gz,1.0583834676580308,1.2456761214019256,10.374490717896965,0.002762117326175909,0.1280764558914225,0.46876259325033665,3.023651714709615,1.0388478336538136,0.6106923326973449,-0.8184309215388452,0.0001708984375,0.5178713587068179,False,True,True,False
pt022,MR2,112_to_111_warp.nii.gz,0.9122662981662947,1.1699841797784494,12.705341704330637,0.0017938529281332262,0.10010603890099572,0.34535847331153385,2.865538774021464,1.0418404150649234,0.555639627984454,-2.00757873196957,0.00021484375,0.4157355368945743,False,True,True,False
pt022,MR2,113_to_112_warp.nii.gz,0.9384622145485377,1.1693902940084813,10.351028774566975,0.0015948642017101708,0.1120732420117182,0.36359950243741274,2.8974980126870444,1.0427392554731403,0.563593669496709,-1.9201246024683796,0.00023193359375,0.41757065328874077,False,True,True,False
pt022,MR2,114_to_113_warp.nii.gz,1.1270592619791477,1.2985407970008935,13.145051257239647,0.0016101275798477476,0.13538315893799266,0.5434724488641611,3.146353399900686,1.0391847662622544,0.6284085112892626,-1.4097055743430411,0.0001617431640625,0.5604687264105261,False,True,True,False
pt022,MR2,115_to_114_warp.nii.gz,0.8849713373090979,1.1611617372519654,13.805597958513056,0.0015653421678269483,0.09379302130209308,0.3303537672380349,2.8181841364979263,1.040609965639296,0.5125202940454974,-1.4482702203852695,0.0001763916015625,0.36809194340016704,False,True,True,False
pt022,MR2,116_to_115_warp.nii.gz,1.2100828394306284,1.378352008295959,14.405663877913714,0.002486341214412572,0.16869402240293585,0.6419842654288161,3.182807434832835,1.0348047518934043,0.6962258384111084,-2.0475039445062504,0.0002520751953125,0.657399999719138,False,True,True,False
pt022,MR2,117_to_116_warp.nii.gz,1.1406300937843008,1.2659398402576185,10.542685316615305,0.0017993111764381129,0.15882421709024536,0.5842034992782186,3.086159288062823,1.0444049273950127,0.6245955569478475,-2.29897382931489,0.0002294921875,0.5286952400010257,False,True,True,False
pt022,MR2,118_to_117_warp.nii.gz,1.2738264563173018,1.4933116532537862,15.869949263971264,0.0022646814619144686,0.17338191850480242,0.6426227378431523,3.375901582548012,1.0360364716688666,0.7211188794204524,-4.0897559586937815,0.0003497314453125,0.7378366376630318,False,True,True,False
pt022,MR2,119_to_118_warp.nii.gz,1.0013126636114902,1.1866950432723975,13.948334835491616,0.001136725067245907,0.11639712022992466,0.4227574396156716,2.918196633995969,1.0418419986721488,0.5717369690776005,-1.158721068740397,0.0002471923828125,0.4541353674114001,False,True,True,False
pt022,MR2,120_to_119_warp.nii.gz,1.1798727221437424,1.3471800876414088,11.78439031431595,0.001698866493371821,0.17005011610486956,0.5856685825368959,3.1494119351195833,1.0429582905595474,0.6514410742156928,-2.736959010653275,0.000194091796875,0.562066921250766,False,True,True,False
pt022,MR2,121_to_120_warp.nii.gz,0.8655791048424072,1.1508018811613694,10.712325623881553,0.0012756680514221103,0.09505918679924773,0.3102991451152968,2.8233594699262903,1.0421664155911396,0.5220155566995295,-0.6384956711054587,0.0001092529296875,0.37581653482335187,False,True,True,False
pt022,MR2,122_to_121_warp.nii.gz,1.842160807089363,2.1139605352407513,24.73860260196454,0.003170823240336006,0.26244497102965975,1.114532007385814,4.070546190322387,1.032467747950334,0.9279438447771882,-10.776940915703324,0.002542724609375,1.4429962185820226,False,True,True,False
pt022,MR2,123_to_122_warp.nii.gz,0.9558279848578505,1.1547572683059064,14.769627643890999,0.0020698952376079324,0.12130956454960694,0.3960591834331493,2.888134804822809,1.042358510654915,0.5378513035101393,-0.7975470521596731,0.0001287841796875,0.4112309204793603,False,True,True,False
pt022,MR2,124_to_123_warp.nii.gz,1.1679519688717048,1.3756565102422962,12.247071099173251,0.0036287885719385286,0.16689785893351383,0.5570238872639999,3.160704335481794,1.0438821197901238,0.6382420384189001,-4.090431946348696,0.0001995849609375,0.5555783591073351,False,True,True,False
pt022,MR2,125_to_124_warp.nii.gz,0.9933696421244556,1.2035242178296046,12.97262648413314,0.0009026806238432279,0.12116075158812403,0.419493133013177,2.94829084085567,1.038452474994434,0.5612026717082839,-0.5662329799165963,0.000123291015625,0.4616450266427282,False,True,True,False
pt022,MR2,126_to_125_warp.nii.gz,1.138202854351619,1.3782383288044602,12.855901924830064,0.002815369538335086,0.1534489528917718,0.5157097841307984,3.155805956616913,1.0433496987180555,0.6431178540586616,-6.252848967243675,0.000223388671875,0.5387743218850194,False,True,True,False
pt022,MR2,127_to_126_warp.nii.gz,0.8978416340004186,1.1623673781709825,9.574279750005891,0.0022533476931192423,0.10075419075441552,0.32452257239792653,2.8642533435052164,1.0421426969028684,0.5478044429618448,-3.713954436166409,9.521484375e-05,0.39820962068668464,False,True,True,False
pt022,MR2,128_to_127_warp.nii.gz,1.5901945199011356,2.071669807154782,25.704959153213085,0.002913302151794673,0.21344010128232282,0.851821151850471,3.7274925639076715,1.0342446213523504,0.8967824154317842,-10.245810025689169,0.001875,1.2278047743105762,False,True,True,False
pt022,MR2,129_to_128_warp.nii.gz,1.0734341306443667,1.2538235437792737,10.30461281787244,0.0010852964059426924,0.13819168919528615,0.48386450326815295,3.0615884257450463,1.0379855624913006,0.5935526035384209,-1.2150262259507316,0.0003680419921875,0.53129702879204,False,True,True,False
pt022,MR2,130_to_129_warp.nii.gz,1.1048302091931366,1.2895205041340974,11.90390666927473,0.002659047077296477,0.15930358847909834,0.5095309734595102,3.0920643551552596,1.0436674738443692,0.6165118959674181,-1.5351252726983555,0.00017333984375,0.5083643298224905,False,True,True,False
pt022,MR2,131_to_130_warp.nii.gz,0.9067729649969917,1.193118767854139,12.630233798308065,0.0009670622682498522,0.09860438066043654,0.3209653425306823,2.895837066074732,1.0417654884710585,0.5604539198136254,-7.684047959193998,0.0003521728515625,0.41845353236656363,False,True,True,False
pt022,MR2,132_to_131_warp.nii.gz,1.0485100138815855,1.2389818172547653,11.212974712939854,0.0025000688090175676,0.13219286917646417,0.4556778995327848,3.0189719821439622,1.0423940546525923,0.6000217736570541,-2.5614314012450667,0.00033203125,0.4939719237095319,False,True,True,False
pt022,MR2,133_to_132_warp.nii.gz,0.9720923976699437,1.235130774173425,11.337765738326924,0.001803912224901259,0.10226980822109112,0.3579862364665656,2.9676888877174292,1.0409376588948747,0.6205258059206994,-10.974392742445499,0.0004620361328125,0.4782518754090198,False,True,True,False
pt022,MR2,134_to_133_warp.nii.gz,1.136538414072041,1.2806278775422388,21.674526413182097,0.0033808741061663915,0.16680231722877836,0.5524714793921182,3.0979137680299424,1.0444040360627043,0.6587651411604987,-4.51991355201377,0.00055908203125,0.6033500482501366,False,True,True,False
pt022,MR2,135_to_134_warp.nii.gz,1.0436371709967447,1.267764947136583,11.685327659399082,0.001601481227271223,0.12246207109370974,0.43485640517532775,3.0451563404799176,1.043018548469545,0.5938610358161412,-2.546764464715252,0.0002618408203125,0.5019254657259522,False,True,True,False
pt022,MR2,136_to_135_warp.nii.gz,1.8600552972726965,2.1503192347696687,26.54115735388836,0.003701397185861298,0.2691978285498379,1.1269670775461296,4.125365749031827,1.031505619881677,1.003715417656957,-15.050266034072834,0.0034356689453125,1.5640326167640028,False,True,True,False
pt022,MR2,137_to_136_warp.nii.gz,1.273177609515131,1.3151366147511745,9.81082320138932,0.002449409093119331,0.12520310308100846,0.6873658727230554,3.3059343205758065,1.0416602130260038,0.6773617689856228,-2.720268876786332,0.0003912353515625,0.6382836611900512,False,True,True,False
pt022,MR2,138_to_137_warp.nii.gz,1.216276559081285,1.2885726785104472,12.246519275487866,0.0009672828747438071,0.12244489933348997,0.6224939604766948,3.1573307873606207,1.0360420118652223,0.6352303734202319,-2.698160528561666,0.0005108642578125,0.6005536409334127,False,True,True,False
pt022,MR2,139_to_138_warp.nii.gz,1.2996823811447333,1.5155520165639906,15.457061932093827,0.0042198820051603594,0.19225109292272227,0.669074783819442,3.3493428751678755,1.0445027808609688,0.7481884057117208,-2.4875134382949295,0.000252685546875,0.6824571797542405,False,True,True,False
pt022,MR2,140_to_139_warp.nii.gz,0.9863240607346152,1.2154433766873898,12.803467354849106,0.001075549480365168,0.10967926385810353,0.3848632605757861,2.9502549831698053,1.0399176259782257,0.5725689041382453,-2.446725204176475,0.000235595703125,0.472690439790265,False,True,True,False
pt022,MR2,141_to_140_warp.nii.gz,0.9133204968447833,1.167149108109773,14.085953302508043,0.0011958942991794298,0.1015382128862507,0.34286745358870296,2.863311359758506,1.0417595875032304,0.5344245199550423,-0.8790039692877997,3.60107421875e-05,0.4002042839587803,False,True,True,False
pt022,MR2,142_to_141_warp.nii.gz,0.8856331084080071,1.1628321771191303,10.841914156084627,0.00076635786679834,0.093179817156358,0.3080920088405089,2.8473442043273356,1.040700047740003,0.5355058455713669,-0.5456645194646063,5.31005859375e-05,0.39442262308251896,False,True,True,False
pt022,MR2,143_to_142_warp.nii.gz,0.9073906112911506,1.1942231406881212,11.532097876017637,0.001299379309525862,0.09356124985314408,0.30907301897162176,2.9017301354148266,1.040776145364639,0.545604325191522,-0.8141907641264835,0.0001727294921875,0.4240566218318419,False,True,True,False
pt022,MR2,144_to_143_warp.nii.gz,0.9254792792547232,1.1786868227771572,11.747584193436689,0.0006548942465024313,0.09662049109981992,0.3585490020797893,2.8892323768757273,1.0412993332598026,0.5454321581540077,-1.2321727834346883,9.6435546875e-05,0.4127031107236016,False,True,True,False
pt022,MR2,145_to_144_warp.nii.gz,0.8788693438252447,1.1575608479460888,10.455116545268128,0.001124418461050797,0.09585007221394816,0.3118615184073263,2.8423598608082976,1.0405833167499838,0.5210296442905931,-0.5101912831423911,6.4697265625e-05,0.38279502459396597,False,True,True,False
pt022,MR2,146_to_145_warp.nii.gz,0.9939982239926473,1.1975863978455483,11.435607848583667,0.001393446392799048,0.12658502241748687,0.4152114146940824,2.945953330603316,1.0428458407316208,0.5609722058938938,-1.258347313272511,0.0002301025390625,0.44424105666191444,False,True,True,False
pt022,MR2,147_to_146_warp.nii.gz,0.8750146600455815,1.1542290874515022,9.798828940795802,0.001078225249741218,0.09401933147218632,0.3220060347452117,2.832010471135369,1.0416072275446486,0.5316449099929533,-1.8533533075730446,0.000125732421875,0.38032114150521307,False,True,True,False
pt022,MR2,148_to_147_warp.nii.gz,1.6521707630665583,1.8795597843456358,23.117485556214195,0.002658121521580133,0.24568310152563824,0.9735083128161113,3.8568828349781263,1.0322226320801469,0.8904368823850061,-5.931125347227315,0.001817626953125,1.2560465300620134,False,True,True,False
pt022,MR2,149_to_148_warp.nii.gz,1.5397265386777659,1.7922193728983928,19.29539060417256,0.0017061650866003167,0.22756736742610545,0.8655465340625994,3.667214885964018,1.0331588795825857,0.8018967680526332,-8.137271964106937,0.0011602783203125,1.0146193248995028,False,True,True,False
pt022,MR2,150_to_149_warp.nii.gz,1.8320858074976294,1.7881749212700235,18.409380751624152,0.0023023183520631597,0.39849871838674333,1.2858924429300103,3.8359088726138872,1.049325125417086,1.1361238803386022,-23.87378034898019,0.001827392578125,1.2720651826294114,False,True,True,False
pt022,MR2,151_to_150_warp.nii.gz,0.9829073235412318,1.1755755679671644,10.353585338539617,0.0021911847895558314,0.10775001711078792,0.4219422089460729,2.9051474056576763,1.0417071991381062,0.5855741311911519,-1.0025012800013005,0.0001446533203125,0.4511844833675823,False,True,True,False
pt022,MR2,152_to_151_warp.nii.gz,1.0905191134478807,1.204852399786485,13.604959493471618,0.0012987519806837377,0.13850367237509026,0.551006357855159,2.978118238468138,1.0377703526438813,0.6082150779152915,-1.227840944527864,0.0002001953125,0.5492839761990302,False,True,True,False
pt022,MR2,153_to_152_warp.nii.gz,1.0778356427102727,1.2071065591828372,7.794124589460276,0.0012904988764099118,0.14314151521390836,0.523473151531525,2.9785431820586887,1.0436111281929437,0.6058478619659265,-0.7438407476001203,8.11767578125e-05,0.4964707725543904,False,True,True,False
pt022,MR2,154_to_153_warp.nii.gz,0.9923567771417665,1.1856628323118237,9.992590082599582,0.0016212929042125,0.10953154794008077,0.4413630616444853,2.9122638640984837,1.0404945781518458,0.5634249974523969,-1.339742255460419,0.0001470947265625,0.46746252328969773,False,True,True,False
pt022,MR2,155_to_154_warp.nii.gz,1.0243374249834611,1.1630152907233158,9.632927371980449,0.0015535465671986544,0.11591341514278276,0.4791190429301831,2.909229511560193,1.0410580337767166,0.5792721536467463,-1.0881614435480937,0.0001055908203125,0.454791934805431,False,True,True,False
pt022,MR2,156_to_155_warp.nii.gz,1.0574162108316965,1.2312353899418689,16.799571341428546,0.001689783671034737,0.129866640161704,0.48486840165231015,2.975353274663882,1.0385476388504777,0.5928835309646725,-3.09492612062923,0.00034423828125,0.5320416857049854,False,True,True,False
pt022,MR2,157_to_156_warp.nii.gz,1.2803326676139495,1.4057275497678385,14.693344662511798,0.002890880093643931,0.17373097379460195,0.6816803569124115,3.3953158755811104,1.037461589643141,0.6933231693538114,-2.0927164351230556,0.0003106689453125,0.7315556803627379,False,True,True,False
pt022,MR2,158_to_157_warp.nii.gz,1.2886235938869468,1.4972301865587734,17.144664978397476,0.001630314023216874,0.1964395338729694,0.6866749227509713,3.28080213477379,1.0432112940008076,0.7219669852775947,-3.6182156415464837,0.0003271484375,0.659557481282207,False,True,True,False
pt022,MR2,159_to_158_warp.nii.gz,1.3888480761482518,1.5777674824781678,15.914594347179067,0.0018026258452751944,0.17866172987568577,0.7641017889886658,3.5774806045609253,1.0379625947896378,0.7241821926349025,-1.2386343993873457,0.0004541015625,0.815322807578858,False,True,True,False
pt022,MR2,160_to_159_warp.nii.gz,1.594757862067948,1.7080197687657837,17.528703071783436,0.0019191020680047446,0.2814003258059229,0.9878196308019436,3.6512990575903608,1.0459585703542802,0.9506334517831037,-9.960559912409048,0.0008770751953125,1.0320541325679486,False,True,True,False
pt022,MR3,002_to_001_warp.nii.gz,0.9727763694774064,1.1479205766715685,9.431029217822607,0.0011746168306290194,0.13442766994619412,0.43594895406805345,2.881503151056844,1.042868221211195,0.5639262240557037,-1.1871260742946468,0.0001251220703125,0.4430050920923175,False,True,True,False
pt022,MR3,003_to_002_warp.nii.gz,0.8474783462408176,1.1684844138281616,10.059605501348305,0.0019018946704404513,0.09118984614637204,0.28686707187760363,2.8581505617537815,1.0409885676595656,0.5254711816896737,-0.9924966436889213,5.7373046875e-05,0.363214169805736,False,True,True,False
pt022,MR3,004_to_003_warp.nii.gz,0.8586299997977863,1.149930195232553,7.159325819603877,0.001371581679268923,0.10267710237516485,0.328006895767299,2.8402516214288105,1.0401463882590065,0.5252239640659171,-2.039768962737658,4.638671875e-05,0.36024307704977326,False,True,True,False
pt022,MR3,005_to_004_warp.nii.gz,0.8021577075752246,1.1486118642958103,8.761553431147545,0.0012598064030337995,0.08812334441727315,0.26178654034389115,2.8268193390315957,1.0411878524784661,0.4999721257917855,-1.4678889533856414,3.2958984375e-05,0.32437275549567574,False,True,True,False
pt022,MR3,006_to_005_warp.nii.gz,0.8242068940732417,1.1603545370652097,7.825742499729896,0.0008853826569007626,0.08960056255245703,0.2736199566819608,2.8447839232011707,1.041025532635447,0.5163337366196007,-1.1460565399707634,3.90625e-05,0.3451762393406084,False,True,True,False
pt022,MR3,007_to_006_warp.nii.gz,0.8505148528913068,1.1501771310138973,6.544574038601735,0.0006945863556665018,0.09681555582819487,0.3194516418631543,2.8381737415239683,1.04161529321665,0.5185995345745124,-0.24272088112928358,1.89208984375e-05,0.3496878646623775,False,True,True,False
pt022,MR3,008_to_007_warp.nii.gz,0.8454475463657848,1.1560652512376446,11.216558885068036,0.0008563523518712405,0.09639746446726469,0.30603827838027947,2.8434373606455954,1.0403786689957082,0.5150186072610426,-0.47250440245741265,3.84521484375e-05,0.35218173075698694,False,True,True,False
pt022,MR3,009_to_008_warp.nii.gz,0.8756493462482432,1.1611323298279643,11.668874263072789,0.0010384482330827128,0.09640303398427286,0.3179647562808291,2.8532290557782836,1.0405326973667066,0.5276329291515269,-0.885382571824841,5.06591796875e-05,0.37766120523420343,False,True,True,False
pt022,MR3,010_to_009_warp.nii.gz,0.913590242726729,1.1557303019143836,9.209202517292505,0.0013520093616176967,0.11192615005805476,0.37990398712050955,2.864664106036016,1.0391348531069569,0.5385750053418406,-1.0384374292208907,5.55419921875e-05,0.407637354854098,False,True,True,False
pt022,MR3,011_to_010_warp.nii.gz,0.8716809487553934,1.1598404572259313,9.934541802365601,0.0018483943789422465,0.09493164515793208,0.31318355263443215,2.8526842982069267,1.0414182850586824,0.5337187260656872,-0.7334936436078952,8.056640625e-05,0.3784560318793201,False,True,True,False
pt022,MR3,012_to_011_warp.nii.gz,0.8794851989829781,1.1618798156750065,10.41624093677324,0.0012556383404684656,0.09901501510151557,0.3241038230757495,2.8630797417302296,1.0399941688351033,0.5311991600139414,-1.9198461119584838,6.53076171875e-05,0.38907451860717096,False,True,True,False
pt022,MR3,013_to_012_warp.nii.gz,1.0173512308489174,1.1495492866038637,10.593615098599692,0.0005740062632132135,0.1503370191891031,0.47726084011125286,2.900557136698315,1.0438739053532742,0.5927036934553,-1.0810383887163537,8.11767578125e-05,0.47041838777709016,False,True,True,False
pt022,MR3,014_to_013_warp.nii.gz,0.8858695566238337,1.1504522931927539,8.172505823230214,0.0007535258092648448,0.10802036116929542,0.3520164886190478,2.8498312509180446,1.0396436078462639,0.5333665194182364,-1.0665159278320577,4.5166015625e-05,0.38442065174252427,False,True,True,False
pt022,MR3,015_to_014_warp.nii.gz,0.8201534911959186,1.1422314064269874,6.925860999917566,0.001885618357523637,0.09236890191672557,0.28359820777963585,2.824726739732047,1.0416138638393155,0.5071623221677397,-0.24293703822746887,2.685546875e-05,0.3329390881609763,False,True,True,False
pt022,MR3,016_to_015_warp.nii.gz,0.8179904711399884,1.141308834597415,7.8870595880056324,0.0013966420370831157,0.09266440170788624,0.28904040198195613,2.8241698440881478,1.0417009372079,0.5063273913892332,-0.5026750668037545,1.3427734375e-05,0.32396926973217743,False,True,True,False
pt022,MR3,017_to_016_warp.nii.gz,0.8836261253147066,1.1623627166689026,9.621798628090456,0.0007045420958684015,0.10519014422163511,0.3484791572624628,2.8558477675672727,1.0408115689544783,0.5300163630093101,-0.43145714950245534,2.99072265625e-05,0.3759325999844458,False,True,True,False
pt022,MR3,018_to_017_warp.nii.gz,0.8467135024609757,1.1605468352200197,8.431937559459586,0.0008771718906421962,0.09502873564503413,0.2971036222408189,2.845805237330584,1.0407963060427996,0.520513147199816,-0.5956993599842135,3.0517578125e-05,0.35466125842292,False,True,True,False
pt022,MR3,019_to_018_warp.nii.gz,0.8699959906475812,1.1504624172328273,7.616793947545674,0.0008802801526514567,0.09919208684901792,0.323254864667632,2.843435405813921,1.041377954064144,0.5302087052743695,-0.3002678683976074,3.23486328125e-05,0.3676055043602649,False,True,True,False
pt022,MR3,020_to_019_warp.nii.gz,0.9707642720788513,1.1694468067668164,8.675907819181162,0.0017517784922980349,0.121743302580475,0.42479826957882694,2.8991677445988437,1.0385746088963637,0.5694385218339715,-0.41767586599941053,5.9814453125e-05,0.4589473768782971,False,True,True,False
pt022,MR3,021_to_020_warp.nii.gz,0.918545158693004,1.145909619076124,7.634665633713365,0.0014901384040900151,0.11034333045487563,0.3937545196629798,2.8519201045213456,1.0426196549487505,0.5419874137330215,-0.4631147378216191,4.39453125e-05,0.39517249644824615,False,True,True,False
pt022,MR3,022_to_021_warp.nii.gz,0.8803069171856178,1.1629053229594242,10.089033790860933,0.0008585276068146651,0.09818847008214004,0.33013548993694686,2.8601075105316145,1.0417630481159825,0.5417736162886602,-1.1721205463408353,7.32421875e-05,0.38301797304822943,False,True,True,False
pt022,MR3,023_to_022_warp.nii.gz,0.9222127350202493,1.1495503189282992,9.803890146887147,0.0014559334187165963,0.11809428533435114,0.39361208747555965,2.85909258350619,1.0381296679103709,0.5432025237803125,-1.0136109789059042,5.31005859375e-05,0.40912798101260067,False,True,True,False
pt022,MR3,024_to_023_warp.nii.gz,0.7973605483673388,1.1328863731018366,7.2677716328236555,0.001472301689305962,0.08893772249732186,0.26592270567749643,2.8099592898075247,1.0417178006270702,0.4898960516021892,-0.2863906978611509,1.03759765625e-05,0.3063255568590272,False,True,True,False
pt022,MR3,025_to_024_warp.nii.gz,0.8712047482588956,1.1262034622897823,6.0355759949963605,0.0004580182624502748,0.11236068418236007,0.3574662945733972,2.818568648829583,1.038512834755106,0.5197890920177484,-0.12073708287630962,2.8076171875e-05,0.3636570984172161,False,True,True,False
pt022,MR3,026_to_025_warp.nii.gz,0.8262126455304837,1.139308287015019,8.300038334685778,0.0011233881330744463,0.08994783504694318,0.28202045993493113,2.818191033842198,1.0406803799102209,0.49828135302057275,-0.30848387186186926,3.90625e-05,0.33051703031635626,False,True,True,False
pt022,MR3,027_to_026_warp.nii.gz,1.084381525386035,1.1585348914406897,8.014393940300147,0.0023808247818459553,0.17440123605734068,0.5468173316907855,2.943283573995703,1.0444849373182492,0.6343183822964352,-1.7902083836909555,6.89697265625e-05,0.5271303948565685,False,True,True,False
pt022,MR3,028_to_027_warp.nii.gz,0.8347610525077858,1.1467374610005505,6.779636520393602,0.0003591751788926508,0.09292825843315376,0.2926165449040298,2.8296520977506394,1.0411035311065397,0.5095342660161145,-0.2948120949737117,9.765625e-06,0.3432185374924483,False,True,True,False
pt022,MR3,029_to_028_warp.nii.gz,0.8547306528691643,1.1528401349870756,7.490213482349567,0.0017036886543165825,0.1000773937637477,0.3151234245015916,2.847626545408653,1.0402364259752912,0.5164904426299042,-0.35016822561099054,1.03759765625e-05,0.3598771580732763,False,True,True,False
pt022,MR3,030_to_029_warp.nii.gz,0.8332931889817164,1.142490942343012,8.028508626695618,0.0010609675726588324,0.0968405038518443,0.30910502946246615,2.8261846106921027,1.0410900952787108,0.5085262209591788,-0.18180018343265433,3.0517578125e-06,0.33561989191101416,False,True,True,False
pt022,MR3,031_to_030_warp.nii.gz,0.8339090257108459,1.1357077908432391,6.3410696712167045,0.0016382800507680937,0.10200408628401543,0.3241513171876558,2.812587990961875,1.040567712208504,0.5088312580976366,-0.0023880643687424633,1.8310546875e-06,0.32766508149196794,False,True,True,False
pt022,MR3,032_to_031_warp.nii.gz,1.0141194278630536,1.1543228896919173,6.295630512244484,0.0013515268529062886,0.14611339129137668,0.48976123906580604,2.905281993253955,1.0358229052507806,0.576109760853202,-0.2906274105018948,2.685546875e-05,0.4803888288078848,False,True,True,False
pt022,MR3,033_to_032_warp.nii.gz,0.8023249582707802,1.0931385750374343,5.495917526665075,0.0015542911235099763,0.10398526042577776,0.3109846472088025,2.7783625302346495,1.0417841257546367,0.474986011354474,0.03446906695973724,0.0,0.28511009019339645,True,True,True,True
pt022,MR3,034_to_033_warp.nii.gz,0.8499263883787955,1.102008571846798,6.990385441497687,0.0018821112303634509,0.11583881395208386,0.34765266343377677,2.8012303128834266,1.042867696473158,0.49978793174453107,0.0014294262202597366,0.0,0.32014623849399954,True,True,True,True
pt022,MR3,035_to_034_warp.nii.gz,0.9492280403509505,1.1435875236622624,8.830445392998385,0.002807108767002352,0.13047718020365853,0.42865493803047994,2.857711456283846,1.0378015137995902,0.5479941258998224,-0.1440503053786571,2.197265625e-05,0.4179267301787044,False,True,True,False
pt022,MR3,036_to_035_warp.nii.gz,0.8922642006854928,1.1579846169639236,13.822044585501382,0.0021891802341211376,0.10616257640679062,0.345340768057395,2.853444006451376,1.0419463866651748,0.5334100556287937,-1.581345144446293,0.0001611328125,0.3728341772029084,False,True,True,False
pt022,MR3,037_to_036_warp.nii.gz,0.9891047958780702,1.1391549831223544,8.45490786481853,0.002073252636032525,0.13766467831209425,0.46532535536633285,2.8730502918606993,1.0433364934597542,0.5736068541485174,-0.5509268148913209,3.5400390625e-05,0.4408907531204521,False,True,True,False
pt022,MR3,038_to_037_warp.nii.gz,0.8508081447566753,1.156378879299964,7.082762352006194,0.0009121059210365211,0.09281804861919653,0.2963408769456807,2.845265973728649,1.0412488477365305,0.5180009870620126,-0.14009350723198408,6.7138671875e-06,0.35413109056921555,False,True,True,False
pt022,MR3,039_to_038_warp.nii.gz,0.8856352234536128,1.1521105685143345,8.118137570721426,0.0006348793200618046,0.10908566606044082,0.35532420969653095,2.8554414338117233,1.0394358565866835,0.5257402648837963,-1.623503709643917,2.44140625e-05,0.37780273068119513,False,True,True,False
pt022,MR3,040_to_039_warp.nii.gz,0.8487103082673175,1.1440159864181294,8.060502612910021,0.0010398905632324359,0.10017495712652641,0.3288915455027689,2.8277488434539877,1.042020722588252,0.5114711170886123,-0.29687395713765374,1.220703125e-05,0.339228057707132,False,True,True,False
pt022,MR3,041_to_040_warp.nii.gz,0.805340894553284,1.1367699667463418,9.15178455332523,0.0011497324896304606,0.09305345073771285,0.28292471384801016,2.810691276685928,1.040359433656059,0.4934391317300016,-0.11644811260019805,6.103515625e-06,0.31502734547018657,False,True,True,False
pt022,MR3,042_to_041_warp.nii.gz,0.7859901700253386,1.1351290463733363,7.3210026962565715,0.0012792441568479553,0.08849641321933703,0.26047509945835595,2.8054359639021613,1.041392950732776,0.4886478679565866,-0.5101039100105563,1.708984375e-05,0.3046335129129148,False,True,True,False
pt022,MR3,043_to_042_warp.nii.gz,0.8529329969001496,1.1499368430596353,8.035857820665672,0.0018748432887768173,0.09588900762838397,0.31600132794600877,2.833595818974856,1.0411572077977638,0.5103121417306749,-0.23356819511698665,2.01416015625e-05,0.3469919726332211,False,True,True,False
pt022,MR3,044_to_043_warp.nii.gz,0.9480510430518788,1.1662282035413853,10.479524835475234,0.0020549428985241025,0.11897836521145883,0.4088223288417276,2.881430788001352,1.0385606275534223,0.5506976269146019,-0.6309809143421157,3.662109375e-05,0.43248906889991645,False,True,True,False
pt022,MR3,045_to_044_warp.nii.gz,0.86829100719994,1.144617511468727,6.779170226238519,0.0009002059459258483,0.0962205725257606,0.3243405390823894,2.837043152244476,1.0407521171678702,0.513580338802651,-0.23585059843394934,7.9345703125e-06,0.3588810077595248,False,True,True,False
pt022,MR3,046_to_045_warp.nii.gz,0.8518682904544189,1.1300162440693178,6.969984872471763,0.0019021899721691684,0.1012006352264579,0.3210889542322035,2.8215338588017103,1.0419707585474407,0.5121360488062913,-0.794526432440552,1.0986328125e-05,0.3384947868317168,False,True,True,False
pt022,MR3,047_to_046_warp.nii.gz,0.8091877376199835,1.1314057279750118,7.293446453984953,0.00040804579885528493,0.09181622814884097,0.2814845953294604,2.806348356924293,1.0407917307198935,0.49277350908839723,-0.12444478284454366,9.765625e-06,0.31478627647078633,False,True,True,False
pt022,MR3,048_to_047_warp.nii.gz,0.8250276005570794,1.1402982595447813,7.035238491108361,0.0020000151083505208,0.09326636442231868,0.29038666230397703,2.824602954485502,1.0414339807192012,0.5006203481628818,-0.9165641742838001,1.28173828125e-05,0.32492020035121394,False,True,True,False
pt022,MR3,049_to_048_warp.nii.gz,0.9456766446912925,1.1427992550474766,8.535994821498829,0.0016512036391344751,0.12519646482421726,0.42864393000314693,2.857121044935313,1.0386453251312573,0.5484622969512888,-0.4016274948447078,1.40380859375e-05,0.4091469365900568,False,True,True,False
pt022,MR3,050_to_049_warp.nii.gz,0.9519239336540524,1.1244486767087605,8.001914623179134,0.0007946980334252896,0.1355982985389423,0.4306132609642196,2.8499058914221282,1.0430809481122283,0.5468199410325394,-0.45315864694983093,2.9296875e-05,0.40095554578120407,False,True,True,False
pt022,MR3,051_to_050_warp.nii.gz,0.817271032898282,1.1436654635470753,8.27631279543007,0.0014421463598499437,0.09070446997799299,0.27957391864244685,2.8249258344523165,1.0414507161358002,0.5009542860633571,-0.13225189397970505,1.89208984375e-05,0.32453005113962347,False,True,True,False
pt022,MR3,052_to_051_warp.nii.gz,0.815041711965241,1.1481249054657678,8.149542477767133,0.0006776808042824794,0.09044592274320702,0.2783253059057351,2.825493762590289,1.0408382940960081,0.5039463452311042,-0.297114424462382,1.64794921875e-05,0.32363680125753747,False,True,True,False
pt022,MR3,053_to_052_warp.nii.gz,0.8669154949000776,1.1508086949701535,6.773706957523845,0.0005861874939544222,0.10498161646619791,0.33903696278938505,2.844046483730949,1.0400487483597924,0.52595494181258,-2.149586010971843,1.220703125e-05,0.3659864275787068,False,True,True,False
pt022,MR3,054_to_053_warp.nii.gz,0.9138977388474963,1.1597590812126977,7.472339728697519,0.0016527165254554253,0.11333286563707451,0.3801612462745962,2.860481334229411,1.0396129548319961,0.5395970661308281,-1.0969524932721808,3.84521484375e-05,0.401439871215316,False,True,True,False
pt022,MR3,055_to_054_warp.nii.gz,0.904361466289344,1.1573206598111705,8.538281178078474,0.0014031066611765249,0.10110454078153032,0.3613183407704792,2.8650646685851333,1.040740565253016,0.5346387603141829,-0.3105211741153034,6.89697265625e-05,0.38621939002239425,False,True,True,False
pt022,MR3,056_to_055_warp.nii.gz,0.8810527832056523,1.1548281177812927,7.686868616646173,0.0016106012626483936,0.09869343389879602,0.3472492624060897,2.8478541049015806,1.0413696139635498,0.5310402809935793,-0.9992249671425908,2.197265625e-05,0.36674858115511666,False,True,True,False
pt022,MR3,057_to_056_warp.nii.gz,0.8385683453888986,1.1354636256611434,6.8137653870331745,0.002501858205691697,0.09948088754559808,0.3133603423018937,2.8221514340622966,1.0418132555776403,0.5066415493697601,-0.9591460362000771,1.5869140625e-05,0.33451499868009343,False,True,True,False
pt022,MR3,058_to_057_warp.nii.gz,1.0674936132571202,1.1768804430579276,9.032874929006427,0.0012390545107608352,0.15157561189191895,0.5390100503122284,2.9361394026341316,1.0358801613882411,0.5940838575840581,-0.1767876555701542,4.57763671875e-05,0.5246630665646573,False,True,True,False
pt022,MR3,059_to_058_warp.nii.gz,0.9107878705811501,1.1220151329597559,7.9947061456700546,0.0007848630875210224,0.12297641236390759,0.3881710318509547,2.8325885419376906,1.0426313901506676,0.5314566498087386,-0.041842540165699715,5.4931640625e-06,0.37186775138859907,False,True,True,False
pt022,MR3,060_to_059_warp.nii.gz,0.9364492629881833,1.1444847471341864,6.894518236128476,0.0018215392577933752,0.11883782947306923,0.4275002248791804,2.8510736981060996,1.0429812007276993,0.5473828442522637,-0.23132292389787218,2.13623046875e-05,0.39140902338192446,False,True,True,False
pt022,MR3,061_to_060_warp.nii.gz,0.9518469701251776,1.1739831556548699,10.02544105507918,0.0021256798860024998,0.12268061597874177,0.4181268301601305,2.8934376297660003,1.0390175154069583,0.5670969482093619,-2.062872336974637,0.000133056640625,0.4336529243318883,False,True,True,False
pt022,MR3,062_to_061_warp.nii.gz,0.8867887690675896,1.1450712602134783,6.547643953574398,0.0015413583283876882,0.1061709839686244,0.3602440086155311,2.846404362801623,1.0401510544260504,0.5282860638012874,-0.1858934569739211,1.0986328125e-05,0.37121458304725863,False,True,True,False
pt022,MR3,063_to_062_warp.nii.gz,0.8399250906545297,1.129641961232572,7.415718823586729,0.0015286988336160403,0.1019889452259193,0.31770615027092375,2.8211954753722277,1.041920731239096,0.5003053574870373,-0.1547156618714374,3.662109375e-06,0.3277795881342035,False,True,True,False
pt022,MR3,064_to_063_warp.nii.gz,0.8687521135428039,1.1459913845468728,9.052292928857582,0.0011909868210873264,0.1025121117902782,0.3417510997676093,2.8340354452602856,1.0405642415651666,0.5308371115223351,-4.486441344354221,2.01416015625e-05,0.36107292501920335,False,True,True,False
pt022,MR3,065_to_064_warp.nii.gz,0.8125233215232517,1.1381811108996032,7.091923806565597,0.0014492215573676053,0.09066592315757192,0.2796894013632336,2.815803469931006,1.0407466080371157,0.4959551433273338,-0.8359820764332867,2.44140625e-05,0.31959246820406506,False,True,True,False
pt022,MR3,066_to_065_warp.nii.gz,0.8781578515514163,1.126114599738414,6.849029986461979,0.0011464114594647995,0.10555507238628471,0.367743608336196,2.824569799668701,1.0388281823116268,0.5095547855072954,-0.11007346005641815,7.9345703125e-06,0.35185437352654203,False,True,True,False
pt022,MR3,067_to_066_warp.nii.gz,0.9264820064935144,1.1129039326312906,6.248221633818631,0.0015364918204967763,0.1314579226824345,0.4304411239650914,2.8266687777756268,1.043004271710042,0.5344648607413995,-0.02684334223618455,1.8310546875e-06,0.3770095837506156,False,True,True,False
pt022,MR3,068_to_067_warp.nii.gz,0.8028923127242326,1.1272077980280086,7.238964019821617,0.0020064002919683212,0.09991293765266754,0.29559003575649667,2.8057920977829296,1.0403734799155206,0.4904170215071026,0.0026126166421737364,0.0,0.30875921396634604,True,True,True,True
pt022,MR3,069_to_068_warp.nii.gz,0.8465612236032292,1.1429912593767153,6.871060477039431,0.0016740085260877882,0.10063665163105683,0.3209197777345516,2.8239159407591865,1.0413243048585086,0.5038588088115437,-0.24788752533640301,7.9345703125e-06,0.3300738312259265,False,True,True,False
pt022,MR3,070_to_069_warp.nii.gz,0.8632985620139357,1.1502455572074828,8.00257774474417,0.0011889563824693016,0.09629777674143808,0.3197373884085189,2.8357404475816015,1.04056052364746,0.5172381864353667,-0.22168171945390977,8.544921875e-06,0.35459807602312793,False,True,True,False
pt022,MR3,071_to_070_warp.nii.gz,0.8381737811326323,1.1585239146975563,10.37024304631086,0.0007447201371704651,0.09547750813173488,0.2986118803160811,2.8412563675243634,1.0410850361970585,0.5120591377636351,-2.0366629856004472,2.25830078125e-05,0.3452624155780992,False,True,True,False
pt022,MR3,072_to_071_warp.nii.gz,0.8546952582319833,1.1556277095984602,8.585532272553184,0.0022344811534308596,0.10147040297411002,0.31906198536924923,2.844705998461111,1.040476147962447,0.5188325604569798,-0.44204966674025364,1.46484375e-05,0.35673481834705,False,True,True,False
pt022,MR3,073_to_072_warp.nii.gz,0.9105642859515014,1.1410620621463814,9.791132991618499,0.0008559428974229501,0.11559666370369848,0.40282933259273457,2.8412302631140984,1.03899106368661,0.5320777441777061,-0.22622377682789824,2.62451171875e-05,0.3893021062746784,False,True,True,False
pt022,MR3,074_to_073_warp.nii.gz,0.8995857873887555,1.1334231028407722,5.997093616327593,0.001975164427611464,0.11239342744413357,0.3968881069948128,2.82737249914123,1.0424420777082803,0.5273346117111846,-0.03523419230591798,1.220703125e-06,0.3641331711856489,False,True,True,False
pt022,MR3,075_to_074_warp.nii.gz,0.8258938092456909,1.1433788526617032,7.955637968387662,0.001522224888169901,0.09731271397793992,0.30308093715337414,2.8250084801138824,1.0404529161025444,0.501983599520573,-0.12519281471745208,2.44140625e-06,0.3236120391903996,False,True,True,False
pt022,MR3,076_to_075_warp.nii.gz,0.7802573740425919,1.135795433469508,5.811905123350819,0.0009991589144575702,0.08985095763561794,0.26291581179124135,2.8029200931613056,1.0411920142594806,0.48628150343395965,-0.02677766139214515,1.220703125e-06,0.2963461813948983,False,True,True,False
pt022,MR3,077_to_076_warp.nii.gz,0.9500043404992519,1.1469924235487767,10.545205865855795,0.0016333244013510754,0.12654502211109322,0.44774959354472316,2.857849656758709,1.037551528649332,0.5551341455993924,-1.5286971655138197,7.4462890625e-05,0.41928300532961466,False,True,True,False
pt022,MR3,078_to_077_warp.nii.gz,0.9594206072791325,1.1440625222333802,10.05315237607961,0.001556940681084509,0.12441731582830053,0.45824499878649205,2.862651213841343,1.042912675446774,0.5587628892250691,-4.106091195527818,4.33349609375e-05,0.40661934480463635,False,True,True,False
pt022,MR3,079_to_078_warp.nii.gz,0.9250940670939657,1.141792280818955,8.010616159665137,0.0015465872188729906,0.12367901488676636,0.41413439604050106,2.8544322741052497,1.0384821363619177,0.5376800431477038,-0.39114527030049157,2.3193359375e-05,0.39885750847812673,False,True,True,False
pt022,MR3,080_to_079_warp.nii.gz,0.8799319265583209,1.141789547988947,7.6673017958618646,0.001071057097525506,0.10524783354758581,0.3562725428153942,2.8341015758449672,1.0396871104464254,0.5204460688958761,-0.202946500314745,1.708984375e-05,0.36796547047497086,False,True,True,False
pt022,MR3,081_to_080_warp.nii.gz,0.86488292980208,1.1242100335853065,8.665176388845467,0.001862192395654742,0.11145216000725228,0.3481537797660495,2.8236787662715255,1.042292761115417,0.5126472192291345,-0.7177653313093701,4.69970703125e-05,0.34553475859597377,False,True,True,False
pt022,MR3,082_to_081_warp.nii.gz,0.7904138298007625,1.1378972663880076,7.404439764540079,0.0009866950226603821,0.09008441729962369,0.2621491496762485,2.8121517368111135,1.0413315167164365,0.4912818990976794,-1.1384813964893299,3.47900390625e-05,0.3087922755129406,False,True,True,False
pt022,MR3,083_to_082_warp.nii.gz,0.7923689741084229,1.1424771629904895,10.225629302099415,0.0013298926327339016,0.08884950239310051,0.26299104376821125,2.8148915894072553,1.0409493444914002,0.49163486417346336,-0.15047672163246498,1.3427734375e-05,0.30877197912766546,False,True,True,False
pt022,MR3,084_to_083_warp.nii.gz,0.7828012146904593,1.1318280566948837,5.779964199530355,0.0017756833587073844,0.08963279435498574,0.2660630678663659,2.8000358023352603,1.0409409491184398,0.4854328924836504,0.00879943128307956,0.0,0.2966417570769023,True,True,True,True
pt022,MR3,085_to_084_warp.nii.gz,0.8014131879601837,1.1259753378159485,5.739510876140649,0.000968491233690818,0.09599852652570787,0.30303320578095283,2.802329887107926,1.0421692992142535,0.49262333990073354,0.016949897431441936,0.0,0.3010786109480433,True,True,True,True
pt022,MR3,086_to_085_warp.nii.gz,0.7613251923860609,1.1205848907844518,5.726710409512494,0.0007188468049481323,0.08944699854202469,0.2549664431939036,2.7879338910431337,1.0413440861860621,0.47229262563043795,-0.025191952467382612,6.103515625e-07,0.2780870110654341,False,True,True,False
pt022,MR3,087_to_086_warp.nii.gz,0.8480471412515462,1.1379683515970902,8.306308706462106,0.0011438797403340005,0.10428106589102591,0.32701940765654447,2.827687885321294,1.0391596801366243,0.5105529502285248,-0.2270473133643667,8.544921875e-06,0.34751016002857865,False,True,True,False
pt022,MR3,088_to_087_warp.nii.gz,0.8473579172489708,1.1514796246037349,9.910210143275119,0.0014245895478894734,0.09501379723661893,0.30564044987150707,2.8397455061514547,1.0399275913065116,0.5247345072793632,-0.7356389710930747,4.39453125e-05,0.35102696897646707,False,True,True,False
pt022,MR3,089_to_088_warp.nii.gz,0.9020388758624392,1.1473787471058827,8.24289597578522,0.0019446965033516827,0.11098861464088984,0.3763923666873207,2.850857857834442,1.0422130996910235,0.5425722368702287,-1.2049494692336244,7.38525390625e-05,0.3777255888616973,False,True,True,False
pt022,MR3,090_to_089_warp.nii.gz,0.8532480663703574,1.1520948289707325,10.677457795630044,0.0014809232993194523,0.09789680000043344,0.3107032989565819,2.8350017712021174,1.040838683817692,0.5140021892779724,-0.371470001591199,2.99072265625e-05,0.35053669914695923,False,True,True,False
pt022,MR3,091_to_090_warp.nii.gz,1.0258073740857152,1.1655696741383077,6.945187704734915,0.002235175699726325,0.14323004807609427,0.5038706464015282,2.9074431931682594,1.036504442998791,0.5900479625964018,-0.4113658426745442,2.685546875e-05,0.49097072383037643,False,True,True,False
pt022,MR3,092_to_091_warp.nii.gz,0.921126490253487,1.1229308289954276,9.179672810098324,0.001329577444912437,0.1271728528564297,0.4309751919721231,2.8278176555322623,1.0429171820881704,0.5343754399512041,-0.046175281256962596,1.8310546875e-06,0.37258695522612056,False,True,True,False
pt022,MR3,093_to_092_warp.nii.gz,0.8213016025037133,1.1350271756141643,7.0343426816837615,0.0015376649958955557,0.09965050542508169,0.3102308241205083,2.809116860326275,1.0412253510231537,0.4953002541016089,-0.2541853394183632,1.220703125e-06,0.31156526634250553,False,True,True,False
pt022,MR3,094_to_093_warp.nii.gz,0.803397890240816,1.1322770582327693,7.205538198577049,0.0017518728806277812,0.09637005314359591,0.2943366814292635,2.8072854049874,1.040666209041023,0.4931796559546129,-0.6445333013782668,2.44140625e-06,0.3078495357201053,False,True,True,False
pt022,MR3,095_to_094_warp.nii.gz,0.804349342672899,1.1445451056256466,9.988887189018527,0.0012024920636903081,0.09150221349629095,0.27196179036377255,2.814778917754408,1.0405469740262694,0.49987348625434347,-2.161528501625748,3.90625e-05,0.3201226610530037,False,True,True,False
pt022,MR3,096_to_095_warp.nii.gz,0.8392713184938019,1.1510433419765613,9.68654315800422,0.0008298685246624248,0.09588784112742973,0.3080397100083602,2.8285478641184594,1.0410733599338218,0.5149236321393973,-0.23022269805513249,2.38037109375e-05,0.3478027610736609,False,True,True,False
pt022,MR3,097_to_096_warp.nii.gz,0.8893055609261754,1.1527991792147192,8.099253814887938,0.0017641290780696676,0.10164849468712234,0.3635432776452278,2.861284738186609,1.0403478001986368,0.5242412554210244,-0.7231083750740153,5.7373046875e-05,0.3693890948615069,False,True,True,False
pt022,MR3,098_to_097_warp.nii.gz,0.8200703621522891,1.1402550765861992,6.153152344942404,0.0011622646891283452,0.09369807037639506,0.2954170351346507,2.8123520505957975,1.0409134084267138,0.5070140188519457,-0.2034287560863836,6.7138671875e-06,0.33001293808968385,False,True,True,False
pt022,MR3,099_to_098_warp.nii.gz,0.8616870743631706,1.1487777742265777,8.20030201204661,0.0005531891702299469,0.10052313248821167,0.3361926460353899,2.8248051386434034,1.0416303963122742,0.5210423635317057,-0.17020877113880514,3.35693359375e-05,0.3565575558247294,False,True,True,False
pt022,MR3,100_to_099_warp.nii.gz,0.8780946658514773,1.165100133436523,14.24807416156516,0.0009108254490832194,0.1047346754052414,0.34934213002875314,2.837025847570427,1.041102337750678,0.5276869844481461,-0.25929655533606627,3.11279296875e-05,0.3779939189378843,False,True,True,False
pt022,MR3,101_to_100_warp.nii.gz,0.9301787606749258,1.1454961594277266,8.038317236250748,0.0013868924866947262,0.11388608188652687,0.42812527163413594,2.8507539239702697,1.0382705659378733,0.5299277492665447,-0.6007466456984094,9.765625e-06,0.38033988367656685,False,True,True,False
pt022,MR3,102_to_101_warp.nii.gz,0.8248033560701762,1.1290581043219388,5.790972950973146,0.001475384652779304,0.09927378479384373,0.31348874389086945,2.8042002055839035,1.0413311456057877,0.4969904567580935,-0.01729101698018445,1.220703125e-06,0.31860329992252057,False,True,True,False
pt022,MR3,103_to_102_warp.nii.gz,0.7903244333675785,1.1271526238582112,5.94510361486461,0.001698713705089551,0.09442020031728607,0.28476015022075385,2.7970085602171944,1.0421797730929088,0.4871111456518252,0.020986888657305507,0.0,0.2942843299937193,True,True,True,True
pt022,MR3,104_to_103_warp.nii.gz,0.8613750038654886,1.1301115074790509,7.667909126868048,0.0020166441708003775,0.11402606631424013,0.3660936418376163,2.8118997463648614,1.0395794599547739,0.5173682630022126,0.0020810735207907292,0.0,0.3480046471968177,True,True,True,True
pt022,MR3,105_to_104_warp.nii.gz,0.8111489927725593,1.1473508591493966,9.888853945347082,0.0012189136569489857,0.09258166717015859,0.2778224209114872,2.8212507244322276,1.0413882024997734,0.505221102988228,-2.012066234997309,5.9814453125e-05,0.321980848353115,False,True,True,False
pt022,MR3,106_to_105_warp.nii.gz,0.841498590150908,1.1569533704640869,9.973673595873933,0.0016761954208144828,0.0960654415437957,0.31209420033253055,2.8401717815545298,1.0411762471838981,0.513963501549034,-1.4081263177776537,9.765625e-05,0.34593265877232876,False,True,True,False
pt022,MR3,107_to_106_warp.nii.gz,0.8138957041070521,1.138736111243921,8.374362189258699,0.001852878677819453,0.09403686004387478,0.28571425460430555,2.8102433585407565,1.0402727918474117,0.5000340171323787,-0.8404551899714636,1.0986328125e-05,0.32653350095393024,False,True,True,False
pt022,MR3,108_to_107_warp.nii.gz,0.9278803515705786,1.2315960216309978,16.966858670510657,0.0011864011382308661,0.10708275079013821,0.36125007111243,2.896096856233923,1.039730302276345,0.5440213087340023,-1.839040605737158,0.00024169921875,0.4244303822141551,False,True,True,False
pt022,MR3,109_to_108_warp.nii.gz,0.8972406901665522,1.1470045435679863,11.319334374399734,0.0008741808293088733,0.11231221704607891,0.3671896245512103,2.841320397754825,1.0419249132663968,0.5375455496656801,-0.577395838852449,0.0001068115234375,0.3755236743564595,False,True,True,False
pt022,MR3,110_to_109_warp.nii.gz,0.8706631225539584,1.1398998685902646,8.235233933620904,0.001225174489950398,0.10767903166177203,0.35482312883191536,2.8275095065150544,1.0398707180793991,0.5199320493685865,-0.4600447085166943,6.7138671875e-05,0.35726657155728575,False,True,True,False
pt022,MR3,111_to_110_warp.nii.gz,0.9833023908434955,1.147025149299791,6.976569279654376,0.001977412583347752,0.128250853995088,0.4972098577853744,2.852689763478038,1.0398143512636322,0.5564184588683423,-0.29185232420582735,2.44140625e-06,0.4181363253103942,False,True,True,False
pt022,MR3,112_to_111_warp.nii.gz,1.0508054730365948,1.1603006059742138,8.581972137997713,0.0012319963128358128,0.15795962704668515,0.5338773581639558,2.9193807851750937,1.0354242737090646,0.5876932168788921,-1.0044984095485596,3.84521484375e-05,0.5064569097141781,False,True,True,False
pt022,MR3,113_to_112_warp.nii.gz,1.2583874592163091,1.2886003274745503,13.201529924507774,0.0053810211012741685,0.2354727879558906,0.6865354818091534,3.3101012735224637,1.046045988653687,0.7487418771061592,-2.2561805133281982,0.00025634765625,0.6805957812070227,False,True,True,False
pt022,MR3,114_to_113_warp.nii.gz,0.7827457294759048,1.1332346565134774,5.90403882504009,0.0014457385349352977,0.09108637813848658,0.27239696616239295,2.7962531596553766,1.0406432846833074,0.4881184747731231,-0.042688640714274445,1.8310546875e-06,0.2986201127373777,False,True,True,False
pt022,MR3,115_to_114_warp.nii.gz,0.88649122789809,1.1222021112531286,6.856880862560671,0.0033706539778632976,0.12071787850990501,0.38405818908111045,2.805724984728003,1.038214581063577,0.5225275810516447,0.00918638881316662,0.0,0.3639826695548711,True,True,True,True
pt022,MR3,116_to_115_warp.nii.gz,1.0265266273288782,1.1513594115932362,9.10851907270913,0.0036043948480467647,0.1553611506828123,0.49233491858994916,2.9070016601816393,1.0437709917935951,0.588850197415914,-0.4229909643761341,3.35693359375e-05,0.47047416963819944,False,True,True,False
pt022,MR3,117_to_116_warp.nii.gz,0.9310534168173753,1.177720318058446,10.293232471718024,0.001743278689254716,0.11468031178107267,0.39420051553718893,2.8865944917865383,1.0393248173642844,0.5558492936457929,-0.9838766747917728,9.09423828125e-05,0.42448532409351825,False,True,True,False
pt022,MR3,118_to_117_warp.nii.gz,0.8301342623484609,1.149114049286083,7.393307385203284,0.0019515733061744554,0.09216928172953803,0.2873025534434791,2.8229458087741945,1.0409062049687978,0.510788680353639,-0.1698219160432088,1.89208984375e-05,0.34270067571741897,False,True,True,False
pt022,MR3,119_to_118_warp.nii.gz,0.8322851339170964,1.1475705400787253,8.311573387812965,0.0019177744910540068,0.095882822223441,0.2991208943695768,2.823677218065306,1.0413132612330949,0.5062215869897311,-0.6309921281104973,2.62451171875e-05,0.33812547023562795,False,True,True,False
pt022,MR3,120_to_119_warp.nii.gz,0.8852637279513651,1.133989288981225,6.371471100181467,0.0017547916770416863,0.10817703198879769,0.3772917682605564,2.8346229180546336,1.0413036187508,0.5188660935869797,-0.44500967067279007,2.13623046875e-05,0.35482526706345213,False,True,True,False
pt022,MR3,121_to_120_warp.nii.gz,0.9355567162164131,1.1410505152591817,6.63462469377203,0.0023177587075959433,0.12713327243228598,0.42597825884761087,2.846020081463097,1.0379523155654633,0.5470638047059676,-0.015609352081126461,4.8828125e-06,0.41013465872574395,False,True,True,False
pt022,MR3,122_to_121_warp.nii.gz,0.9205441296578272,1.1159557134524316,5.931804146148621,0.00231610684300284,0.12878816251946498,0.4187636250551171,2.8159799266274934,1.042591359043914,0.5303195186487819,-0.14535759199023143,1.220703125e-06,0.3712828611713078,False,True,True,False
pt022,MR3,123_to_122_warp.nii.gz,0.8395556832748623,1.1575674535897995,8.188746500043719,0.0007817310957735699,0.09588646212890269,0.3126481854849108,2.8374111350799645,1.0415039391060283,0.5144865401329876,-0.5678962504357764,8.544921875e-06,0.3384003791707254,False,True,True,False
pt022,MR3,124_to_123_warp.nii.gz,1.058463707329221,1.1838800675448216,9.078690912530831,0.0013246759527413597,0.12749482083083263,0.5483585195451206,2.9088846392718426,1.0398232479771818,0.5814222601797189,-0.29987249954238143,2.99072265625e-05,0.4635049809475112,False,True,True,False
pt022,MR3,125_to_124_warp.nii.gz,0.8367643952395182,1.1624263169754605,9.654379327010984,0.0015381352419350529,0.09258333002409339,0.29045064334417925,2.838834925145015,1.0404034409735063,0.5113963639309812,-0.24182726948626687,5.7373046875e-05,0.3459506625520789,False,True,True,False
pt022,MR3,126_to_125_warp.nii.gz,0.8424953527772453,1.152571821488693,8.50495070393858,0.002005555373112211,0.09378742899921813,0.3034690601509109,2.8322305233543585,1.0405810015055876,0.5095447302041689,-0.3628624674838934,3.47900390625e-05,0.34408329839475094,False,True,True,False
pt022,MR3,127_to_126_warp.nii.gz,0.8375652485697035,1.1416748064308155,9.679171785456607,0.0011400625609591963,0.09388790094452062,0.30956866684089734,2.8185308458457348,1.0404004992180809,0.5052855965489776,-1.0151240542562234,3.35693359375e-05,0.33664829171703614,False,True,True,False
pt022,MR3,128_to_127_warp.nii.gz,0.8294655934903514,1.150429164484074,7.938580088256986,0.0005872418278694076,0.09258815349972996,0.2879706577548054,2.819116931447331,1.0413430500856296,0.5091665362813271,-0.7646139677277457,2.44140625e-05,0.3368672466540518,False,True,True,False
pt022,MR3,129_to_128_warp.nii.gz,0.8149511626775873,1.148318754634247,7.680175643079893,0.0008879584515851149,0.09191013188304412,0.2761605264440452,2.8187625847977533,1.040130007791832,0.5022618185657642,-0.3303139139927142,1.28173828125e-05,0.3298744983787415,False,True,True,False
pt022,MR3,130_to_129_warp.nii.gz,0.8654233806991428,1.128527128793401,8.365245687943606,0.001358242383338195,0.10876260165263332,0.35712011687139456,2.8139385325541664,1.0416934717982422,0.5124901330657954,-0.28265744681539556,2.01416015625e-05,0.3420052163146892,False,True,True,False
pt022,MR3,131_to_130_warp.nii.gz,0.8458610654224014,1.1589813210181854,10.118051417746896,0.0013657761770728201,0.09676007969160641,0.31604512942044855,2.8400150862781675,1.0398811496836111,0.5137363279868257,-0.32924041841602625,3.7841796875e-05,0.35034710555513804,False,True,True,False
pt022,MR3,132_to_131_warp.nii.gz,0.9225052730738905,1.1423279280178584,8.069869339653556,0.0019407615493733101,0.12285783930333906,0.4096473552547809,2.83949209555615,1.0380314452990682,0.5416410030300247,-1.2467497481181922,2.5634765625e-05,0.3950669127463496,False,True,True,False
pt022,MR3,133_to_132_warp.nii.gz,0.8418248884583022,1.1564929663683785,9.111695558705332,0.0016177124469669503,0.09310568494040915,0.2948971657895545,2.833627353326218,1.0404060482592172,0.5157720454845593,-0.2725831837804872,2.74658203125e-05,0.344554063921405,False,True,True,False
pt022,MR3,134_to_133_warp.nii.gz,0.8111701981622581,1.1283199011697052,6.5191135882646325,0.0011528468920985937,0.0941153836904126,0.2902990326119227,2.7947447788133974,1.04164973098079,0.49281229644121477,-0.027625746282185202,9.1552734375e-06,0.31446072210368997,False,True,True,False
pt022,MR3,135_to_134_warp.nii.gz,0.8955987269306166,1.1318315669393977,7.226624973449852,0.0012920655937130377,0.11550638493297583,0.3786951675409853,2.8245124641034245,1.043091409409505,0.5284794823855603,-0.06761963098796765,3.0517578125e-06,0.36549806402759116,False,True,True,False
pt022,MR3,136_to_135_warp.nii.gz,1.0210472994101507,1.1675533778858205,7.652751516417074,0.0022083398288793507,0.1330086257492399,0.5121835964720858,2.898713458297916,1.036946866185157,0.57800534862585,-0.3061723888134316,3.96728515625e-05,0.4777603592345108,False,True,True,False
pt022,MR3,137_to_136_warp.nii.gz,0.9105327549083216,1.1562440530430644,10.577306688450168,0.0010008202543851335,0.1060222451260895,0.37450035381126,2.850981941804663,1.0422917654592607,0.5370872514820156,-0.9272896024348758,4.08935546875e-05,0.39084354231977025,False,True,True,False
pt022,MR3,138_to_137_warp.nii.gz,0.9156959880792195,1.1802349092276805,10.971776334382243,0.0012042450273449825,0.10680482772795985,0.36809351816546837,2.872233369029259,1.0396084086709338,0.5554585737912661,-1.113765536082683,7.568359375e-05,0.41363422591435833,False,True,True,False
pt022,MR3,139_to_138_warp.nii.gz,0.9172746525788165,1.149941334033831,10.347012419385003,0.001561301077938958,0.1145921490807291,0.3895663209780302,2.8491820647045136,1.0419304974356411,0.5392019382300085,-0.5333605015556705,5.859375e-05,0.387427447362233,False,True,True,False
pt022,MR3,140_to_139_warp.nii.gz,0.9654677936777251,1.1702712845784238,7.2523166122779505,0.0015799648064155325,0.10238826145655952,0.4482900431410971,2.867057212442565,1.0421332030249189,0.5568468086998823,-1.6943022540586765,2.38037109375e-05,0.40548153298007206,False,True,True,False
pt022,MR3,141_to_140_warp.nii.gz,0.8994904035003611,1.1586576494933436,7.390583886445645,0.0007883570384184085,0.1084513525878184,0.3721409562474965,2.8481018229487187,1.039802809662212,0.5310506452546565,-0.45070512017790243,2.685546875e-05,0.38440323469213555,False,True,True,False
pt022,MR3,142_to_141_warp.nii.gz,0.8461495942382087,1.1526477912965858,7.947281896127141,0.002236902272734377,0.09444966382927386,0.3030030094554508,2.830865217845623,1.0408175975529892,0.5172572303562878,-0.5386212828825925,4.0283203125e-05,0.348261466929727,False,True,True,False
pt022,MR3,143_to_142_warp.nii.gz,0.8324874437589055,1.146419048189777,8.184600659716141,0.0012155555515429997,0.09325545744148678,0.2990627936563408,2.820495272908285,1.0401739646640555,0.5049960959983113,-0.15792061265049628,1.46484375e-05,0.33948646773611524,False,True,True,False
pt022,MR3,144_to_143_warp.nii.gz,0.8267495725923533,1.1381387353005756,9.086600239734926,0.0015259094034918398,0.09623304713594522,0.2986833547776407,2.8101639766407764,1.0413852751634591,0.4990293259508673,-0.37375178870037273,6.103515625e-06,0.32454407432248705,False,True,True,False
pt022,MR3,145_to_144_warp.nii.gz,0.8004937244333451,1.1471350377225782,9.500547384639447,0.0015633983582343373,0.08820789181524491,0.2602736270657356,2.8132778013552358,1.0410308200429534,0.4943445941688433,-0.3347786397128284,8.544921875e-06,0.31934072835667704,False,True,True,False
pt022,MR3,146_to_145_warp.nii.gz,0.8626337463790553,1.1446475063204686,7.439664565754019,0.0010768693517478423,0.1048934553394941,0.34886737144611335,2.8273949542559076,1.0402760998486906,0.5205479508848331,-0.5058003008211258,2.0751953125e-05,0.35551930710085317,False,True,True,False
pt022,MR3,147_to_146_warp.nii.gz,0.832404286338627,1.1468094285365402,8.251747374710957,0.0006301293475459772,0.09436774528836214,0.30595524495773047,2.8232516279897637,1.0410045027232853,0.5091558347351529,-0.4077600430464319,9.1552734375e-06,0.3355837794090269,False,True,True,False
pt022,MR3,148_to_147_warp.nii.gz,0.9227705142311079,1.154193369186544,7.640543672744075,0.0014988992814457104,0.11347578908885057,0.4128809302764145,2.84712491695207,1.0400818526226694,0.5380619842258325,-0.12837577847056608,1.220703125e-05,0.38572393141593125,False,True,True,False
pt022,MR3,149_to_148_warp.nii.gz,0.8520889120919962,1.1395452154559396,6.9777314478365815,0.0005160297155073912,0.1000132355010507,0.32805458053029146,2.8171087313478442,1.0408702695635128,0.5108820754166199,-0.08868101586642814,1.64794921875e-05,0.3385596743489057,False,True,True,False
pt022,MR3,150_to_149_warp.nii.gz,0.9853896735008214,1.1531725169850637,9.357773912120097,0.0012285520909505296,0.11053312386831257,0.47667110788018663,2.860115922050857,1.0388767858018226,0.5346485872066483,-1.9030968261049659,1.15966796875e-05,0.391445442414342,False,True,True,False
pt022,MR3,151_to_150_warp.nii.gz,0.9553050407099307,1.1499051883712879,9.399733729147698,0.0026576185606293867,0.1277742232551776,0.4482373335975419,2.852300785676981,1.0384967807854117,0.5569389569593375,-0.12419779977510467,7.32421875e-06,0.4271827540735117,False,True,True,False
pt022,MR3,152_to_151_warp.nii.gz,0.8263298233460287,1.145092294383018,6.855728008644193,0.001232513341116368,0.09200393497353085,0.2904363131829547,2.8083450900979683,1.040947818568311,0.5121688868179158,-0.11345247186425685,6.103515625e-06,0.3399915558860055,False,True,True,False
pt022,MR3,153_to_152_warp.nii.gz,0.8264225867834031,1.1449030613790125,8.68482062942315,0.0003159642574364229,0.09408564625664988,0.2944462185961164,2.8154227645789227,1.0413207527877517,0.5024948117330013,-0.21828367007195384,1.3427734375e-05,0.3322807589944313,False,True,True,False
pt022,MR3,154_to_153_warp.nii.gz,0.8504354512768123,1.1427541076362864,7.493742874305807,0.0011489768871069735,0.09687575732294144,0.34204245770270314,2.817922765220327,1.0412136779031633,0.5079760076521596,-0.036229152555129415,1.8310546875e-06,0.3360632505741715,False,True,True,False
pt022,MR3,155_to_154_warp.nii.gz,0.9202514263552095,1.1510212081728086,8.952802236297227,0.002127066146525885,0.10998563405219139,0.4112817905128452,2.843230845583076,1.0427236877429467,0.5422944776679302,-1.0027292421094358,5.9814453125e-05,0.3856966455631351,False,True,True,False
pt022,MR3,156_to_155_warp.nii.gz,1.0636345162019536,1.2115503481625587,14.586018878194382,0.0006511556959770181,0.12002930386836214,0.5271499449803407,2.930180105839291,1.0361226810709123,0.5724746899570086,-1.2847775066664269,0.0001776123046875,0.49117015194693664,False,True,True,False
pt022,MR3,157_to_156_warp.nii.gz,0.9298982983983193,1.1788196487245552,9.094540509296726,0.0009590958608774119,0.10183933780758599,0.36613000633793547,2.88246373129701,1.0408264800089828,0.5736512022390625,-0.7747813041791114,6.8359375e-05,0.41256090668578665,False,True,True,False
pt022,MR3,158_to_157_warp.nii.gz,0.9105885557977974,1.1606715642543588,7.744637179347651,0.0013637315599581898,0.10626265518399525,0.3657950776201746,2.859095674175289,1.0418674382978335,0.5373833836152464,-0.4844161677772437,3.90625e-05,0.3888437657454591,False,True,True,False
pt022,MR3,159_to_158_warp.nii.gz,0.8265999837440943,1.156218822680947,7.391181964034767,0.0007893799066309664,0.09118725649755059,0.2821732978542249,2.827995897528846,1.0406718414715896,0.5115385432210756,-0.1443372564266585,1.52587890625e-05,0.34343882589360303,False,True,True,False
pt022,MR3,160_to_159_warp.nii.gz,0.8374716848208901,1.1547298730694864,7.602917637300099,0.0013194409520708157,0.09772601937471226,0.3037711420952936,2.8279699087443473,1.0403482525609435,0.5176774392933343,-0.02759530947998686,2.44140625e-06,0.345588537183871,False,True,True,False
