threshold,pt001_MR1,pt001_MR2,pt001_MR3,pt002_MR1,pt002_MR2,pt002_MR3,pt011_MR1,pt011_MR2,pt022_MR1,pt022_MR2,pt022_MR3
0.049901941191538894,99.999921875,99.999921875,99.999921875,99.999921875,99.999921875,99.999921875,99.999921875,99.999921875,99.999921875,99.999921875,99.999921875
0.06580577270639364,99.994921875,99.999375,99.999921875,99.997890625,99.998359375,99.99843750000001,99.99968750000001,99.99781250000001,99.998984375,99.99703125,99.99820312499999
0.08170960422124839,99.963515625,99.992890625,99.99960937499999,99.99054687499999,99.99296875,99.994765625,99.9971875,99.98328125,99.994375,99.97679687499999,99.9940625
0.09761343573610312,99.835390625,99.96515624999999,99.998125,99.97421875,99.97453125,99.98390625,99.98984374999999,99.92867187499999,99.98046875,99.894921875,99.9796875
0.11351726725095787,99.501015625,99.88773437500001,99.993828125,99.94375,99.932890625,99.955078125,99.967578125,99.78078124999999,99.950625,99.6903125,99.9553125
0.12942109876581262,98.840546875,99.6984375,99.9825,99.89234375,99.855390625,99.903515625,99.91492187499999,99.470703125,99.89015624999999,99.286953125,99.91695312499999
0.14532493028066737,97.79062499999999,99.344296875,99.95406249999999,99.81882812500001,99.72164062499999,99.808671875,99.81609375000001,98.944609375,99.7834375,98.617734375,99.848828125
0.16122876179552212,96.334296875,98.779453125,99.903671875,99.713125,99.52320312500001,99.65140625,99.639375,98.189921875,99.62460937499999,97.653125,99.74484375
0.17713259331037687,94.5275,97.977265625,99.81140625,99.56804687500001,99.253828125,99.42820312500001,99.38453125,97.20218750000001,99.39218749999999,96.392265625,99.59382812499999
0.19303642482523162,92.503125,96.94125,99.667265625,99.37265625,98.8934375,99.116328125,99.0403125,95.991171875,99.075,94.8159375,99.385546875
0.20894025634008637,90.328125,95.6728125,99.45140624999999,99.1228125,98.429921875,98.69328125,98.5903125,94.61734375,98.677265625,93.01203125,99.114921875
0.22484408785494112,88.0646875,94.235234375,99.160546875,98.81234375,97.856171875,98.17984374999999,98.04718749999999,93.152734375,98.20484375000001,91.039609375,98.780546875
0.24074791936979584,85.8275,92.61953125,98.78046875,98.444609375,97.188046875,97.530625,97.41109375,91.60765625,97.63859375,88.93023437500001,98.370859375
0.2566517508846506,83.641875,90.896953125,98.293828125,98.001953125,96.427734375,96.775625,96.665625,90.02890624999999,97.00703125,86.745078125,97.893671875
0.27255558239950534,81.5003125,89.0896875,97.70015625,97.49171875,95.575625,95.91296875,95.851796875,88.460859375,96.294140625,84.535546875,97.34109375
0.2884594139143601,79.47921875,87.214765625,97.007890625,96.93609375,94.640703125,94.936796875,94.951796875,86.89296875,95.501171875,82.35703125,96.71710937499999
0.30436324542921483,77.491484375,85.34484375,96.21656250000001,96.325625,93.635078125,93.84812500000001,93.961796875,85.376953125,94.6703125,80.208203125,96.02546875
0.3202670769440696,75.64234375000001,83.46976562500001,95.333515625,95.6353125,92.552578125,92.665859375,92.9146875,83.903203125,93.78937499999999,78.09937500000001,95.27507812500001
0.33617090845892433,73.862578125,81.62484375,94.37828125,94.88445312500001,91.403203125,91.39874999999999,91.803515625,82.46359375,92.88187500000001,76.0384375,94.46078125
0.3520747399737791,72.15453124999999,79.7871875,93.34328125,94.084609375,90.19578125000001,90.05296874999999,90.63960937499999,81.06671875,91.93859375,74.05890625,93.60468750000001
0.36797857148863383,70.534375,78.008046875,92.2546875,93.235625,88.96000000000001,88.64874999999999,89.442265625,79.736484375,90.97453125,72.1453125,92.70148437499999
0.3838824030034886,69.00367187500001,76.2771875,91.10921875,92.3375,87.672109375,87.19890625,88.212109375,78.435078125,89.996484375,70.282890625,91.768125
0.39978623451834333,67.56859374999999,74.57382812499999,89.946171875,91.400234375,86.359453125,85.70859374999999,86.9315625,77.1734375,88.999453125,68.51203125,90.81234375
0.4156900660331981,66.216328125,72.91140625,88.726875,90.41515625000001,84.99703124999999,84.18546875,85.6425,75.954453125,88.015859375,66.790703125,89.843046875
0.4315938975480528,64.94546875,71.2925,87.50039062500001,89.405,83.61984375,82.637265625,84.346484375,74.80375000000001,87.033046875,65.12148437500001,88.824296875
0.4474977290629075,63.73726562499999,69.741328125,86.2428125,88.346640625,82.2196875,81.06695312500001,83.02546875,73.66078125,86.052578125,63.530859375000006,87.8059375
0.4634015605777623,62.589140625000006,68.233671875,84.984296875,87.25359375000001,80.839765625,79.49875,81.69984375,72.54914062499999,85.091640625,61.9890625,86.77296875
0.479305392092617,61.53546875,66.777421875,83.70296875000001,86.14609374999999,79.451171875,77.924140625,80.369296875,71.4696875,84.13234375,60.487500000000004,85.734453125
0.49520922360747177,60.532656249999995,65.384296875,82.442890625,85.01140625,78.03546875,76.3503125,79.055625,70.39937499999999,83.18765625,59.04039062499999,84.711484375
0.5111130551223265,59.56765625,64.0353125,81.185390625,83.860078125,76.621640625,74.79148437500001,77.71375,69.357734375,82.27445312500001,57.62273437500001,83.68226562500001
0.5270168866371813,58.665859375,62.72171875,79.9428125,82.670625,75.2121875,73.2246875,76.400625,68.338359375,81.35875,56.2759375,82.65328124999999
0.542920718152036,57.79460937500001,61.464296875,78.70578125,81.476015625,73.81617187500001,71.7053125,75.094375,67.32609375,80.474765625,54.9665625,81.6121875
0.5588245496668908,56.95609375,60.246171875,77.473984375,80.25687500000001,72.41117187500001,70.162890625,73.797265625,66.330859375,79.613359375,53.694140624999996,80.60273437500001
0.5747283811817455,56.168359375,59.051171874999994,76.27984375,79.00796875,71.037578125,68.64125,72.503359375,65.353984375,78.7665625,52.466953125,79.59609375000001
0.5906322126966003,55.4103125,57.92453125,75.079453125,77.762578125,69.674453125,67.12390625,71.2271875,64.371640625,77.9303125,51.27921875,78.5859375
0.606536044211455,54.68609375,56.844296875,73.898125,76.49421875,68.337265625,65.611953125,69.964375,63.38859375,77.10875,50.1328125,77.59125
0.6224398757263098,54.00375,55.789296875000005,72.7334375,75.214296875,66.996953125,64.1165625,68.723671875,62.404921875,76.320546875,49.047578125,76.616328125
0.6383437072411645,53.351718749999996,54.7778125,71.59414062500001,73.93773437499999,65.696484375,62.65398437500001,67.51828125,61.432343749999994,75.54468750000001,47.9959375,75.64375
0.6542475387560193,52.720390625,53.80015625000001,70.47828125,72.66898437500001,64.392578125,61.225859375,66.314375,60.450390625,74.77570312499999,46.973125,74.69703125
0.670151370270874,52.1121875,52.863828125,69.39109375,71.38179687499999,63.116328124999995,59.8040625,65.13632812499999,59.48484375,74.050546875,45.97921875000001,73.75890625
0.6860552017857288,51.533593749999994,51.95867187500001,68.331171875,70.10664062500001,61.857578125,58.37929687500001,63.981640625000004,58.5178125,73.33328125,45.023203125,72.810859375
0.7019590333005835,50.966015625000004,51.09765625,67.27765624999999,68.829375,60.629921875,57.01203125000001,62.84734375000001,57.54046875000001,72.62203124999999,44.078359375,71.890078125
0.7178628648154383,50.409296874999995,50.260625000000005,66.267421875,67.5528125,59.421484375,55.673515625,61.742734375,56.58367187499999,71.927109375,43.169218750000006,70.965546875
0.733766696330293,49.877812500000005,49.442421875,65.267578125,66.29015625,58.25140625,54.366484375,60.663671875000006,55.62625,71.27375,42.29437500000001,70.045390625
0.7496705278451478,49.350546875,48.64296875,64.287734375,65.011796875,57.09101562500001,53.06976562500001,59.595703125,54.662890625,70.615859375,41.45703125,69.14882812500001
0.7655743593600025,48.8425,47.842031250000005,63.345625000000005,63.76578125000001,55.95453125,51.810703125,58.548984375,53.70382812500001,69.97734375,40.630156250000006,68.26625
0.7814781908748573,48.342421875,47.101171875000006,62.408046875000004,62.553593750000005,54.827421875000006,50.577421875000006,57.529296875,52.75796875,69.35007812500001,39.837500000000006,67.3828125
0.797382022389712,47.84109375,46.368750000000006,61.48484375000001,61.330937500000005,53.73062500000001,49.37953125,56.53742187499999,51.7946875,68.74015625000001,39.058125,66.502734375
0.8132858539045666,47.364765625000004,45.6278125,60.600078125,60.11554687500001,52.659453125,48.218828125,55.540156249999995,50.856484375,68.12375,38.30187500000001,65.627578125
0.8291896854194214,46.890859375000005,44.920390625,59.745078125000006,58.948203125,51.60617187500001,47.095859375,54.58273437500001,49.91515625,67.52171874999999,37.55484375,64.770390625
0.8450935169342761,46.419140625,44.239921875,58.90367187500001,57.775625,50.573359375,46.008828125,53.66109375,48.99218750000001,66.93843749999999,36.82226562500001,63.919921875
0.8609973484491309,45.952343750000004,43.584140625,58.063437500000006,56.6171875,49.553828124999995,44.952578124999995,52.75015625,48.07203125,66.35234375,36.138515625000004,63.074140625000005
0.8769011799639856,45.498515625,42.94187500000001,57.252187500000005,55.493828125,48.562578125,43.936484375000006,51.857578125,47.166484375,65.770703125,35.4496875,62.23757812499999
0.8928050114788404,45.04375,42.31750000000001,56.46093750000001,54.388203125000004,47.58125,42.9396875,50.99382812499999,46.248515624999996,65.21375,34.779609375,61.411171875
0.9087088429936951,44.589140625,41.70453125,55.70421875,53.31054687500001,46.606171875,41.965546875,50.148281250000004,45.356953125,64.66695312499999,34.126953125,60.578593749999996
0.9246126745085499,44.147421875000006,41.081328125000006,54.97226562499999,52.267578125,45.675,41.03484375000001,49.30375,44.48992187500001,64.12593749999999,33.495937500000004,59.77117187500001
0.9405165060234046,43.696796875,40.494921875,54.24023437500001,51.244765625,44.740234375,40.108046875,48.4946875,43.618828125,63.593359375000006,32.8965625,58.96320312500001
0.9564203375382594,43.248671875,39.907421875000004,53.528125,50.2309375,43.829296875000004,39.213984375,47.718671875000005,42.764453125,63.064296875000004,32.29601562500001,58.173437500000006
0.9723241690531141,42.80539062500001,39.3328125,52.826015625,49.24835937500001,42.920781250000005,38.337187500000006,46.954921875,41.906171875,62.53367187500001,31.709921875000003,57.402187500000004
0.9882280005679689,42.363671874999994,38.75500000000001,52.149453125,48.28265625,42.03890625000001,37.521875,46.21164062500001,41.0665625,62.009609375,31.150546875000007,56.647890624999995
1.0041318320828236,41.92617187500001,38.203046875,51.47445312500001,47.339140625,41.150234375000004,36.706953125000005,45.472265625,40.2428125,61.502421875,30.610937500000002,55.884453125
1.0200356635976784,41.494062500000005,37.671093750000004,50.82093750000001,46.42070312500001,40.275546875,35.92000000000001,44.758906249999995,39.428359375,61.006328124999996,30.078281250000003,55.13343749999999
1.0359394951125331,41.059453125,37.13898437500001,50.16468750000001,45.52875000000001,39.405781250000004,35.152265625,44.074453125000005,38.633671875,60.51015625,29.557421875,54.38804687500001
1.0518433266273879,40.62328125,36.625078125,49.51265625,44.66453125,38.556484375,34.417500000000004,43.387109375,37.840625,60.02015625,29.039531250000007,53.650625
1.0677471581422426,40.19343750000001,36.0978125,48.8803125,43.81265625,37.71289062500001,33.7040625,42.719531249999996,37.059375,59.538515625,28.52328125,52.929375
1.0836509896570974,39.76570312500001,35.590312499999996,48.262578125,42.968593750000004,36.877187500000005,33.012265625000005,42.072187500000005,36.27578125000001,59.071015625,28.035859375000005,52.20875
1.0995548211719521,39.336328124999994,35.09195312500001,47.65625,42.144453125000005,36.050859375,32.333359375,41.4353125,35.51890625,58.607734375,27.537343749999998,51.486796874999996
1.1154586526868069,38.91203125,34.59171875,47.057265625,41.36367187500001,35.247343750000006,31.67734375000001,40.825625,34.773671875,58.145546875,27.051562500000003,50.77750000000001
1.1313624842016616,38.480703125000005,34.08640625,46.472187500000004,40.599765625,34.43242187500001,31.04,40.214453125000006,34.042890625,57.6925,26.572968750000005,50.07171875
1.1472663157165164,38.055625000000006,33.592421875,45.904374999999995,39.843125,33.648906249999996,30.415078125000004,39.618359375,33.329609375000004,57.22515625,26.094453125000005,49.38796875
1.1631701472313711,37.624296875000006,33.106875,45.338125000000005,39.111640625,32.88328125000001,29.813515625000008,39.038203125,32.619609375,56.77453125,25.629140625,48.712031249999995
1.1790739787462259,37.212734375000004,32.62742187500001,44.77484375,38.406093750000004,32.129375,29.21851562500001,38.476484375,31.921406250000008,56.32914062500001,25.188046875000005,48.049140625
1.1949778102610806,36.794531250000006,32.156953125,44.21945312500001,37.706640625,31.3778125,28.662265625000003,37.91125000000001,31.23296875,55.88515625,24.752734375000006,47.39234375
1.2108816417759354,36.382265625,31.694609375000006,43.665234375000004,37.040000000000006,30.63523437500001,28.112187500000008,37.36328125,30.557343749999998,55.43882812500001,24.31195312500001,46.733281250000005
1.2267854732907901,35.97,31.229453125000006,43.133359375000005,36.3884375,29.893124999999998,27.583281250000002,36.840234375,29.908671875000003,55.01078125000001,23.882187500000008,46.098359375
1.2426893048056449,35.552031250000006,30.772578125000006,42.589921875,35.751875,29.171093749999997,27.063359375000008,36.331015625000006,29.252031249999998,54.579453125,23.463828125000006,45.456953125
1.2585931363204996,35.146718750000005,30.32351562500001,42.054453125,35.135703125000006,28.487031250000005,26.556015625000008,35.827890625,28.611484375000007,54.149140625,23.050390625000006,44.839296875
1.2744969678353544,34.745546875,29.868359375000008,41.5240625,34.524140625,27.799921875,26.061484375,35.343593750000004,28.001093750000006,53.728046875000004,22.651718750000004,44.235234375
1.2904007993502091,34.345546875,29.425078125000002,40.996171875,33.949296875,27.118203125000008,25.578671875000005,34.867109375000005,27.392734375000003,53.314921874999996,22.253984375,43.639140625
1.3063046308650639,33.93945312500001,28.961875000000003,40.47203125000001,33.387968750000006,26.44609375,25.116796875000002,34.387890625000004,26.78796875,52.898203124999995,21.86890625000001,43.044218750000006
1.3222084623799186,33.54859375,28.530781250000004,39.97570312500001,32.84117187500001,25.78953125000001,24.673593750000002,33.921171875,26.216562500000006,52.46921875,21.48640625,42.4684375
1.3381122938947734,33.16234375,28.088984375000003,39.47015625,32.303125,25.149687500000006,24.237343750000008,33.458125,25.66015625,52.051796875,21.093828125,41.885546875
1.3540161254096281,32.779375,27.65500000000001,38.97375000000001,31.778984375000007,24.5046875,23.810234375000007,33.020078125000005,25.12132812500001,51.63421875,20.726328125000006,41.312109375000006
1.3699199569244829,32.38187500000001,27.218671875,38.468671875000005,31.2696875,23.907500000000002,23.39664062500001,32.580234375,24.596015625,51.221796875,20.353359375000004,40.75664062500001
1.3858237884393376,31.991328125000006,26.799140625000007,37.980859374999994,30.777187500000004,23.319609375000006,22.988125000000004,32.155546875000006,24.07890625000001,50.821484375000004,19.981953125000008,40.20921875
1.4017276199541924,31.595703125000007,26.367265625,37.49546875000001,30.287734375000007,22.731562500000003,22.602812500000002,31.730312500000004,23.574921874999998,50.414765625,19.61421875,39.67390625
1.4176314514690471,31.205859375,25.94406250000001,37.00625000000001,29.82953125000001,22.166328125,22.20968750000001,31.308984375000005,23.090390625,50.02140625,19.257812500000004,39.14671875
1.4335352829839019,30.82265625,25.520234375000005,36.533125,29.369140625,21.6121875,21.827968750000004,30.898046875000006,22.62484375,49.619140625,18.89242187500001,38.63203125
1.4494391144987566,30.443046875,25.102421875000005,36.07296875,28.911718750000006,21.080390625,21.465078125000005,30.51148437500001,22.174375,49.215703125,18.534453125000006,38.13390625
1.4653429460136114,30.072265625000007,24.692500000000006,35.600781250000004,28.476250000000004,20.565234375000006,21.098125,30.12179687500001,21.745625,48.817265625000005,18.186718750000008,37.625234375000005
1.4812467775284661,29.696093750000006,24.29156250000001,35.14210937500001,28.050625000000007,20.05492187500001,20.751015625,29.74195312500001,21.322890625000003,48.42140625,17.837890625000007,37.13546875
1.4971506090433209,29.3153125,23.892500000000005,34.69578125,27.631796875000003,19.559218750000007,20.4121875,29.3628125,20.901640625000006,48.04328125,17.496562500000003,36.647656250000004
1.5130544405581756,28.934765625000004,23.48703125,34.23859375,27.231562500000006,19.087968750000005,20.083906250000005,28.99453125,20.491250000000004,47.675,17.155234375000006,36.17382812500001
1.5289582720730304,28.55132812500001,23.09562500000001,33.789375,26.836796875,18.613437500000007,19.749765625000006,28.638515625000004,20.099609375000004,47.291015625,16.81687500000001,35.69953125000001
1.5448621035878851,28.171250000000004,22.701484375000003,33.339140625000006,26.436250000000005,18.166250000000005,19.42750000000001,28.287109375000007,19.720234375,46.919765625,16.483671875000006,35.23734375000001
1.5607659351027399,27.784921875000002,22.314453125,32.886640625000005,26.042421875,17.73265625,19.10890625,27.936875000000004,19.348828125000004,46.547890625,16.153515625000004,34.778203125000005
1.5766697666175944,27.39890625,21.918203125,32.444843750000004,25.66648437500001,17.3065625,18.808750000000007,27.594765625000008,18.99921875,46.17390625000001,15.828125000000004,34.32000000000001
1.5925735981324491,27.015625,21.538203125,32.002890625,25.300625,16.892734375000007,18.514375000000005,27.247500000000002,18.657187500000006,45.807421874999996,15.510156250000007,33.875078125
1.608477429647304,26.633281250000007,21.169765625000004,31.567734375,24.92835937500001,16.481562500000003,18.22289062500001,26.918515625000005,18.3215625,45.436875,15.191328125000004,33.431953125
1.6243812611621586,26.25015625,20.793984375000008,31.150156250000006,24.578437500000007,16.093281250000004,17.941250000000007,26.593750000000004,17.994140625,45.080859375,14.871718750000007,32.994765625
1.6402850926770134,25.862734375000006,20.424687500000005,30.726718750000003,24.223125,15.71726562500001,17.670937500000004,26.27414062500001,17.677656250000005,44.718203125,14.552500000000002,32.555625
1.6561889241918681,25.482578125,20.053906250000008,30.293359375000005,23.865000000000002,15.354218750000005,17.404453125000007,25.95242187500001,17.364531250000002,44.362265625,14.238359375000009,32.141328125
1.6720927557067229,25.113281250000007,19.68335937500001,29.878671875000006,23.525390625000007,15.007031250000002,17.136796875000005,25.63109375,17.069218750000005,44.017890625,13.931796875000002,31.723750000000006
1.6879965872215776,24.746015625000005,19.321328125000004,29.457109375,23.182812500000004,14.653437499999999,16.872031250000006,25.320703124999998,16.774296875000005,43.670390624999996,13.624609375000007,31.310234375
1.7039004187364324,24.373828125000006,18.96398437500001,29.044375,22.850859375,14.316562500000007,16.613359375,25.01296875000001,16.483593750000004,43.33265625,13.329531250000004,30.912890625
1.7198042502512871,24.017890625000003,18.601250000000004,28.6303125,22.525625000000005,13.991328125000003,16.363906250000003,24.707890625000005,16.21656250000001,42.985234375000005,13.03640625000001,30.514609375000003
1.7357080817661419,23.659921875000002,18.25023437500001,28.220859375000007,22.207109375,13.676484375000008,16.11890625000001,24.411875000000006,15.957578125000005,42.648125,12.748593750000003,30.124531250000008
1.7516119132809966,23.30500000000001,17.904375000000005,27.816796875000005,21.89460937500001,13.371093750000007,15.873203125000002,24.127109375,15.708671875000002,42.319296875,12.465156250000009,29.72828125
1.7675157447958514,22.951093750000005,17.558906250000007,27.40585937500001,21.593046875,13.072265625000002,15.628203125000006,23.834453125,15.461015625000007,41.985781249999995,12.183515625000007,29.341796875000004
1.7834195763107061,22.605078125,17.21734375,27.018984375,21.29531250000001,12.779843750000008,15.399765625000006,23.55328125,15.228359375,41.65695312500001,11.911484375000004,28.946562500000006
1.7993234078255609,22.262890625000008,16.86468750000001,26.628593750000007,21.001250000000006,12.492890625000008,15.168281250000003,23.2803125,15.000078125000005,41.335390625,11.640859375000002,28.58343750000001
1.8152272393404156,21.92242187500001,16.519218750000007,26.234765625,20.722890625,12.211484375000003,14.945781250000001,23.003906250000007,14.78218750000001,41.01281250000001,11.373125000000005,28.20921875000001
1.8311310708552704,21.592734375,16.179296875000006,25.847890625,20.446328125,11.951640625000003,14.723359375000001,22.736171875,14.57179687500001,40.695859375,11.120937500000005,27.83703125
1.8470349023701251,21.250468750000007,15.84468750000001,25.457968750000003,20.175312500000008,11.68523437500001,14.502656250000001,22.472421875000002,14.35875000000001,40.390703125,10.862109375000006,27.463515625
1.8629387338849799,20.925937500000003,15.512500000000006,25.078046875000005,19.914609375000005,11.426875000000003,14.283984375000003,22.202031250000008,14.149218750000003,40.079687500000006,10.61539062500001,27.107421875000004
1.8788425653998346,20.606171875,15.1678125,24.705,19.65390625000001,11.171953125,14.077265625000003,21.948125000000008,13.950390625000008,39.777265625000005,10.373515625000007,26.746640625000005
1.8947463969146894,20.28367187500001,14.843593750000005,24.339921875,19.40109375000001,10.912421875,13.87718750000001,21.68640625,13.752812500000001,39.480000000000004,10.130703125000007,26.390781250000007
1.9106502284295441,19.976171875000006,14.516093750000003,23.97828125,19.149843750000006,10.663984375000002,13.66882812500001,21.431171875,13.562656250000005,39.178984375000006,9.90101562500001,26.042421875
1.9265540599443989,19.6696875,14.191640625000002,23.606015624999998,18.902890625,10.419687500000007,13.474375000000006,21.175,13.380703125000004,38.878437500000004,9.679531250000007,25.696484375000004
1.9424578914592536,19.367812500000003,13.870703125000006,23.247968750000002,18.664921875000008,10.188750000000002,13.280156250000008,20.931874999999998,13.201015625,38.57781250000001,9.459843750000008,25.37421875
1.9583617229741084,19.076562500000005,13.557187500000001,22.892265625000007,18.435000000000002,9.964375000000004,13.087578125000011,20.687578125000005,13.028593750000006,38.281015625,9.236328125000004,25.044531250000002
1.9742655544889631,18.780312500000008,13.244218750000003,22.527343750000007,18.210000000000004,9.746406250000007,12.90164062500001,20.444765625000006,12.861328125000004,37.98382812500001,9.023671875000005,24.720390625
1.9901693860038179,18.499062500000008,12.9334375,22.178671875,17.988281250000004,9.535312500000003,12.719531250000005,20.210312500000004,12.695546875000009,37.68796875,8.816250000000004,24.397109375000003
2.0060732175186726,18.222343750000004,12.630000000000008,21.829609375000004,17.765156250000004,9.316718750000009,12.537578125000003,19.973515625000005,12.53039062500001,37.393515625000006,8.617968750000005,24.073125000000005
2.021977049033527,17.95132812500001,12.333359375000008,21.495390625,17.543125000000003,9.109687500000007,12.36890625,19.741640625000002,12.36859375,37.098906250000006,8.418984375000004,23.761718750000004
2.037880880548382,17.690937500000004,12.031171875000002,21.153828125000008,17.32820312500001,8.905625000000006,12.192578125000008,19.508359375000005,12.212265625000008,36.798046875000004,8.222421875000007,23.458671875000004
2.0537847120632367,17.421328125000002,11.73445312500001,20.815625000000004,17.113359375,8.711171875000002,12.02039062500001,19.28515625,12.063437500000006,36.51046875,8.039140625000007,23.156718750000003
2.0696885435780916,17.15835937500001,11.455234375,20.478203125000004,16.90718750000001,8.519609375000003,11.851718750000007,19.054531250000007,11.91804687500001,36.205,7.855468750000005,22.860468750000006
2.085592375092946,16.897656250000004,11.175468750000006,20.14820312500001,16.700234375,8.320234375000002,11.677500000000007,18.830703125000003,11.779687500000001,35.905859375000006,7.670312500000009,22.563437500000006
2.1014962066078007,16.642890625000007,10.895703125,19.8171875,16.513359375000004,8.134531250000009,11.509609375000007,18.60343750000001,11.643984375000006,35.60328125000001,7.487343750000008,22.268984375000002
2.1174000381226556,16.395546875,10.62640625000001,19.498828125,16.32656250000001,7.958750000000004,11.347578125000002,18.379531250000003,11.508203125000005,35.300390625,7.312031250000006,21.973515625000005
2.13330386963751,16.158515625000003,10.355781250000007,19.173515625000004,16.134999999999998,7.786250000000006,11.18765625,18.15960937500001,11.372890625000009,35.003359374999995,7.1389843750000015,21.6840625
2.149207701152365,15.921484375000006,10.097500000000004,18.865390625,15.940937500000008,7.616171875000011,11.033046875000007,17.95500000000001,11.24953125,34.69960937500001,6.9745312500000045,21.40000000000001
2.1651115326672197,15.688750000000006,9.84117187500001,18.559140625000005,15.753125,7.447500000000007,10.873125000000005,17.74703125,11.120000000000008,34.391796875000004,6.807421875000008,21.121250000000003
2.1810153641820746,15.453906250000005,9.592500000000005,18.256015625,15.57312500000001,7.283281250000007,10.716562500000004,17.54109375,10.999843750000004,34.0890625,6.651015625000001,20.846796875000006
2.196919195696929,15.231171875000005,9.347656250000004,17.954375,15.394375000000004,7.126093750000006,10.565781250000006,17.336875000000006,10.874609375000011,33.782421875000004,6.487109375000011,20.57
2.212823027211784,15.012968749999999,9.105000000000008,17.654062500000002,15.218046875000002,6.967578125000006,10.416015625000007,17.135468750000005,10.757656250000004,33.465781250000006,6.3309375,20.30078125
2.2287268587266387,14.79585937500001,8.867500000000007,17.358593750000008,15.046796875000002,6.811250000000002,10.268515625000008,16.934843750000006,10.639531250000001,33.152109375,6.1784375,20.041015625000004
2.2446306902414936,14.584609375000001,8.636015625000004,17.066171875000002,14.87453125,6.66468750000001,10.129531250000001,16.74234375,10.517968750000007,32.838671875,6.032343750000003,19.78875
2.260534521756348,14.380703125000005,8.410546875000001,16.778515625,14.715,6.519453125000007,9.989218750000006,16.54867187500001,10.40000000000001,32.531796875000005,5.892734375000009,19.526406250000004
2.276438353271203,14.182109375000007,8.185937500000007,16.485234375,14.547031250000009,6.377265625000006,9.853828125000009,16.361562500000005,10.280078125000003,32.215781250000006,5.7548437500000045,19.264140625000003
2.2923421847860577,13.984765625000007,7.9696875,16.213046875000003,14.383359375000005,6.239765625000004,9.724296875000004,16.175859375,10.168359375000001,31.901171875,5.619140625000007,19.016328125000005
2.3082460163009126,13.791328125000001,7.757187500000007,15.935859375000005,14.226875000000005,6.104765625000008,9.592500000000005,15.987343750000004,10.060703125000003,31.59109375,5.48578125000001,18.768593750000008
2.324149847815767,13.609375000000002,7.550390625000003,15.666562500000003,14.064921875000003,5.976406250000011,9.468906250000009,15.799609375000001,9.950546875000011,31.27968750000001,5.356250000000006,18.52390625
2.340053679330622,13.427109375,7.344140625000007,15.407031250000003,13.914375000000001,5.849765625000003,9.339062500000006,15.620000000000001,9.845937500000002,30.966875000000005,5.231640625000001,18.275546875000003
2.3559575108454767,13.252421875000008,7.144453125000005,15.147812500000002,13.765000000000004,5.726718750000003,9.208281250000006,15.44437500000001,9.740781250000008,30.651171875000006,5.113906250000011,18.040781250000006
2.3718613423603316,13.081875000000009,6.949296875000011,14.897343750000003,13.614843750000006,5.603515625000011,9.083671875000011,15.273046875000007,9.638281250000002,30.340156250000007,4.996406250000007,17.806562500000002
2.387765173875186,12.908515625000005,6.7532812500000095,14.65109375,13.472734375000005,5.483906250000004,8.964453125000006,15.098359375000003,9.539687500000005,30.018828125000006,4.883593750000004,17.567812500000002
2.403669005390041,12.734765625,6.561718750000001,14.398750000000005,13.335546875000004,5.365546875000005,8.838984375000003,14.930781250000003,9.442343750000004,29.704140625000008,4.777187500000002,17.340703125
2.4195728369048957,12.565625000000002,6.384687500000008,14.155156250000001,13.193906250000008,5.250625000000008,8.712656250000006,14.766875000000002,9.34718750000001,29.3828125,4.668593750000005,17.108984375000002
2.4354766684197506,12.398515625000005,6.213906250000001,13.916406250000001,13.053671875000006,5.133359375000001,8.592031250000009,14.596796875000006,9.249140625000008,29.070625000000007,4.565000000000008,16.883515625
2.451380499934605,12.235000000000007,6.044921875000009,13.6815625,12.91734375000001,5.028359375000003,8.473125000000003,14.430781250000003,9.15796875,28.751562500000006,4.472656250000007,16.658125000000002
2.46728433144946,12.073359375000003,5.8840625000000095,13.448671875000006,12.785859375000008,4.923828125000007,8.358437500000004,14.261484375,9.069140625000005,28.43578125,4.3753906250000085,16.44109375
2.4831881629643147,11.91375,5.720390625000005,13.22031250000001,12.656875000000001,4.824218750000009,8.245468750000008,14.095859375000009,8.980156250000004,28.116015625000003,4.283593750000003,16.21921875000001
2.4990919944791696,11.753203125,5.56906250000001,12.998750000000003,12.533906250000005,4.72125000000001,8.13117187500001,13.937656250000007,8.894765625000002,27.797343750000003,4.19250000000001,15.995468750000008
2.514995825994024,11.602109375000003,5.421171875000008,12.781484375000007,12.407265625000008,4.624765625000005,8.019765625000009,13.782343750000003,8.810937500000005,27.475859375,4.1060937500000065,15.780312500000004
2.530899657508879,11.448984375000004,5.2834375000000104,12.567968750000002,12.280156250000008,4.528046875000003,7.9151562500000106,13.617734375000001,8.725937500000002,27.161250000000003,4.025312500000011,15.571484375
2.5468034890237337,11.299140625000003,5.146875000000007,12.360703125000006,12.162109375000007,4.436093750000003,7.80375000000001,13.461562500000001,8.641796875000008,26.833281250000006,3.94132812500001,15.361953125000005
2.5627073205385886,11.153281250000003,5.010781250000007,12.151015625000007,12.044375000000008,4.343593750000007,7.698671875000008,13.316484375000003,8.553203125000008,26.523906250000007,3.8613281250000075,15.150937500000005
2.578611152053443,11.012265625000007,4.884218750000002,11.947109375000009,11.929843750000002,4.256250000000006,7.5930468750000095,13.167578125000002,8.474062500000002,26.210859375000005,3.7903906250000063,14.946250000000006
2.594514983568298,10.874765625000006,4.765078125000011,11.747421875000008,11.812656250000009,4.1760937500000095,7.4914843750000015,13.017890625000007,8.388906250000005,25.89890625000001,3.7168750000000084,14.742109375000002
2.6104188150831527,10.73648437500001,4.649375000000012,11.548281250000002,11.694765625000002,4.093593750000002,7.3884375,12.870625000000002,8.308203125000002,25.5815625,3.65070312500001,14.545937500000006
2.6263226465980076,10.603281250000007,4.53929687500001,11.349921875000001,11.580625,4.010781250000006,7.2853906250000104,12.727421875000001,8.22984375000001,25.262890625,3.5853906250000067,14.347343750000007
2.642226478112862,10.465859375000008,4.424687500000002,11.154609375000001,11.470703125000004,3.933125000000004,7.184218750000005,12.586796875000006,8.155156250000006,24.95773437500001,3.52093750000001,14.14875000000001
2.658130309627717,10.338359375000007,4.317812500000007,10.964375000000004,11.365625000000001,3.8542187500000047,7.087031250000009,12.446406250000008,8.077578125000006,24.64070312500001,3.4607812500000112,13.960937500000004
2.6740341411425717,10.208203125000004,4.212343750000002,10.782734375000002,11.261093750000006,3.7792968750000044,6.9879687500000065,12.304218750000008,7.998125,24.33015625,3.3984375000000067,13.76921875
2.6899379726574266,10.07664062500001,4.113125000000006,10.597109375000002,11.154687500000005,3.704062500000005,6.886484375000002,12.160703125000005,7.9242187500000005,24.0184375,3.3412500000000067,13.5715625
2.705841804172281,9.954453125000008,4.012734375000004,10.420234375000003,11.050234375,3.633281250000009,6.789453125,12.021875000000005,7.851093750000004,23.707812500000003,3.2871875000000106,13.38859375
2.721745635687136,9.826640625000005,3.919140625000006,10.25125,10.951953125000003,3.55906250000001,6.695234375000004,11.885000000000002,7.7759375000000075,23.397578125000006,3.2353125000000094,13.203515625000007
2.7376494672019906,9.705156250000002,3.829687500000001,10.079062500000003,10.853828125000009,3.495156250000009,6.603984375000005,11.745937500000004,7.705390625000009,23.081562500000008,3.1882812500000024,13.019296875000009
2.7535532987168456,9.584218750000007,3.7428125000000034,9.90906250000001,10.759687500000004,3.4300781250000023,6.5109375000000025,11.606484375000004,7.636015625000003,22.771484375000007,3.1408593750000047,12.838906250000004
2.7694571302317,9.470937500000009,3.655937500000006,9.744296875000003,10.66992187500001,3.3696093750000045,6.419296875000002,11.473515625000008,7.563750000000002,22.462265625,3.095390625000005,12.655312500000004
2.785360961746555,9.358046875000003,3.5691406250000113,9.58296875000001,10.575546875000008,3.3080468750000036,6.327656250000002,11.33507812500001,7.491093750000011,22.151640625000002,3.051640625000007,12.483437500000004
2.8012647932614096,9.244296875000002,3.4874218750000074,9.41875000000001,10.479453125000004,3.247187500000004,6.239140625000006,11.198125000000003,7.419375000000006,21.841406250000006,3.0057031250000033,12.308359375
2.8171686247762646,9.135078125000007,3.40890625000001,9.264296875,10.392265625000007,3.1888281250000095,6.145156250000006,11.06054687500001,7.353515625000007,21.534375000000004,2.9641406250000113,12.138203125000002
2.833072456291119,9.030546875,3.3332812500000086,9.112968750000006,10.303984375000008,3.135156250000004,6.056406250000002,10.925859375000002,7.284531250000004,21.231953125000004,2.9267187500000014,11.97187500000001
2.848976287805974,8.922890625,3.257343750000008,8.969140625000005,10.214609375000006,3.0780468750000067,5.9671093750000015,10.805859375000004,7.215234375000001,20.923671875000004,2.88851562500001,11.798828125000005
2.8648801193208286,8.817812500000011,3.1862500000000016,8.817656250000006,10.129375000000007,3.0242187500000073,5.8846093750000055,10.681796875000005,7.149140625000006,20.615859375,2.8514062500000104,11.629609375000005
2.8807839508356836,8.714609375000004,3.1134375000000047,8.671015625,10.039375000000007,2.968750000000009,5.801562500000001,10.55585937500001,7.0846093750000065,20.311640625000006,2.8157812500000046,11.467031250000003
2.896687782350538,8.611406250000009,3.0461718750000033,8.525078125000007,9.947734375000007,2.915546875000008,5.720000000000002,10.431953125000003,7.016406250000006,20.010312500000005,2.7849218750000015,11.300781250000004
2.912591613865393,8.50875000000001,2.9789843750000045,8.386796875000002,9.860859375000008,2.8670312500000072,5.640703125000002,10.304140625000002,6.953984375000011,19.720000000000006,2.7496875000000087,11.13914062500001
2.9284954453802476,8.411562500000002,2.915156250000006,8.247109375000006,9.773828125000005,2.819140625000005,5.567656250000008,10.18164062500001,6.889609375000005,19.412031250000005,2.7170312500000016,10.984921875000008
2.9443992768951026,8.314140625000011,2.8558593750000028,8.111718750000009,9.693203125000005,2.771093750000009,5.492109375000009,10.065625,6.82625,19.109609375,2.688281250000002,10.832109375000009
2.960303108409957,8.212578125000004,2.7965625000000105,7.975156250000004,9.615000000000007,2.7234375000000033,5.418671875000003,9.948671875000004,6.758046875000002,18.81078125000001,2.6592968750000057,10.676796875000004
2.976206939924812,8.119921875000003,2.73835937500001,7.842656250000002,9.531796875000008,2.6764062500000074,5.344531250000006,9.8271875,6.690546875000003,18.51179687500001,2.6304687500000035,10.522187500000001
2.9921107714396666,8.02351562500001,2.6798437500000105,7.712968750000004,9.449687500000003,2.6333593750000106,5.261640625000008,9.69968750000001,6.62789062500001,18.218750000000007,2.603125000000006,10.374062500000003
3.0080146029545216,7.935000000000003,2.6257031250000007,7.587968750000007,9.371406250000003,2.589375000000005,5.1890625000000075,9.579375,6.565703125000011,17.934687500000003,2.576093750000008,10.229218750000001
3.023918434469376,7.840156250000008,2.5692968750000045,7.4690625000000015,9.28968750000001,2.544531250000004,5.115468750000007,9.460859375000009,6.500390625000008,17.644140625000006,2.5469531250000066,10.080078125000004
3.039822265984231,7.746562500000009,2.5184375000000037,7.348515625000007,9.207031250000009,2.5028125000000068,5.04296875000001,9.344296875000001,6.440234375000009,17.35601562500001,2.52398437500001,9.932187500000001
3.0557260974990856,7.652187500000007,2.4685937500000033,7.230000000000003,9.127968750000004,2.4607812500000104,4.971250000000005,9.235000000000005,6.379843750000003,17.067968750000006,2.500781250000006,9.787421875000001
3.0716299290139406,7.558125000000004,2.4202343750000077,7.112890625000001,9.044843750000009,2.4217187500000015,4.90390625,9.114843750000002,6.314296875000003,16.775546875000003,2.477343750000005,9.645468750000008
3.087533760528795,7.46296875000001,2.374765625000008,6.997656250000006,8.970703125000002,2.3790625000000065,4.829921875000009,8.996953125000006,6.251718750000002,16.484375000000007,2.455781250000011,9.503906250000005
3.1034375920436497,7.379218750000005,2.3298437500000047,6.880546875000004,8.89437500000001,2.3369531250000075,4.763125000000001,8.891093750000001,6.185859375000002,16.201796875000007,2.4309375000000077,9.362734375000004
3.1193414235585046,7.289296875000007,2.285468750000008,6.772187500000005,8.819296875000004,2.3004687500000065,4.697421875000007,8.77695312500001,6.122812500000007,15.919531250000007,2.4126562500000115,9.22343750000001
3.135245255073359,7.204296875000004,2.2373437500000093,6.660078125000002,8.743437500000006,2.259531250000002,4.6285156250000075,8.66960937500001,6.063203125000005,15.629375000000001,2.391640625000002,9.087890625000005
3.151149086588214,7.118984375000004,2.1952343750000103,6.55531250000001,8.672890625000008,2.221796875000004,4.563515625000003,8.564843750000007,6.000312500000005,15.34203125000001,2.3710937500000084,8.960078125000004
3.1670529181030687,7.033203125000009,2.1532812500000054,6.444765625000004,8.593828125000002,2.186406250000006,4.496328125000004,8.45929687500001,5.9396093750000105,15.051640625000006,2.3531250000000115,8.827968750000004
3.1829567496179236,6.949531250000007,2.110312500000011,6.341406250000004,8.521718750000007,2.1464062500000103,4.430546875000008,8.348750000000004,5.880312500000007,14.764687500000006,2.3336718750000096,8.69609375
3.198860581132778,6.871640625000008,2.0678125000000103,6.236718750000003,8.450468750000006,2.11195312500001,4.367890625000004,8.241640625000002,5.812500000000009,14.47750000000001,2.3153125000000108,8.563984375
3.214764412647633,6.790703125000008,2.028828125000004,6.138359375000002,8.376250000000008,2.0778906250000007,4.30554687500001,8.137968750000002,5.747734375000002,14.196015625000003,2.296406250000005,8.43585937500001
3.2306682441624877,6.717031250000005,1.9922656250000115,6.035234375000009,8.308203125000002,2.0434375000000005,4.240000000000011,8.029765625000007,5.683281250000006,13.923515625000004,2.2797656250000076,8.30546875
3.2465720756773426,6.641484375000006,1.9533593750000078,5.937734375000003,8.235625000000002,2.0082031250000076,4.177031250000008,7.9269531250000025,5.622109375000006,13.644687500000007,2.261562500000003,8.178046875
3.262475907192197,6.566406250000001,1.9150000000000111,5.842343750000001,8.160546875000009,1.9762500000000016,4.112187500000008,7.822890625000001,5.562421875000001,13.362265625000003,2.2456250000000066,8.052734375000004
3.278379738707052,6.489609375000005,1.8786718750000042,5.745234375000008,8.084843750000005,1.9412500000000055,4.052812500000003,7.726484375000009,5.503203125000001,13.088203125000009,2.2317187500000113,7.9309375000000015
3.2942835702219067,6.416328125000003,1.8421093750000006,5.653828125000004,8.016171875,1.9051562500000063,3.995000000000004,7.6254687500000085,5.441015625,12.809375000000001,2.2182812500000093,7.809531250000001
3.3101874017367616,6.344531250000007,1.8056250000000107,5.5557031250000115,7.945937500000011,1.8717187500000065,3.9357812500000033,7.528984375000003,5.3806250000000055,12.536484375,2.203046875000003,7.688593750000006
3.326091233251616,6.268906250000006,1.771796875000009,5.46000000000001,7.87601562500001,1.8423437500000084,3.8761718750000007,7.430312500000003,5.321484375000008,12.263125000000008,2.1892187500000104,7.569140625000004
3.341995064766471,6.199687500000007,1.7375781250000055,5.371562500000005,7.805468750000011,1.812812500000005,3.817890625000009,7.32890625,5.258984375000009,11.986015625000002,2.173281250000003,7.444687500000002
3.3578988962813257,6.132187500000008,1.7026562500000009,5.283593750000004,7.728828125000009,1.7839843750000028,3.7594531250000007,7.23289062500001,5.204062500000006,11.712109375,2.158046875000008,7.326093750000007
3.3738027277961806,6.0607812500000025,1.6694531250000089,5.19414062500001,7.6591406250000045,1.756718750000008,3.7081250000000066,7.139531250000008,5.14898437500001,11.447968750000005,2.143359375000009,7.214375000000006
3.389706559311035,5.992421875000009,1.6355468750000046,5.107421875000007,7.595625000000005,1.7279687500000085,3.65070312500001,7.047031250000002,5.091015625000006,11.178828125000006,2.1305468750000056,7.101562500000003
3.40561039082589,5.924765625000006,1.6057812500000046,5.022031250000003,7.524687500000004,1.6992187500000089,3.592031250000005,6.952343750000001,5.032734375000003,10.922500000000001,2.117421875000003,6.98875000000001
3.4215142223407446,5.859843750000005,1.5744531250000082,4.936250000000008,7.454765625000004,1.6705468750000008,3.5325781250000077,6.859218750000007,4.974921875000005,10.66421875000001,2.103437500000005,6.871640625000008
3.4374180538555996,5.792812500000011,1.5414843750000018,4.8547656250000015,7.38773437500001,1.6414062500000104,3.477500000000011,6.770000000000009,4.918828125000008,10.410937500000006,2.0907812500000067,6.767656250000009
3.453321885370454,5.725937500000001,1.5094531250000043,4.776718750000009,7.317578125000002,1.6159375000000087,3.4231250000000046,6.680312500000007,4.863125000000002,10.154765625000007,2.079609375000002,6.659218750000006
3.469225716885309,5.660000000000009,1.4800781250000061,4.698125000000008,7.250781250000005,1.5895312500000092,3.3678125000000114,6.593046875000008,4.810703125000004,9.908515625000003,2.066015625000006,6.556015625000001
3.4851295484001636,5.5925,1.4514062500000091,4.621640625000001,7.179765625000001,1.5642187500000015,3.3124218750000045,6.505078125000008,4.75000000000001,9.660000000000002,2.055000000000007,6.4486718750000005
3.5010333799150186,5.529453125000005,1.4224218750000017,4.540937500000009,7.1153125000000035,1.5409375000000058,3.259140625000001,6.423437500000007,4.697343750000005,9.423906250000002,2.0435937500000056,6.343984375
3.516937211429873,5.470078125000011,1.3930468750000036,4.466953125000006,7.0425000000000075,1.516953125000009,3.2064062500000046,6.3407812500000045,4.640078125000002,9.182109375000003,2.032968750000008,6.242187500000007
3.532841042944728,5.404062500000006,1.3664062500000074,4.390937500000003,6.974765625000002,1.4950000000000019,3.1579687500000064,6.251718750000002,4.5864062500000085,8.943437500000007,2.020468750000004,6.140234375000009
3.5487448744595826,5.340390625000002,1.3382812500000063,4.316953125,6.905078125000008,1.4688281250000101,3.1057031250000033,6.165781250000002,4.532890625000007,8.706796875,2.0084375000000043,6.0382812500000105
3.5646487059744376,5.2767187500000095,1.312578125000008,4.239687500000011,6.836953125000001,1.4458593750000026,3.053828125000002,6.085859375000002,4.479218750000003,8.469609375000008,1.9982812500000113,5.935625000000011
3.580552537489292,5.218515625000009,1.2867187500000044,4.169609375000006,6.768046875000011,1.4226562500000095,3.003359375000003,6.001328125000005,4.426875000000008,8.232890625,1.986718750000005,5.838828125000006
3.596456369004147,5.160859375000005,1.2617968750000097,4.099765625000007,6.699140625000011,1.4017187500000028,2.951875000000004,5.921093750000006,4.373046875000009,7.998281250000005,1.9753906250000064,5.74062500000001
3.6123602005190016,5.097968750000003,1.2365625000000047,4.028906250000008,6.635390625000004,1.3794531250000075,2.9032812500000005,5.836953125000011,4.320000000000002,7.7769531250000075,1.9627343750000081,5.642265625000009
3.6282640320338566,5.0358593750000065,1.2128125000000045,3.9609375000000058,6.566093750000002,1.3585156250000008,2.854921875000005,5.759843750000004,4.26578125,7.558515625000006,1.9511718750000018,5.546484375000005
3.644167863548711,4.97710937500001,1.1889062500000103,3.8903906250000064,6.495156250000001,1.3382812500000063,2.8076562500000013,5.682187500000002,4.2132812500000005,7.342656250000001,1.9401562500000025,5.455390625000001
3.660071695063566,4.91890625000001,1.1669531250000031,3.821484375000006,6.428281250000001,1.3190625000000011,2.765390625000008,5.603515625000011,4.1616406250000075,7.1220312500000045,1.929531250000005,5.361250000000006
3.6759755265784206,4.858984375000008,1.1433593750000082,3.7520312500000097,6.361171875000005,1.2952343750000095,2.7168750000000075,5.5293750000000035,4.110781250000006,6.916015625000005,1.9196093750000087,5.265390625000011
3.6918793580932756,4.799531250000011,1.1203906250000006,3.686796875000009,6.292890625000003,1.273906250000001,2.671250000000003,5.451562500000007,4.061250000000005,6.705234375000002,1.9079687500000109,5.176171875000001
3.70778318960813,4.7418750000000065,1.0985156250000072,3.624531250000007,6.223984375000002,1.2535937500000038,2.627812500000004,5.376015625000008,4.011093750000006,6.505078125000008,1.898515625000008,5.090546875000001
3.723687021122985,4.6853125000000055,1.0770312500000045,3.5628906250000036,6.159921875000007,1.2326562500000082,2.5849218750000014,5.30421875,3.957656250000008,6.307421875000008,1.8875000000000086,4.996406250000007
3.7395908526378396,4.630625000000011,1.0575000000000112,3.4993750000000046,6.089453125000011,1.2132031250000064,2.5402343750000056,5.2306250000000105,3.906406250000005,6.110781250000008,1.8755468750000115,4.908281250000002
3.7554946841526946,4.576796875000011,1.03773437500001,3.436875000000006,6.024296875000001,1.1927343750000041,2.4942968750000016,5.159609375000008,3.8564062500000107,5.920390625000005,1.864375000000007,4.826796875000006
3.771398515667549,4.52125000000001,1.0183593750000108,3.378750000000008,5.958984375000009,1.1726562500000037,2.45140625000001,5.090078125000009,3.806406250000005,5.734765625000005,1.854921875000004,4.740078125000002
3.787302347182404,4.465937500000006,0.9991406250000057,3.3175000000000066,5.892734375000009,1.1531250000000104,2.4096875000000018,5.021093750000006,3.757968750000007,5.556484375000004,1.8444531250000007,4.655546875000005
3.8032061786972586,4.412109375000006,0.979843750000009,3.255000000000008,5.828828125000007,1.1360937500000112,2.365546875000002,4.953515625000005,3.7106250000000007,5.37742187500001,1.834609375000007,4.577031250000008
3.8191100102121136,4.36273437500001,0.9616406250000042,3.193593750000001,5.764453125000002,1.1182031250000057,2.31929687500001,4.891875000000001,3.6617187500000092,5.207109375000007,1.82500000000001,4.49484375000001
3.835013841726968,4.312968750000001,0.9456250000000055,3.1371093750000023,5.6960156250000065,1.0984375000000046,2.276406250000007,4.824843750000007,3.616562500000009,5.040390625000002,1.8151562500000051,4.410390625000005
3.850917673241823,4.258359375000009,0.9281250000000019,3.077500000000011,5.631093750000005,1.0812500000000114,2.23234375000001,4.759687500000009,3.574609375000004,4.880312500000006,1.8035156250000073,4.332656250000011
3.8668215047566776,4.213437500000006,0.9110937500000027,3.022109375000004,5.567265625000006,1.0636718750000052,2.19054687500001,4.698828125000009,3.5264843750000052,4.720312500000001,1.792656250000002,4.251484375000003
3.8827253362715326,4.1654687500000005,0.8953125000000006,2.9675781250000033,5.502265625000002,1.0467187500000086,2.1500000000000075,4.633750000000003,3.476406250000008,4.5657031250000095,1.782890625000011,4.1711718750000015
3.898629167786387,4.11757812500001,0.8775000000000088,2.914296875000011,5.437421875000004,1.030312500000008,2.110859375000007,4.564296875000007,3.4289843750000104,4.411875000000009,1.7736718750000047,4.098046875000005
3.914532999301242,4.0707031250000085,0.8629687500000038,2.860156250000001,5.369296875000007,1.01398437500001,2.0728125000000097,4.502421875000007,3.3857812500000084,4.272031250000008,1.7657031250000066,4.024218750000008
3.9304368308160966,4.023281250000011,0.8461718750000014,2.8081250000000058,5.302265625000002,0.9992187500000083,2.035390625000011,4.439843750000005,3.3431250000000023,4.134296875000009,1.7540625000000087,3.951093750000001
3.9463406623309516,3.979921875000003,0.83171875000001,2.757656250000007,5.238593750000009,0.9839062500000106,1.9987500000000047,4.380000000000006,3.2980468750000047,3.998437500000007,1.7439843750000072,3.8791406250000104
3.962244493845806,3.9334375000000033,0.8171093750000025,2.707343750000002,5.1741406250000015,0.9681250000000086,1.9617187500000077,4.314453125000006,3.254765625000011,3.8706250000000053,1.734218750000005,3.810078125000005
3.978148325360661,3.887343750000005,0.8045312500000068,2.6565625000000037,5.107734375000006,0.9537500000000088,1.921562500000007,4.25437500000001,3.2128125000000063,3.7358593750000058,1.722265625000008,3.737968750000009
3.9940521568755156,3.8439062500000065,0.7911718750000074,2.6077343750000037,5.0421093750000034,0.9394531250000115,1.8867968750000075,4.19953125000001,3.1695312500000017,3.608359375000003,1.712421875000003,3.664453125000011
4.009955988390371,3.8035937500000006,0.7800000000000029,2.5567968750000114,4.977968750000006,0.9262500000000062,1.851484375000001,4.140703125,3.1278125000000045,3.4939062500000007,1.7025000000000068,3.596953125000002
4.025859819905225,3.7620312500000086,0.7661718750000102,2.5063281250000014,4.9159375,0.9130468750000009,1.8153906250000018,4.08312500000001,3.087968750000003,3.378203125000001,1.692109375000006,3.5293750000000013
4.04176365142008,3.7237500000000034,0.7535156250000008,2.458281250000005,4.850625000000008,0.89960937500001,1.7792968750000027,4.025546875000008,3.0450781250000114,3.2657812500000105,1.6832031250000101,3.4579687500000067
4.057667482934935,3.683515625000011,0.7395312500000029,2.408203125000008,4.783046875000007,0.882187500000009,1.7430468750000094,3.9659375000000052,3.00289062500001,3.1535937500000055,1.6725781250000016,3.390781250000008
4.07357131444979,3.642187500000005,0.7261718750000035,2.3603906250000084,4.719687500000003,0.8696875000000048,1.7098437500000063,3.9125000000000076,2.960390625000009,3.0492187500000045,1.6628125000000105,3.323203125000007
4.089475145964645,3.600781250000007,0.7127343750000015,2.3144531250000044,4.655546875000005,0.8555468750000017,1.67851562500001,3.8511718750000035,2.919531250000007,2.9522656250000057,1.65343750000001,3.2585156250000025
4.105378977479499,3.562265625000005,0.7014062500000029,2.2708593750000006,4.5914062500000075,0.8430468750000086,1.6448437500000024,3.795156250000009,2.8804687500000092,2.8560937500000105,1.6423437500000082,3.194921875000001
4.121282808994354,3.5258593750000067,0.6902343750000095,2.227187500000005,4.525703125000002,0.8307812500000011,1.6120312500000011,3.7391406250000037,2.839843750000004,2.761250000000004,1.6322656250000067,3.130781250000003
4.137186640509209,3.48984375000001,0.6780468750000046,2.185156250000009,4.467343750000008,0.8192187500000059,1.5807031250000048,3.6827343750000074,2.800468750000007,2.670703125000007,1.6221093750000026,3.0715625000000024
4.153090472024063,3.4542187500000043,0.6649218750000019,2.142656250000008,4.404296875000002,0.807578125000008,1.5492968750000058,3.626562500000008,2.7578906250000035,2.582421875000007,1.612265625000009,3.012812500000006
4.168994303538918,3.4193750000000023,0.65312500000001,2.101093750000005,4.345234375000007,0.7942187500000086,1.519140625000004,3.571171875000001,2.7189062500000083,2.5032812500000112,1.602421875000004,2.952421875000011
4.184898135053773,3.38382812500001,0.641484375000001,2.0601562500000115,4.282031250000006,0.7810156250000033,1.4881250000000068,3.515625000000011,2.677421875000008,2.4229687500000097,1.591015625000003,2.8938281250000086
4.200801966568628,3.3482031250000044,0.631328125000008,2.019921875000008,4.219062500000003,0.7712500000000011,1.4564062500000086,3.462109375000011,2.6378906250000056,2.345937500000006,1.5812500000000007,2.832734375000001
4.216705798083482,3.3114843750000067,0.6210156250000098,1.97984375000001,4.160156250000002,0.7590625000000073,1.425078125000001,3.410312500000001,2.6001562500000075,2.2697656250000087,1.5713281250000044,2.778281250000003
4.232609629598337,3.275156250000011,0.6095312500000061,1.9392187500000047,4.103046875000005,0.7482031250000021,1.39625000000001,3.3549218750000054,2.5665625000000025,2.194531250000009,1.56179687500001,2.721328125000011
4.248513461113192,3.240468750000003,0.5992968750000105,1.9000000000000017,4.044140625000003,0.7342968750000067,1.3646093750000032,3.299296875000002,2.528203125000006,2.127187500000005,1.5519531250000052,2.66343750000001
4.264417292628047,3.2036718750000026,0.5896875000000024,1.8617187500000076,3.9857031250000063,0.7234375000000015,1.338359375000009,3.246093750000001,2.490625000000002,2.0639843750000053,1.5409375000000058,2.610078125000004
4.280321124142901,3.168046875000008,0.5817187500000043,1.824609375000008,3.9250000000000007,0.7133593750000111,1.3063281250000114,3.1946093750000015,2.453437500000011,2.005390625000003,1.5301562500000032,2.5561718750000018
4.296224955657756,3.1353906250000008,0.5717187500000054,1.7928125000000072,3.8629687500000065,0.70195312500001,1.281171875000009,3.1427343750000114,2.4175000000000058,1.9482812500000057,1.5193750000000006,2.5030468750000034
4.312128787172611,3.0999218750000113,0.5622656250000024,1.7600781250000086,3.806093750000006,0.691406250000004,1.2528125000000112,3.0906250000000024,2.380625000000003,1.8920312500000036,1.5099218750000087,2.4529687500000064
4.328032618687466,3.0664843750000004,0.5536718750000058,1.7271875000000048,3.7535156250000035,0.6820312500000036,1.2275000000000036,3.0421875000000043,2.34304687500001,1.8361718750000033,1.5001562500000065,2.4001562500000073
4.34393645020232,3.036406250000001,0.544921875000004,1.6907812500000063,3.6945312500000105,0.6724218750000066,1.2019531250000104,2.989921875000001,2.30960937500001,1.7846093750000014,1.489531250000009,2.3472656250000057
4.359840281717175,3.0032812500000006,0.5355468750000036,1.6547656250000098,3.637812500000004,0.6617968750000092,1.174062500000006,2.9405468750000052,2.272968750000004,1.731328125000009,1.4795312500000102,2.2978906250000097
4.37574411323203,2.973046875000007,0.5264843750000026,1.6183593750000114,3.578984375000005,0.6522656250000036,1.148125000000011,2.8909375000000015,2.242656250000008,1.6782812500000022,1.4696875000000054,2.2508593750000028
4.391647944746885,2.9428125000000027,0.5190625000000115,1.5847656250000064,3.521406250000003,0.6408593750000025,1.1240625000000115,2.8406250000000077,2.2096875000000016,1.6304687500000026,1.459218750000002,2.203437500000005
4.407551776261739,2.9127343750000034,0.5093750000000008,1.5542187500000026,3.469375000000008,0.6303906250000102,1.0991406250000058,2.7913281250000033,2.177109375000008,1.5835156250000093,1.4507812500000106,2.1525781250000042
4.423455607776594,2.8798437500000107,0.5007031250000016,1.5226562500000096,3.411640625000001,0.6197656250000017,1.074062500000006,2.7437500000000115,2.14171875000001,1.5415625000000044,1.4393750000000094,2.110156250000006
4.439359439291449,2.851484375000002,0.4926562500000009,1.4914843750000073,3.3601562500000015,0.6093750000000009,1.0501562500000006,2.698281250000001,2.1082812500000103,1.5004687500000058,1.4296093750000072,2.060625000000005
4.455263270806304,2.8182031250000072,0.48460937500001133,1.4605468750000017,3.3080468750000036,0.6005468750000076,1.0265625000000056,2.651796875000001,2.076718750000006,1.4625781250000025,1.4196093750000083,2.0176562500000106
4.471167102321158,2.7885937500000013,0.47578125000000693,1.431796875000002,3.2521875000000033,0.5918750000000084,1.0031250000000047,2.605156250000007,2.045546875000004,1.4282812500000075,1.4108593750000065,1.9747656250000079
4.487070933836013,2.759062500000009,0.46773437500000625,1.399140625000006,3.2010156250000033,0.583593750000011,0.9796875000000038,2.5585937500000044,2.013203125000007,1.39390625000001,1.4005468750000083,1.9342187500000052
4.502974765350868,2.7292187500000065,0.4602343750000015,1.370468750000009,3.148437500000001,0.5748437500000092,0.9589843750000049,2.513671875000001,1.9825000000000093,1.3613281250000053,1.3915625000000098,1.889062500000005
4.518878596865723,2.6992968750000013,0.4525781250000027,1.3417187500000094,3.0971093750000067,0.5664062500000067,0.93773437500001,2.46812500000001,1.947500000000002,1.3290625000000111,1.3834375000000065,1.8532031250000025
4.534782428380577,2.6700000000000057,0.4452343750000032,1.3150000000000106,3.0444531250000018,0.558359375000006,0.9147656250000025,2.422890625000007,1.9178125000000046,1.3000000000000012,1.3739843750000036,1.8089843750000112
4.550686259895432,2.6440625000000106,0.4382031250000029,1.2870312500000036,2.994687500000004,0.5499218750000034,0.8946093750000106,2.3799218750000017,1.8894531250000068,1.2696093750000026,1.3646093750000032,1.7709375000000027
4.566590091410287,2.615312500000011,0.43125000000000524,1.2614843750000104,2.947656250000008,0.5418750000000028,0.8741406250000083,2.335078125000001,1.8596093750000042,1.2413281250000074,1.3546093750000043,1.7307031250000104
4.582493922925142,2.5865625000000114,0.42320312500000457,1.2371875000000032,2.899375000000004,0.5330468750000095,0.8525781250000031,2.290937500000001,1.8310937500000013,1.2126562500000104,1.3443750000000088,1.6917187500000042
4.598397754439996,2.5594531250000108,0.417500000000004,1.2098437500000059,2.8490625000000103,0.5242968750000077,0.833906250000005,2.2485156250000027,1.8012500000000098,1.1878906250000099,1.3320312500000098,1.6521093750000104
4.614301585954851,2.5315625000000064,0.41125000000000744,1.1866406250000017,2.798281250000001,0.5164843750000037,0.8172656250000077,2.2062500000000096,1.7743750000000058,1.160625000000004,1.323828125000004,1.615703125000001
4.630205417469706,2.5037500000000046,0.40460937500000904,1.1610156250000059,2.749296875000007,0.5074218750000026,0.7971093750000047,2.16679687500001,1.7453906250000095,1.1360937500000112,1.314375000000001,1.581015625000004
4.646109248984561,2.475703125000006,0.39882812500000586,1.1354687500000016,2.6996093750000005,0.4996093750000097,0.7789843750000025,2.1256250000000088,1.7171875000000059,1.1133593750000115,1.304218750000008,1.5464062500000098
4.662013080499415,2.4462500000000054,0.3925781250000093,1.1121093750000033,2.6538281250000018,0.49226562500001014,0.7612500000000022,2.084765625000007,1.6900000000000026,1.089296875000001,1.2957812500000054,1.511328125000011
4.67791691201427,2.4200781250000025,0.3862500000000102,1.0874218750000053,2.609296875000011,0.48328125000001165,0.7445312500000023,2.0435937500000056,1.6647656250000087,1.0686718750000046,1.2867187500000044,1.4772656250000016
4.693820743529125,2.395703125000004,0.38140625000000483,1.0671093750000082,2.562343750000007,0.47562500000000174,0.7286718750000087,2.001953125000011,1.6370312500000095,1.0487500000000094,1.2759375000000017,1.4430468750000092
4.70972457504398,2.3690625000000076,0.3760156250000035,1.0440625000000092,2.515078125000003,0.46765625000000366,0.7120312500000114,1.9627343750000081,1.6121875000000063,1.028671875000009,1.2646875000000057,1.4110156250000006
4.725628406558834,2.3420312500000096,0.37000000000000366,1.021953125000008,2.467734375000008,0.4614062500000071,0.6946093750000104,1.9231250000000033,1.5842187500000104,1.0100781250000024,1.255546875000002,1.378437500000007
4.741532238073689,2.315781250000004,0.3650781250000068,1.0003906250000028,2.4215625000000074,0.4528125000000105,0.6791406250000076,1.8856250000000019,1.5586718750000061,0.9914062500000043,1.2471875000000021,1.3420312500000087
4.757436069588544,2.287890625000011,0.36007812500000735,0.9784375000000067,2.3756250000000034,0.44648437500001137,0.662187500000011,1.8489843750000068,1.53437500000001,0.9717187500000057,1.2367187500000099,1.309843750000006
4.773339901103399,2.261718750000008,0.3550781250000079,0.9559375000000037,2.3292968750000087,0.4384375000000107,0.6467187500000082,1.8110937500000035,1.5071875000000068,0.9531250000000102,1.225781250000002,1.2792187500000107
4.789243732618253,2.2369531250000074,0.3493750000000073,0.9361718750000025,2.2852343750000115,0.43132812500000783,0.6309375000000061,1.7720312500000057,1.482265625000001,0.9347656250000114,1.2148437500000053,1.2483593750000077
4.805147564133108,2.2121093750000043,0.3441406250000112,0.9178906250000063,2.2449218750000055,0.4239062500000057,0.6153125000000093,1.7356250000000073,1.4589843750000053,0.9176562500000096,1.2058593750000068,1.2168750000000061
4.821051395647963,2.1848437500000095,0.3386718750000073,0.9007031250000019,2.2013281250000016,0.41695312500000803,0.6018750000000073,1.69757812500001,1.4352343750000052,0.9019531250000101,1.196562500000009,1.1857812500000064
4.836955227162818,2.1594531250000104,0.3341406250000012,0.8811718750000086,2.160234375000003,0.4096093750000085,0.5878125000000067,1.6640625000000075,1.411484375000005,0.8854687500000069,1.1868750000000095,1.156640625000005
4.852859058677672,2.135390625000011,0.32929687500000693,0.8642187500000009,2.1149218750000087,0.4027343750000023,0.5748437500000092,1.6310156250000096,1.3893750000000038,0.868750000000007,1.1771093750000072,1.1257031250000105
4.868762890192527,2.1110937500000038,0.32437500000001007,0.8453906250000087,2.072578125000002,0.39664062500001096,0.5600781250000075,1.5956250000000005,1.3641406250000099,0.8512500000000034,1.1658593750000112,1.0968750000000083
4.884666721707382,2.0871875000000095,0.319843750000004,0.8291406250000022,2.0314062500000007,0.39125000000000965,0.5475781250000034,1.563046875000007,1.342500000000002,0.8363281250000076,1.156250000000003,1.0678906250000009
4.900570553222237,2.064609375000004,0.3160937500000016,0.8115625000000071,1.9914062500000052,0.38476562500000533,0.533125000000001,1.5260937500000016,1.3214843750000038,0.8207812500000022,1.147187500000002,1.0383593750000086
4.916474384737091,2.0428906250000045,0.3118750000000059,0.7954687500000057,1.9500000000000073,0.3785937500000114,0.5201562500000034,1.4910937500000054,1.2996875000000019,0.8066406250000102,1.1377343750000102,1.0132031250000062
4.932378216251946,2.0212500000000078,0.30695312500000904,0.7780468750000047,1.9114843750000055,0.37210937500000707,0.5072656250000085,1.4613281250000054,1.2771093750000073,0.79125000000001,1.1284375000000013,0.9853906250000044
4.948282047766801,2.001406250000004,0.301875000000007,0.7618750000000007,1.8681250000000094,0.36695312500000243,0.4940625000000032,1.433437500000001,1.2540625000000083,0.7750000000000035,1.1188281250000043,0.9603906250000072
4.964185879281656,1.9802343750000007,0.2971093750000042,0.7444531250000108,1.8292968750000083,0.3608593750000111,0.4828125000000072,1.4039062500000088,1.2318750000000045,0.759843750000011,1.1102343750000077,0.935000000000008
4.98008971079651,1.957656250000006,0.2932031250000078,0.728984375000008,1.7893750000000042,0.3553906250000072,0.46898437500000334,1.3747656250000073,1.2097656250000033,0.7441406250000115,1.1004687500000054,0.9082031250000067
4.995993542311365,1.9378125000000024,0.29031250000000064,0.7135937500000078,1.7546093750000047,0.3519531250000041,0.45664062500000435,1.344687500000008,1.187500000000008,0.7293750000000099,1.090390625000004,0.882734375000005
5.01189737382622,1.9149218750000085,0.2864843750000068,0.6990625000000028,1.7154687500000043,0.3464843750000113,0.4459375000000043,1.316171875000005,1.1679687500000036,0.715546875000006,1.0808593750000095,0.8603125000000045
5.027801205341075,1.8935156250000085,0.28335937500000297,0.6826562500000022,1.6828125000000083,0.34109375000000997,0.43648437500000137,1.2887500000000052,1.1474218750000098,0.7007812500000044,1.072578125000001,0.8371093750000114
5.043705036855929,1.87382812500001,0.28046875000000693,0.668359375000005,1.6459375000000054,0.33460937500000565,0.42695312500000693,1.2607031250000067,1.1249218750000067,0.6864843750000071,1.062421875000008,0.8143750000000116
5.059608868370784,1.8529687500000058,0.27703125000000384,0.6533593750000066,1.610078125000003,0.3285156250000032,0.4173437500000099,1.2360156250000087,1.104921875000009,0.6731250000000077,1.0516406250000054,0.7903906250000037
5.075512699885639,1.832968750000008,0.27367187500000334,0.6376562500000071,1.5762500000000013,0.3241406250000023,0.4096875000000111,1.2082812500000095,1.0828906250000103,0.6592187500000013,1.041015625000008,0.7699218750000014
5.091416531400494,1.812812500000005,0.27007812500000616,0.6235937500000066,1.5418750000000037,0.31890625000000616,0.4004687500000048,1.1838281250000082,1.0623437500000055,0.6463281250000064,1.032109375000001,0.749140625000011
5.107320362915348,1.792500000000008,0.26671875000000567,0.6092187500000068,1.5073437500000009,0.3128125000000037,0.3893750000000029,1.1590625000000077,1.0428906250000036,0.6335937500000055,1.024140625000003,0.7311718750000029
5.123224194430203,1.7736718750000047,0.2632812500000026,0.5966406250000111,1.4720312500000055,0.3073437500000109,0.37875000000000547,1.1329687500000074,1.024140625000003,0.618984375000009,1.016484375000004,0.7103906250000014
5.139128025945058,1.7517187500000087,0.259765625000008,0.5828125000000073,1.4381250000000012,0.30148437500000513,0.3706250000000022,1.109062500000002,1.007265625000009,0.6057812500000037,1.0051562500000055,0.6910937500000047
5.155031857459912,1.7297656250000015,0.25671875000000677,0.570156250000009,1.4032812500000102,0.29585937500000714,0.3626562500000041,1.0852343750000104,0.9871875000000085,0.5943750000000025,0.9957031250000026,0.6689843750000035
5.170935688974767,1.7103906250000023,0.2532812500000037,0.5574218750000082,1.372265625000002,0.29109375000000437,0.3519531250000041,1.0614843750000102,0.9683593750000052,0.5810156250000031,0.9864843750000074,0.6490625000000083
5.186839520489622,1.6902343750000104,0.2498437500000117,0.5461718750000011,1.3397656250000112,0.2850781250000045,0.3417187500000085,1.0389843750000072,0.9483593750000074,0.5680468750000056,0.9770312500000045,0.6306250000000069
5.202743352004477,1.6700000000000048,0.24656250000000268,0.534218750000004,1.3055468750000077,0.2797656250000058,0.3349218750000049,1.0158593750000056,0.9287500000000115,0.5532031250000014,0.9655468750000007,0.6117968750000036
5.218647183519331,1.6514843750000008,0.2428906250000029,0.5203125000000086,1.2789062500000115,0.27453125000000966,0.32570312500000975,0.9928125000000065,0.9103906250000016,0.5411718750000016,0.9565625000000022,0.5909375000000106
5.234551015034186,1.6314062500000115,0.24046875000001133,0.5082031250000063,1.2482812500000051,0.2696093750000017,0.3161718750000042,0.9710937500000072,0.893437500000005,0.5271093750000011,0.946250000000004,0.5718750000000106
5.250454846549041,1.6101562500000055,0.2375000000000016,0.49640625000000327,1.2180468750000006,0.2650000000000041,0.30882812500000467,0.9503125000000057,0.8746093750000017,0.5165625000000063,0.9363281250000077,0.5565625000000018
5.266358678063896,1.5907031250000037,0.2341406250000011,0.48562500000000064,1.188046875000004,0.26117187500001027,0.3017187500000018,0.9264843750000029,0.8590625000000074,0.5035937500000087,0.9274218750000007,0.5383593750000082
5.28226250957875,1.5711718750000103,0.2308593750000032,0.4717187500000053,1.1589062500000025,0.2550000000000052,0.29468750000000155,0.904687500000001,0.841875000000003,0.4926562500000009,0.917578125000007,0.5225000000000035
5.298166341093605,1.5539062500000034,0.22710937500000083,0.46015625000001004,1.1305468750000047,0.2485937500000035,0.2860156250000023,0.8824218750000057,0.8221093750000019,0.48242187500000533,0.906328125000011,0.5070312500000007
5.31407017260846,1.535468750000002,0.22367187500000885,0.44882812500001146,1.1007812500000047,0.24382812500000073,0.27789062500001016,0.8594531250000093,0.8063281250000109,0.4706250000000023,0.8965625000000088,0.490468750000006
5.329974004123315,1.5149218750000082,0.2207812500000017,0.44015625000000114,1.0715625000000006,0.23906250000000906,0.2708593750000099,0.837343750000008,0.790703125000003,0.4593750000000063,0.887265625000011,0.4747656250000065
5.345877835638169,1.4977343750000038,0.21773437500001158,0.4308593750000034,1.0459375000000048,0.2342968750000063,0.26453125000001076,0.8160937500000021,0.7744531250000075,0.44898437500000554,0.8774218750000062,0.45976562500000817
5.361781667153024,1.4783593750000046,0.21437500000001108,0.4192968750000081,1.018515625000005,0.22882812500000238,0.25585937500001155,0.7950781250000039,0.759843750000011,0.43679687500000064,0.8664843750000095,0.44562500000000504
5.377685498667879,1.462500000000011,0.2107812500000028,0.4092187500000066,0.9924218750000047,0.22398437500000812,0.24914062500001055,0.7771875000000095,0.7442968750000056,0.4260156250000091,0.8571093750000092,0.43039062500001
5.393589330182734,1.4442968750000063,0.20828125000000863,0.3985937500000092,0.9661718750000103,0.21898437500000867,0.24265625000000624,0.759843750000011,0.7271875000000039,0.4141406250000035,0.8486718750000066,0.41765625000000917
5.409493161697588,1.4268750000000052,0.20531250000001,0.3904687500000059,0.9403906250000094,0.21445312500000258,0.23703125000000824,0.741875000000003,0.7101562500000047,0.404062500000002,0.839531250000003,0.4039843750000105
5.425396993212443,1.4082812500000097,0.20273437500000213,0.38031250000000183,0.9134375000000028,0.20914062500000385,0.23023437500000465,0.725156250000003,0.695234375000009,0.3938281250000064,0.8316406250000075,0.3919531250000108
5.441300824727298,1.3900000000000023,0.19937500000000163,0.37132812500000334,0.8893750000000034,0.20476562500000295,0.22484375000000334,0.7080468750000013,0.681953125000001,0.3840625000000042,0.8220312500000104,0.38015625000000774
5.457204656242153,1.3701562500000097,0.19578125000000446,0.36359375000000194,0.8667187500000062,0.2009375000000091,0.21937500000001053,0.6892187500000091,0.6662500000000016,0.37328125000000156,0.8096093750000088,0.36921875000001103
5.473108487757007,1.353593750000004,0.19335937500000178,0.3542968750000042,0.844609375000005,0.19578125000000446,0.2142968750000085,0.6715625000000114,0.6518750000000018,0.3631250000000086,0.8003125000000111,0.3583593750000058
5.489012319271862,1.335078125000011,0.18960937500001052,0.3448437500000012,0.8221093750000019,0.19125000000000947,0.20914062500000385,0.6553906250000074,0.6382812500000057,0.3550000000000053,0.7911718750000074,0.3463281250000061
5.504916150786717,1.3173437500000107,0.1864843750000067,0.3365625000000039,0.8012500000000089,0.18796875000001156,0.2021093750000036,0.6368750000000034,0.6232031250000047,0.3453125000000057,0.7824218750000056,0.3364843750000013
5.520819982301572,1.2993750000000026,0.18367187500000215,0.3282031250000039,0.7808593750000092,0.18406250000000401,0.1965625000000082,0.6196875000000102,0.6096875000000113,0.3360937500000105,0.7714062500000063,0.32570312500000975
5.536723813816426,1.2820312500000042,0.18054687500000943,0.3193750000000106,0.7596875000000058,0.18023437500001016,0.190781250000005,0.60429687500001,0.5971093750000045,0.3275781250000054,0.76148437500001,0.31460937500000785
5.552627645331281,1.2649218750000024,0.17804687500000416,0.31359375000000744,0.7400000000000073,0.17585937500000925,0.18664062500000078,0.5896875000000024,0.5832812500000006,0.32007812500000066,0.7515625000000026,0.3032812500000093
5.568531476846136,1.2484375000000103,0.17484375000000885,0.30703125000001164,0.7190625000000006,0.17242187500000616,0.18015625000000757,0.5742187500000107,0.5688281250000093,0.3115625000000066,0.7427343750000093,0.2931250000000052
5.584435308360991,1.2320312500000097,0.17234375000000357,0.30007812500000286,0.6991406250000054,0.16929687500000234,0.1743750000000044,0.5578906250000015,0.5555468750000014,0.3019531250000096,0.7339843750000075,0.28234375000000256
5.600339139875845,1.2169531250000087,0.16914062500000826,0.2928125000000059,0.6807812500000066,0.16585937500001036,0.16953125000001013,0.5408593750000024,0.5425000000000013,0.2941406250000056,0.7247656250000012,0.2729687500000022
5.6162429713907,1.201093750000004,0.16664062500000298,0.28554687500000897,0.6621093750000084,0.16226562500000208,0.16453125000001068,0.5285156250000034,0.531484375000002,0.2862500000000101,0.7164062500000012,0.2628906250000007
5.632146802905555,1.1867187500000043,0.1642187500000114,0.2785937500000113,0.6459375000000045,0.15937500000000604,0.1596875000000053,0.5141406250000036,0.5192968750000082,0.2787500000000054,0.7057031250000012,0.25492187500000263
5.64805063442041,1.1704687500000088,0.16140625000000686,0.2728906250000107,0.6280468750000101,0.15617187500001073,0.15554687500000108,0.4996875000000012,0.508437500000003,0.2720312500000044,0.6967187500000027,0.24773437500000828
5.663954465935264,1.1557031250000072,0.15890625000000158,0.26367187500000444,0.6107031250000006,0.15281250000001023,0.15156250000000204,0.4857812500000058,0.4957812500000047,0.2654687500000086,0.6873437500000024,0.2397656250000102
5.679858297450119,1.140312500000007,0.15710937500000854,0.25585937500001155,0.592109375000005,0.149765625000009,0.14726562500000373,0.47203125000000457,0.4828125000000072,0.2575000000000105,0.6782812500000013,0.23132812500000766
5.695762128964974,1.1235156250000045,0.154296875000004,0.24937500000000723,0.5746093750000014,0.1466406250000052,0.1432812500000047,0.45992187500000226,0.4706250000000023,0.2517968750000099,0.6695312500000106,0.22398437500000812
5.711665960479829,1.1070312500000012,0.15187500000000131,0.24375000000000924,0.5591406250000097,0.1442968750000051,0.13789062500000338,0.4470312500000073,0.4581250000000092,0.24484375000000114,0.6618750000000007,0.21773437500001158
5.727569791994683,1.091093750000005,0.1485937500000034,0.23710937500001084,0.543828125000001,0.14148437500001165,0.13406250000000952,0.43320312500000346,0.4458593750000017,0.23820312500000274,0.6509375000000039,0.21031250000000945
5.743473623509538,1.0764843750000086,0.14687500000000187,0.23046875000000133,0.5287500000000112,0.1386718750000071,0.12960937500000602,0.42015625000000334,0.4348437500000024,0.2320312500000088,0.6425000000000014,0.2041406250000044
5.759377455024393,1.0639843750000044,0.14406250000000842,0.22390625000000552,0.5128906250000065,0.1353125000000066,0.1264843750000022,0.40671875000000135,0.4230468750000105,0.22710937500000083,0.6326562500000077,0.19726562500000933
5.775281286539248,1.0489062500000035,0.14148437500001165,0.2186718750000094,0.49640625000000327,0.13343750000001098,0.12289062500000503,0.39343750000000455,0.410781250000003,0.2208593750000043,0.6239062500000059,0.19015625000000647
5.791185118054102,1.032109375000001,0.13890625000000378,0.2119531250000084,0.48195312500000087,0.1310937500000109,0.11906250000001117,0.3818750000000093,0.3994531250000044,0.21585937500000485,0.6147656250000022,0.18507812500000442
5.807088949568957,1.0170312500000112,0.13609375000001034,0.20609375000000263,0.4664062500000066,0.12742187500001112,0.11460937500000767,0.3695312500000103,0.3897656250000048,0.21023437500000686,0.606093750000003,0.17945312500000643
5.822992781083812,1.0030468750000021,0.13289062500000393,0.20070312500000131,0.4519531250000042,0.12515625000000252,0.11109375000000199,0.35796875000000394,0.3784375000000062,0.2042968750000096,0.597578125000009,0.17367187500000325
5.838896612598667,0.9897656250000053,0.13070312500000902,0.1940625000000029,0.4358593750000028,0.12257812500000576,0.10742187500000222,0.3476562500000058,0.36898437500000325,0.20000000000001128,0.5893750000000031,0.16914062500000826
5.854800444113521,0.9744531250000077,0.1287500000000108,0.18773437500000378,0.42210937500000156,0.12000000000000899,0.10351562500000577,0.3371093750000109,0.35906250000000695,0.19562500000001037,0.5802343750000105,0.1643750000000055
5.870704275628376,0.9589843750000049,0.1264843750000022,0.18156250000000984,0.4106250000000089,0.11617187500000403,0.10054687500000714,0.3271875000000035,0.3497656250000092,0.19046875000000574,0.5717187500000054,0.15929687500000345
5.886608107143231,0.9438281250000014,0.1242968750000073,0.1764843750000078,0.39765625000001137,0.11296875000000872,0.09671875000000218,0.31664062500000867,0.3385156250000021,0.18570312500000297,0.5630468750000062,0.15351562500001137
5.902511938658086,0.9301562500000027,0.12156250000000535,0.17218750000000949,0.38554687500000906,0.11046875000000345,0.09281250000000574,0.30554687500000677,0.32773437500001057,0.18148437500000725,0.5546093750000036,0.149765625000009
5.91841577017294,0.9163281250000099,0.12031250000000826,0.167734375000006,0.3753125000000024,0.10828125000000854,0.08929687500001116,0.29562500000001046,0.31773437500001167,0.17687500000000966,0.5466406250000055,0.14460937500000437
5.934319601687795,0.9022656250000094,0.11804687500001076,0.16351562500001027,0.3640625000000064,0.10601562500001105,0.08625000000000993,0.2840625000000041,0.30882812500000467,0.17289062500001062,0.5389843750000067,0.1399218750000042
5.95022343320265,0.8871875000000085,0.11664062500000849,0.15851562500001082,0.3526562500000052,0.10351562500000577,0.08312500000000611,0.27476562500000634,0.2995312500000069,0.1676562500000034,0.528593750000006,0.13562500000000588
5.966127264717505,0.875468750000008,0.11468750000001027,0.15390625000000213,0.3417187500000085,0.10125000000000828,0.08070312500000343,0.2661718750000097,0.2921093750000048,0.163203125000011,0.5203906250000112,0.13031250000000716
5.982031096232359,0.8621875000000112,0.11265625000000945,0.14921875000000195,0.3304687500000014,0.09937500000000155,0.07820312500000925,0.2574218750000079,0.2839843750000015,0.1588281250000101,0.5113281250000101,0.12585937500000366
5.997934927747214,0.8480468750000081,0.11039062500000085,0.14500000000000624,0.31929687500000803,0.0977343750000026,0.0754687500000073,0.24843750000000941,0.27578125000000675,0.15445312500000918,0.5024218750000031,0.12085937500000421
6.013838759262069,0.835000000000008,0.10796875000000927,0.14179687500001092,0.30906250000000135,0.09601562500000105,0.0732031250000098,0.24039062500000874,0.2683593750000046,0.15078125000000941,0.4924218750000042,0.1165625000000059
6.029742590776924,0.8206250000000082,0.10578125000000327,0.13710937500001075,0.2988281250000058,0.09367187500000096,0.07046875000000785,0.23273437500000993,0.26000000000000467,0.1464843750000111,0.4847656250000054,0.11257812500000686
6.045646422291778,0.8078125000000047,0.10398437500001023,0.1321875000000028,0.28703125000000274,0.09140625000000346,0.06867187500000371,0.22437500000000998,0.25250000000001105,0.14265625000000615,0.47648437500000806,0.10921875000000636
6.061550253806633,0.7939062500000094,0.10171875000000163,0.12804687500000966,0.27710937500000643,0.08890625000000929,0.06726562500000144,0.21585937500000485,0.24500000000000632,0.13945312500001084,0.466328125000004,0.10515625000000473
6.077454085321488,0.7814843750000078,0.09968750000000082,0.12421875000000471,0.268281250000002,0.08726562500001034,0.06570312500000508,0.20812500000000345,0.23773437500000938,0.13578125000001107,0.456171875000011,0.10117187500000568
6.093357916836343,0.7685156250000102,0.09828125000000965,0.11960937500000712,0.2596875000000054,0.0854687500000062,0.06367187500000426,0.1996875000000009,0.23000000000000798,0.1319531250000061,0.4492187500000022,0.09796875000001037
6.109261748351197,0.753671875000006,0.0966406250000107,0.11585937500000476,0.25148437500001064,0.08257812500001016,0.06226562500000199,0.19132812500000096,0.22281250000000252,0.12835937500000894,0.44218750000000195,0.09445312500000469
6.125165579866052,0.7422656250000048,0.0943750000000021,0.11164062500000904,0.24328125000000478,0.08046875000000675,0.06015625000000968,0.1831250000000062,0.21664062500000858,0.12562500000000698,0.4326562500000075,0.09195312500001052
6.141069411380907,0.7296875000000091,0.09234375000000128,0.10726562500000814,0.23593750000000524,0.0777343750000048,0.058671875000004814,0.1753125000000022,0.2096093750000083,0.12304687500001021,0.4247656250000009,0.0888281250000067
6.156973242895761,0.7173437500000102,0.09085937500000751,0.10343750000000318,0.22820312500000384,0.07632812500000252,0.05718750000001105,0.16742187500000671,0.20226562500000878,0.11937500000001044,0.41648437500000357,0.0853906250000036
6.172877074410616,0.7042187500000074,0.08945312500000524,0.09953125000000673,0.22125000000000616,0.0743750000000043,0.05507812500000764,0.1608593750000109,0.1965625000000082,0.11718750000000444,0.4085937500000081,0.08273437500000425
6.188780905925471,0.6896875000000025,0.0877343750000037,0.0966406250000107,0.21390625000000663,0.07250000000000867,0.053437500000008686,0.15335937500000618,0.19054687500000833,0.11500000000000954,0.40140625000000263,0.07968750000000302
6.204684737440326,0.6746875000000041,0.08492187500001025,0.09359375000000947,0.20734375000001082,0.07046875000000785,0.051875000000001226,0.14812500000001005,0.1864843750000067,0.1120312500000109,0.39429687500001087,0.07710937500000625
6.22058856895518,0.660546875000001,0.08234375000000238,0.08976562500000451,0.20007812500000277,0.06890625000001149,0.050546875000001545,0.1421093750000102,0.18015625000000757,0.10968750000001082,0.38765625000000137,0.07460937500000098
6.236492400470035,0.6472656250000042,0.08046875000000675,0.08664062500000069,0.19289062500000842,0.06726562500000144,0.04859375000000332,0.13562500000000588,0.1742187500000103,0.106562500000007,0.3796875000000033,0.07132812500000307
6.25239623198489,0.6352343750000045,0.07921875000000966,0.08382812500000725,0.18562500000001148,0.06562500000000249,0.046562500000002505,0.1297656250000112,0.168828125000009,0.10460937500000878,0.37343750000000675,0.0687500000000063
6.268300063499745,0.6240625000000111,0.07757812500001071,0.08054687500000934,0.17960937500001162,0.0643750000000054,0.045468750000010605,0.12476562500000066,0.16375000000000695,0.1020312500000009,0.3664062500000065,0.06570312500000508
6.284203895014599,0.6108593750000058,0.07562500000000139,0.0776562500000022,0.17367187500000325,0.06289062500001164,0.043359375000007194,0.12039062500001085,0.15812500000000895,0.09945312500000414,0.3593750000000062,0.0632031250000109
6.300107726529454,0.5991406250000053,0.07453125000000949,0.0742968750000017,0.16679687500000817,0.06156250000000085,0.04210937500001011,0.11445312500000249,0.15257812500000245,0.09695312500000997,0.3518750000000015,0.06062500000000304
6.316011558044309,0.5887500000000045,0.0732812500000013,0.07179687500000753,0.16125000000000167,0.06039062500000636,0.04078125000001043,0.10851562500000522,0.14781250000001078,0.09468750000000137,0.345078125000009,0.05804687500000627
6.331915389559164,0.5755468750000103,0.07125000000001158,0.06953125000001004,0.15390625000000213,0.058125000000008864,0.03929687500000556,0.10343750000000318,0.14265625000000615,0.09296875000001092,0.33890625000000396,0.05531250000000432
6.347819221074018,0.5632031250000114,0.07031250000000266,0.0665625000000114,0.1488281250000112,0.056875000000000675,0.03765625000000661,0.09843750000000373,0.1375000000000015,0.09062500000001084,0.3319531250000063,0.053437500000008686
6.363723052588873,0.5520312500000069,0.06914062500000817,0.06398437500000353,0.14382812500000064,0.05460937500000318,0.03609375000001025,0.09453125000000728,0.13281250000000133,0.08906250000000338,0.32437500000001007,0.051796875000009734
6.379626884103728,0.5407812500000109,0.06750000000000922,0.06140625000000677,0.13851562500000192,0.05273437500000755,0.03515625000000133,0.09015625000000638,0.1288281250000023,0.08625000000000993,0.3162500000000068,0.049687500000006324
6.395530715618583,0.5299218750000056,0.06570312500000508,0.058437500000008136,0.13398437500000693,0.05148437500001046,0.033906250000004245,0.08570312500000288,0.12343750000000098,0.08398437500000133,0.3087500000000021,0.04765625000000551
6.411434547133437,0.5187500000000012,0.06390625000000094,0.05640625000000732,0.12937500000000934,0.050000000000005596,0.03289062500000384,0.08132812500000197,0.1187500000000008,0.08203125000000311,0.30265625000001073,0.04539062500000801
6.427338378648292,0.5072656250000085,0.06273437500000645,0.053125000000009415,0.12359375000000616,0.04828125000000405,0.03164062500000675,0.07781250000000739,0.11468750000001027,0.08015625000000748,0.29687500000000755,0.04375000000000906
6.443242210163147,0.4952343750000088,0.061328125000004174,0.05164062500000455,0.11937500000001044,0.04617187500000064,0.03078125000001153,0.07390625000001094,0.1110156250000105,0.07828125000000075,0.29031250000000064,0.04210937500001011
6.459146041678002,0.48562500000000064,0.05968750000000522,0.04976562500000892,0.11500000000000954,0.044687500000006875,0.029921875000005205,0.07062500000000194,0.10601562500001105,0.07609375000000584,0.2841406250000067,0.040234375000003375
6.475049873192856,0.47421875000001057,0.05835937500000554,0.047890625000002185,0.11062500000000863,0.04429687500000501,0.028828125000002203,0.06625000000000103,0.10257812500000796,0.07476562500000616,0.27789062500001016,0.03804687500000847
6.490953704707711,0.4614843750000097,0.055781250000008775,0.04578125000000988,0.10695312500000886,0.043359375000007194,0.027343750000008438,0.0632031250000109,0.098750000000003,0.07312500000000721,0.2721875000000096,0.03632812500000693
6.506857536222566,0.44906250000000814,0.05406250000000723,0.04406250000000833,0.10242187500000277,0.04140625000000897,0.02585937500000357,0.06070312500000563,0.09453125000000728,0.07164062500000234,0.26710937500000753,0.0344531250000113
6.522761367737421,0.43867187500000737,0.05242187500000828,0.042578125000003464,0.09851562500000632,0.039687500000007425,0.025234375000005027,0.05695312500000327,0.09070312500000233,0.07046875000000785,0.26140625000000695,0.03273437500000975
6.538665199252275,0.427109375000001,0.051015625000006004,0.04062500000000524,0.09406250000000282,0.0388281250000011,0.024375000000009805,0.05335937500000609,0.08757812500000961,0.06906250000000558,0.2553125000000045,0.03085937500000302
6.55456903076713,0.416406250000001,0.04953125000000114,0.038906250000003695,0.09046875000000565,0.03726562500000474,0.02351562500000348,0.05085937500000082,0.08359375000001057,0.06718750000000995,0.2485156250000009,0.029453125000000746
6.570472862281985,0.40671875000000135,0.04820312500000146,0.03742187500000993,0.08562500000001139,0.0366406250000062,0.022500000000003073,0.048125000000009965,0.0799218750000108,0.06593750000000176,0.24320312500000218,0.02796875000000698
6.58637669379684,0.3960156250000013,0.046796875000010285,0.036015625000007656,0.08226562500001089,0.03531250000000652,0.021953125000007123,0.04507812500000874,0.07570312500000398,0.06414062500000872,0.2362500000000045,0.026796875000001386
6.602280525311694,0.3851562500000072,0.04562500000000469,0.0344531250000113,0.07921875000000966,0.03421875000000352,0.021250000000005986,0.043125000000010516,0.07226562500000089,0.0621875000000105,0.2298437500000028,0.025156250000002434
6.618184356826549,0.37445312500000716,0.0443750000000076,0.0332812500000057,0.07648437500000771,0.03320312500000311,0.020468750000002256,0.04078125000001043,0.06898437500000298,0.06039062500000636,0.22390625000000552,0.024062500000010534
6.634088188341404,0.36367187500000453,0.042812500000011244,0.03195312500000602,0.0732812500000013,0.0321875000000027,0.019843750000003713,0.03851562500000183,0.06625000000000103,0.05890625000000149,0.21835937500001013,0.023046875000010125
6.649992019856259,0.3539843750000049,0.04140625000000897,0.030546875000003748,0.0687500000000063,0.03117187500000229,0.019609375000007034,0.03632812500000693,0.06343750000000759,0.05718750000001105,0.21156250000000654,0.021953125000007123
6.665895851371113,0.343984375000006,0.039687500000007425,0.029687500000008527,0.065546875000011,0.030156250000001883,0.019140625000002576,0.03343750000001089,0.06046875000000895,0.05617187500001064,0.20578125000000336,0.0210937500000008
6.681799682885968,0.3329687500000067,0.03859375000000442,0.028359375000008846,0.06195312500000272,0.029140625000001474,0.017968750000008082,0.031796875000000835,0.05757812500000181,0.05492187500000245,0.2008593750000065,0.01976562500000112
6.697703514400823,0.32257812500000593,0.03726562500000474,0.026796875000001386,0.05906250000000668,0.028125000000001066,0.01742187500000103,0.030000000000007798,0.05429687500000391,0.053671875000005365,0.19445312500000478,0.01875000000000071
6.713607345915678,0.31351562500000485,0.03617187500000174,0.02609375000001135,0.056875000000000675,0.026796875000001386,0.016640625000008402,0.02898437500000739,0.05164062500000455,0.05273437500000755,0.1887500000000042,0.017500000000003624
6.729511177430532,0.3031250000000041,0.0344531250000113,0.025390625000010214,0.054218750000001315,0.025625000000006892,0.015937500000007265,0.027265625000005844,0.048671875000005915,0.05164062500000455,0.1842187500000092,0.016171875000003944
6.745415008945387,0.2938281250000063,0.03382812500000165,0.024687500000009077,0.05140625000000787,0.02476562500001167,0.015078125000000941,0.025625000000006892,0.04593750000000396,0.050546875000001545,0.17812500000000675,0.015703125000010587
6.761318840460242,0.2827343750000044,0.033046875000009024,0.023906250000005347,0.04953125000000114,0.02398437500000794,0.014609375000007585,0.02421875000000462,0.04359375000000387,0.049218750000001865,0.1729687500000021,0.014921875000006857
6.777222671975097,0.2728906250000107,0.03140625000001007,0.023359375000009397,0.04750000000001142,0.02289062500000494,0.01421875000000572,0.02265625000000826,0.04132812500000638,0.04726562500000364,0.1675000000000093,0.014062500000011635
6.793126503489951,0.26367187500000444,0.030390625000009663,0.022265625000006395,0.04507812500000874,0.022265625000006395,0.013828125000003855,0.021171875000003393,0.03851562500000183,0.046015625000006555,0.1630468750000058,0.013359375000010498
6.809030335004806,0.25359375000000295,0.028828125000002203,0.021484375000002665,0.042812500000011244,0.021718750000010445,0.013515625000004583,0.019140625000002576,0.03585937500000247,0.04507812500000874,0.1575781250000019,0.012656250000009361
6.824934166519661,0.24476562500000965,0.027109375000000657,0.02031250000000817,0.04054687500000265,0.02085937500000412,0.012656250000009361,0.01765625000000881,0.03382812500000165,0.04429687500000501,0.15359375000000286,0.011796875000003038
6.840837998034516,0.23578125000001116,0.025390625000010214,0.01976562500000112,0.03875000000000961,0.020234375000005578,0.01234375000001009,0.016250000000006537,0.03132812500000748,0.043359375000007194,0.147578125000003,0.010937500000007816
6.85674182954937,0.2264062500000108,0.024062500000010534,0.018828125000003304,0.03695312500000547,0.019296875000007763,0.012031250000010818,0.015234375000006128,0.029375000000009255,0.04210937500001011,0.1420312500000076,0.010156250000004086
6.872645661064225,0.21710937500000194,0.02289062500000494,0.018125000000002167,0.03507812500000984,0.01875000000000071,0.011875000000005631,0.014062500000011635,0.027500000000002522,0.04117187500000119,0.13703125000000815,0.009609375000008136
6.88854949257908,0.20835937500001123,0.02187500000000453,0.017265625000006946,0.033046875000009024,0.017812500000002895,0.011328125000009681,0.012968750000008633,0.026015625000008757,0.04039062500000856,0.13179687500000092,0.00921875000000627
6.904453324093935,0.19921875000000755,0.02132812500000858,0.01656250000000581,0.03132812500000748,0.01742187500000103,0.010859375000005222,0.012031250000010818,0.024609375000006484,0.03976562500001002,0.1275000000000026,0.008203125000005862
6.920357155608789,0.1899218750000098,0.02031250000000817,0.0155468750000054,0.029921875000005205,0.016953125000007674,0.010390625000000764,0.011171875000004494,0.023593750000006075,0.03875000000000961,0.12351562500000357,0.00789062500000659
6.936260987123644,0.18242187500000506,0.019687500000009628,0.015156250000003535,0.028359375000008846,0.016640625000008402,0.010234375000006679,0.010312500000009273,0.021953125000007123,0.037578125000004015,0.11945312500000194,0.00734375000001064
6.952164818638499,0.17367187500000325,0.018281250000007354,0.014531250000004992,0.02687500000000398,0.01601562500000986,0.009609375000008136,0.009609375000008136,0.02031250000000817,0.03593750000000506,0.11507812500000103,0.006875000000006182
6.968068650153354,0.16601562500000444,0.017265625000006946,0.013906250000006448,0.02500000000000835,0.015312500000008722,0.008984375000009592,0.008750000000001812,0.019062500000011084,0.03500000000000725,0.11125000000000718,0.006328125000010232
6.983972481668208,0.15789062500000117,0.016640625000008402,0.01343750000000199,0.023046875000010125,0.015078125000000941,0.00867187500001032,0.007812500000003997,0.01789062500000549,0.03398437500000684,0.10601562500001105,0.006093750000002451
6.999876313183063,0.15156250000000204,0.01578125000000208,0.012578125000006768,0.021250000000005986,0.01500000000000945,0.008359375000011049,0.007421875000002132,0.017187500000004352,0.033046875000009024,0.10140625000000236,0.005625000000009095
7.015780144697918,0.141953125000005,0.015312500000008722,0.011718750000011546,0.02054687500000485,0.01421875000000572,0.008203125000005862,0.007187500000005453,0.01656250000000581,0.03195312500000602,0.09617187500000624,0.00523437500000723
7.031683976212773,0.1355468750000033,0.014843750000004263,0.01156250000000636,0.01953125000000444,0.013750000000001261,0.007578125000007319,0.00656250000000691,0.015078125000000941,0.0310937500000108,0.09132812500000087,0.004921875000007958
7.047587807727627,0.12945312500000083,0.013906250000006448,0.011171875000004494,0.018906250000005898,0.01367187500000977,0.007500000000004725,0.006093750000002451,0.013906250000006448,0.03007812500001039,0.08789062500000888,0.004843750000005365
7.063491639242482,0.12289062500000503,0.013359375000010498,0.010937500000007816,0.017578125000006217,0.013046875000011227,0.007265625000008047,0.005625000000009095,0.013046875000011227,0.02875000000001071,0.08312500000000611,0.004609375000008686
7.079395470757337,0.11664062500000849,0.012421875000001581,0.01054687500000595,0.016640625000008402,0.012500000000004174,0.006796875000003588,0.00523437500000723,0.01156250000000636,0.028125000000001066,0.07867187500000261,0.004375000000000906
7.095299302272192,0.11062500000000863,0.011875000000005631,0.00968750000001073,0.015078125000000941,0.011875000000005631,0.006250000000007638,0.004765625000002771,0.010625000000008544,0.027500000000002522,0.07476562500000616,0.0039062500000075495
7.111203133787046,0.10578125000000327,0.01101562500001041,0.00921875000000627,0.014140625000003126,0.011250000000007088,0.00578125000000318,0.004609375000008686,0.009921875000007407,0.026406250000010623,0.07156250000001085,0.0036718750000108713
7.127106965301901,0.10140625000000236,0.010468750000003357,0.00867187500001032,0.013203125000005311,0.010937500000007816,0.005156250000004636,0.004375000000000906,0.008828125000004405,0.025468750000001705,0.06937500000000485,0.003593750000008278
7.143010796816756,0.09640625000000291,0.010234375000006679,0.008046875000000675,0.011484375000003766,0.01054687500000595,0.0050000000000105516,0.0036718750000108713,0.008125000000003268,0.024609375000006484,0.0666406250000029,0.003125000000003819
7.158914628331611,0.09179687500000533,0.009843750000004814,0.007500000000004725,0.010937500000007816,0.010000000000010001,0.004843750000005365,0.003593750000008278,0.007500000000004725,0.023593750000006075,0.06414062500000872,0.0030468750000012257
7.174818459846465,0.08648437500000661,0.009296875000008864,0.00710937500000286,0.010156250000004086,0.009453125000002949,0.004609375000008686,0.003437500000003091,0.006796875000003588,0.02265625000000826,0.060546875000011546,0.002890625000007141
7.19072229136132,0.08085937500000862,0.008515625000005134,0.0064843750000043165,0.009609375000008136,0.009062500000001084,0.004375000000000906,0.003125000000003819,0.006171875000005045,0.022109375000001208,0.058437500000008136,0.002734375000001954
7.206626122876175,0.07648437500000771,0.007968750000009184,0.00578125000000318,0.00921875000000627,0.00843750000000254,0.004218750000006821,0.003125000000003819,0.005468750000003908,0.0210937500000008,0.05468750000000577,0.0026562500000104627
7.222529954391029,0.07234375000000348,0.007500000000004725,0.005625000000009095,0.008125000000003268,0.008281250000008455,0.004062500000001634,0.002890625000007141,0.0053906250000013145,0.020703125000010036,0.05195312500000382,0.0024218750000026823
7.238433785905884,0.06929687500000226,0.006953125000008775,0.0053906250000013145,0.007812500000003997,0.00789062500000659,0.003984375000010143,0.002734375000001954,0.004843750000005365,0.019921875000006306,0.04859375000000332,0.0021093750000034106
7.254337617420739,0.06578125000000767,0.00656250000000691,0.005156250000004636,0.007578125000007319,0.007656250000009912,0.0035156250000056843,0.0024218750000026823,0.004375000000000906,0.019375000000010356,0.04593750000000396,0.0021093750000034106
7.270241448935594,0.0621875000000105,0.0064843750000043165,0.005078125000002043,0.00710937500000286,0.007421875000002132,0.0033593750000115996,0.002187500000006004,0.004218750000006821,0.01843750000000144,0.043125000000010516,0.002031250000000817
7.286145280450448,0.05820312500001146,0.006171875000005045,0.004843750000005365,0.006796875000003588,0.007187500000005453,0.0032031250000064126,0.0021093750000034106,0.0036718750000108713,0.017734375000011404,0.04054687500000265,0.001796875000004139
7.302049111965303,0.055546875000000995,0.005859375000005773,0.004609375000008686,0.006171875000005045,0.00656250000000691,0.0030468750000012257,0.002031250000000817,0.0035156250000056843,0.017265625000006946,0.03796875000000588,0.001796875000004139
7.317952943480158,0.05304687500000682,0.00578125000000318,0.004296875000009415,0.005703125000011688,0.006093750000002451,0.0030468750000012257,0.0018750000000067324,0.0029687500000097344,0.01656250000000581,0.035468750000011706,0.0017187500000015454
7.333856774995013,0.049921875000003,0.005625000000009095,0.003984375000010143,0.0053906250000013145,0.00578125000000318,0.0030468750000012257,0.0018750000000067324,0.0029687500000097344,0.015625000000007994,0.03343750000001089,0.0015625000000074607
7.349760606509867,0.04757812500000291,0.0053906250000013145,0.003828125000004956,0.005156250000004636,0.0053906250000013145,0.0028125000000045475,0.001796875000004139,0.002734375000001954,0.01476562500000167,0.0310937500000108,0.0014843750000048672
7.365664438024722,0.045234375000002824,0.0050000000000105516,0.003593750000008278,0.00468750000001128,0.004921875000007958,0.002734375000001954,0.001796875000004139,0.0025781250000078693,0.013984375000009042,0.02898437500000739,0.0013281250000107825
7.381568269539577,0.04242187500000938,0.004765625000002771,0.0033593750000115996,0.004609375000008686,0.004843750000005365,0.0025781250000078693,0.0017187500000015454,0.0022656250000085976,0.013515625000004583,0.02718750000000325,0.001250000000008189
7.397472101054432,0.04062500000000524,0.004609375000008686,0.003281250000009006,0.004531250000006093,0.004609375000008686,0.002343750000011191,0.0017187500000015454,0.0021093750000034106,0.012656250000009361,0.024687500000009077,0.0011718750000055955
7.413375932569286,0.03859375000000442,0.004218750000006821,0.003125000000003819,0.004375000000000906,0.004375000000000906,0.002343750000011191,0.0016406250000100542,0.001953125000009326,0.011875000000005631,0.02320312500000421,0.001093750000003002
7.429279764084141,0.03617187500000174,0.0037500000000023626,0.002890625000007141,0.004296875000009415,0.004062500000001634,0.0022656250000085976,0.0015625000000074607,0.0017187500000015454,0.011250000000007088,0.021953125000007123,0.001093750000003002
7.445183595598996,0.034375000000008704,0.0036718750000108713,0.0026562500000104627,0.003984375000010143,0.003593750000008278,0.002187500000006004,0.0013281250000107825,0.0015625000000074607,0.010390625000000764,0.020625000000007443,0.001093750000003002
7.461087427113851,0.03210937500001121,0.003281250000009006,0.0024218750000026823,0.0036718750000108713,0.003437500000003091,0.002187500000006004,0.001250000000008189,0.0014843750000048672,0.009843750000004814,0.019453125000001847,0.0010156250000115108
7.476991258628705,0.029687500000008527,0.003125000000003819,0.0022656250000085976,0.0035156250000056843,0.0030468750000012257,0.002031250000000817,0.0010156250000115108,0.0014062500000022737,0.009375000000011458,0.018046875000010676,0.0009375000000089173
7.49289509014356,0.02742187500001103,0.0029687500000097344,0.002187500000006004,0.003125000000003819,0.002890625000007141,0.001796875000004139,0.0010156250000115108,0.0013281250000107825,0.00867187500001032,0.016484375000003215,0.0008593750000063238
7.508798921658415,0.025390625000010214,0.002734375000001954,0.0017187500000015454,0.003125000000003819,0.0028125000000045475,0.0016406250000100542,0.0010156250000115108,0.0013281250000107825,0.008203125000005862,0.015390625000011315,0.0008593750000063238
7.52470275317327,0.023281250000006803,0.0026562500000104627,0.0016406250000100542,0.002890625000007141,0.0025000000000052758,0.0014843750000048672,0.0009375000000089173,0.001250000000008189,0.007500000000004725,0.013515625000004583,0.0008593750000063238
7.540606584688124,0.021718750000010445,0.0026562500000104627,0.0015625000000074607,0.0028125000000045475,0.0025000000000052758,0.0014062500000022737,0.0009375000000089173,0.001250000000008189,0.00710937500000286,0.013046875000011227,0.0007031250000011369
7.556510416202979,0.020234375000005578,0.0021093750000034106,0.0014843750000048672,0.0025000000000052758,0.0022656250000085976,0.001250000000008189,0.0007031250000011369,0.001093750000003002,0.006796875000003588,0.012187500000004903,0.0007031250000011369
7.572414247717834,0.019140625000002576,0.0017187500000015454,0.0014062500000022737,0.0024218750000026823,0.002187500000006004,0.001093750000003002,0.0006250000000096456,0.0008593750000063238,0.00656250000000691,0.011328125000009681,0.0007031250000011369
7.588318079232689,0.017734375000011404,0.0016406250000100542,0.0014062500000022737,0.0024218750000026823,0.0021093750000034106,0.001093750000003002,0.00046875000000445866,0.0008593750000063238,0.005937500000008367,0.01054687500000595,0.0007031250000011369
7.604221910747543,0.016171875000003944,0.0015625000000074607,0.0011718750000055955,0.0024218750000026823,0.0018750000000067324,0.001093750000003002,0.00046875000000445866,0.0008593750000063238,0.005468750000003908,0.009843750000004814,0.0006250000000096456
7.620125742262398,0.013984375000009042,0.0015625000000074607,0.001093750000003002,0.0022656250000085976,0.001796875000004139,0.001093750000003002,0.00046875000000445866,0.0008593750000063238,0.0050000000000105516,0.008984375000009592,0.0006250000000096456
7.636029573777253,0.012656250000009361,0.0014062500000022737,0.0010156250000115108,0.0021093750000034106,0.0014843750000048672,0.0010156250000115108,0.00046875000000445866,0.0007812500000037303,0.004296875000009415,0.008203125000005862,0.0005468750000070521
7.651933405292108,0.0110937500000019,0.001250000000008189,0.0008593750000063238,0.0016406250000100542,0.001250000000008189,0.0008593750000063238,0.00046875000000445866,0.0007812500000037303,0.004140625000004228,0.007421875000002132,0.00046875000000445866
7.667837236806962,0.010000000000010001,0.001093750000003002,0.0007812500000037303,0.0016406250000100542,0.001093750000003002,0.0007812500000037303,0.00046875000000445866,0.0007031250000011369,0.0037500000000023626,0.006718750000000995,0.00046875000000445866
7.683741068321817,0.008593750000007727,0.001093750000003002,0.0007031250000011369,0.0016406250000100542,0.001093750000003002,0.0007812500000037303,0.00046875000000445866,0.0006250000000096456,0.0032031250000064126,0.005937500000008367,0.00046875000000445866
7.699644899836672,0.007421875000002132,0.0008593750000063238,0.0006250000000096456,0.0013281250000107825,0.0009375000000089173,0.0007031250000011369,0.0003906250000018652,0.0006250000000096456,0.0028125000000045475,0.005625000000009095,0.00046875000000445866
7.715548731351527,0.006953125000008775,0.0008593750000063238,0.0005468750000070521,0.0011718750000055955,0.0007031250000011369,0.0007031250000011369,0.0003906250000018652,0.0005468750000070521,0.0026562500000104627,0.004921875000007958,0.00046875000000445866
7.731452562866381,0.005859375000005773,0.0008593750000063238,0.00046875000000445866,0.001093750000003002,0.0007031250000011369,0.0005468750000070521,0.0003906250000018652,0.0005468750000070521,0.0025000000000052758,0.004453125000003499,0.00046875000000445866
7.747356394381236,0.004609375000008686,0.0007812500000037303,0.00046875000000445866,0.0010156250000115108,0.0007031250000011369,0.0005468750000070521,0.0003906250000018652,0.0005468750000070521,0.0024218750000026823,0.004062500000001634,0.0003906250000018652
7.763260225896091,0.004218750000006821,0.00046875000000445866,0.00046875000000445866,0.0009375000000089173,0.0006250000000096456,0.0003906250000018652,0.00023437500000778044,0.0005468750000070521,0.002187500000006004,0.0033593750000115996,0.0003906250000018652
7.779164057410946,0.0037500000000023626,0.0003906250000018652,0.00046875000000445866,0.0008593750000063238,0.0006250000000096456,0.0003906250000018652,0.00015625000000518696,0.0005468750000070521,0.0018750000000067324,0.002734375000001954,0.0003906250000018652
7.7950678889258,0.003125000000003819,0.0003906250000018652,0.0003906250000018652,0.0006250000000096456,0.00046875000000445866,0.0003906250000018652,0.00015625000000518696,0.0005468750000070521,0.0016406250000100542,0.0022656250000085976,0.0003125000000103739
7.810971720440655,0.0025000000000052758,0.0003125000000103739,0.0003125000000103739,0.0005468750000070521,0.00046875000000445866,0.00023437500000778044,0.00015625000000518696,0.0005468750000070521,0.0014843750000048672,0.002031250000000817,0.0003125000000103739
7.82687555195551,0.001953125000009326,0.0003125000000103739,0.00023437500000778044,0.0003906250000018652,0.00046875000000445866,0.00023437500000778044,0.00015625000000518696,0.00046875000000445866,0.0014843750000048672,0.0018750000000067324,0.00023437500000778044
7.842779383470365,0.0015625000000074607,0.0003125000000103739,0.00023437500000778044,0.00023437500000778044,0.00046875000000445866,0.00023437500000778044,0.00015625000000518696,0.00046875000000445866,0.001250000000008189,0.0016406250000100542,0.00023437500000778044
7.858683214985219,0.001250000000008189,0.00015625000000518696,0.00023437500000778044,0.00015625000000518696,0.0003125000000103739,0.00023437500000778044,0.00015625000000518696,0.00046875000000445866,0.0011718750000055955,0.0013281250000107825,0.00023437500000778044
7.874587046500074,0.0009375000000089173,7.812500000259348e-05,0.00023437500000778044,0.00015625000000518696,0.00015625000000518696,0.00023437500000778044,0.00015625000000518696,0.00046875000000445866,0.0010156250000115108,0.0010156250000115108,0.00023437500000778044
7.890490878014929,0.0007031250000011369,7.812500000259348e-05,0.00023437500000778044,0.00015625000000518696,0.00015625000000518696,0.00023437500000778044,7.812500000259348e-05,0.00046875000000445866,0.0009375000000089173,0.0009375000000089173,0.00023437500000778044
7.906394709529784,0.00046875000000445866,7.812500000259348e-05,0.00015625000000518696,0.00015625000000518696,0.00015625000000518696,0.00015625000000518696,7.812500000259348e-05,0.00023437500000778044,0.0008593750000063238,0.0007812500000037303,0.00023437500000778044
7.922298541044638,0.0003906250000018652,7.812500000259348e-05,0.00015625000000518696,0.00015625000000518696,0.00015625000000518696,0.00015625000000518696,7.812500000259348e-05,0.00023437500000778044,0.0006250000000096456,0.0005468750000070521,0.00015625000000518696
7.938202372559493,0.00023437500000778044,7.812500000259348e-05,0.00015625000000518696,7.812500000259348e-05,0.00015625000000518696,0.00015625000000518696,7.812500000259348e-05,0.00015625000000518696,0.0005468750000070521,0.0003125000000103739,7.812500000259348e-05
7.954106204074348,0.00015625000000518696,7.812500000259348e-05,7.812500000259348e-05,7.812500000259348e-05,0.00015625000000518696,7.812500000259348e-05,7.812500000259348e-05,0.00015625000000518696,0.00023437500000778044,0.00023437500000778044,7.812500000259348e-05
7.970010035589203,0.00015625000000518696,7.812500000259348e-05,7.812500000259348e-05,7.812500000259348e-05,7.812500000259348e-05,7.812500000259348e-05,7.812500000259348e-05,7.812500000259348e-05,0.00023437500000778044,7.812500000259348e-05,7.812500000259348e-05
7.985913867104058,0.0,0.0,0.0,0.0,0.0,0.0,0.0,0.0,0.0,0.0,0.0
