threshold,pt001_MR1,pt001_MR2,pt001_MR3,pt002_MR1,pt002_MR2,pt002_MR3,pt011_MR1,pt011_MR2,pt022_MR1,pt022_MR2,pt022_MR3
0.03179979802720627,99.999921875,99.999921875,99.999921875,99.999921875,99.999921875,99.999921875,99.999921875,99.999921875,99.999921875,99.999921875,99.999921875
0.03988715813897595,99.994453125,99.997421875,99.99984375,99.998046875,99.99976562500001,99.998046875,99.99906250000001,99.99875,99.995703125,99.99421875,99.998515625
0.047974518250745626,99.949453125,99.975234375,99.99906250000001,99.985234375,99.99914062500001,99.981484375,99.991953125,99.98718749999999,99.97476562499999,99.945234375,99.986171875
0.0560618783625153,99.769453125,99.88960937499999,99.996953125,99.94765625000001,99.99421875,99.90375,99.96296875,99.939140625,99.90703125,99.768828125,99.9425
0.06414923847428497,99.3378125,99.65484375,99.99125,99.85875,99.972578125,99.724609375,99.869296875,99.79234375,99.7359375,99.374140625,99.82671875
0.07223659858605466,98.55375,99.2009375,99.980625,99.7021875,99.916015625,99.38265625,99.656171875,99.48515624999999,99.432734375,98.682265625,99.61453125
0.08032395869782433,97.417421875,98.48,99.96000000000001,99.456171875,99.8003125,98.84984375,99.27265625,98.945078125,98.94625,97.676328125,99.261875
0.088411318809594,95.96070312500001,97.49695312499999,99.91718750000001,99.09921874999999,99.606328125,98.087734375,98.658125,98.146171875,98.258828125,96.384609375,98.759765625
0.09649867892136368,94.272734375,96.246328125,99.834375,98.634921875,99.302734375,97.09796874999999,97.82109375,97.084140625,97.40265624999999,94.82640625,98.11515625
0.10458603903313336,92.459140625,94.810546875,99.68359375,98.05640625000001,98.897578125,95.92734375,96.80960937500001,95.822578125,96.36882812500001,93.034375,97.31765625
0.11267339914490304,90.605390625,93.17765625,99.45164062500001,97.35070312500001,98.350859375,94.560234375,95.61796875,94.354921875,95.17625,91.081640625,96.37875
0.12076075925667272,88.727421875,91.43453125,99.1178125,96.550234375,97.680234375,92.984375,94.3065625,92.755234375,93.9028125,89.004609375,95.31031250000001
0.12884811936844237,86.86671875,89.608984375,98.68359375,95.651015625,96.89875,91.255625,92.91140625,91.0546875,92.562109375,86.87015625000001,94.11632812500001
0.13693547948021206,85.04773437499999,87.72265625,98.151328125,94.67125,95.9825,89.39,91.46992187500001,89.29203125000001,91.17203125,84.69453125000001,92.828828125
0.14502283959198176,83.2603125,85.78218749999999,97.510390625,93.612265625,94.95859374999999,87.41234375,89.99906250000001,87.49914062500001,89.757734375,82.565,91.474921875
0.15311019970375142,81.533359375,83.82460937500001,96.772578125,92.495234375,93.833359375,85.33906250000001,88.498203125,85.69703125,88.35703125,80.473359375,90.080078125
0.16119755981552109,79.871171875,81.81546875,95.9675,91.32359375,92.608125,83.182421875,87.00890625,83.92375000000001,86.97078125,78.458671875,88.621171875
0.16928491992729078,78.26265624999999,79.80671875,95.0734375,90.104375,91.29843749999999,80.954296875,85.515234375,82.199765625,85.644375,76.52609375,87.15
0.17737228003906047,76.705859375,77.80906250000001,94.146875,88.862265625,89.926328125,78.63914062500001,84.018515625,80.520703125,84.316953125,74.6646875,85.666328125
0.1854596401508301,75.169765625,75.811328125,93.158671875,87.57070312500001,88.4909375,76.35000000000001,82.53296875000001,78.912578125,83.04523437499999,72.9175,84.21906249999999
0.1935470002625998,73.701328125,73.842890625,92.13125,86.275625,87.03375,74.0246875,81.056875,77.354453125,81.809921875,71.259375,82.7871875
0.2016343603743695,72.261953125,71.89054687500001,91.069296875,84.998203125,85.51953125,71.689453125,79.595625,75.856796875,80.65523437499999,69.698984375,81.378125
0.20972172048613918,70.870546875,70.00101562500001,89.95734374999999,83.7140625,83.99789062500001,69.337734375,78.14609375,74.443203125,79.528125,68.21328125000001,79.99265625000001
0.21780908059790882,69.51898437499999,68.162734375,88.82609375,82.44953125,82.450390625,67.01140625,76.715078125,73.069296875,78.43828125,66.79781249999999,78.662265625
0.22589644070967851,68.1971875,66.385546875,87.67148437499999,81.18765624999999,80.913046875,64.732734375,75.325703125,71.74234374999999,77.396484375,65.45328125,77.353046875
0.2339838008214482,66.906875,64.624609375,86.50625000000001,79.92640625,79.37375,62.458281250000006,73.96046874999999,70.49078125,76.421328125,64.181328125,76.103984375
0.24207116093321784,65.664140625,62.925078125,85.30171875,78.684140625,77.8225,60.25203125,72.61,69.284296875,75.47921875,62.97484375,74.885546875
0.25015852104498754,64.44515625,61.27875,84.113125,77.445234375,76.31015625,58.094140625,71.265625,68.130703125,74.59171875,61.815234375,73.6978125
0.25824588115675723,63.26367187499999,59.68203125,82.92281249999999,76.2215625,74.76734375000001,55.98375,69.93750000000001,67.024609375,73.726640625,60.72328124999999,72.5671875
0.2663332412685269,62.107109375,58.121640625000005,81.719921875,75.019296875,73.25796875,53.938984375,68.652578125,65.958046875,72.904375,59.683359375,71.466875
0.27442060138029656,60.993750000000006,56.591015625,80.49421875,73.846953125,71.76609375000001,51.94953125,67.366640625,64.93320312499999,72.10531250000001,58.66421875000001,70.40609375
0.28250796149206625,59.910859375,55.15726562500001,79.29453125,72.69765625,70.30203125000001,49.984843749999996,66.09484375,63.9446875,71.35390625,57.69546875,69.379453125
0.29059532160383594,58.851953125,53.746796875,78.0821875,71.54710937499999,68.86484374999999,48.098203125000005,64.859453125,62.987265625,70.611328125,56.75929687500001,68.390703125
0.29868268171560564,57.821015624999994,52.38890625,76.84367187500001,70.39492187500001,67.428671875,46.2703125,63.640078125,62.0709375,69.93625,55.856640625,67.43703125
0.3067700418273753,56.831171874999995,51.075234375,75.633671875,69.29335937500001,66.016953125,44.49640625,62.45,61.18976562500001,69.25250000000001,54.975859375,66.49195312500001
0.31485740193914497,55.87437500000001,49.80265625,74.42953125,68.189296875,64.643671875,42.80140625000001,61.273203124999995,60.32828125,68.62625,54.136874999999996,65.591640625
0.32294476205091466,54.955859375,48.56609375000001,73.215859375,67.112890625,63.277109374999995,41.138125,60.150156249999995,59.510078125,68.02453125,53.308203125,64.703359375
0.33103212216268435,54.045156250000005,47.36,72.02859375,66.04953124999999,61.920624999999994,39.540312500000006,59.038046875000006,58.709453124999996,67.4415625,52.52953124999999,63.843281250000004
0.339119482274454,53.173125,46.20421875,70.847265625,65.016796875,60.616953124999995,37.99851562500001,57.94140624999999,57.934062499999996,66.88406250000001,51.77484375,63.00359375
0.3472068423862237,52.335781250000004,45.11164062500001,69.68046875,63.98125,59.327421875,36.521875,56.87695312500001,57.176249999999996,66.348359375,51.0278125,62.163046875000006
0.35529420249799337,51.507109375000006,44.05609375,68.510859375,62.954140625,58.07109375,35.107265625000004,55.845625,56.4540625,65.84046875,50.291953125,61.349140625
0.363381562609763,50.711796875000005,43.035390625000005,67.348046875,61.946093749999996,56.842265624999996,33.75851562500001,54.821796875,55.7453125,65.335234375,49.59148437500001,60.558046874999995
0.3714689227215327,49.947109375,42.06265625000001,66.21914062500001,60.94953125,55.627109374999996,32.461484375000005,53.81984375,55.04109375,64.85546875,48.905078125,59.767109375000004
0.3795562828333024,49.201249999999995,41.134140625,65.105625,59.960859375,54.462109375,31.21882812500001,52.83851562499999,54.38000000000001,64.377734375,48.24296875,58.99132812500001
0.3876436429450721,48.494375,40.240312499999995,64.00343749999999,58.99085937499999,53.3053125,30.016406250000006,51.886796874999995,53.736875,63.92054687499999,47.59289062500001,58.23734375
0.3957310030568417,47.78203125,39.37921875,62.918125,58.04578125,52.176015625000005,28.829062500000003,50.9678125,53.10078125,63.46875000000001,46.954531249999995,57.513906250000005
0.4038183631686114,47.1090625,38.54234375000001,61.853437500000005,57.081171875,51.074921875,27.701796875000007,50.066953125000005,52.47914062500001,63.036953125,46.319609375000006,56.78203125000001
0.4119057232803811,46.448671875,37.754765625,60.817968750000006,56.154921875,49.999609375,26.619453125000003,49.18820312500001,51.8665625,62.614531250000006,45.70968750000001,56.072500000000005
0.41999308339215075,45.806250000000006,36.993281249999995,59.77992187500001,55.24187499999999,48.953984375000005,25.58828125,48.333437499999995,51.264609375000006,62.19921875000001,45.10265625000001,55.361015625
0.42808044350392044,45.200859375,36.26546875000001,58.74539062499999,54.34257812500001,47.921171875,24.588515625000007,47.50546875,50.66828125,61.80109375,44.51421875,54.668906250000006
0.43616780361569013,44.61304687500001,35.567578125,57.73468750000001,53.463984374999995,46.9121875,23.624218750000004,46.689375,50.08765625,61.41859375000001,43.919765625000004,53.967265625
0.4442551637274598,44.044843750000005,34.893984374999995,56.750156249999996,52.603359375000004,45.937578125,22.711484375,45.90734375000001,49.514765625,61.0359375,43.346328125,53.283203125
0.45234252383922946,43.49453125,34.25859375,55.7978125,51.73757812499999,44.974218750000006,21.841015625000004,45.15078125000001,48.955859375,60.66374999999999,42.77640625,52.619296874999996
0.46042988395099915,42.9571875,33.639296875,54.861562500000005,50.890859375,44.020703125000004,21.00046875,44.3875,48.4034375,60.28953125,42.21328125,51.966640625000004
0.46851724406276885,42.41515625000001,33.045859375000006,53.942890625,50.05632812500001,43.09796875000001,20.213750000000008,43.66992187500001,47.85945312500001,59.921796875,41.672890625,51.327109375
0.47660460417453854,41.910703125000005,32.474843750000005,53.049765625,49.22726562500001,42.2009375,19.442343750000003,42.964375,47.320703124999994,59.571250000000006,41.134140625,50.6875
0.4846919642863082,41.402578125,31.923046875000004,52.173671875,48.417812500000004,41.34085937500001,18.705859375,42.278749999999995,46.78671875,59.229375000000005,40.5921875,50.059374999999996
0.49277932439807787,40.917187500000004,31.394921875000005,51.315078125,47.631171875,40.478125,17.983203125000003,41.592265625,46.24742187500001,58.894765625,40.055234375000005,49.43328125000001
0.5008666845098475,40.43820312500001,30.8790625,50.476953125,46.857265625,39.633984375,17.301718750000006,40.92687500000001,45.72070312500001,58.56312500000001,39.52156250000001,48.805859375000004
0.5089540446216172,39.978515625,30.386796874999998,49.652421874999995,46.090859375,38.801562499999996,16.643906250000008,40.272109375,45.19796875000001,58.230078125000006,38.995312500000004,48.19671875
0.5170414047333869,39.519296874999995,29.916796875000006,48.851484375,45.34046875000001,37.996953125,16.018203125000007,39.638203125000004,44.68859375,57.89421875000001,38.477812500000006,47.583671875
0.5251287648451566,39.084921875,29.452812500000004,48.05390625,44.607656250000005,37.209453125,15.425390625000002,39.01734375,44.167890625000005,57.551953125,37.959609375,47.002421875
0.5332161249569262,38.657421875,29.014062500000005,47.282968749999995,43.88703125,36.4240625,14.861562500000003,38.421640624999995,43.66226562500001,57.23109374999999,37.45125,46.402187500000004
0.5413034850686959,38.24328125,28.57640625000001,46.52507812499999,43.172109375,35.6565625,14.31960937500001,37.83921875,43.1509375,56.90578125000001,36.9475,45.80835937500001
0.5493908451804655,37.837109375,28.150937500000005,45.77320312500001,42.468203125,34.902187500000004,13.8053125,37.269765625000005,42.6490625,56.585703124999995,36.452578125,45.23406250000001
0.5574782052922352,37.451328125,27.749609375000006,45.032578125,41.789453124999994,34.173671875,13.305781250000004,36.707109375,42.15234375,56.272968750000004,35.95640625000001,44.667890625000005
0.5655655654040049,37.069609375,27.345156250000002,44.317265625000005,41.12085937500001,33.438437500000006,12.818203125000005,36.16851562500001,41.6484375,55.953671875,35.4728125,44.107968750000005
0.5736529255157746,36.70054687500001,26.97843750000001,43.617734375000005,40.473828125,32.72921875,12.364687500000004,35.623984375000006,41.15375,55.639296875,34.99546875,43.54734375
0.5817402856275442,36.339375000000004,26.605156250000007,42.9290625,39.832734375,32.029453125,11.929687500000007,35.10453125,40.65921875,55.32945312499999,34.52406250000001,43.012265625
0.5898276457393139,35.996484375,26.248437499999998,42.255078125,39.201718750000005,31.354531250000008,11.511875000000005,34.59390625,40.163125,55.015781249999996,34.06296875,42.469140625
0.5979150058510836,35.666640625,25.894843750000007,41.60203125,38.586640625,30.677734375,11.107421875,34.097578125000005,39.650312500000005,54.70125,33.61539062500001,41.938046875
0.6060023659628533,35.336171875,25.55640625000001,40.95359375,37.981328125000005,30.03656250000001,10.721796875,33.616953125,39.15296875000001,54.394999999999996,33.16609375,41.40828125
0.614089726074623,35.026875000000004,25.230937500000007,40.32718750000001,37.38414062500001,29.383515625,10.351406250000005,33.139921875,38.646171875,54.089062500000004,32.738984375,40.88515625
0.6221770861863927,34.7175,24.913203125000006,39.697421875,36.79851562500001,28.746953125000008,9.990468750000003,32.667734375,38.157734375000004,53.78265625,32.317499999999995,40.38328125
0.6302644462981624,34.41765625000001,24.588359375000003,39.0775,36.220390625,28.12960937500001,9.654218750000009,32.20976562500001,37.638125,53.47296875000001,31.906015625000006,39.882265625
0.6383518064099319,34.12539062500001,24.280781250000004,38.47984375,35.66437500000001,27.529531250000005,9.32953125,31.773515625000005,37.14093750000001,53.16960937500001,31.493203125,39.392578125
0.6464391665217016,33.84539062500001,23.977265625,37.894609375,35.09875,26.927500000000006,9.024062500000007,31.33359375,36.64101562500001,52.874296875000006,31.093828125,38.91187500000001
0.6545265266334713,33.574765625000005,23.681093750000002,37.320390625,34.55351562500001,26.339296875000006,8.720078125000008,30.902890625,36.12562500000001,52.5784375,30.69640625000001,38.440000000000005
0.662613886745241,33.302578125000004,23.388437500000002,36.750781249999996,34.02703125000001,25.762890625,8.426328125000005,30.490625000000005,35.61671875,52.27734374999999,30.30421875,37.979765625000006
0.6707012468570107,33.04882812500001,23.104140625000003,36.198046875,33.523671875000005,25.203359375,8.14726562500001,30.088124999999998,35.11468750000001,51.97070312500001,29.931171875000008,37.525000000000006
0.6787886069687804,32.803515625,22.828593750000003,35.658359375,33.014453124999996,24.64078125,7.881250000000007,29.691875,34.613828125,51.672578125,29.55898437500001,37.085156250000004
0.6868759670805501,32.55179687500001,22.560781250000005,35.13835937500001,32.531640625,24.093828125000005,7.6200000000000045,29.303359375000003,34.122578125000004,51.375234375,29.181015625000008,36.638125
0.6949633271923197,32.304218750000004,22.302187500000002,34.61625,32.052109375,23.550781250000007,7.381796875000002,28.923359375,33.62742187500001,51.08109375000001,28.827265625,36.208125
0.7030506873040894,32.073828125000006,22.037890625,34.11578125,31.5834375,23.02273437500001,7.153125000000005,28.549374999999998,33.125625,50.78625,28.475312500000005,35.798671875
0.7111380474158591,31.841015625,21.783359375,33.613437499999996,31.134687500000002,22.500546875000005,6.935546875000009,28.184453125000008,32.63578125000001,50.488203125,28.128203125000006,35.389765625
0.7192254075276288,31.61109375000001,21.535859375,33.13648437500001,30.681328125000007,21.981718750000002,6.719921875000001,27.829531250000006,32.15492187500001,50.189921874999996,27.780703125000006,34.98796875
0.7273127676393984,31.382656250000007,21.296796875000002,32.65328125,30.239609374999997,21.47234375,6.52187500000001,27.480546875,31.66593750000001,49.90992187500001,27.441796875,34.581796875
0.7354001277511681,31.167968750000007,21.056015625,32.193828125,29.801406250000007,20.97093750000001,6.3259375,27.137890625000004,31.181171875000004,49.62171875,27.12265625,34.189375
0.7434874878629378,30.957421875,20.820546875,31.747187500000006,29.38304687500001,20.477187500000007,6.148281250000009,26.805468750000006,30.694687500000008,49.332578125000005,26.799140625000007,33.805859375000004
0.7515748479747074,30.748046875,20.585859375000005,31.30453125,28.965859375,19.981484375,5.968125000000002,26.48382812500001,30.217109375000007,49.044062499999995,26.478281250000002,33.43281250000001
0.7596622080864771,30.544531250000006,20.363125000000004,30.873593750000005,28.56609375,19.503671875000006,5.804453125000009,26.16609375000001,29.739921875000007,48.755234375,26.163906250000004,33.05515625
0.7677495681982468,30.339140625000006,20.145390625000005,30.43734375,28.165625000000006,19.021640625000003,5.648281250000009,25.85046875,29.269765624999998,48.46453125,25.871953125,32.686796875
0.7758369283100165,30.136171875000006,19.917734375000006,30.0209375,27.774531250000003,18.550781250000004,5.499687500000006,25.538281250000004,28.808046875000002,48.180234375,25.574062500000004,32.31968750000001
0.7839242884217862,29.947265625000007,19.692890625000004,29.616406250000004,27.404062500000002,18.09515625,5.347890625000007,25.236250000000005,28.33265625,47.89492187500001,25.281328125,31.95734375
0.7920116485335559,29.74265625,19.477500000000003,29.220546875000007,27.024765625,17.638828125000007,5.2025000000000095,24.939609375000003,27.878046875000006,47.61296875000001,24.994453125000003,31.604453125
0.8000990086453256,29.5490625,19.267578125000007,28.835078125000003,26.658203125,17.19453125,5.06937500000001,24.652265625000002,27.417500000000004,47.33140624999999,24.706328125,31.252500000000005
0.8081863687570952,29.355390625,19.06,28.447890625000007,26.297421875000005,16.740156250000005,4.941875000000007,24.372421875000004,26.962968750000005,47.05078125000001,24.426171875,30.902343750000007
0.8162737288688648,29.159062499999997,18.844531250000006,28.07421875,25.936718749999997,16.30625,4.82257812500001,24.083515625000008,26.503906250000007,46.76796875,24.14390625,30.566875000000003
0.8243610889806345,28.977109374999998,18.631406250000005,27.705390625000003,25.58796875,15.878281250000004,4.7092187500000104,23.802500000000006,26.030859375000006,46.47671875,23.867656250000003,30.232734375000003
0.8324484490924042,28.789296875000005,18.42656250000001,27.33898437500001,25.2525,15.457187500000003,4.5976562500000036,23.54109375000001,25.580234375,46.198515625000006,23.597187500000004,29.89953125
0.8405358092041739,28.595390625000007,18.215078125000005,26.982265625,24.92765625000001,15.042812500000002,4.493906250000002,23.271406250000005,25.131875000000004,45.91632812500001,23.325234375000004,29.573515625000002
0.8486231693159436,28.421562500000007,18.019609375,26.646484375,24.599296875,14.6290625,4.391718750000006,23.011875000000003,24.685078125000004,45.636953125000005,23.056640625000004,29.258125
0.8567105294277133,28.24078125,17.820156250000007,26.309687500000003,24.278750000000006,14.232656250000009,4.296484375000009,22.750312500000003,24.248203125,45.35351562500001,22.793828125000005,28.943203125000004
0.864797889539483,28.050312500000008,17.620703125000002,25.969062500000007,23.965937500000003,13.846015625000007,4.209765625000006,22.495234375000006,23.804453125000002,45.07640625,22.536328125000004,28.618671875
0.8728852496512526,27.858203125000003,17.424765625000006,25.64046875,23.660156250000007,13.469921875,4.125000000000001,22.24421875,23.359765625000005,44.805078124999994,22.281875000000007,28.304843750000007
0.8809726097630223,27.670625000000005,17.224453125000004,25.311796875000002,23.361874999999998,13.088750000000005,4.045781250000003,22.00875,22.933046875000006,44.5259375,22.030625000000004,28.001796875000007
0.889059969874792,27.47679687500001,17.035078125000002,24.990468750000005,23.071953125,12.713359375,3.9650000000000074,21.761718750000004,22.5090625,44.25421875000001,21.780625000000008,27.696328125
0.8971473299865617,27.292578125,16.847890625000005,24.66578125000001,22.775156250000006,12.36117187500001,3.8890625000000068,21.523046875000006,22.091015624999997,43.9825,21.544375000000006,27.39718750000001
0.9052346900983314,27.097812500000007,16.661562500000006,24.360625000000002,22.483281250000008,12.006562500000006,3.8160937500000047,21.2934375,21.671171875000006,43.702734375000006,21.305156250000003,27.09953125000001
0.913322050210101,26.90890625000001,16.47609375000001,24.05421875,22.195468750000003,11.662656250000003,3.7492968750000077,21.062109375000006,21.272187500000005,43.4165625,21.066640624999998,26.80734375
0.9214094103218707,26.72093750000001,16.292265625000002,23.754687500000003,21.914375000000007,11.333359375000008,3.6791406250000103,20.83851562500001,20.858906250000008,43.14679687500001,20.84265625,26.513125000000002
0.9294967704336403,26.540078125,16.108984375000002,23.458828125000007,21.629609375,11.005546875000006,3.612734375000004,20.618281250000003,20.458750000000002,42.873203125,20.604296875000006,26.224921875000007
0.93758413054541,26.355625000000003,15.929375,23.164062500000004,21.355390625000005,10.681406250000002,3.5545312500000037,20.39804687500001,20.059375000000003,42.596250000000005,20.388359375000007,25.945078125
0.9456714906571797,26.16609375000001,15.744453125000001,22.879062500000003,21.08000000000001,10.367109375000005,3.4922656250000017,20.182812500000004,19.66164062500001,42.31578125000001,20.17265625000001,25.668593750000003
0.9537588507689494,25.978984375000003,15.567656250000006,22.593593750000007,20.80507812500001,10.064140625000007,3.4364062500000014,19.968828125000005,19.256484375000007,42.044531250000006,19.965781250000003,25.393203125000007
0.9618462108807191,25.787578125,15.390781250000007,22.311093749999998,20.535000000000004,9.762734375000004,3.3804687500000097,19.764843750000004,18.855859375000005,41.776953125000006,19.75859375000001,25.124218750000004
0.9699335709924888,25.606796875000004,15.209687500000001,22.041328125000003,20.266093750000003,9.471328125,3.324687500000001,19.558593750000007,18.47375,41.50390625,19.555859375000008,24.857890625
0.9780209311042585,25.429531250000004,15.036093750000001,21.75859375,20.017421875000007,9.185859375000005,3.271875000000002,19.362421875000003,18.09710937500001,41.238984375,19.359140625000006,24.589218750000008
0.986108291216028,25.246406250000007,14.864531250000002,21.478203125000007,19.771015625,8.91046875,3.2221875000000066,19.169375,17.724062500000002,40.967343750000005,19.16,24.320937500000007
0.9941956513277977,25.056640625000004,14.687343750000004,21.20921875,19.519296875000002,8.641796875000008,3.1737500000000085,18.967109375000003,17.354843750000004,40.703984375000005,18.97335937500001,24.060234375
1.0022830114395676,24.87281250000001,14.509921875000009,20.940390625000006,19.276875000000004,8.373437500000003,3.1256250000000096,18.769218750000004,16.98609375000001,40.439140625,18.79507812500001,23.803593750000008
1.0103703715513372,24.685468750000005,14.327421875000002,20.67531250000001,19.03820312500001,8.116250000000003,3.0802343750000016,18.569453125000003,16.622734375000004,40.1709375,18.617109375000005,23.550156250000008
1.018457731663107,24.507890625000005,14.153671875000008,20.41625,18.802578125000004,7.862578125000008,3.038593750000007,18.373515625000003,16.261953125000005,39.907500000000006,18.43765625,23.29531250000001
1.0265450917748766,24.331718750000007,13.978359375000004,20.16671875,18.57429687500001,7.626875000000011,2.9978906250000104,18.186562500000004,15.912500000000007,39.651796875,18.263828125000003,23.046015625000006
1.034632451886646,24.15273437500001,13.8003125,19.905312500000004,18.349921875000007,7.39171875000001,2.958046875000009,18.006875,15.564843750000001,39.397734375000006,18.095078125000008,22.79531250000001
1.0427198119984158,23.96750000000001,13.618984375000009,19.662265625000007,18.119765625000007,7.160781250000003,2.917578125000009,17.821171875000008,15.218203125000008,39.145078125,17.933046875000002,22.55125
1.0508071721101855,23.789296874999998,13.442343750000008,19.425703125000005,17.904296875000004,6.935000000000002,2.8788281250000103,17.63960937500001,14.866875000000002,38.890468750000004,17.773828125,22.30640625
1.0588945322219552,23.615234375000004,13.263750000000007,19.184765625,17.6925,6.723906250000001,2.841796875000002,17.462578125000007,14.528046875000001,38.638359375,17.614375000000003,22.062500000000007
1.0669818923337249,23.436406250000008,13.088203125000009,18.947578125000007,17.481250000000003,6.519609375000002,2.805937500000011,17.283281250000005,14.197421875000005,38.390859375000005,17.458750000000002,21.815859375000002
1.0750692524454946,23.26187500000001,12.908515625000005,18.70742187500001,17.271562500000005,6.315000000000004,2.770859375000001,17.11015625000001,13.870000000000005,38.137734375,17.298515625,21.579375
1.0831566125572643,23.080859375000006,12.730312500000007,18.468281250000008,17.061562500000004,6.12218750000001,2.733125000000003,16.93664062500001,13.543984375000006,37.89820312500001,17.144140625000006,21.337890625
1.091243972669034,22.904531250000005,12.552421875000007,18.234531250000007,16.860703125000008,5.93226562500001,2.701171875000008,16.762265625000005,13.227734375,37.66046875,16.994921875000003,21.101171875000002
1.0993313327808036,22.732578125000003,12.379531250000008,18.0059375,16.66367187500001,5.747734375000002,2.6680468750000075,16.598125000000007,12.914453125000003,37.416328125,16.849453125000004,20.868750000000002
1.1074186928925733,22.555703125000004,12.204765625000002,17.78546875,16.46609375,5.571875000000004,2.6337500000000014,16.428593750000008,12.597578125000009,37.183125000000004,16.707031250000004,20.638750000000005
1.115506053004343,22.384921875000007,12.028828125000002,17.557421875000003,16.26976562500001,5.398203125,2.6034375000000054,16.266953125000004,12.29460937500001,36.949375,16.559843750000002,20.398984375000005
1.1235934131161127,22.216171875,11.861328125000004,17.336406250000003,16.080625000000005,5.227812500000006,2.5739843750000047,16.101406250000004,11.994218750000007,36.721171875,16.421406250000004,20.16656250000001
1.1316807732278822,22.05117187500001,11.68890625000001,17.109375000000004,15.88882812500001,5.0645312500000035,2.5437500000000113,15.939843750000005,11.702109375000003,36.495390625,16.27906250000001,19.934375000000003
1.1397681333396519,21.883828125000004,11.517343750000009,16.89281250000001,15.702343750000002,4.908593750000001,2.5151562500000058,15.781406250000007,11.407890625000006,36.26796875,16.142812500000005,19.7021875
1.1478554934514216,21.714062500000008,11.345546875,16.675546875000002,15.525,4.7660156250000085,2.4867187500000054,15.618437500000004,11.11773437500001,36.045625,16.012656250000003,19.480156250000004
1.1559428535631913,21.550468750000007,11.17796875,16.461250000000007,15.350859375000002,4.623984375000001,2.4596875000000074,15.458750000000009,10.835859375000002,35.823125,15.882656250000004,19.25703125
1.164030213674961,21.386562500000007,11.019609375000005,16.245859375000006,15.174062500000007,4.483046875000007,2.432500000000004,15.300859375000009,10.565000000000001,35.59734375,15.750468750000001,19.04171875
1.1721175737867306,21.226718750000007,10.851796875000009,16.03664062500001,15.001406250000004,4.352421875000001,2.4026562500000015,15.148281250000007,10.2990625,35.388906250000005,15.61960937500001,18.81648437500001
1.1802049338985003,21.063984375,10.690390625000001,15.829843750000006,14.840312500000008,4.225703125000003,2.3749218750000023,14.991875000000011,10.031015625000006,35.171406250000004,15.490937500000001,18.601718750000007
1.18829229401027,20.90039062500001,10.52812500000001,15.6246875,14.678593750000001,4.1043750000000045,2.351953125000006,14.839453125000002,9.76828125000001,34.95312500000001,15.357343750000007,18.386796875
1.1963796541220397,20.739375000000003,10.367734375000005,15.422500000000007,14.521093750000002,3.9878125000000098,2.32632812500001,14.6865625,9.510468750000001,34.742421875000005,15.236328125000009,18.17234375000001
1.2044670142338094,20.585078125,10.2084375,15.218984375,14.360703125000008,3.8689062500000038,2.301640625000001,14.53937500000001,9.261406250000004,34.531640625,15.113906250000008,17.962265625000008
1.2125543743455791,20.428750000000008,10.05218750000001,15.017031250000002,14.2003125,3.7603906250000096,2.2753906250000067,14.389609375000001,9.027421875000009,34.32921875,14.992187500000009,17.74960937500001
1.2206417344573488,20.27546875,9.898281250000007,14.824765625000003,14.045859375000003,3.6539062500000052,2.2505468750000035,14.241484375000002,8.783281250000009,34.123984375000006,14.874375000000006,17.544531250000006
1.2287290945691185,20.120468750000008,9.747578125,14.628203125000006,13.894453125000005,3.5505468750000047,2.224531250000006,14.091249999999999,8.54421875000001,33.920234375,14.760234375000003,17.342109375000003
1.2368164546808882,19.966406250000002,9.592734375000001,14.433671875000009,13.740546875000003,3.4514843750000024,2.2006250000000005,13.948984375000006,8.310625000000005,33.71742187500001,14.647968750000008,17.136484375000006
1.2449038147926577,19.814765625000007,9.44320312500001,14.241796875000002,13.59523437500001,3.3545312500000035,2.1761718750000103,13.804765625000003,8.091171875000002,33.5225,14.527187500000005,16.927890625000007
1.2529911749044274,19.667187500000004,9.290234375000006,14.05445312500001,13.454062500000008,3.259843750000002,2.1561718750000014,13.662421875000009,7.872109375000003,33.320781249999996,14.409062500000003,16.725
1.261078535016197,19.521640625000003,9.140781250000007,13.866171875,13.314921875000007,3.167265625000004,2.1332812500000076,13.525781250000001,7.658750000000003,33.120703125000006,14.296640625000002,16.527812500000007
1.2691658951279667,19.368437500000002,8.998515625000003,13.676796875000008,13.176640625000003,3.0797656250000083,2.112343750000001,13.393359375000003,7.446484375000006,32.92265625,14.184062500000005,16.329453125000004
1.2772532552397364,19.215390625000005,8.852421875000005,13.48757812500001,13.03773437500001,2.9996875000000034,2.0907812500000067,13.256328125000005,7.232031250000004,32.721171874999996,14.068515625,16.128203125000006
1.2853406153515061,19.06671875,8.713671875000006,13.298906250000009,12.905781250000004,2.9214843750000052,2.069453125000009,13.127578125000007,7.0260937500000065,32.516796875,13.960468750000011,15.93632812500001
1.2934279754632758,18.919609375,8.565000000000001,13.11765625000001,12.774921875,2.847656250000008,2.049687500000008,12.98921875000001,6.825703125000004,32.31445312500001,13.845937500000005,15.74132812500001
1.3015153355750455,18.768046875,8.41710937500001,12.92734375000001,12.65312500000001,2.77179687500001,2.0300000000000096,12.854609375000003,6.62921875000001,32.12281250000001,13.738281250000007,15.545234375000005
1.3096026956868152,18.626093750000006,8.27164062500001,12.747734375000007,12.53046875,2.7026562500000018,2.0085937500000095,12.723281250000007,6.432500000000008,31.925234375,13.630078125,15.352890625000004
1.317690055798585,18.484140625000002,8.12851562500001,12.568046875000006,12.410234375000007,2.628203125000006,1.9903125000000021,12.591484375000006,6.241718750000002,31.725078125000007,13.515078125000002,15.174765625000008
1.3257774159103546,18.338906250000008,7.9892187500000045,12.386640625,12.289062500000004,2.5609375000000045,1.969296875000004,12.46015625000001,6.057109375000003,31.523984375,13.403671875,14.987109375000006
1.3338647760221243,18.20015625,7.851484375000006,12.203515625000005,12.178828125000008,2.498593750000011,1.950937500000005,12.333046875000008,5.8778906250000045,31.329921875,13.29265625,14.801718750000003
1.341952136133894,18.060078125,7.710546875000002,12.021250000000006,12.065078125000007,2.4387500000000006,1.9313281250000092,12.207734375000001,5.699687500000006,31.133437500000007,13.189687500000002,14.613593750000009
1.3500394962456637,17.916718750000005,7.573828125000004,11.853203125,11.957578125000001,2.3741406250000097,1.9117187500000021,12.079765625000006,5.519531250000009,30.937734375000005,13.078515625000009,14.435078125
1.3581268563574331,17.77437500000001,7.435078125000006,11.68226562500001,11.853984375000003,2.3142968750000104,1.8918750000000095,11.953671875000005,5.353515625000005,30.738359375,12.97218750000001,14.256875000000003
1.3662142164692028,17.635859375000006,7.2971093750000104,11.5090625,11.74984375,2.2567187500000085,1.872734375000007,11.83343750000001,5.185078125000009,30.54289062500001,12.864921875000002,14.07390625
1.3743015765809725,17.494687500000005,7.155234375000008,11.331250000000004,11.64812500000001,2.2004687500000064,1.8539062500000036,11.714140625000002,5.02156250000001,30.337812500000005,12.756875,13.895390625000005
1.3823889366927422,17.350234375000007,7.0210937500000075,11.161484375000008,11.551250000000001,2.1483593750000085,1.8350000000000088,11.599140625000004,4.856875000000005,30.137578125000008,12.64976562500001,13.717187500000005
1.390476296804512,17.206015625000003,6.883906250000004,10.993515625000006,11.45617187500001,2.0953906250000043,1.8182031250000064,11.480156250000007,4.702343750000004,29.930390625,12.543671875000006,13.546796875
1.3985636569162816,17.069218750000005,6.743437500000004,10.825390625000008,11.360078125000006,2.04171875000001,1.7994531250000056,11.363359375000003,4.550625000000008,29.716093750000006,12.437265625000006,13.376718750000006
1.4066510170280513,16.93,6.611328125000004,10.662031250000004,11.271484375000007,1.9965625000000098,1.781406250000006,11.243671875000006,4.405156250000008,29.511640625000002,12.329609375000006,13.211796875000005
1.414738377139821,16.795390625000007,6.475859375000004,10.499921875000007,11.181015625,1.9471093750000112,1.7640625000000076,11.132031250000008,4.259921875000005,29.304765625000005,12.221562500000005,13.039296875000005
1.4228257372515907,16.65640625,6.34734375,10.33984375000001,11.091328125000011,1.899609375000011,1.7477343750000096,11.01671875000001,4.11359375000001,29.096171875,12.113515625000005,12.87351562500001
1.4309130973633604,16.5146875,6.218828125000009,10.17765625,11.006093750000002,1.8566406250000056,1.7295312500000048,10.904765625000001,3.971953125000005,28.885234375000003,12.006250000000007,12.706796875000004
1.43900045747513,16.372031250000006,6.088281250000005,10.024140625,10.922265625000005,1.8140625000000021,1.715156250000005,10.7940625,3.8333593750000006,28.674921875000003,11.901171875000005,12.538515625000002
1.4470878175868997,16.24078125,5.958984375000009,9.864531250000008,10.840312500000005,1.7711718750000105,1.699375000000003,10.679531250000007,3.7030468750000045,28.45570312500001,11.79703125,12.374843750000009
1.4551751776986694,16.098281250000003,5.827187500000008,9.70609375,10.754453125000008,1.7300781250000008,1.6817968750000079,10.575546875000008,3.570078125000009,28.233906250000008,11.6946875,12.211640625000008
1.4632625378104391,15.95773437500001,5.6975000000000104,9.55257812500001,10.675156250000006,1.6907812500000063,1.6644531250000094,10.473515625000008,3.4440625000000114,28.012265624999998,11.588750000000003,12.05750000000001
1.4713498979222086,15.823515625000006,5.5724218750000105,9.400234375000005,10.59203125,1.6510156250000074,1.648359375000008,10.366171875000008,3.322890625000008,27.789687500000003,11.487421875000003,11.894609375000009
1.4794372580339783,15.68312500000001,5.453515625000005,9.242421875000007,10.510156250000001,1.6130468750000015,1.6296093750000074,10.253359375000004,3.206718750000004,27.57015625,11.379843750000006,11.738906250000003
1.487524618145748,15.547578125000005,5.330390625000003,9.085078125,10.430390625000008,1.5773437500000043,1.6139062500000079,10.147734375000006,3.094843750000009,27.33796875000001,11.27390625000001,11.575390625000004
1.4956119782575177,15.41125000000001,5.207500000000009,8.939921875000001,10.35250000000001,1.5421093750000114,1.5975781250000098,10.039453125000009,2.98015625000001,27.113906250000007,11.167265625,11.419609375000006
1.5036993383692874,15.27414062500001,5.086562500000003,8.787656250000008,10.271796875000005,1.5070312500000016,1.5817187500000052,9.935781250000009,2.87546875000001,26.884062500000006,11.05953125000001,11.261093750000006
1.511786698481057,15.137968750000008,4.9680468750000095,8.646953125000001,10.191562500000007,1.4746093750000022,1.5625781250000026,9.833359375000006,2.7722656250000033,26.652265625000005,10.953671875000005,11.111796875000001
1.5198740585928268,15.002421875000005,4.85101562500001,8.498046875000009,10.115468750000002,1.4396875000000087,1.5457812500000112,9.72078125000001,2.6725781250000025,26.413906250000007,10.847968750000003,10.958750000000006
1.5279614187045965,14.869062500000007,4.738750000000003,8.357343750000002,10.036015625000005,1.407500000000006,1.5310156250000095,9.614140625000001,2.5752343750000017,26.179765625000005,10.74515625000001,10.808359375000009
1.5360487788163661,14.74070312500001,4.617734375000005,8.217109375000009,9.962968750000002,1.3750781250000066,1.5148437500000056,9.507968750000007,2.4821875000000104,25.948125,10.639218750000001,10.657109375000006
1.5441361389281358,14.609218750000007,4.502656250000003,8.084765625000001,9.88796875000001,1.3447656250000106,1.499531250000008,9.399843750000002,2.3964843750000075,25.710234375000006,10.533828125,10.51742187500001
1.5522234990399055,14.471171875,4.3888281250000105,7.947500000000007,9.815859375000002,1.316562500000007,1.4857812500000067,9.300703125000009,2.3110156250000014,25.478359375000004,10.43078125000001,10.374843750000007
1.5603108591516752,14.338125000000002,4.276640625000006,7.810703125000007,9.74117187500001,1.2861718750000084,1.469375000000006,9.203984375000008,2.2317187500000113,25.247265625000004,10.325234375000003,10.239609375000002
1.568398219263445,14.204843750000007,4.170156250000002,7.678515625000005,9.670156250000005,1.256640625000005,1.4520312500000077,9.098281250000007,2.155859375000002,25.003359375000002,10.220546875000004,10.097187500000004
1.5764855793752146,14.068281250000004,4.063359375000008,7.53859375,9.599140625000002,1.2303906250000107,1.4364843750000023,8.998515625000003,2.0788281250000096,24.761406250000007,10.115937500000005,9.964140625000006
1.584572939486984,13.930234375000005,3.9540625000000107,7.409218750000002,9.523515625000002,1.2026562500000115,1.422187500000005,8.897343750000008,2.0027343750000037,24.518046875,10.015859375000002,9.829921875000004
1.5926602995987538,13.793828125000008,3.8466406250000085,7.279843750000003,9.44851562500001,1.176406250000006,1.4064843750000056,8.799375000000008,1.930078125000001,24.276562499999997,9.912656250000007,9.69867187500001
1.6007476597105235,13.657031250000006,3.7407812500000026,7.157656250000011,9.37828125000001,1.1513281250000063,1.3930468750000036,8.700156250000003,1.861093750000009,24.04046875,9.80171875000001,9.563750000000004
1.6088350198222932,13.515468750000004,3.6415625000000063,7.029218750000011,9.304921875000005,1.1284375000000013,1.376640625000003,8.597343750000007,1.793593750000011,23.797734375,9.700078125000001,9.434765625000008
1.6169223799340628,13.382812500000007,3.5369531250000086,6.903828125000011,9.23781250000001,1.1051562500000056,1.3605468750000016,8.497343750000008,1.7288281250000037,23.56046875000001,9.589218750000006,9.302421875
1.6250097400458325,13.248359375000007,3.4357031250000114,6.778828125000002,9.162031250000002,1.0821875000000092,1.3443750000000088,8.398984375000007,1.666328125000005,23.316953125000005,9.483593750000008,9.175625000000009
1.6330971001576022,13.118125000000003,3.342500000000004,6.654765625000003,9.090312500000008,1.0596093750000035,1.3286718750000093,8.302734375000009,1.607890625000008,23.07,9.381093750000002,9.044453125000008
1.641184460269372,12.982265625,3.2446875000000097,6.530781250000006,9.016796875000011,1.0364062500000104,1.3124218750000027,8.208828125,1.5514843750000007,22.835000000000004,9.282500000000004,8.920000000000005
1.6492718203811416,12.851875000000001,3.149140625000002,6.4115625000000005,8.945312500000002,1.0169531250000086,1.296406250000004,8.116250000000003,1.4976562500000012,22.591796875000004,9.182812500000004,8.795000000000009
1.6573591804929113,12.716171875000004,3.0537500000000106,6.296718750000007,8.873750000000003,0.9925000000000073,1.2803906250000052,8.023671875000005,1.4432031250000033,22.34890625,9.077031250000001,8.672812500000004
1.665446540604681,12.580937500000001,2.9614062500000093,6.177656250000007,8.798906250000005,0.9726562500000036,1.2641406250000098,7.930546875000011,1.391171875000008,22.105234375000006,8.97429687500001,8.556171875000008
1.6735339007164507,12.450234375000003,2.8702343750000026,6.066015625000009,8.726093750000008,0.9532031250000017,1.2469531250000054,7.837968750000002,1.3411718750000023,21.86328125,8.872109375000004,8.437734375000005
1.6816212608282204,12.321250000000006,2.787421875000007,5.957031250000011,8.65257812500001,0.932812500000002,1.2310156250000093,7.748359375000002,1.2911718750000079,21.620312500000004,8.77,8.31945312500001
1.68970862093999,12.18226562500001,2.6992968750000013,5.8457812500000035,8.579531250000006,0.9142968750000091,1.216015625000011,7.657343750000001,1.2441406250000009,21.380703125,8.66664062500001,8.207343750000007
1.6977959810517598,12.044140625000011,2.6150000000000007,5.731953125000011,8.502343750000009,0.8954687500000058,1.2005468750000081,7.567109375000003,1.199843750000007,21.134687500000005,8.559062500000003,8.098046875000009
1.7058833411635292,11.906562500000007,2.5321093750000023,5.621171875000009,8.426718750000006,0.8775000000000088,1.1871093750000061,7.480468750000002,1.158984375000005,20.89265625000001,8.447343750000002,7.982109375000002
1.713970701275299,11.763359375000004,2.452109375000011,5.5191406250000075,8.3553125,0.8603125000000045,1.1727343750000063,7.399140625,1.1170312500000112,20.656406250000003,8.339140625000008,7.869453125000003
1.7220580613870686,11.6325,2.375000000000005,5.41554687500001,8.278750000000002,0.8407031250000085,1.158281250000004,7.311562500000002,1.0805468750000102,20.415859375,8.228984375000003,7.7563281250000005
1.7301454214988383,11.498046875,2.299843750000008,5.312265625000001,8.20343750000001,0.8236718750000094,1.1438281250000015,7.227968750000002,1.0408593750000028,20.182890625000006,8.119531250000001,7.6485937500000105
1.738232781610608,11.36484375000001,2.2254687500000037,5.214921875,8.12648437500001,0.8071093750000036,1.1270312500000101,7.14492187500001,1.0033593750000014,19.941953125,8.008828125,7.53859375
1.7463201417223777,11.226406250000009,2.149140625000001,5.12328125,8.048984375000002,0.7904687500000063,1.1122656250000085,7.063281250000008,0.9678125000000093,19.702265625000003,7.898359375000008,7.436718750000004
1.7544075018341474,11.092031250000002,2.080000000000004,5.0286718750000015,7.975312500000009,0.7758593750000098,1.0958593750000079,6.982578125000005,0.9360156250000085,19.461328124999998,7.791796875000001,7.334453125000007
1.762494861945917,10.957265625000002,2.006484375000006,4.932734375000003,7.9022656250000045,0.7594531250000092,1.0804687500000076,6.899375000000008,0.9022656250000094,19.23125,7.683515625000004,7.231953125000001
1.7705822220576868,10.82171875000001,1.937890625000005,4.838359375000001,7.83054687500001,0.745859375000002,1.065312500000004,6.814921875000001,0.8697656250000074,18.989140625,7.576953125000008,7.12617187500001
1.7786695821694565,10.68398437500001,1.870546875000001,4.746562500000007,7.7547656250000045,0.7301562500000025,1.0507031250000076,6.734140625000007,0.8381250000000007,18.75265625,7.468671875000011,7.027500000000009
1.7867569422812262,10.544921875000002,1.8076562500000115,4.654296875000008,7.679609375000007,0.7157812500000027,1.0360156250000085,6.653671875000001,0.8091406250000044,18.51796875,7.365781250000003,6.9301562500000085
1.7948443023929959,10.409609375000006,1.7468750000000033,4.565546875000004,7.60515625,0.6989843750000113,1.0226562500000091,6.579453125000001,0.78054687500001,18.27875,7.254687500000001,6.831484375000008
1.8029316625047656,10.275078125000004,1.688281250000001,4.478125000000011,7.53125,0.6851562500000075,1.0092187500000072,6.5036718750000055,0.7541406250000104,18.048515625000007,7.14359375000001,6.732343750000003
1.8110190226165352,10.143125000000008,1.6306250000000078,4.390390625000007,7.457734375000003,0.6703906250000058,0.9947656250000048,6.42687500000001,0.7271875000000039,17.819062500000005,7.040468750000006,6.634218750000009
1.8191063827283047,10.011015625000008,1.5762500000000013,4.310468750000007,7.385234375000005,0.6572656250000031,0.9797656250000064,6.349140625000005,0.70195312500001,17.587421875000008,6.934140625000007,6.536328125000002
1.8271937428400744,9.875546875000008,1.521484375000004,4.225859375000008,7.31515625000001,0.6435937500000044,0.9663281250000044,6.276171875000003,0.6781250000000072,17.349531250000005,6.826640625000002,6.4436718750000015
1.835281102951844,9.743281250000003,1.4696875000000054,4.143984375000009,7.239531250000009,0.629140625000002,0.9532812500000043,6.20179687500001,0.6535937500000033,17.116953125000002,6.7241406250000075,6.352890625000008
1.8433684630636138,9.616328125000006,1.4206250000000087,4.063281250000006,7.161953125000009,0.6170312500000108,0.9390625000000097,6.128984375000002,0.6312500000000054,16.88242187500001,6.616406250000006,6.260546875000006
1.8514558231753835,9.48562500000001,1.369921875000002,3.980703125000007,7.09273437500001,0.6053906250000018,0.9249218750000066,6.058281250000008,0.6080468750000012,16.652187500000004,6.51382812500001,6.168671875000009
1.8595431832871532,9.35328125,1.3207812500000027,3.9068750000000096,7.017265625000002,0.5931250000000055,0.913593750000008,5.987578125000004,0.5849218750000107,16.417109375000006,6.411250000000002,6.077812500000002
1.8676305433989229,9.224687500000005,1.2758593750000102,3.830546875000007,6.947421875000003,0.5804687500000072,0.8987500000000037,5.918984375000003,0.5649218750000018,16.180546875,6.308281250000003,5.992734375000008
1.8757179035106926,9.092968750000008,1.2306250000000074,3.7506250000000074,6.877812500000003,0.5700000000000038,0.8840625000000046,5.842812500000005,0.5450000000000066,15.9484375,6.21015625000001,5.907421875000008
1.8838052636224623,8.967656250000001,1.1901562500000074,3.675703125000007,6.809375000000006,0.5571093750000089,0.8710156250000045,5.770234375000005,0.5259375000000066,15.711718750000003,6.109687500000005,5.81953125000001
1.891892623734232,8.844062500000005,1.147187500000002,3.606406250000005,6.736953125,0.5482812500000045,0.8564843750000106,5.700234375000002,0.5079687500000096,15.48250000000001,6.00617187500001,5.732734375000003
1.8999799838460016,8.720078125000008,1.1079687500000102,3.5342187500000066,6.663046875000001,0.5361718750000022,0.8434375000000105,5.627968750000001,0.491562500000009,15.24968750000001,5.908906250000001,5.646250000000008
1.9080673439577713,8.59437500000001,1.069531250000011,3.4678125000000004,6.5916406250000055,0.5253906250000107,0.8307031250000096,5.561562500000006,0.47460937500000133,15.017578125000009,5.814453125000007,5.564375000000011
1.916154704069541,8.4746875,1.0345312500000037,3.4010156250000034,6.5255468750000105,0.5155468750000058,0.8176562500000095,5.49781250000001,0.45914062500000963,14.780468750000008,5.71453125000001,5.477968750000006
1.9242420641813107,8.349531250000009,1.0035937500000092,3.339921875000007,6.456484375000004,0.5046875000000006,0.8046093750000094,5.430468750000006,0.44320312500000236,14.54375,5.621484375000008,5.3928125000000104
1.9323294242930802,8.228437500000007,0.970937500000002,3.2723437500000063,6.385937500000005,0.4946875000000017,0.7917187500000034,5.363437500000002,0.4286718750000085,14.308593750000009,5.526718750000004,5.30750000000001
1.9404167844048499,8.107656250000005,0.9399218750000049,3.2078906250000094,6.318671875000003,0.4839843750000017,0.777265625000001,5.294921875000003,0.41445312500000275,14.078828125000008,5.42656250000001,5.227109375000005
1.9485041445166196,7.988281250000007,0.9069531250000096,3.1443750000000104,6.247109375000004,0.4746875000000039,0.7630468750000063,5.2274218750000045,0.4008593750000067,13.837421875,5.331015625000002,5.145859375000006
1.9565915046283893,7.87031250000001,0.8781250000000074,3.084687500000005,6.176328125000008,0.46445312500000835,0.750937500000004,5.165781250000001,0.3864062500000043,13.605546875000007,5.241093750000003,5.063671875000009
1.964678864740159,7.752421875000004,0.8538281250000113,3.0191406250000052,6.107734375000007,0.4564062500000077,0.7399218750000047,5.100703125000006,0.3739062500000112,13.379453125000007,5.1526562500000095,4.980000000000007
1.9727662248519287,7.630625000000002,0.827734375000011,2.958359375000008,6.038125000000005,0.4458593750000017,0.7271093750000013,5.037187500000007,0.3632031250000112,13.152968750000005,5.0595312500000045,4.901875000000011
1.9808535849636983,7.516953125000003,0.8031250000000045,2.901171875000008,5.967734375000012,0.4369531250000058,0.714453125000003,4.972109375000011,0.35218750000000076,12.92335937500001,4.972968750000007,4.8260937500000045
1.988940945075468,7.403750000000009,0.7796875000000036,2.839140625000003,5.897890625000002,0.4281250000000014,0.7022656250000092,4.908437500000007,0.34101562500000737,12.698203125000006,4.88546875000001,4.748750000000001
1.9970283051872377,7.288750000000011,0.758750000000008,2.783593750000002,5.822187500000009,0.4192968750000081,0.6904687500000062,4.846484375000005,0.3310156250000085,12.4665625,4.798359375000006,4.669453125
2.0051156652990074,7.180312500000008,0.7386718750000076,2.7328125000000036,5.750390625000001,0.4106250000000089,0.6795312500000095,4.78781250000001,0.32007812500000066,12.245000000000006,4.710703125000004,4.593359375000006
2.0132030254107773,7.072031250000011,0.7184375000000021,2.6825781250000014,5.682265625000005,0.40125000000000854,0.6693750000000054,4.728671875000002,0.30929687500000913,12.011640625000009,4.6240625000000035,4.520546875000009
2.021290385522547,6.962890625000007,0.6990625000000028,2.630390625000001,5.611484375000009,0.3928906250000086,0.6582031250000009,4.672812500000001,0.2975000000000061,11.785390625000003,4.540468750000004,4.446406250000001
2.0293777456343167,6.851796875000005,0.6803906250000047,2.580234375000001,5.544453125000004,0.38554687500000906,0.6473437500000068,4.612968750000002,0.2875000000000072,11.55921875,4.457578125000006,4.370781250000011
2.037465105746086,6.742187500000007,0.6603906250000069,2.5315625000000064,5.473906250000004,0.3783593750000036,0.6353906250000096,4.552187500000004,0.2785156250000087,11.328125,4.372656250000007,4.295390625000007
2.045552465857856,6.636875000000009,0.643671875000007,2.482578125000001,5.407734375000006,0.37015625000000885,0.6229687500000081,4.493203125000001,0.27031250000000284,11.103984375000008,4.292265625000002,4.219687500000003
2.0536398259696256,6.527421875000005,0.6256250000000074,2.4342968750000082,5.33929687500001,0.3640625000000064,0.6135937500000077,4.4344531250000045,0.26156250000000103,10.874296875,4.2114843750000075,4.141406250000001
2.0617271860813955,6.419140625000008,0.6115625000000069,2.389140625000008,5.2700000000000085,0.3553906250000072,0.6045312500000066,4.379062500000009,0.25453125000000076,10.644453125000009,4.134218750000008,4.072031250000007
2.069814546193165,6.311718750000006,0.5945312500000077,2.3473437500000083,5.200703125000006,0.34687500000000204,0.5929687500000114,4.318046875000004,0.24679687500001046,10.41640625000001,4.060000000000008,4.003437500000007
2.077901906304935,6.207109375000009,0.580312500000002,2.302890625000009,5.137187500000007,0.3395312500000025,0.5822656250000113,4.262968750000007,0.24039062500000874,10.188203125000006,3.988281250000003,3.9312500000000083
2.0859892664167043,6.103046875000007,0.5659375000000022,2.261562500000003,5.070000000000007,0.33234375000000815,0.5736718750000036,4.206171875000009,0.23281250000000142,9.96859375000001,3.9119531250000006,3.8650000000000073
2.0940766265284743,5.999765625000009,0.5524218750000087,2.2206250000000094,5.00351562500001,0.32328125000000707,0.5640625000000066,4.147109375000002,0.22562500000000707,9.744765625000007,3.8367968750000037,3.7919531250000027
2.1021639866402437,5.896953125000004,0.5377343750000096,2.178593750000002,4.938828125000006,0.3173437500000098,0.5533593750000065,4.092578125000001,0.21890625000000608,9.526875,3.7661718750000017,3.7211718750000067
2.110251346752013,5.795312500000005,0.5256250000000073,2.1417968750000016,4.867265625000005,0.31023437500000695,0.5436718750000069,4.036640625000009,0.21171875000000062,9.309765625000011,3.6997656250000066,3.653203125000004
2.118338706863783,5.699062500000007,0.5126562500000098,2.103437500000005,4.803281250000002,0.3038281250000052,0.5342968750000066,3.98046875000001,0.204218750000007,9.093671875000009,3.632187500000006,3.5842968750000037
2.1264260669755526,5.5978125000000105,0.500078125000003,2.064218750000002,4.737343750000001,0.29695312500001014,0.5235156250000039,3.924765625000004,0.19734375000000082,8.886640625000009,3.5642187500000033,3.515468750000006
2.1345134270873225,5.50281250000001,0.4892968750000115,2.0287500000000014,4.668984375000007,0.29000000000000137,0.5132812500000083,3.869609375000005,0.19039062500000314,8.671718750000002,3.5014062500000054,3.4449218750000066
2.142600787199092,5.405703125000006,0.4785156250000089,1.9943750000000038,4.602968750000002,0.28343750000000556,0.5009375000000094,3.8137500000000046,0.18375000000000474,8.454375000000002,3.4362500000000074,3.377890625000002
2.150688147310862,5.310703125000005,0.4682812500000022,1.9602343750000029,4.536406250000002,0.2765625000000105,0.4914843750000064,3.7603906250000096,0.17835937500000343,8.244687500000003,3.3734375000000094,3.310156250000007
2.1587755074226314,5.218046875000004,0.4575000000000107,1.9277343750000009,4.4700781250000095,0.2696093750000017,0.48320312500000906,3.7085156250000084,0.1730468750000047,8.037656250000003,3.3113281250000015,3.246953125000007
2.1668628675344013,5.12390625000001,0.44796875000000513,1.893046875000004,4.404218750000011,0.2627343750000066,0.47539062500000506,3.6571093750000006,0.16835937500000453,7.831875000000011,3.243906250000006,3.181250000000002
2.1749502276461707,5.02992187500001,0.43781250000000105,1.8623437500000062,4.337578125000007,0.2565625000000016,0.4664062500000066,3.6061718750000082,0.16234375000000467,7.6294531250000075,3.1782812500000035,3.121171875000006
2.1830375877579407,4.9366406250000106,0.42757812500000547,1.833515625000004,4.273984375000007,0.24929687500000464,0.4580468750000066,3.5528906250000047,0.15718750000001114,7.434609375000001,3.1165625000000086,3.0557812500000114
2.19112494786971,4.849218750000006,0.4182031250000051,1.8017968750000057,4.208906250000011,0.24210937500001029,0.4495312500000015,3.4977343750000056,0.15187500000000131,7.238750000000005,3.0563281250000074,2.9960156250000036
2.19921230798148,4.761328125000008,0.4093750000000007,1.7725781250000017,4.1464843750000036,0.23578125000001116,0.4408593750000023,3.448281250000007,0.14710937500000965,7.041875000000008,2.9902343750000004,2.9334375000000024
2.2072996680932495,4.672578125000005,0.40031250000001073,1.7407031250000093,4.0824218750000085,0.2296875000000087,0.43203125000000897,3.3963281250000033,0.1421093750000102,6.845234375000009,2.9317968750000034,2.8755468750000013
2.2153870282050194,4.580234375000003,0.39117187500000705,1.7125000000000057,4.019218750000009,0.22343750000000107,0.42312500000000197,3.3427343750000005,0.1388281250000012,6.656562500000007,2.873828125000011,2.816640625000011
2.223474388316789,4.493593750000002,0.38351562500000824,1.6832812500000016,3.9514062500000113,0.21726562500000712,0.4151562500000039,3.290390625000006,0.134140625000001,6.470078125000001,2.8156250000000105,2.7621093750000103
2.2315617484285584,4.405859375000009,0.37453125000000975,1.6546093750000046,3.88882812500001,0.21226562500000767,0.40773437500000176,3.240468750000003,0.12937500000000934,6.288750000000009,2.7573437500000075,2.7026562500000018
2.2396491085403283,4.3198437500000075,0.36679687500000835,1.6263281250000095,3.8268750000000074,0.20796875000000936,0.40023437500000814,3.187812500000009,0.12382812500000284,6.111250000000002,2.7037500000000048,2.645234375000005
2.2477364686520978,4.237968750000009,0.3598437500000107,1.5978125000000065,3.763437500000011,0.20234375000001137,0.3939843750000116,3.1387500000000013,0.12039062500001085,5.935078125000004,2.6485937500000056,2.591562500000011
2.2558238287638677,4.151328125000009,0.35257812500000263,1.5692968750000036,3.698437500000007,0.19703125000000155,0.38429687500000087,3.090000000000004,0.11734375000000963,5.750468750000004,2.589375000000005,2.540312500000008
2.263911188875637,4.067343750000008,0.3439062500000034,1.5420312500000088,3.636875000000006,0.19179687500000542,0.3772656250000006,3.040781250000002,0.11281250000000353,5.583046875000008,2.5340625000000006,2.483671875000004
2.271998548987407,3.9854687500000097,0.3371875000000024,1.5160156250000112,3.5748437500000008,0.18601562500000224,0.3684375000000073,2.9920312500000046,0.10953125000000563,5.4197656250000055,2.476953125000003,2.4303906250000007
2.2800859090991765,3.907578125000011,0.3307812500000007,1.4910156250000028,3.5126562500000014,0.1807812500000061,0.3606250000000033,2.9432031250000046,0.10601562500001105,5.258515625000005,2.425468750000004,2.3782031250000113
2.2881732692109464,3.8279687500000104,0.3239062500000056,1.465390625000007,3.44937500000001,0.1753906250000048,0.3516406250000048,2.8951562500000083,0.10226562500000869,5.097968750000003,2.374609375000003,2.328125000000003
2.296260629322716,3.7509375000000067,0.317109375000002,1.4424218750000106,3.387265625000002,0.1709375000000013,0.3453125000000057,2.8460937500000005,0.09828125000000965,4.936562500000008,2.3277343750000012,2.2775781250000016
2.304347989434486,3.6768750000000017,0.31023437500000695,1.4166406250000096,3.3291406250000044,0.16554687500001108,0.3375000000000017,2.79921875000001,0.09554687500000769,4.7867187500000075,2.276562500000001,2.2300000000000098
2.3124353495462553,3.6030468750000044,0.3032031250000067,1.3931250000000062,3.2694531250000103,0.1607812500000083,0.329453125000001,2.7532031250000033,0.0921875000000072,4.63234375,2.2311718750000042,2.180390625000006
2.320522709658025,3.5277343750000023,0.296250000000009,1.3696875000000053,3.2140625000000034,0.15695312500000336,0.3229687500000078,2.705703125000003,0.08937500000000265,4.48312500000001,2.1817968750000083,2.1313281250000093
2.3286100697697947,3.4565625000000044,0.28890625000000947,1.347968750000006,3.1543750000000093,0.15179687500000982,0.31578125000000234,2.658515625000002,0.08593750000001066,4.339921875000008,2.1338281250000035,2.0840625000000057
2.336697429881564,3.3879687500000033,0.28257812500001034,1.3266406250000085,3.097812500000008,0.14734375000000632,0.3087500000000021,2.614218750000008,0.08351562500000798,4.197890625,2.0897656250000063,2.0389062500000055
2.344784789993334,3.320703125000002,0.2763281250000027,1.3041406250000054,3.0444531250000018,0.14289062500000282,0.30242187500000295,2.5707812500000093,0.08031250000000156,4.0577343750000106,2.039921875000006,1.995781250000006
2.3528721501051035,3.255312500000007,0.2707031250000047,1.2809375000000012,2.98617187500001,0.13906250000000897,0.2964843750000057,2.524218750000007,0.07742187500000552,3.9217968750000054,1.9964062500000046,1.9516406250000062
2.3609595102168734,3.1875781250000013,0.26484375000001004,1.2608593750000008,2.929140625000004,0.134140625000001,0.2907031250000025,2.4789062500000014,0.07507812500000544,3.7854687500000095,1.9511718750000018,1.9100000000000006
2.369046870328643,3.125390625000002,0.258671875000005,1.23906250000001,2.8731250000000097,0.13023437500000457,0.2832031250000089,2.4347656250000016,0.07195312500000162,3.6560937500000112,1.9079687500000109,1.867265625000003
2.377134230440413,3.0644531250000107,0.2520312500000066,1.2165625000000069,2.8208593750000066,0.12742187500001112,0.276093750000006,2.3908593750000096,0.06937500000000485,3.5344531250000033,1.8657812500000093,1.8260156250000104
2.3852215905521823,3.0031250000000065,0.24609375000000933,1.1940625000000038,2.7725781250000026,0.12351562500000357,0.27031250000000284,2.3514843750000014,0.06617187500000954,3.4082812500000004,1.822265625000008,1.7857031250000044
2.393308950663952,2.9415625000000056,0.24023437500000355,1.1736718750000041,2.7156250000000104,0.12023437500000567,0.264296875000003,2.3099218750000095,0.06351562500001018,3.28750000000001,1.7804687500000083,1.743828125000002
2.4013963107757217,2.880312500000004,0.2342187500000037,1.1523437500000067,2.6633593750000073,0.11750000000000371,0.25906250000000686,2.26679687500001,0.06093750000000231,3.1690625000000083,1.7419531250000064,1.70226562500001
2.4094836708874916,2.824453125000004,0.22921875000000425,1.1331250000000015,2.608203125000008,0.1142968750000084,0.2552343750000019,2.225625000000009,0.058984375000004086,3.055312500000007,1.7023437500000016,1.6621875000000008
2.417571030999261,2.765625000000005,0.22375000000001144,1.1115625000000073,2.555234375000004,0.11023437500000677,0.2498437500000117,2.1834375000000072,0.057343750000005134,2.9381250000000025,1.6639062500000024,1.6249218750000072
2.425658391111031,2.706953125000011,0.217656250000009,1.0919531250000114,2.5026562500000016,0.10632812500001032,0.24468750000000705,2.141562500000005,0.05593750000000286,2.8330468750000004,1.6252343750000064,1.5900000000000025
2.4337457512228005,2.6542187500000036,0.21289062500000622,1.0708593750000106,2.4510937500000107,0.10296875000000982,0.23898437500000647,2.102187500000008,0.05453125000001169,2.7270312500000005,1.5857812500000068,1.5526562500000063
2.4418331113345704,2.5987500000000052,0.20835937500001123,1.0505468750000024,2.40257812500001,0.10078125000000382,0.23468750000000815,2.062031250000007,0.05226562500000309,2.625078125000002,1.5478906250000035,1.5190625000000013
2.44992047144634,2.547031250000009,0.20328125000000918,1.0305468750000046,2.3505468750000036,0.09843750000000373,0.22953125000000352,2.024296875000009,0.050000000000005596,2.5253906250000013,1.5098437500000061,1.4853125000000023
2.4580078315581093,2.4972656250000114,0.19898437500001087,1.0114843750000047,2.3030468750000033,0.09570312500000178,0.22437500000000998,1.9877343750000054,0.048125000000009965,2.4302343750000066,1.4762500000000012,1.449062500000009
2.4660951916698792,2.4449218750000057,0.19335937500000178,0.9914843750000069,2.254453125000011,0.09312500000000501,0.22039062500001094,1.9477343750000098,0.04648437500001101,2.337187500000004,1.4428125000000014,1.4133593750000006
2.4741825517816487,2.400000000000002,0.1887500000000042,0.9734375000000073,2.2046093750000106,0.08960937500001043,0.2153906250000115,1.910859375000007,0.04484375000000096,2.24773437500001,1.4076562500000112,1.3783593750000045
2.4822699118934186,2.345546875000004,0.18484375000000774,0.9539062500000028,2.158046875000008,0.08617187500000734,0.21000000000001018,1.8753906250000063,0.04343750000000979,2.156250000000004,1.3725000000000098,1.3447656250000106
2.490357272005188,2.2928125000000077,0.18109375000000538,0.9368750000000037,2.112343750000001,0.08359375000001057,0.20507812500000222,1.8392187500000046,0.04164062500000565,2.0710156250000056,1.3375781250000052,1.3113281250000108
2.498444632116958,2.2464062500000104,0.1763281250000026,0.9172656250000077,2.0671875000000006,0.08117187500000789,0.20046875000000464,1.79992187500001,0.04031250000000597,1.9891406250000077,1.305859375000007,1.2792968750000022
2.5065319922287275,2.201484375000007,0.1721093750000069,0.8959375000000103,2.019609375000009,0.07843750000000593,0.19609375000000373,1.762343750000006,0.038906250000003695,1.9072656250000097,1.2717968750000086,1.2465625000000036
2.5146193523404974,2.152968750000006,0.16812500000000785,0.8792187500000104,1.9747656250000079,0.07539062500000471,0.19125000000000947,1.7253906250000006,0.03750000000000142,1.8330468750000106,1.2396875000000085,1.2159375000000083
2.522706712452267,2.106875000000008,0.16445312500000808,0.8621875000000112,1.9312500000000066,0.0732031250000098,0.1876562500000012,1.692656250000002,0.035703125000008384,1.7574218750000092,1.2095312500000066,1.1867968750000069
2.5307940725640368,2.059531250000002,0.161015625000005,0.8427343750000094,1.8883593750000038,0.07031250000000266,0.18343750000000547,1.6567968750000106,0.034687500000007976,1.686484375000008,1.1776562500000032,1.160078125000008
2.5388814326758062,2.010859375000007,0.15648437500001,0.8250781250000006,1.8459375000000056,0.06789062500001108,0.18039062500000425,1.621484375000004,0.03320312500000311,1.6145312500000064,1.1465625000000035,1.129765625000001
2.546968792787576,1.9668750000000013,0.15375000000000805,0.8098437500000055,1.802656250000001,0.06570312500000508,0.17562500000000147,1.5885937500000114,0.03156250000000416,1.5492968750000058,1.1170312500000112,1.101640625000011
2.5550561528993456,1.922265625000008,0.1499218750000031,0.7957031250000024,1.7601562500000112,0.06406250000000613,0.1720312500000043,1.5560937500000094,0.030468750000001155,1.4821875000000095,1.0899218750000106,1.0762500000000008
2.563143513011115,1.8776562500000038,0.14632812500000592,0.7795312500000096,1.7192968750000093,0.06226562500000199,0.1675781250000008,1.5218750000000059,0.02898437500000739,1.4182812500000086,1.0635937500000026,1.0482031250000023
2.571230873122885,1.833515625000004,0.14406250000000842,0.7629687500000037,1.678671875000004,0.0610156250000049,0.16289062500000062,1.4900000000000024,0.028046875000009575,1.3592968750000045,1.034296875000007,1.0227343750000006
2.5793182332346545,1.7934375000000058,0.1399218750000042,0.7465625000000031,1.6393750000000096,0.059765625000007816,0.15789062500000117,1.4589843750000053,0.02718750000000325,1.2977343750000037,1.0075000000000056,0.9959375000000104
2.5874055933464244,1.750390625000009,0.1364062500000096,0.7313281250000081,1.6021093750000048,0.05726562500000254,0.15367187500000545,1.429453125000002,0.025625000000006892,1.2439843750000068,0.9805468750000101,0.9712500000000013
2.595492953458194,1.7069531250000103,0.1331250000000117,0.716093750000002,1.5628906250000019,0.05507812500000764,0.15023437500000236,1.3975781250000097,0.02421875000000462,1.186953125000001,0.9519531250000046,0.9450781250000095
2.6035803135699638,1.665781250000009,0.12937500000000934,0.7017968750000048,1.528046875000011,0.053437500000008686,0.1466406250000052,1.3671093750000085,0.022734375000010854,1.1364062500000105,0.9243750000000106,0.9207812500000023
2.6116676736817332,1.624609375000008,0.12601562500000885,0.6867187500000038,1.4909375000000114,0.051562500000001954,0.14289062500000282,1.3371875000000033,0.02164062500000785,1.0851562500000078,0.8985937500000096,0.8957812500000051
2.619755033793503,1.5860156250000035,0.12218750000000389,0.671250000000001,1.4555468750000022,0.04898437500000519,0.13945312500001084,1.3096093750000093,0.02054687500000485,1.038828125000002,0.8726562500000035,0.8727343750000061
2.6278423939052726,1.5464843750000012,0.11914062500000266,0.6578125000000101,1.421093750000002,0.04718750000000105,0.13625000000000442,1.2810937500000064,0.020078125000011493,0.9920312500000028,0.847343750000007,0.8500000000000063
2.6359297540170425,1.5055468750000078,0.11554687500000549,0.6418750000000029,1.3872656250000115,0.04585937500000137,0.1332812500000058,1.2513281250000063,0.01921875000000517,0.9490625000000086,0.826093750000001,0.8251562500000031
2.644017114128812,1.4650781250000078,0.11234375000001018,0.6284375000000009,1.3538281250000006,0.04453125000000169,0.12953125000000343,1.2217187500000115,0.018593750000006626,0.9083593750000007,0.8038281250000057,0.8007031250000018
2.652104474240582,1.4259375000000074,0.10960937500000822,0.6137500000000018,1.318906250000007,0.04304687500000792,0.12609375000001144,1.19257812500001,0.01765625000000881,0.8684375000000077,0.7810156250000033,0.7825781250000108
2.6601918343523514,1.386796875000007,0.10640625000000181,0.6007812500000043,1.2836718750000031,0.04171875000000824,0.12296875000000762,1.165703125000006,0.01687500000000508,0.8325000000000027,0.7617187500000067,0.7615625000000015
2.6682791944641213,1.3476562500000067,0.1032031250000065,0.5871875000000082,1.251015625000007,0.03976562500001002,0.12031250000000826,1.1376562500000076,0.01640625000000062,0.7964843750000061,0.7422656250000048,0.741875000000003
2.676366554575891,1.3100000000000112,0.10078125000000382,0.5749218750000007,1.2157812500000031,0.038359375000007745,0.1164843750000033,1.1091406250000047,0.015703125000010587,0.7624218750000078,0.7217187500000111,0.7224218750000011
2.6844539146876603,1.2714062500000067,0.09820312500000705,0.562890625000001,1.1850000000000027,0.03718750000000215,0.11250000000000426,1.083125000000007,0.015312500000008722,0.728437500000001,0.7016406250000107,0.7039843750000108
2.69254127479943,1.2336718750000086,0.0964843750000055,0.551093750000009,1.1535156250000012,0.03617187500000174,0.10906250000000117,1.0605468750000013,0.014843750000004263,0.6973437500000013,0.6815625000000103,0.6840625000000045
2.7006286349111996,1.1999218750000096,0.09445312500000469,0.5391406250000008,1.123593750000007,0.03507812500000984,0.10601562500001105,1.0323437500000088,0.014531250000004992,0.665625000000003,0.6623437500000051,0.6639843750000041
2.7087159950229696,1.167343750000005,0.09242187500000387,0.5264062500000111,1.0962500000000097,0.03398437500000684,0.1032812500000091,1.0073437500000115,0.013593750000007176,0.6339843750000074,0.6467187500000082,0.6445312500000022
2.716803355134739,1.1372656250000057,0.08960937500001043,0.5141406250000036,1.0642968750000037,0.03296875000000643,0.09960937500000933,0.9842187500000099,0.013125000000002718,0.6086718750000109,0.6277343750000108,0.6248437500000037
2.724890715246509,1.1050000000000115,0.08742187500000442,0.5028906250000076,1.0371093750000115,0.0310937500000108,0.09726562500000924,0.9600781250000079,0.012656250000009361,0.5822656250000113,0.6076562500000104,0.6048437500000059
2.7329780753582784,1.0722656250000018,0.08523437500000952,0.4903906250000034,1.0093750000000012,0.03031250000000707,0.09414062500000542,0.9356250000000066,0.012421875000001581,0.5575000000000108,0.5889062500000097,0.5872656250000108
2.7410654354700483,1.038671875000008,0.08296875000000092,0.4771875000000092,0.9831250000000069,0.02984375000000261,0.09125000000000938,0.9134375000000028,0.011640625000008953,0.5321875000000031,0.5724218750000065,0.5678125000000089
2.749152795581818,1.006171875000006,0.08007812500000488,0.4669531250000025,0.9579687500000045,0.029609375000005933,0.08835937500000224,0.8899218750000104,0.011328125000009681,0.5085937500000082,0.5559375000000033,0.5492187500000023
2.7572401556935877,0.9754687500000081,0.07828125000000075,0.45687500000000103,0.9331250000000013,0.028828125000002203,0.08632812500000142,0.8672656250000021,0.01101562500001041,0.4869531250000114,0.5380468750000089,0.5329687500000069
2.765327515805357,0.9412500000000046,0.07640625000000512,0.4449218750000039,0.9082812500000093,0.027812500000001794,0.08351562500000798,0.845703125000008,0.010937500000007816,0.4660937500000073,0.5223437500000094,0.5143750000000114
2.773414875917127,0.909765625000003,0.07414062500000762,0.43468750000000833,0.8847656250000058,0.027109375000000657,0.08242187500000497,0.827187500000004,0.010390625000000764,0.4451562500000006,0.5064843750000048,0.49875000000000336
2.7815022360288966,0.8793750000000045,0.07226562500000089,0.4249218750000061,0.8603125000000045,0.026406250000010623,0.08015625000000748,0.8067968750000043,0.010078125000001492,0.42453125000000425,0.4914062500000038,0.4818750000000094
2.7895895961406665,0.8491406250000111,0.07054687500001044,0.41335937500001085,0.8368750000000036,0.025468750000001705,0.07820312500000925,0.7877343750000043,0.009609375000008136,0.4049218750000083,0.47570312500000433,0.46882812500000925
2.797676956252436,0.8186718750000099,0.06890625000001149,0.40226562500000895,0.8120312500000115,0.02421875000000462,0.07671875000000439,0.7667968750000087,0.009296875000008864,0.38687500000000874,0.4592968750000037,0.4539062500000024
2.8057643163642054,0.787968750000001,0.06718750000000995,0.39125000000000965,0.7922656250000104,0.023359375000009397,0.07484375000000876,0.7484375000000099,0.008906250000006999,0.3703906250000055,0.44468750000000723,0.441640625000006
2.8138516764759753,0.7592187500000014,0.0654687500000084,0.38000000000000256,0.7708593750000103,0.022812500000002345,0.0732812500000013,0.7287500000000113,0.00867187500001032,0.35570312500000645,0.4294531250000011,0.4274218750000114
2.821939036587745,0.730625000000007,0.06398437500000353,0.37015625000000885,0.7488281250000006,0.02234375000000899,0.07093750000000121,0.7105468750000066,0.008515625000005134,0.3416406250000059,0.41546875000000316,0.41437500000001126
2.8300263966995147,0.7025000000000059,0.06226562500000199,0.36007812500000735,0.730625000000007,0.021953125000007123,0.06867187500000371,0.6921875000000077,0.00843750000000254,0.3275781250000054,0.4017187500000019,0.4015625000000078
2.838113756811284,0.672343750000004,0.06046875000000895,0.35117187500001146,0.7096093750000088,0.0210937500000008,0.06648437500000881,0.673437500000007,0.008046875000000675,0.3115625000000066,0.38921875000000883,0.38882812500000696
2.846201116923054,0.643125000000011,0.058437500000008136,0.34125000000000405,0.6909375000000106,0.019921875000006306,0.06476562500000727,0.654375000000007,0.007734375000001403,0.29671875000000236,0.3759375000000009,0.37695312500000133
2.8542884770348236,0.6171875000000049,0.05718750000001105,0.3332031250000034,0.6717968750000081,0.019062500000011084,0.06312500000000831,0.6385156250000024,0.007578125000007319,0.2816406250000014,0.36335937500000526,0.3650000000000042
2.8623758371465935,0.5905468750000087,0.05531250000000432,0.32343750000000115,0.6522656250000036,0.018593750000006626,0.061328125000004174,0.6209375000000072,0.007500000000004725,0.2695312500000102,0.3498437500000007,0.3528906250000019
2.870463197258363,0.5649218750000018,0.05375000000000796,0.31476562500000194,0.635312500000007,0.01789062500000549,0.059453125000008544,0.6034375000000036,0.007421875000002132,0.25804687500000645,0.33890625000000396,0.3421093750000104
2.878550557370133,0.5397656250000105,0.0521875000000116,0.3050781250000023,0.6181250000000027,0.016796875000002487,0.05796875000000368,0.5866406250000011,0.007265625000008047,0.24656250000000268,0.32796875000000725,0.3307812500000007
2.8866379174819023,0.5145312500000054,0.05031250000000487,0.29562500000001046,0.5981250000000049,0.016484375000003215,0.05625000000000213,0.5720312500000047,0.007187500000005453,0.23679687500001156,0.3176562500000091,0.3195312500000047
2.8947252775936723,0.49226562500001014,0.04875000000000851,0.2860156250000023,0.5809375000000117,0.015937500000007265,0.05468750000000577,0.556718750000007,0.00710937500000286,0.22671875000001007,0.30789062500000686,0.3082812500000087
2.9028126377054417,0.46882812500000925,0.047343750000006235,0.27781250000000757,0.563984375000004,0.015390625000011315,0.0532812500000035,0.5412500000000042,0.006953125000008775,0.21882812500000348,0.29789062500000796,0.29812500000000464
2.910899997817211,0.4447656250000098,0.04593750000000396,0.27039062500000544,0.5486718750000064,0.014843750000004263,0.05203125000000641,0.526953125000007,0.006718750000000995,0.21046875000000353,0.28812500000000574,0.2877343750000039
2.918987357928981,0.4239843750000083,0.04484375000000096,0.2620312500000055,0.5313281250000079,0.014375000000010907,0.05140625000000787,0.5112500000000075,0.006406250000001723,0.20226562500000878,0.278828125000008,0.277734375000005
2.9270747180407506,0.40554687500000686,0.04382812500001165,0.25468750000000595,0.5150000000000099,0.013906250000006448,0.05039062500000746,0.4972656250000096,0.006093750000002451,0.19226562500000988,0.26890625000001167,0.2696875000000043
2.9351620781525205,0.3873437500000021,0.04242187500000938,0.2462500000000034,0.49882812500000595,0.01367187500000977,0.04960937500000373,0.48234375000000274,0.00578125000000318,0.1842968750000007,0.26031250000000394,0.2595312500000113
2.94324943826429,0.369765625000007,0.04085937500000192,0.23843750000001052,0.4840625000000043,0.013125000000002718,0.04851562500000073,0.46867187500000407,0.005625000000009095,0.17695312500000115,0.25046875000001023,0.25140625000000805
2.95133679837606,0.3528906250000019,0.03929687500000556,0.23117187500000247,0.46781250000000885,0.012578125000006768,0.04742187500000883,0.4559375000000032,0.005468750000003908,0.17062500000000203,0.24148437500000064,0.24367187500000664
2.9594241584878294,0.33812500000001133,0.03765625000000661,0.22445312500000147,0.4514843750000108,0.012265625000007496,0.04671875000000769,0.44460937500000464,0.005468750000003908,0.1631250000000084,0.23328125000000588,0.23593750000000524
2.9675115185995993,0.32250000000000334,0.0366406250000062,0.21695312500000785,0.43890625000000405,0.011953125000008225,0.04507812500000874,0.43101562500000856,0.0053906250000013145,0.15625000000000222,0.2253906250000104,0.22890625000000497
2.9755988787113687,0.3082812500000087,0.035703125000008384,0.21070312500001132,0.4240625000000109,0.01156250000000636,0.04359375000000387,0.4186718750000096,0.005156250000004636,0.14890625000000268,0.217656250000009,0.22218750000000398
2.9836862388231387,0.29453125000000746,0.034375000000008704,0.203125000000004,0.41101562500001076,0.011171875000004494,0.04273437500000865,0.40546875000000426,0.005156250000004636,0.14343750000000988,0.21070312500001132,0.21382812500000403
2.991773598934908,0.28023437500001025,0.03296875000000643,0.19625000000000892,0.3982031250000073,0.010781250000002629,0.04226562500000419,0.39343750000000455,0.005078125000002043,0.13804687500000856,0.20242187500000286,0.20593750000000854
2.999860959046678,0.26382812500000963,0.03187500000000343,0.19007812500000387,0.3860156250000024,0.010078125000001492,0.04132812500000638,0.3814843750000074,0.004765625000002771,0.13234375000000798,0.19601562500000114,0.19882812500000568
3.0079483191584475,0.24804687500000755,0.030703125000008935,0.1843750000000033,0.37234375000000375,0.009843750000004814,0.04054687500000265,0.3696875000000044,0.004531250000006093,0.12695312500000666,0.1885937500000101,0.191875000000008
3.0160356792702174,0.23484375000000224,0.029375000000009255,0.17781250000000748,0.3594531250000088,0.009140625000003677,0.03945312500001075,0.35796875000000394,0.004296875000009415,0.12125000000000608,0.1821093750000058,0.18507812500000442
3.024123039381987,0.2232031250000044,0.02843750000001144,0.17179687500000762,0.3472656250000039,0.008750000000001812,0.03851562500000183,0.3464843750000113,0.004296875000009415,0.11609375000000144,0.17484375000000885,0.17851562500000862
3.0322103994937564,0.21125000000000727,0.027343750000008438,0.1653906250000059,0.3349218750000049,0.008359375000011049,0.03796875000000588,0.3350781250000101,0.004140625000004228,0.11039062500000085,0.1685937500000012,0.17265625000000284
3.0402977596055263,0.20062500000000982,0.02632812500000803,0.16015625000000977,0.32468750000000934,0.008125000000003268,0.0366406250000062,0.3229687500000078,0.004140625000004228,0.1042968750000095,0.16242187500000727,0.1665625000000115
3.0483851197172958,0.1897656250000046,0.0255468750000043,0.1543750000000066,0.31484375000000453,0.007578125000007319,0.036015625000007656,0.3128125000000037,0.004140625000004228,0.10015625000000528,0.15632812500000481,0.1607812500000083
3.0564724798290657,0.18000000000000238,0.02500000000000835,0.14914062500001046,0.30343750000000336,0.007421875000002132,0.03515625000000133,0.3019531250000096,0.004062500000001634,0.09578125000000437,0.15046875000001014,0.15476562500000846
3.064559839940835,0.16796875000000266,0.02453125000000389,0.1432812500000047,0.29445312500000487,0.007265625000008047,0.03421875000000352,0.2916406250000114,0.004062500000001634,0.09257812500000906,0.14468750000000696,0.14781250000001078
3.072647200052605,0.1587500000000075,0.023906250000005347,0.1386718750000071,0.282812500000007,0.007187500000005453,0.03382812500000165,0.279921875000011,0.004062500000001634,0.08843750000000483,0.13898437500000638,0.14281250000001133
3.0807345601643745,0.14945312500000973,0.023125000000001616,0.13343750000001098,0.2731250000000074,0.006953125000008775,0.033046875000009024,0.27007812500000616,0.003984375000010143,0.08515625000000693,0.1344531250000114,0.13812500000001116
3.0888219202761444,0.1410156250000072,0.0221875000000038,0.12734375000000853,0.2639062500000011,0.006718750000000995,0.03273437500000975,0.2605468750000006,0.0037500000000023626,0.0821093750000057,0.1288281250000023,0.13289062500000393
3.096909280387914,0.13242187500001057,0.021953125000007123,0.12382812500000284,0.2539843750000048,0.00656250000000691,0.032031250000008615,0.2520312500000066,0.0037500000000023626,0.07945312500000634,0.1253125000000077,0.12804687500000966
3.104996640499684,0.12460937500000657,0.02132812500000858,0.11867187500000931,0.24335937500000737,0.006406250000001723,0.03140625000001007,0.24273437500000883,0.0037500000000023626,0.07726562500001144,0.12148437500000275,0.12398437500000803
3.1130840006114533,0.1164843750000033,0.020703125000010036,0.11421875000000581,0.2341406250000011,0.006093750000002451,0.0310937500000108,0.2342187500000037,0.0037500000000023626,0.0742968750000017,0.1165625000000059,0.11945312500000194
3.121171360723223,0.1098437500000049,0.020078125000011493,0.10976562500000231,0.22578125000000115,0.00601562500001096,0.02984375000000261,0.2264843750000023,0.0036718750000108713,0.07195312500000162,0.11289062500000613,0.114375000000011
3.1292587208349927,0.10250000000000536,0.019453125000001847,0.10664062500000959,0.21679687500000266,0.005703125000011688,0.029218750000004068,0.21835937500001013,0.003593750000008278,0.06914062500000817,0.10781250000000409,0.10968750000001082
3.137346080946762,0.09593750000000956,0.019062500000011084,0.10171875000000163,0.208750000000002,0.005625000000009095,0.028593750000005524,0.20992187500000759,0.003593750000008278,0.06640625000000622,0.10375000000000245,0.1053906250000014
3.145433441058532,0.08937500000000265,0.01867187500000922,0.09757812500000851,0.20039062500000204,0.0053906250000013145,0.028046875000009575,0.20171875000000172,0.0035156250000056843,0.06375000000000686,0.10015625000000528,0.10171875000000163
3.1535208011703015,0.08367187500000206,0.018359375000009948,0.09484375000000655,0.19390625000000883,0.005078125000002043,0.027500000000002522,0.19375000000000364,0.0033593750000115996,0.06125000000000158,0.09609375000000364,0.09843750000000373
3.1616081612820714,0.0765625000000103,0.017812500000002895,0.09125000000000938,0.1865625000000093,0.004531250000006093,0.026718750000009894,0.18585937500000815,0.0033593750000115996,0.05890625000000149,0.09265625000001165,0.09390625000000874
3.169695521393841,0.07125000000001158,0.017500000000003624,0.08679687500000588,0.18054687500000943,0.004296875000009415,0.026406250000010623,0.17945312500000643,0.0032031250000064126,0.0565625000000014,0.08898437500000078,0.09046875000000565
3.177782881505611,0.06632812500000362,0.016796875000002487,0.0832031250000087,0.17406250000000512,0.004140625000004228,0.026015625000008757,0.1710156250000039,0.003125000000003819,0.05390625000000204,0.08585937500000806,0.08734375000000183
3.1858702416173803,0.062421875000007176,0.015937500000007265,0.0798437500000082,0.16695312500000226,0.004062500000001634,0.025390625000010214,0.16375000000000695,0.0030468750000012257,0.05117187500001119,0.08296875000000092,0.0842968750000117
3.19395760172915,0.05695312500000327,0.0155468750000054,0.07671875000000439,0.1607812500000083,0.004062500000001634,0.02453125000000389,0.15648437500001,0.0029687500000097344,0.049218750000001865,0.07929687500000115,0.08132812500000197
3.2020449618409197,0.05250000000001087,0.014843750000004263,0.07382812500000835,0.15476562500000846,0.003828125000004956,0.02367187500000867,0.14828125000000414,0.0029687500000097344,0.046875000000001776,0.07671875000000439,0.07867187500000261
3.2101323219526896,0.04898437500000519,0.01421875000000572,0.07125000000001158,0.148671875000006,0.0037500000000023626,0.022968750000007532,0.14281250000001133,0.0028125000000045475,0.04492187500000355,0.07421875000001021,0.07585937500000917
3.218219682064459,0.04539062500000801,0.013906250000006448,0.06835937500000444,0.14382812500000064,0.003593750000008278,0.022578125000005667,0.13718750000000224,0.0028125000000045475,0.04343750000000979,0.07140625000000567,0.07296875000000203
3.226307042176229,0.04171875000000824,0.013593750000007176,0.065546875000011,0.13789062500000338,0.003437500000003091,0.022265625000006395,0.13046875000000124,0.002734375000001954,0.04171875000000824,0.06914062500000817,0.07000000000000339
3.2343944022879985,0.03875000000000961,0.012578125000006768,0.062421875000007176,0.1320312500000087,0.003437500000003091,0.021953125000007123,0.12468750000000917,0.002734375000001954,0.03976562500001002,0.06703125000000476,0.06695312500000217
3.2424817623997684,0.03687500000000288,0.012031250000010818,0.059453125000008544,0.12710937500000075,0.003281250000009006,0.021250000000005986,0.11640625000000071,0.0026562500000104627,0.03851562500000183,0.06406250000000613,0.06382812500000945
3.250569122511538,0.03429687500000611,0.011718750000011546,0.05726562500000254,0.12234375000000908,0.003281250000009006,0.020781250000001528,0.1110156250000105,0.0025781250000078693,0.037343750000007336,0.06125000000000158,0.06085937500001082
3.2586564826233073,0.03195312500000602,0.011406250000001172,0.055000000000005045,0.11750000000000371,0.003281250000009006,0.020234375000005578,0.10710937500000295,0.002343750000011191,0.0355468750000032,0.05851562500001073,0.05781250000000959
3.2667438427350772,0.02976562500001112,0.01101562500001041,0.05257812500000236,0.11367187500000986,0.003281250000009006,0.019843750000003713,0.10164062500001014,0.002343750000011191,0.03421875000000352,0.056328125000004725,0.05515625000001023
3.2748312028468467,0.027812500000001794,0.010468750000003357,0.04984375000001151,0.1087500000000019,0.003125000000003819,0.01921875000000517,0.09734375000000073,0.002343750000011191,0.03296875000000643,0.05382812500001055,0.05257812500000236
3.2829185629586166,0.025703125000009486,0.010000000000010001,0.04726562500000364,0.10351562500000577,0.0030468750000012257,0.01898437500000849,0.09250000000000647,0.002343750000011191,0.03148437500000156,0.05226562500000309,0.05007812500000819
3.291005923070386,0.023593750000006075,0.009921875000007407,0.04539062500000801,0.09867187500001151,0.0029687500000097344,0.018593750000006626,0.08648437500000661,0.002343750000011191,0.030546875000003748,0.05117187500001119,0.047890625000002185
3.299093283182156,0.020390625000010765,0.00968750000001073,0.04343750000000979,0.09398437500001133,0.002890625000007141,0.017812500000002895,0.08187500000000902,0.002343750000011191,0.029375000000009255,0.050000000000005596,0.046328125000005826
3.3071806432939255,0.018906250000005898,0.009531250000005542,0.04140625000000897,0.08968750000000192,0.0026562500000104627,0.017734375000011404,0.07726562500001144,0.002187500000006004,0.028359375000008846,0.04898437500000519,0.04398437500000574
3.3152680034056954,0.017031250000010267,0.009140625000003677,0.03906250000000888,0.08562500000001139,0.0026562500000104627,0.01734375000000954,0.07375000000000576,0.0021093750000034106,0.027578125000005116,0.04710937500000956,0.04242187500000938
3.323355363517465,0.015468750000002807,0.008828125000004405,0.03781250000000069,0.0821093750000057,0.0025781250000078693,0.01687500000000508,0.06914062500000817,0.0021093750000034106,0.02585937500000357,0.04515625000001133,0.040703125000007834
3.3314427236292348,0.01421875000000572,0.008515625000005134,0.036015625000007656,0.07812500000000666,0.002343750000011191,0.01656250000000581,0.06562500000000249,0.0021093750000034106,0.025078125000010942,0.04351562500000128,0.03875000000000961
3.3395300837410042,0.01343750000000199,0.008281250000008455,0.03429687500000611,0.07500000000000284,0.002343750000011191,0.01632812500000913,0.06234375000000458,0.0021093750000034106,0.02421875000000462,0.04210937500001011,0.03687500000000288
3.347617443852774,0.012578125000006768,0.008203125000005862,0.03242187500001048,0.07148437500000826,0.002187500000006004,0.01609375000000135,0.05882812500001,0.0021093750000034106,0.023437500000000888,0.04085937500000192,0.03507812500000984
3.3557048039645436,0.011796875000003038,0.007656250000009912,0.03062500000000634,0.06898437500000298,0.002187500000006004,0.01578125000000208,0.054218750000001315,0.002031250000000817,0.02234375000000899,0.03976562500001002,0.033593750000004974
3.3637921640763135,0.011328125000009681,0.007500000000004725,0.029375000000009255,0.06507812500000654,0.0021093750000034106,0.015468750000002807,0.05148437500001046,0.002031250000000817,0.021562500000005258,0.03820312500000256,0.03210937500001121
3.371879524188083,0.01054687500000595,0.007500000000004725,0.027812500000001794,0.06234375000000458,0.002031250000000817,0.014843750000004263,0.04804687500000737,0.002031250000000817,0.020703125000010036,0.03687500000000288,0.03117187500000229
3.3799668842998525,0.00976562500000222,0.006953125000008775,0.025781250000000977,0.05914062500000927,0.002031250000000817,0.014687500000010179,0.045546875000002096,0.002031250000000817,0.019921875000006306,0.03585937500000247,0.02929687500000666
3.3880542444116224,0.009375000000011458,0.0066406250000095035,0.024609375000006484,0.05585937500001137,0.001953125000009326,0.014062500000011635,0.042812500000011244,0.002031250000000817,0.01898437500000849,0.03484375000000206,0.02765625000000771
3.396141604523392,0.008906250000006999,0.00656250000000691,0.023359375000009397,0.05359375000000277,0.001953125000009326,0.013828125000003855,0.04007812500000929,0.001953125000009326,0.018359375000009948,0.03398437500000684,0.026015625000008757
3.404228964635162,0.008046875000000675,0.006328125000010232,0.022031250000009717,0.05164062500000455,0.001953125000009326,0.013125000000002718,0.0377343750000092,0.001953125000009326,0.017734375000011404,0.033046875000009024,0.024921875000005755
3.4123163247469313,0.007500000000004725,0.006093750000002451,0.021015625000009308,0.04851562500000073,0.0018750000000067324,0.012812500000003446,0.03500000000000725,0.001953125000009326,0.017265625000006946,0.03210937500001121,0.023593750000006075
3.420403684858701,0.007265625000008047,0.005703125000011688,0.019843750000003713,0.0466406250000051,0.001796875000004139,0.012656250000009361,0.03320312500000311,0.001953125000009326,0.016953125000007674,0.030703125000008935,0.022109375000001208
3.4284910449704706,0.006796875000003588,0.005625000000009095,0.018828125000003304,0.044687500000006875,0.0016406250000100542,0.012265625000007496,0.031796875000000835,0.001953125000009326,0.016640625000008402,0.02984375000000261,0.021171875000003393
3.4365784050822406,0.006406250000001723,0.00523437500000723,0.017812500000002895,0.04242187500000938,0.0016406250000100542,0.011718750000011546,0.03007812500001039,0.001953125000009326,0.016250000000006537,0.028593750000005524,0.019687500000009628
3.44466576519401,0.006250000000007638,0.004765625000002771,0.01640625000000062,0.04039062500000856,0.0016406250000100542,0.0110937500000019,0.02820312500000366,0.001953125000009326,0.01578125000000208,0.027578125000005116,0.01867187500000922
3.45275312530578,0.005859375000005773,0.004296875000009415,0.015859375000004672,0.03812500000001107,0.0015625000000074607,0.010234375000006679,0.026171875000002842,0.0018750000000067324,0.015390625000011315,0.026484375000002114,0.01765625000000881
3.4608404854175494,0.005703125000011688,0.004140625000004228,0.01500000000000945,0.036250000000004334,0.0014843750000048672,0.010000000000010001,0.024843750000003162,0.001796875000004139,0.014687500000010179,0.025781250000000977,0.016718750000010996
3.4689278455293193,0.0055468750000065015,0.003828125000004956,0.01421875000000572,0.03398437500000684,0.0014062500000022737,0.00968750000001073,0.02351562500000348,0.0017187500000015454,0.014453125000002398,0.02453125000000389,0.01601562500000986
3.477015205641089,0.005156250000004636,0.0036718750000108713,0.013515625000004583,0.0321875000000027,0.001250000000008189,0.00968750000001073,0.021796875000001936,0.0017187500000015454,0.01421875000000572,0.02320312500000421,0.015078125000000941
3.4851025657528583,0.004921875000007958,0.0030468750000012257,0.01289062500000604,0.03062500000000634,0.001250000000008189,0.008984375000009592,0.02031250000000817,0.0016406250000100542,0.013593750000007176,0.022031250000009717,0.01421875000000572
3.493189925864628,0.00468750000001128,0.0028125000000045475,0.012421875000001581,0.02929687500000666,0.001093750000003002,0.00867187500001032,0.018593750000006626,0.0016406250000100542,0.013203125000005311,0.0210937500000008,0.013359375000010498
3.5012772859763976,0.004453125000003499,0.002734375000001954,0.011640625000008953,0.027265625000005844,0.001093750000003002,0.008515625000005134,0.017500000000003624,0.0016406250000100542,0.012734375000000853,0.020390625000010765,0.012578125000006768
3.5093646460881676,0.004375000000000906,0.0026562500000104627,0.011250000000007088,0.0255468750000043,0.001093750000003002,0.008359375000011049,0.016171875000003944,0.0016406250000100542,0.012187500000004903,0.019609375000007034,0.011796875000003038
3.517452006199937,0.004218750000006821,0.0025000000000052758,0.010468750000003357,0.024296875000007212,0.0010156250000115108,0.007734375000001403,0.01476562500000167,0.0016406250000100542,0.011875000000005631,0.01867187500000922,0.01101562500001041
3.525539366311707,0.003984375000010143,0.002343750000011191,0.010078125000001492,0.02289062500000494,0.0010156250000115108,0.007265625000008047,0.01343750000000199,0.0016406250000100542,0.011484375000003766,0.017734375000011404,0.010468750000003357
3.5336267264234764,0.003828125000004956,0.002187500000006004,0.009609375000008136,0.02164062500000785,0.0010156250000115108,0.007031250000011369,0.01234375000001009,0.0016406250000100542,0.01101562500001041,0.01710937500000176,0.009843750000004814
3.5417140865352463,0.003437500000003091,0.002031250000000817,0.008593750000007727,0.020625000000007443,0.0009375000000089173,0.006796875000003588,0.011640625000008953,0.0015625000000074607,0.010625000000008544,0.016796875000002487,0.009296875000008864
3.549801446647016,0.0032031250000064126,0.001953125000009326,0.007812500000003997,0.018906250000005898,0.0009375000000089173,0.006718750000000995,0.010859375000005222,0.0014062500000022737,0.009843750000004814,0.01609375000000135,0.008828125000004405
3.5578888067587857,0.003125000000003819,0.0018750000000067324,0.007500000000004725,0.017734375000011404,0.0009375000000089173,0.0064843750000043165,0.010312500000009273,0.0013281250000107825,0.009453125000002949,0.015625000000007994,0.00843750000000254
3.565976166870555,0.0029687500000097344,0.0018750000000067324,0.006718750000000995,0.01640625000000062,0.0009375000000089173,0.006250000000007638,0.009843750000004814,0.0013281250000107825,0.008593750000007727,0.015078125000000941,0.008125000000003268
3.574063526982325,0.0025781250000078693,0.0017187500000015454,0.0064843750000043165,0.0155468750000054,0.0009375000000089173,0.005937500000008367,0.008828125000004405,0.0013281250000107825,0.008203125000005862,0.014140625000003126,0.007812500000003997
3.5821508870940946,0.0025000000000052758,0.0017187500000015454,0.00601562500001096,0.014453125000002398,0.0009375000000089173,0.0055468750000065015,0.008203125000005862,0.001250000000008189,0.007812500000003997,0.01367187500000977,0.006953125000008775
3.5902382472058645,0.0024218750000026823,0.0017187500000015454,0.005625000000009095,0.013593750000007176,0.0008593750000063238,0.0055468750000065015,0.007578125000007319,0.0010156250000115108,0.007656250000009912,0.013203125000005311,0.00656250000000691
3.598325607317634,0.002343750000011191,0.0016406250000100542,0.0050000000000105516,0.012421875000001581,0.0008593750000063238,0.005468750000003908,0.007265625000008047,0.0009375000000089173,0.00710937500000286,0.01289062500000604,0.006250000000007638
3.6064129674294034,0.0022656250000085976,0.0014843750000048672,0.00468750000001128,0.011250000000007088,0.0008593750000063238,0.005156250000004636,0.006796875000003588,0.0009375000000089173,0.006953125000008775,0.012500000000004174,0.005937500000008367
3.6145003275411733,0.0021093750000034106,0.0014062500000022737,0.004296875000009415,0.010625000000008544,0.0007812500000037303,0.005078125000002043,0.006406250000001723,0.0008593750000063238,0.00656250000000691,0.011953125000008225,0.005312500000009823
3.622587687652943,0.002031250000000817,0.0013281250000107825,0.003984375000010143,0.009843750000004814,0.0006250000000096456,0.004843750000005365,0.005859375000005773,0.0008593750000063238,0.006406250000001723,0.011406250000001172,0.0050000000000105516
3.6306750477647127,0.002031250000000817,0.0011718750000055955,0.0037500000000023626,0.009062500000001084,0.0005468750000070521,0.004531250000006093,0.00523437500000723,0.0007812500000037303,0.00601562500001096,0.010937500000007816,0.004765625000002771
3.638762407876482,0.002031250000000817,0.001093750000003002,0.0036718750000108713,0.00843750000000254,0.0005468750000070521,0.004296875000009415,0.0050000000000105516,0.0007031250000011369,0.00578125000000318,0.010703125000011138,0.00468750000001128
3.646849767988252,0.001953125000009326,0.001093750000003002,0.0032031250000064126,0.00789062500000659,0.0005468750000070521,0.004140625000004228,0.004765625000002771,0.0007031250000011369,0.0053906250000013145,0.009921875000007407,0.004609375000008686
3.6549371281000216,0.001796875000004139,0.0010156250000115108,0.002890625000007141,0.00710937500000286,0.0005468750000070521,0.003984375000010143,0.004531250000006093,0.0007031250000011369,0.00523437500000723,0.009453125000002949,0.004531250000006093
3.6630244882117915,0.0017187500000015454,0.0009375000000089173,0.0028125000000045475,0.006796875000003588,0.0005468750000070521,0.003828125000004956,0.004375000000000906,0.0007031250000011369,0.00468750000001128,0.009140625000003677,0.004218750000006821
3.671111848323561,0.0015625000000074607,0.0009375000000089173,0.0026562500000104627,0.006328125000010232,0.0005468750000070521,0.0037500000000023626,0.004218750000006821,0.0007031250000011369,0.004453125000003499,0.008359375000011049,0.004062500000001634
3.679199208435331,0.0014062500000022737,0.0008593750000063238,0.0024218750000026823,0.005937500000008367,0.00046875000000445866,0.003593750000008278,0.003984375000010143,0.0007031250000011369,0.004296875000009415,0.00789062500000659,0.0039062500000075495
3.6872865685471004,0.0014062500000022737,0.0008593750000063238,0.002343750000011191,0.005625000000009095,0.00046875000000445866,0.003593750000008278,0.003828125000004956,0.0007031250000011369,0.004140625000004228,0.007656250000009912,0.0036718750000108713
3.6953739286588703,0.0014062500000022737,0.0008593750000063238,0.002031250000000817,0.005078125000002043,0.00046875000000445866,0.0035156250000056843,0.0033593750000115996,0.0005468750000070521,0.0039062500000075495,0.007265625000008047,0.0033593750000115996
3.7034612887706397,0.0013281250000107825,0.0008593750000063238,0.0017187500000015454,0.00468750000001128,0.00046875000000445866,0.0033593750000115996,0.003281250000009006,0.00046875000000445866,0.003828125000004956,0.006953125000008775,0.0029687500000097344
3.7115486488824097,0.0013281250000107825,0.0008593750000063238,0.0015625000000074607,0.004375000000000906,0.00046875000000445866,0.003125000000003819,0.0030468750000012257,0.00046875000000445866,0.003437500000003091,0.0064843750000043165,0.002734375000001954
3.719636008994179,0.0013281250000107825,0.0007812500000037303,0.0014843750000048672,0.003984375000010143,0.0003906250000018652,0.0030468750000012257,0.0028125000000045475,0.00046875000000445866,0.0032031250000064126,0.00601562500001096,0.0024218750000026823
3.7277233691059486,0.0013281250000107825,0.0007812500000037303,0.0014843750000048672,0.0037500000000023626,0.0003906250000018652,0.002734375000001954,0.002734375000001954,0.0003906250000018652,0.0029687500000097344,0.0053906250000013145,0.002187500000006004
3.7358107292177185,0.0011718750000055955,0.0007812500000037303,0.0014062500000022737,0.0035156250000056843,0.0003125000000103739,0.0026562500000104627,0.0025000000000052758,0.0003906250000018652,0.0026562500000104627,0.004843750000005365,0.002031250000000817
3.743898089329488,0.0011718750000055955,0.0007031250000011369,0.0014062500000022737,0.0033593750000115996,0.00023437500000778044,0.0025000000000052758,0.0022656250000085976,0.0003125000000103739,0.0025000000000052758,0.004296875000009415,0.0018750000000067324
3.751985449441258,0.0011718750000055955,0.0007031250000011369,0.0011718750000055955,0.0029687500000097344,0.00023437500000778044,0.002187500000006004,0.0021093750000034106,0.0003125000000103739,0.002343750000011191,0.003828125000004956,0.001796875000004139
3.7600728095530274,0.0011718750000055955,0.0007031250000011369,0.001093750000003002,0.0026562500000104627,0.00023437500000778044,0.002031250000000817,0.0018750000000067324,0.0003125000000103739,0.0022656250000085976,0.0035156250000056843,0.001796875000004139
3.7681601696647973,0.0011718750000055955,0.0006250000000096456,0.0010156250000115108,0.0026562500000104627,0.00023437500000778044,0.001796875000004139,0.0017187500000015454,0.0003125000000103739,0.001953125000009326,0.0033593750000115996,0.001796875000004139
3.7762475297765667,0.001093750000003002,0.0005468750000070521,0.0009375000000089173,0.0024218750000026823,0.00023437500000778044,0.001796875000004139,0.0017187500000015454,0.0003125000000103739,0.0017187500000015454,0.0030468750000012257,0.0017187500000015454
3.7843348898883367,0.001093750000003002,0.0005468750000070521,0.0007031250000011369,0.002187500000006004,0.00023437500000778044,0.0017187500000015454,0.0014062500000022737,0.0003125000000103739,0.0016406250000100542,0.002734375000001954,0.0016406250000100542
3.792422250000106,0.001093750000003002,0.00046875000000445866,0.0007031250000011369,0.002031250000000817,0.00023437500000778044,0.0015625000000074607,0.0013281250000107825,0.0003125000000103739,0.0014062500000022737,0.0026562500000104627,0.0016406250000100542
3.800509610111876,0.0010156250000115108,0.0003906250000018652,0.0006250000000096456,0.002031250000000817,0.00023437500000778044,0.0014062500000022737,0.0010156250000115108,0.00023437500000778044,0.0013281250000107825,0.0025000000000052758,0.0015625000000074607
3.8085969702236455,0.0010156250000115108,0.0003906250000018652,0.0006250000000096456,0.0017187500000015454,0.00023437500000778044,0.001250000000008189,0.0010156250000115108,0.00023437500000778044,0.0013281250000107825,0.002343750000011191,0.0014843750000048672
3.8166843303354154,0.0010156250000115108,0.0003906250000018652,0.0005468750000070521,0.0016406250000100542,0.00023437500000778044,0.0011718750000055955,0.0008593750000063238,0.00023437500000778044,0.001250000000008189,0.002187500000006004,0.0014062500000022737
3.824771690447185,0.0009375000000089173,0.0003125000000103739,0.0003906250000018652,0.0015625000000074607,0.00015625000000518696,0.0010156250000115108,0.0008593750000063238,0.00023437500000778044,0.001250000000008189,0.002031250000000817,0.0013281250000107825
3.8328590505589544,0.0008593750000063238,0.0003125000000103739,0.0003906250000018652,0.0014843750000048672,0.00015625000000518696,0.0008593750000063238,0.0008593750000063238,0.00023437500000778044,0.0010156250000115108,0.001796875000004139,0.0011718750000055955
3.8409464106707243,0.0007812500000037303,0.0003125000000103739,0.0003906250000018652,0.0013281250000107825,0.00015625000000518696,0.0007812500000037303,0.0008593750000063238,0.00023437500000778044,0.0010156250000115108,0.0017187500000015454,0.001093750000003002
3.8490337707824938,0.0006250000000096456,0.0003125000000103739,0.0003906250000018652,0.0013281250000107825,0.00015625000000518696,0.0007812500000037303,0.0008593750000063238,0.00023437500000778044,0.0010156250000115108,0.0015625000000074607,0.0010156250000115108
3.8571211308942637,0.00046875000000445866,0.0003125000000103739,0.0003906250000018652,0.0009375000000089173,0.00015625000000518696,0.0007812500000037303,0.0008593750000063238,0.00023437500000778044,0.0010156250000115108,0.0014062500000022737,0.0008593750000063238
3.865208491006033,0.00046875000000445866,0.0003125000000103739,0.0003906250000018652,0.0008593750000063238,0.00015625000000518696,0.0007812500000037303,0.0008593750000063238,0.00023437500000778044,0.0010156250000115108,0.001250000000008189,0.0007812500000037303
3.873295851117803,0.00046875000000445866,0.0003125000000103739,0.0003906250000018652,0.0007812500000037303,7.812500000259348e-05,0.0007812500000037303,0.0008593750000063238,0.00023437500000778044,0.0010156250000115108,0.0009375000000089173,0.0007031250000011369
3.8813832112295725,0.00046875000000445866,0.00023437500000778044,0.0003906250000018652,0.0007812500000037303,7.812500000259348e-05,0.0007031250000011369,0.0007031250000011369,0.00023437500000778044,0.0008593750000063238,0.0007031250000011369,0.0007031250000011369
3.8894705713413424,0.00046875000000445866,0.00023437500000778044,0.0003906250000018652,0.0007812500000037303,7.812500000259348e-05,0.0006250000000096456,0.0006250000000096456,0.00023437500000778044,0.0008593750000063238,0.0005468750000070521,0.0007031250000011369
3.897557931453112,0.00046875000000445866,0.00015625000000518696,0.0003906250000018652,0.0007812500000037303,7.812500000259348e-05,0.0006250000000096456,0.0005468750000070521,0.00015625000000518696,0.0007812500000037303,0.0005468750000070521,0.0007031250000011369
3.905645291564882,0.00046875000000445866,0.00015625000000518696,0.0003906250000018652,0.0007812500000037303,7.812500000259348e-05,0.0006250000000096456,0.0005468750000070521,0.00015625000000518696,0.0007812500000037303,0.0005468750000070521,0.0005468750000070521
3.9137326516766513,0.0003125000000103739,0.00015625000000518696,0.0003906250000018652,0.0007031250000011369,7.812500000259348e-05,0.0005468750000070521,0.0005468750000070521,0.00015625000000518696,0.0007812500000037303,0.00046875000000445866,0.0005468750000070521
3.921820011788421,0.0003125000000103739,0.00015625000000518696,0.0003906250000018652,0.0006250000000096456,7.812500000259348e-05,0.0005468750000070521,0.0005468750000070521,0.00015625000000518696,0.0007031250000011369,0.00046875000000445866,0.0005468750000070521
3.9299073719001907,0.0003125000000103739,0.00015625000000518696,0.0003125000000103739,0.0006250000000096456,7.812500000259348e-05,0.0005468750000070521,0.00046875000000445866,0.00015625000000518696,0.0007031250000011369,0.00046875000000445866,0.0003906250000018652
3.9379947320119606,0.0003125000000103739,0.00015625000000518696,0.00023437500000778044,0.0006250000000096456,7.812500000259348e-05,0.00046875000000445866,0.00046875000000445866,0.00015625000000518696,0.0006250000000096456,0.0003125000000103739,0.0003125000000103739
3.94608209212373,0.0003125000000103739,0.00015625000000518696,0.00015625000000518696,0.00046875000000445866,7.812500000259348e-05,0.0003125000000103739,0.00046875000000445866,0.00015625000000518696,0.00046875000000445866,0.0003125000000103739,0.0003125000000103739
3.9541694522354995,0.0003125000000103739,0.00015625000000518696,0.00015625000000518696,0.0003906250000018652,7.812500000259348e-05,0.0003125000000103739,0.0003906250000018652,0.00015625000000518696,0.0003906250000018652,0.0003125000000103739,0.0003125000000103739
3.9622568123472695,0.0003125000000103739,0.00015625000000518696,0.00015625000000518696,0.0003906250000018652,7.812500000259348e-05,0.00023437500000778044,0.0003906250000018652,0.00015625000000518696,0.0003906250000018652,0.00023437500000778044,0.0003125000000103739
3.970344172459039,0.0003125000000103739,0.00015625000000518696,0.00015625000000518696,0.0003906250000018652,7.812500000259348e-05,0.00023437500000778044,0.0003906250000018652,0.00015625000000518696,0.0003906250000018652,0.00023437500000778044,0.0003125000000103739
3.978431532570809,0.0003125000000103739,0.00015625000000518696,0.00015625000000518696,0.00023437500000778044,7.812500000259348e-05,0.00023437500000778044,0.0003125000000103739,0.00015625000000518696,0.0003906250000018652,0.00015625000000518696,0.0003125000000103739
3.9865188926825783,0.00023437500000778044,0.00015625000000518696,0.00015625000000518696,0.00015625000000518696,7.812500000259348e-05,0.00015625000000518696,0.0003125000000103739,0.00015625000000518696,0.00023437500000778044,7.812500000259348e-05,0.00023437500000778044
3.9946062527943482,0.00023437500000778044,0.00015625000000518696,0.00015625000000518696,0.00015625000000518696,7.812500000259348e-05,0.00015625000000518696,0.0003125000000103739,0.00015625000000518696,0.00023437500000778044,7.812500000259348e-05,0.00023437500000778044
4.002693612906118,0.00015625000000518696,7.812500000259348e-05,0.00015625000000518696,0.00015625000000518696,7.812500000259348e-05,0.00015625000000518696,0.0003125000000103739,0.00015625000000518696,0.00023437500000778044,7.812500000259348e-05,0.00023437500000778044
4.010780973017887,7.812500000259348e-05,7.812500000259348e-05,0.00015625000000518696,0.00015625000000518696,7.812500000259348e-05,0.00015625000000518696,0.00023437500000778044,7.812500000259348e-05,0.00015625000000518696,7.812500000259348e-05,0.00023437500000778044
4.018868333129657,7.812500000259348e-05,7.812500000259348e-05,0.00015625000000518696,7.812500000259348e-05,7.812500000259348e-05,0.00015625000000518696,0.00023437500000778044,7.812500000259348e-05,0.00015625000000518696,7.812500000259348e-05,0.00023437500000778044
4.026955693241427,7.812500000259348e-05,7.812500000259348e-05,0.00015625000000518696,7.812500000259348e-05,7.812500000259348e-05,0.00015625000000518696,0.00015625000000518696,7.812500000259348e-05,0.00015625000000518696,7.812500000259348e-05,0.00015625000000518696
4.0350430533531965,7.812500000259348e-05,7.812500000259348e-05,7.812500000259348e-05,7.812500000259348e-05,7.812500000259348e-05,0.00015625000000518696,0.00015625000000518696,7.812500000259348e-05,0.00015625000000518696,7.812500000259348e-05,0.00015625000000518696
4.043130413464966,7.812500000259348e-05,7.812500000259348e-05,7.812500000259348e-05,7.812500000259348e-05,7.812500000259348e-05,0.00015625000000518696,7.812500000259348e-05,7.812500000259348e-05,0.00015625000000518696,7.812500000259348e-05,7.812500000259348e-05
4.051217773576736,7.812500000259348e-05,7.812500000259348e-05,7.812500000259348e-05,7.812500000259348e-05,7.812500000259348e-05,0.00015625000000518696,7.812500000259348e-05,7.812500000259348e-05,0.00015625000000518696,7.812500000259348e-05,7.812500000259348e-05
4.059305133688506,7.812500000259348e-05,7.812500000259348e-05,7.812500000259348e-05,7.812500000259348e-05,7.812500000259348e-05,7.812500000259348e-05,7.812500000259348e-05,7.812500000259348e-05,7.812500000259348e-05,7.812500000259348e-05,7.812500000259348e-05
4.067392493800275,0.0,0.0,0.0,0.0,0.0,0.0,0.0,0.0,0.0,0.0,0.0
