threshold,pt001_MR1,pt001_MR2,pt001_MR3,pt002_MR1,pt002_MR2,pt002_MR3,pt011_MR1,pt011_MR2,pt022_MR1,pt022_MR2,pt022_MR3
0.055173496433482405,99.999921875,99.999921875,99.999921875,99.999921875,99.999921875,99.999921875,99.999921875,99.999921875,99.999921875,99.999921875,99.999921875
0.07652624010096559,99.995390625,99.90656249999999,99.90656249999999,98.195703125,98.75640625,95.603125,98.08242187500001,99.95367187500001,99.93078125,99.03375,97.428515625
0.09787898376844878,99.95343749999999,97.918203125,97.918203125,90.57656250000001,92.31796875,84.064375,90.15929687500001,99.086328125,99.019375,93.349296875,89.878515625
0.11923172743593198,99.66859375,92.9896875,92.9896875,83.162890625,84.57234375,71.50828125,83.2696875,96.627890625,96.40132812499999,86.62875,82.679140625
0.14058447110341515,98.66328125,87.48851562499999,87.48851562499999,76.935703125,76.5846875,62.018828125000006,76.7546875,93.48273437499999,93.075078125,80.29078125,76.869921875
0.16193721477089834,96.76593749999999,82.274140625,82.274140625,71.168359375,68.9434375,54.793046874999995,70.148671875,90.34453125,89.96359375,74.76335937500001,72.089453125
0.18328995843838156,94.415390625,77.495625,77.495625,65.47960937500001,62.22531250000001,49.230234375,64.220625,87.371171875,87.135859375,69.95218750000001,67.976796875
0.20464270210586474,91.968046875,73.11390625,73.11390625,59.96789062500001,56.482265625000004,44.949375,59.26625000000001,84.510859375,84.45867187500001,65.75656249999999,64.37335937499999
0.22599544577334793,89.56921875,69.09609375,69.09609375,54.91734375,51.50109375,41.41796875,55.11000000000001,81.699453125,81.958671875,62.146796875,61.2653125
0.24734818944083112,87.25632812500001,65.309765625,65.309765625,50.660625,47.341171875,38.41609375,51.48015625,79.022578125,79.643828125,58.964296875,58.64859375
0.26870093310831433,85.09765625,61.71546875,61.71546875,47.104140625,43.857265625,35.72328125000001,48.415546875000004,76.53640625,77.6109375,56.1159375,56.351796875000005
0.2900536767757975,83.095546875,58.38023437499999,58.38023437499999,43.99625,40.777578125000005,33.307500000000005,45.80609375,74.193671875,75.75164062500001,53.68390625,54.3159375
0.3114064204432807,81.228203125,55.300390625000006,55.300390625000006,41.35984375,38.035859375,31.227656250000003,43.499296875000006,71.977109375,74.06539062499999,51.55499999999999,52.420390625
0.3327591641107639,79.45750000000001,52.46171875000001,52.46171875000001,39.22109375,35.521953125,29.384296875000004,41.41890625,69.870234375,72.551484375,49.688437500000006,50.638281250000006
0.3541119077782471,77.779375,49.87343750000001,49.87343750000001,37.36375000000001,33.207109375,27.75265625000001,39.516328125,67.919453125,71.1821875,47.978125000000006,48.94304687500001
0.37546465144573027,76.196796875,47.514453125,47.514453125,35.746796875,31.029140625000007,26.316796875000005,37.769062500000004,66.0828125,69.89742187499999,46.4134375,47.334921875
0.39681739511321346,74.6528125,45.42078125,45.42078125,34.26609375,28.94796875000001,25.029140625,36.13984375,64.357109375,68.68,45.00015625,45.785078125
0.41817013878069664,73.15812500000001,43.5303125,43.5303125,32.90593750000001,27.003828125000005,23.886718750000004,34.651875,62.71117187499999,67.558359375,43.751328125,44.361640625
0.43952288244817983,71.69351562499999,41.805859375,41.805859375,31.679609375000005,25.183750000000003,22.878984375,33.32679687500001,61.14062499999999,66.5109375,42.60773437500001,43.034062500000005
0.460875626115663,70.28515625,40.20750000000001,40.20750000000001,30.574140625000002,23.445546875,21.980781250000003,32.17296875000001,59.61101562499999,65.511015625,41.565703125,41.771953125
0.4822283697831462,68.915546875,38.759453125,38.759453125,29.58242187500001,21.79632812500001,21.198125,31.13296875,58.12437500000001,64.575390625,40.60976562500001,40.609921875
0.5035811134506294,67.588046875,37.43804687500001,37.43804687500001,28.662109375,20.258750000000003,20.47671875,30.204296875000004,56.724765624999996,63.713671875,39.703593749999996,39.54
0.5249338571181126,66.31914062499999,36.229687500000004,36.229687500000004,27.788046875000006,18.82890625,19.819609375000002,29.355390625,55.385078125,62.921406250000004,38.86484375,38.536015625
0.5462866007855958,65.067578125,35.114765625,35.114765625,26.972578125000002,17.491328125000006,19.206406250000008,28.536718750000002,54.05375,62.160703125,38.05335937500001,37.59312500000001
0.567639344453079,63.845546875000004,34.061953125,34.061953125,26.214375,16.28507812500001,18.616953125000002,27.767578125000004,52.748359375,61.42023437499999,37.278046875,36.680546875
0.5889920881205621,62.67937500000001,33.081328125,33.081328125,25.512187500000007,15.20085937500001,18.08476562500001,27.005781250000005,51.458828125,60.69093750000001,36.529140625000004,35.777578125
0.6103448317880453,61.536953125000004,32.13812500000001,32.13812500000001,24.865390625000007,14.211250000000009,17.597656250000004,26.268750000000008,50.175859375,60.003828125000005,35.817109375,34.915390625
0.6316975754555285,60.40601562500001,31.23328125,31.23328125,24.2665625,13.28820312500001,17.1440625,25.559609375000004,48.91484375,59.33507812500001,35.14265625,34.08
0.6530503191230117,59.312656249999996,30.384765625,30.384765625,23.66953125000001,12.413437500000002,16.691640625000005,24.858515625,47.670156250000005,58.68265625,34.516093749999996,33.285390625
0.6744030627904949,58.26953125000001,29.58476562500001,29.58476562500001,23.092734375000003,11.62171875000001,16.273984375000005,24.167421875000006,46.42078125,58.059453125000005,33.90429687500001,32.52859375
0.6957558064579781,57.26390625,28.820390625,28.820390625,22.524531250000003,10.889062500000001,15.859375000000009,23.497578125000008,45.184453125000005,57.45312499999999,33.329609375000004,31.785234375000005
0.7171085501254613,56.30437500000001,28.092578125,28.092578125,21.969687500000003,10.22406250000001,15.473906250000002,22.850703125000006,43.9303125,56.86875,32.774921875000004,31.049140625000003
0.7384612937929445,55.40101562499999,27.410703125,27.410703125,21.420859375,9.614296875000006,15.1009375,22.231953125000004,42.669140625000004,56.306718749999995,32.231718750000006,30.302890625
0.7598140374604276,54.51703125,26.760625000000005,26.760625000000005,20.871562500000007,9.042343750000004,14.763750000000009,21.6371875,41.38015625,55.75921875,31.716953125000003,29.574765624999998
0.7811667811279108,53.686953125,26.124453125000002,26.124453125000002,20.313984375000004,8.527109375000009,14.44375,21.049453125000007,40.116406250000004,55.226953125,31.224296875,28.847968750000007
0.802519524795394,52.88359375,25.5146875,25.5146875,19.753750000000004,8.034609375000002,14.142109375,20.502265625000003,38.88625,54.72812499999999,30.73625,28.148593750000007
0.8238722684628772,52.118046875000005,24.928906250000004,24.928906250000004,19.201875,7.600937500000004,13.847109374999999,19.95226562500001,37.696015625,54.253046875,30.268828125000002,27.44734375000001
0.8452250121303604,51.373281250000005,24.357421875000007,24.357421875000007,18.644375000000004,7.21148437500001,13.563203125000001,19.419609375,36.515859375000005,53.801953125000004,29.826640625,26.76375000000001
0.8665777557978436,50.64890625,23.79734375,23.79734375,18.10312500000001,6.84828125000001,13.285000000000002,18.878828125000002,35.38,53.370937500000004,29.395703125000004,26.101328125000002
0.8879304994653268,49.965546875,23.235703125000008,23.235703125000008,17.553828125000003,6.516328125000004,13.021796875000003,18.31515625000001,34.22453125,52.946796875000004,28.971171875000003,25.472187499999997
0.90928324313281,49.30257812500001,22.677734375000004,22.677734375000004,17.006640625000003,6.202031250000006,12.765468750000009,17.76164062500001,33.104765625,52.520078125000005,28.569140625,24.86390625
0.9306359868002931,48.648203125,22.113906250000003,22.113906250000003,16.478359375000007,5.917031250000004,12.505937500000009,17.23265625,32.011875,52.09453125000001,28.172734375000008,24.27484375000001
0.9519887304677763,48.018359374999996,21.544921875,21.544921875,15.956796875000002,5.645390625000002,12.258046875000005,16.7246875,30.953750000000003,51.68874999999999,27.787656250000005,23.697109375000004
0.9733414741352595,47.399765625,20.965156250000007,20.965156250000007,15.460703125000009,5.401875,12.00898437500001,16.24093750000001,29.932109375000003,51.284140625,27.425078125000002,23.1615625
0.9946942178027427,46.81296875,20.357890625000007,20.357890625000007,14.981406250000006,5.1813281250000065,11.78296875,15.774375000000006,28.932578125000006,50.88382812500001,27.077109375000006,22.66265625
1.0160469614702259,46.241718750000004,19.719687500000006,19.719687500000006,14.525937500000008,4.975390625000009,11.55421875,15.319531250000008,27.976171875,50.480000000000004,26.746640625000005,22.176875000000006
1.037399705137709,45.691171875,19.062734375,19.062734375,14.10492187500001,4.786250000000003,11.334687500000006,14.87953125,27.037890625000006,50.09312500000001,26.429140625000002,21.721171875
1.0587524488051925,45.1640625,18.3834375,18.3834375,13.691484375000007,4.61054687500001,11.124296875000006,14.444453125,26.13101562500001,49.701406250000005,26.116796875000002,21.286796875000004
1.0801051924726757,44.659609374999995,17.698671875000006,17.698671875000006,13.29054687500001,4.444218750000006,10.911796875000002,14.025312500000009,25.258203125,49.3190625,25.81109375,20.879921875000008
1.1014579361401589,44.156953125,16.9915625,16.9915625,12.906406250000002,4.291796875000009,10.70867187500001,13.601484375000005,24.401796875000002,48.94015625,25.51140625,20.486562500000005
1.122810679807642,43.694921875000006,16.301640625,16.301640625,12.54015625,4.140937500000009,10.517500000000002,13.186640625,23.56515625000001,48.565703125000006,25.225078125,20.10375000000001
1.1441634234751252,43.253515625000006,15.628046875,15.628046875,12.174296875000001,4.003515625000009,10.324062500000009,12.785781250000007,22.73953125,48.196250000000006,24.936328125000006,19.734921875
1.1655161671426084,42.824375,14.955156250000002,14.955156250000002,11.812812500000003,3.8771093750000096,10.14015625000001,12.403515625000006,21.937343750000004,47.841953125,24.665312500000002,19.381250000000005
1.1868689108100916,42.413203124999995,14.298437500000006,14.298437500000006,11.473359375000003,3.7515625000000052,9.971093750000005,12.027187500000004,21.164843750000006,47.491015625,24.386406250000004,19.032656250000002
1.2082216544775748,42.017890625,13.638125,13.638125,11.128046875000008,3.6364062500000016,9.798281250000008,11.645312500000005,20.414687500000007,47.138828124999996,24.121875000000003,18.70046875000001
1.229574398145058,41.64140625,12.983906250000011,12.983906250000011,10.786250000000008,3.5242187500000077,9.622031250000006,11.265859375000009,19.692500000000003,46.789375,23.860390625000004,18.373515625000003
1.2509271418125412,41.26968750000001,12.345703125000007,12.345703125000007,10.454921875,3.4233593750000013,9.460703125000002,10.903828125000004,19.00179687500001,46.46351562500001,23.60164062500001,18.068281250000005
1.2722798854800244,40.908984375,11.734609375000005,11.734609375000005,10.125703125000008,3.3258593750000065,9.301953125000006,10.552578125,18.34328125000001,46.12742187500001,23.332968750000006,17.758906250000006
1.2936326291475075,40.55,11.146328125000004,11.146328125000004,9.797734375000001,3.231718750000001,9.14953125000001,10.205156250000002,17.710156250000008,45.792265625000006,23.05359375,17.4590625
1.3149853728149907,40.188046875000005,10.569296875000001,10.569296875000001,9.472734375000002,3.145312500000008,8.99539062500001,9.854765625000006,17.101953125,45.46546875000001,22.790390625,17.163828125000002
1.336338116482474,39.82875,10.038750000000007,10.038750000000007,9.156484375000007,3.0632031250000025,8.847734375000005,9.516718750000008,16.510390625000003,45.15359375,22.531093750000007,16.875859375
1.357690860149957,39.48375000000001,9.526250000000003,9.526250000000003,8.845078125000006,2.988281250000002,8.707578125000005,9.187578125000007,15.95171875000001,44.835625,22.275234375000007,16.586250000000003
1.3790436038174403,39.14109375,9.054453125000006,9.054453125000006,8.541484375000008,2.916796875000005,8.572421875000003,8.863828125000007,15.406953125000001,44.519765625000005,22.019609375000005,16.312265625
1.4003963474849235,38.804453125,8.613359375000007,8.613359375000007,8.247109375000006,2.849843750000003,8.438281250000001,8.559296875000012,14.887656250000003,44.208203125,21.759453125000007,16.040703125
1.4217490911524067,38.472812499999996,8.200156250000001,8.200156250000001,7.953984375000001,2.7846093750000023,8.311328125000006,8.260781250000004,14.383281250000001,43.907109375,21.506718750000008,15.786406250000006
1.4431018348198899,38.1453125,7.810390625000007,7.810390625000007,7.657187500000006,2.7260937500000026,8.193828125000003,7.974531250000005,13.898046875000002,43.609843749999996,21.266953125,15.535156250000004
1.464454578487373,37.81640625,7.454140625000005,7.454140625000005,7.367500000000005,2.6667968750000104,8.065546875000006,7.702500000000001,13.441562500000003,43.313750000000006,21.014687500000008,15.299609375000001
1.4858073221548562,37.488359375,7.111796875000009,7.111796875000009,7.085312500000008,2.609296875000011,7.940078125000005,7.438984375000002,12.994687500000001,43.0221875,20.760078125000003,15.06609375000001
1.5071600658223394,37.161171875,6.793906250000004,6.793906250000004,6.809765625000008,2.5550000000000073,7.822343750000005,7.192890625000004,12.585625,42.72718750000001,20.526328125000003,14.831796875000002
1.5285128094898226,36.839453125,6.495625000000005,6.495625000000005,6.545390625000003,2.5015625000000097,7.710156250000011,6.943984375000001,12.18492187500001,42.43820312500001,20.287734375,14.606875000000008
1.5498655531573058,36.522265625,6.22320312500001,6.22320312500001,6.2814062500000105,2.4510937500000107,7.599531250000002,6.706328125000005,11.799218750000007,42.133906249999995,20.044765625000004,14.378046875000006
1.571218296824789,36.216484375,5.9615625000000065,5.9615625000000065,6.022734375000005,2.4050000000000016,7.489843750000002,6.4738281250000025,11.435312500000006,41.835468750000004,19.810000000000006,14.153203125000003
1.5925710404922722,35.904218750000005,5.718359375000004,5.718359375000004,5.764453125000002,2.356250000000004,7.385000000000009,6.2426562500000005,11.075781250000006,41.533593749999994,19.578281250000007,13.922500000000005
1.6139237841597553,35.60226562500001,5.48843750000001,5.48843750000001,5.524921875000011,2.309062500000003,7.287343750000009,6.015078125000006,10.731875000000002,41.236875000000005,19.336406250000003,13.697890625000008
1.6352765278272385,35.30640625,5.2682812500000065,5.2682812500000065,5.289218750000002,2.2628906250000025,7.180468750000002,5.8031250000000085,10.390937500000009,40.931953125,19.107187500000002,13.480937500000001
1.6566292714947217,35.012890625000004,5.071640625000007,5.071640625000007,5.065468750000002,2.22031250000001,7.087031250000009,5.590546875000002,10.073125000000005,40.626796875000004,18.87703125000001,13.271406250000005
1.677982015162205,34.72046875,4.874218750000003,4.874218750000003,4.84164062500001,2.1792187500000004,6.9952343750000034,5.3900781250000085,9.770468750000006,40.318125,18.644375000000004,13.068359375000005
1.699334758829688,34.4328125,4.690078125000008,4.690078125000008,4.621718750000003,2.1410937500000005,6.903828125000011,5.203593750000001,9.468750000000004,40.012578125,18.412421875000007,12.873046875000005
1.7206875024971713,34.14906250000001,4.5178906250000095,4.5178906250000095,4.415156250000008,2.1021093750000053,6.812656250000004,5.01421875000001,9.183984375000009,39.699765625000005,18.1825,12.684609375
1.7420402461646545,33.87046875000001,4.353203125000005,4.353203125000005,4.212734375000005,2.0637500000000086,6.728515625000009,4.828750000000004,8.900937500000005,39.391484375000005,17.952187500000004,12.501093750000003
1.7633929898321377,33.5946875,4.194687500000005,4.194687500000005,4.016796875000006,2.0253125000000094,6.640625000000011,4.652109375000002,8.622734375000007,39.07843750000001,17.726171875000006,12.324921875000005
1.7847457334996208,33.32132812500001,4.044453125000002,4.044453125000002,3.8252343750000084,1.9911718750000085,6.55500000000001,4.482265625000004,8.354687500000002,38.766171875,17.490312500000005,12.154140625000009
1.806098477167104,33.051718750000006,3.9025781250000113,3.9025781250000113,3.6431250000000026,1.9588281250000006,6.473515625000004,4.310781250000007,8.079453125000002,38.437109375,17.276171875000003,11.985390625000003
1.8274512208345872,32.777890625000005,3.763593750000005,3.763593750000005,3.468046875000008,1.923906250000007,6.391250000000004,4.147578125000006,7.817265625000003,38.108203125,17.049453125000003,11.831328125000006
1.8488039645020704,32.510546875,3.6263281250000112,3.6263281250000112,3.2959375000000013,1.8883593750000038,6.30750000000001,3.9847656250000085,7.549453125000005,37.78171875,16.829687500000002,11.673515625000007
1.8701567081695536,32.25078125,3.497812500000008,3.497812500000008,3.1325781250000073,1.8584375000000097,6.229843750000008,3.837421875000002,7.292890625000004,37.444140625,16.616171875000006,11.520312500000006
1.8915094518370368,31.986250000000005,3.3739062500000028,3.3739062500000028,2.9804687500000093,1.8276562500000093,6.146328125,3.686796875000009,7.046406250000004,37.11171875,16.404140625000007,11.369218750000009
1.91286219550452,31.723828125000008,3.250625000000007,3.250625000000007,2.830390625000001,1.7946093750000114,6.072031250000009,3.549609375000007,6.793828125000001,36.77851562500001,16.19859375,11.217187500000003
1.9342149391720032,31.466406250000002,3.137890625000006,3.137890625000006,2.691328125000003,1.7629687500000046,5.993828125,3.428671875000011,6.550312500000011,36.437343750000004,15.999609375000002,11.071796875000006
1.9555676828394863,31.204062500000006,3.0265625000000074,3.0265625000000074,2.560312500000006,1.734765625000001,5.916328125000003,3.306015625000003,6.315937500000002,36.088046875,15.809140625000007,10.922656250000006
1.9769204265069695,30.944843750000008,2.913750000000004,2.913750000000004,2.4409375000000066,1.7057812500000047,5.844531250000006,3.1935156250000096,6.097109375000009,35.743828125,15.617265625000009,10.775078125000004
1.9982731701744527,30.697968750000005,2.8146875000000016,2.8146875000000016,2.335937500000007,1.678671875000004,5.7700000000000085,3.0870312500000052,5.876718750000009,35.39609375,15.423359375,10.632968750000005
2.019625913841936,30.451328125,2.718203125000007,2.718203125000007,2.2333593750000102,1.6497656250000103,5.701562500000001,2.9889843750000034,5.664921875000006,35.05179687500001,15.23171875,10.497187500000004
2.040978657509419,30.196562500000002,2.626406250000002,2.626406250000002,2.1339843750000087,1.62367187500001,5.631953125000011,2.8976562500000025,5.450390625000001,34.70421875,15.040625000000007,10.353437500000007
2.0623314011769023,29.942734375,2.539609375000007,2.539609375000007,2.0392187500000047,1.5964843750000068,5.564296875000007,2.8103906250000033,5.240546875000007,34.3603125,14.855859375000001,10.216015625000008
2.0836841448443852,29.696171874999997,2.45609375000001,2.45609375000001,1.9535156250000019,1.5693750000000062,5.503359375000006,2.7230468750000014,5.045468750000004,34.022656250000004,14.672421875000008,10.09031250000001
2.1050368885118687,29.45632812500001,2.375312500000004,2.375312500000004,1.8795312500000105,1.5431250000000007,5.4399218750000085,2.6432031250000043,4.849375,33.681250000000006,14.49085937500001,9.958046875000004
2.1263896321793516,29.220390625000004,2.2986718750000024,2.2986718750000024,1.8042187500000084,1.5170312500000005,5.378359375000008,2.5687500000000085,4.6540625,33.34507812500001,14.310078125000004,9.822421875000009
2.147742375846835,28.990625,2.228281250000008,2.228281250000008,1.734609375000007,1.492812500000007,5.319140625000007,2.4946875000000035,4.4753125000000065,33.001796875,14.127656250000008,9.691093750000002
2.169095119514318,28.764921875000006,2.1607031250000075,2.1607031250000075,1.6649218750000028,1.4689062500000016,5.258203125000005,2.4224218750000026,4.295390625000007,32.648671875000005,13.945937500000005,9.568671875000001
2.1904478631818014,28.543203125000005,2.09890625000001,2.09890625000001,1.5936718750000023,1.4428125000000014,5.198437500000008,2.3558593750000023,4.126640625000011,32.2890625,13.771328125000004,9.445625000000001
2.2118006068492844,28.329375000000002,2.0392968750000073,2.0392968750000073,1.5341406250000023,1.4183593750000112,5.137734375000003,2.2925000000000084,3.9589843750000075,31.9203125,13.598671875,9.324375000000007
2.2331533505167678,28.124765625000002,1.9831250000000078,1.9831250000000078,1.4740625000000063,1.394062500000004,5.082890625000003,2.2318750000000054,3.79953125000001,31.557500000000005,13.416953125000008,9.19867187500001
2.2545060941842507,27.9246875,1.9296875000000102,1.9296875000000102,1.4119531250000095,1.3729687500000032,5.030546875000008,2.172031250000006,3.6498437500000036,31.187031250000008,13.243359375000008,9.080078125000002
2.275858837851734,27.723828125000004,1.8819531250000021,1.8819531250000021,1.3600781250000082,1.3535156250000013,4.976406250000009,2.118515625000006,3.5057812500000063,30.810703125000003,13.069531250000011,8.96625000000001
2.297211581519217,27.529140625000004,1.83335937500001,1.83335937500001,1.3067968750000047,1.3328125000000024,4.921796875000006,2.0681250000000095,3.361562500000004,30.42648437500001,12.895859375000008,8.84992187500001
2.3185643251867005,27.333593750000006,1.7853906250000051,1.7853906250000051,1.2549218750000035,1.3110156250000116,4.8653906250000105,2.0205468750000066,3.2247656250000034,30.031015625000002,12.720156250000002,8.737109375000006
2.3399170688541835,27.142187500000002,1.7385156250000033,1.7385156250000033,1.2016406250000111,1.2917187500000038,4.810546875000011,1.9758593750000109,3.0915625000000113,29.634296875,12.543906250000003,8.633046875000005
2.361269812521667,26.946328125000008,1.6916406250000016,1.6916406250000016,1.1487500000000095,1.2716406250000034,4.757890625000005,1.9371093750000012,2.9660937500000095,29.240234375000007,12.376328125000002,8.531093750000007
2.38262255618915,26.753984375000005,1.6441406250000012,1.6441406250000012,1.0989843750000006,1.253750000000009,4.710234375000011,1.8961718750000078,2.8407031250000103,28.842265625000007,12.205781250000003,8.432343750000005
2.4039752998566333,26.553984375000006,1.5983593750000025,1.5983593750000025,1.0497656250000098,1.2371093750000006,4.660625000000007,1.8561718750000011,2.722187500000006,28.423984375,12.03640625000001,8.330390625000007
2.4253280435241162,26.36773437500001,1.5586718750000061,1.5586718750000061,0.9985937500000097,1.2180468750000006,4.613515625000009,1.8210937500000024,2.6125000000000065,28.013671875,11.869296875000002,8.238281250000002
2.4466807871915996,26.183359375000002,1.512578125000008,1.512578125000008,0.9498437500000012,1.1989843750000007,4.569296875000006,1.7860156250000037,2.5092187500000085,27.59453125,11.698671874999999,8.144609375
2.4680335308590826,26.004843750000006,1.469765625000008,1.469765625000008,0.9035937500000091,1.1803906250000051,4.518828125000008,1.7533593750000076,2.4114062500000033,27.186015625000003,11.53242187500001,8.05460937500001
2.489386274526566,25.825859375000004,1.4323437500000091,1.4323437500000091,0.8592968750000041,1.16281250000001,4.476640625000005,1.724609375000008,2.317421875000003,26.757578125000002,11.36625,7.963203125000007
2.510739018194049,25.654453125,1.3888281250000079,1.3888281250000079,0.8187500000000014,1.1446875000000079,4.43296875000001,1.6931250000000064,2.229921875000007,26.334296875000007,11.20609375,7.877265625000007
2.5320917618615324,25.482421875000007,1.3475000000000015,1.3475000000000015,0.7810937500000059,1.1298437500000036,4.389687500000006,1.6631250000000097,2.1468750000000036,25.898750000000003,11.045234375000001,7.789609375000007
2.5534445055290154,25.308125000000004,1.3131250000000039,1.3131250000000039,0.7446093750000049,1.1131250000000037,4.345937500000008,1.6352343750000053,2.0666406250000047,25.46921875,10.885468750000005,7.707187500000002
2.5747972491964988,25.13906250000001,1.2735156250000101,1.2735156250000101,0.7109375000000084,1.0977343750000035,4.304140625000008,1.6087500000000032,1.9911718750000085,25.030078125,10.732265625000004,7.6267187500000055
2.5961499928639817,24.970234375,1.2384375000000114,1.2384375000000114,0.6785937500000117,1.0808593750000095,4.2613281250000075,1.5830468750000048,1.9161718750000056,24.601093750000004,10.576796875000005,7.545156250000007
2.617502736531465,24.803906250000008,1.2041406250000053,1.2041406250000053,0.650390625000008,1.0632812500000033,4.220546875000009,1.5602343750000025,1.8467187500000093,24.165312500000002,10.425703125000007,7.468593750000007
2.638855480198948,24.637265625000005,1.1697656250000077,1.1697656250000077,0.6194531250000024,1.0484375000000101,4.1783593750000065,1.536171875000003,1.775625000000003,23.72531250000001,10.26890625000001,7.391171875000002
2.6602082238664315,24.4753125,1.1365625000000046,1.1365625000000046,0.5913281250000013,1.0356250000000067,4.139218750000007,1.5097656250000036,1.710078125000003,23.275078125000004,10.113046875000009,7.310390625000007
2.6815609675339145,24.312187500000004,1.1053125000000108,1.1053125000000108,0.5667187500000059,1.0212500000000069,4.096875000000011,1.4863281250000027,1.6486718750000073,22.829453125,9.957656250000003,7.234531250000009
2.702913711201398,24.145625000000003,1.0743750000000052,1.0743750000000052,0.5462500000000037,1.005078125000003,4.0572656250000065,1.463046875000007,1.5887500000000054,22.403671875000008,9.793828125000005,7.16398437500001
2.724266454868881,23.990234375000007,1.0471093750000104,1.0471093750000104,0.5260156250000092,0.9917187500000035,4.020078125000004,1.4403125000000072,1.5373437500000087,21.960390625000002,9.628671875000006,7.08640625000001
2.7456191985363643,23.82109375,1.0185937500000075,1.0185937500000075,0.5079687500000096,0.9765625000000111,3.9838281250000107,1.4170312500000115,1.4876562500000023,21.525703125000007,9.466640625,7.017265625000002
2.7669719422038472,23.665703125000004,0.9907031250000031,0.9907031250000031,0.4918750000000083,0.9625781250000021,3.947656250000009,1.3965625000000093,1.4430468750000092,21.096250000000005,9.315625000000004,6.949531250000007
2.7883246858713306,23.509531250000006,0.9638281250000102,0.9638281250000102,0.4772656250000007,0.9490625000000086,3.9112500000000106,1.3758593750000103,1.3928906250000095,20.659843750000007,9.16195312500001,6.885703125000009
2.809677429538814,23.3509375,0.9373437500000081,0.9373437500000081,0.46554687500001135,0.9333593750000091,3.878515625000001,1.3564062500000085,1.345234375000004,20.226406250000007,9.008203125000003,6.822656250000003
2.831030173206297,23.198203125000006,0.9107812500000034,0.9107812500000034,0.4550000000000054,0.9215625000000061,3.841484375000004,1.3387500000000108,1.3007031250000023,19.786562500000006,8.856093750000005,6.755468750000004
2.8523829168737804,23.043437500000007,0.8873437500000025,0.8873437500000025,0.4447656250000098,0.9074218750000029,3.807500000000008,1.3237500000000013,1.259531250000001,19.344531250000006,8.711250000000003,6.6887500000000095
2.8737356605412634,22.88929687500001,0.8632812500000031,0.8632812500000031,0.4347656250000109,0.8953906250000032,3.7740625000000083,1.3093750000000015,1.2203906250000007,18.912031250000005,8.562187500000007,6.624453125000008
2.895088404208747,22.738671875000005,0.8421093750000108,0.8421093750000108,0.42648437500000247,0.88054687500001,3.7404687500000033,1.2960937500000047,1.1852343750000105,18.490000000000006,8.41109375000001,6.567421875000001
2.9164411478762298,22.580234375000007,0.8208593750000048,0.8208593750000048,0.417500000000004,0.8664843750000095,3.7071875000000087,1.2853906250000047,1.1496875000000073,18.058125000000004,8.261484375000006,6.50781250000001
2.937793891543713,22.426171875,0.8003125000000111,0.8003125000000111,0.4082031250000062,0.8551562500000109,3.677343750000006,1.2745312500000106,1.1151562500000045,17.635468750000005,8.115312500000005,6.446718750000002
2.959146635211196,22.271015625,0.78289062500001,0.78289062500001,0.40000000000001146,0.842968750000006,3.6460937500000012,1.2669531250000032,1.0835937500000115,17.226406250000004,7.976484375000004,6.392265625000004
2.9804993788786796,22.123124999999998,0.7639062500000016,0.7639062500000016,0.39101562500000187,0.8314843750000023,3.6132031250000085,1.2561718750000006,1.0500000000000065,16.809765625000004,7.829218750000011,6.336875000000008
3.0018521225461625,21.973046875,0.7437500000000097,0.7437500000000097,0.3826562500000019,0.8193750000000111,3.5839843750000044,1.2472656250000047,1.0172656250000078,16.403671875000004,7.686406250000011,6.2832031250000036
3.023204866213646,21.830000000000005,0.7274218750000117,0.7274218750000117,0.3728906250000108,0.8084375000000033,3.5524218750000114,1.2382812500000062,0.9870312500000034,15.990781250000008,7.548828125000007,6.227109375000007
3.044557609881129,21.68171875,0.7117187500000011,0.7117187500000011,0.3642968750000031,0.7993750000000022,3.5208593750000072,1.2298437500000037,0.9553125000000051,15.599609375,7.419296875000003,6.170078125
3.0659103535486123,21.533046875000007,0.6973437500000013,0.6973437500000013,0.35468750000000604,0.7895312500000085,3.493281250000002,1.2221093750000023,0.9261718750000036,15.215234375000009,7.281640625000008,6.1135156250000104
3.0872630972160953,21.395937500000006,0.6803125000000021,0.6803125000000021,0.3461718750000009,0.7812500000000111,3.466250000000004,1.2148437500000053,0.8986718750000011,14.828906250000006,7.153984375000011,6.0607031250000105
3.1086158408835787,21.256875000000008,0.6645312500000111,0.6645312500000111,0.3375781250000043,0.7712500000000011,3.439062500000001,1.2078906250000077,0.8715625000000116,14.445703125000009,7.028125000000007,6.004453125000008
3.1299685845510616,21.116875,0.6491406250000109,0.6491406250000109,0.32921875000000433,0.7631250000000089,3.411796875000006,1.2016406250000111,0.8474218750000095,14.058750000000009,6.90343750000001,5.949062500000002
3.151321328218545,20.977578125000008,0.6339843750000074,0.6339843750000074,0.31929687500000803,0.7535937500000034,3.3832031250000005,1.1949218750000101,0.8252343750000057,13.676015625000005,6.78273437500001,5.89679687500001
3.172674071886028,20.833203125,0.6212500000000065,0.6212500000000065,0.3117187500000007,0.7452343750000034,3.3568750000000036,1.1873437500000028,0.8046093750000094,13.300156250000006,6.663203125000006,5.840546875000008
3.1940268155535114,20.68937500000001,0.6087500000000023,0.6087500000000023,0.3017187500000018,0.7372656250000054,3.3296875000000004,1.1797656250000066,0.7841406250000071,12.934843750000002,6.54359375000001,5.788046875000008
3.2153795592209944,20.547109375000005,0.5958593750000074,0.5958593750000074,0.2941406250000056,0.7296875000000091,3.302187500000009,1.1721093750000078,0.7628125000000097,12.575000000000003,6.428359375000003,5.7358593750000075
3.236732302888478,20.408984375000006,0.5846875000000029,0.5846875000000029,0.28554687500000897,0.7221093750000018,3.276562500000002,1.1646875000000056,0.7441406250000115,12.216640625000007,6.319921875,5.681328125000007
3.2580850465559608,20.271875000000005,0.5709375000000017,0.5709375000000017,0.2753906250000049,0.7151562500000042,3.2503125000000077,1.1581250000000098,0.7262500000000061,11.869375000000005,6.211718750000006,5.625000000000002
3.279437790223444,20.12914062500001,0.5576562500000048,0.5576562500000048,0.26695312500000234,0.7068750000000068,3.2234375000000037,1.1517187500000081,0.7073437500000113,11.527265625000005,6.106640625000004,5.574296875000007
3.300790533890927,19.992109375,0.547656250000006,0.547656250000006,0.2595312500000113,0.7001562500000058,3.1973437500000035,1.1450781250000097,0.6895312500000084,11.194062500000001,6.003046875000006,5.518593750000001
3.3221432775584105,19.855078125000002,0.535468750000001,0.535468750000001,0.2518750000000014,0.6912500000000099,3.172734375000008,1.1382031250000035,0.6710937500000069,10.869765625000005,5.898906250000002,5.46703125000001
3.3434960212258935,19.710625000000004,0.5239062500000058,0.5239062500000058,0.24460937500000446,0.684687500000003,3.1470312500000097,1.1309375000000066,0.6562500000000027,10.551171875000009,5.802734375000007,5.4164843750000085
3.364848764893377,19.577890625000006,0.5136718750000102,0.5136718750000102,0.23695312500000565,0.6775781250000112,3.124140625000005,1.1236718750000096,0.6417187500000088,10.240546875,5.70921875,5.36335937500001
3.38620150856086,19.43796875,0.5021093750000039,0.5021093750000039,0.22921875000000425,0.6709375000000017,3.097031250000004,1.1164062500000016,0.6278906250000049,9.92710937500001,5.610156250000009,5.308593750000002
3.4075542522283433,19.298203125,0.491562500000009,0.491562500000009,0.22250000000000325,0.6639062500000015,3.0724218750000087,1.110000000000011,0.6150781250000015,9.627734375000008,5.513750000000006,5.2592968750000075
3.4289069958958263,19.156562500000007,0.4815625000000101,0.4815625000000101,0.21554687500000558,0.6561718750000112,3.0499218750000057,1.1029687500000107,0.6017968750000047,9.331953125000004,5.422187500000009,5.208281250000002
3.4502597395633097,19.01445312500001,0.47101562500000416,0.47101562500000416,0.20914062500000385,0.6494531250000102,3.0260156250000114,1.096562500000009,0.5899218750000101,9.050781250000007,5.334687500000001,5.156953125000008
3.4716124832307926,18.876562500000006,0.4618750000000116,0.4618750000000116,0.2032031250000066,0.6432031250000025,3.0039843750000017,1.089843750000008,0.5771093750000067,8.779609375000009,5.245000000000011,5.107031250000005
3.492965226898276,18.736093750000006,0.45351562500001164,0.45351562500001164,0.1986718750000116,0.637500000000002,2.9802343750000015,1.0838281250000081,0.5646875000000051,8.530859375000011,5.160859375000005,5.056250000000007
3.514317970565759,18.597578125000002,0.4460156250000069,0.4460156250000069,0.19343750000000437,0.6298437500000031,2.958203125000003,1.0774218750000064,0.5523437500000061,8.274218750000006,5.08109375000001,5.004218750000011
3.5356707142332424,18.454062500000003,0.4397656250000104,0.4397656250000104,0.18781250000000638,0.623515625000004,2.9360156250000102,1.070937500000002,0.5392187500000034,8.021640625000003,4.998125000000009,4.95601562500001
3.5570234579007254,18.306328125000004,0.43328125000000606,0.43328125000000606,0.18218750000000838,0.6173437500000101,2.911562500000009,1.0654687500000093,0.5281250000000015,7.780781250000002,4.919453125000006,4.903750000000007
3.578376201568209,18.157578125000008,0.425312500000008,0.425312500000008,0.17812500000000675,0.6124218750000021,2.890703125000005,1.058593750000003,0.5164843750000037,7.548828125000007,4.84296875000001,4.84867187500001
3.5997289452356918,18.007812500000007,0.41781250000000325,0.41781250000000325,0.17390625000001103,0.6065625000000074,2.866328125000006,1.052812500000011,0.5043750000000014,7.3230468750000055,4.7705468750000035,4.795781250000008
3.621081688903175,17.851875000000007,0.4128125000000038,0.4128125000000038,0.168828125000009,0.6000781250000031,2.842734375000011,1.0462500000000041,0.49328125000001055,7.112421875000008,4.699140625000009,4.744375000000001
3.642434432570658,17.697499999999998,0.40804687500000103,0.40804687500000103,0.1653125000000033,0.5936718750000014,2.821875000000007,1.0398437500000024,0.4814062500000049,6.901484375000011,4.63093750000001,4.691953125000003
3.6637871762381415,17.544296875000008,0.4027343750000023,0.4027343750000023,0.16039062500000645,0.5882031250000086,2.8005468750000095,1.0338281250000025,0.4696093750000019,6.7074218750000085,4.565468750000001,4.64164062500001
3.6851399199056245,17.385390625000007,0.3982031250000073,0.3982031250000073,0.15578125000000886,0.5832031250000091,2.775937500000003,1.0282812500000071,0.45757812500000217,6.512343750000005,4.496328125000004,4.588515625
3.706492663573108,17.228515625000007,0.3927343750000034,0.3927343750000034,0.1521875000000117,0.5782031250000097,2.754375000000009,1.0225781250000066,0.44671875000000805,6.330625000000001,4.434062500000002,4.535000000000011
3.727845407240591,17.071328125000008,0.3860156250000024,0.3860156250000024,0.148671875000006,0.5727343750000058,2.733828125000004,1.0167968750000034,0.43664062500000655,6.154843750000005,4.3657031250000085,4.480625000000005
3.7491981509080743,16.912578125,0.38125000000001075,0.38125000000001075,0.1443750000000077,0.5669531250000026,2.7130468750000025,1.0109375000000087,0.42789062500000474,5.98109375000001,4.298593750000002,4.427343750000001
3.7705508945755573,16.757734375,0.3751562500000083,0.3751562500000083,0.14078125000001052,0.5617968750000091,2.692656250000003,1.0046093750000096,0.4197656250000015,5.824453125000007,4.235859375000006,4.378593750000004
3.7919036382430407,16.602734375000004,0.3698437500000096,0.3698437500000096,0.13726562500000483,0.55546875000001,2.672265625000003,0.9979687500000112,0.4103906250000011,5.674296875000007,4.168046875000009,4.32726562500001
3.8132563819105236,16.447187500000005,0.36453125000001085,0.36453125000001085,0.13453125000000288,0.5499218750000034,2.652187500000003,0.9920312500000028,0.4030468750000016,5.528906250000009,4.100546875000011,4.279687500000007
3.834609125578007,16.292265625000002,0.35992187500000217,0.35992187500000217,0.1310156250000083,0.543281250000005,2.632578125000007,0.9853125000000018,0.39578125000000464,5.388046875000008,4.0363281250000105,4.227968750000011
3.85596186924549,16.143125,0.35585937500001164,0.35585937500001164,0.12726562500000593,0.5370312500000085,2.612187500000007,0.979296875000002,0.3897656250000048,5.258125000000002,3.9740625000000085,4.1806250000000045
3.8773146129129734,15.988281250000004,0.35117187500001146,0.35117187500001146,0.12476562500000066,0.5310937500000112,2.592812500000008,0.9732812500000021,0.38343750000000565,5.126875000000009,3.9135937500000106,4.130781250000004
3.8986673565804564,15.834531250000005,0.34546875000001087,0.34546875000001087,0.1221093750000013,0.5263281250000085,2.573593750000003,0.9676562500000041,0.37898437500000215,5.000859375000011,3.8536718750000087,4.081718750000007
3.92002010024794,15.682578125000003,0.34023437500000364,0.34023437500000364,0.11929687500000785,0.5196875000000101,2.554687500000008,0.9623437500000054,0.3742187500000105,4.879296875000005,3.794453125000008,4.034765625000003
3.9413728439154228,15.531718750000001,0.3364843750000013,0.3364843750000013,0.1164843750000033,0.5132812500000083,2.53468750000001,0.9567187500000074,0.3693750000000051,4.755390625000011,3.7393750000000003,3.989218750000001
3.962725587582906,15.375859375000001,0.3317968750000011,0.3317968750000011,0.11398437500000913,0.5073437500000111,2.515468750000005,0.9530468750000076,0.36554687500001126,4.640546875000007,3.6858593750000113,3.9399218750000076
3.984078331250389,15.226562500000007,0.3264843750000024,0.3264843750000024,0.11148437500000385,0.5013281250000112,2.4954687500000072,0.9479687500000056,0.36023437500000144,4.528515625000007,3.6288281250000054,3.893906250000001
4.0054310749178725,15.070546875000002,0.3215625000000055,0.3215625000000055,0.10937500000001155,0.4958593750000073,2.4763281250000047,0.9420312500000083,0.3553906250000072,4.415625,3.575703125000007,3.84835937500001
4.026783818585356,14.913203125000008,0.31671875000001126,0.31671875000001126,0.10695312500000886,0.4913281250000012,2.4589062500000036,0.9367968750000011,0.35023437500000254,4.30890625000001,3.5193750000000024,3.8014062500000056
4.048136562252839,14.762734375000008,0.31226562500000776,0.31226562500000776,0.1042968750000095,0.4869531250000114,2.4418750000000045,0.929921875000006,0.3460156250000068,4.204609375000001,3.4623437500000076,3.753281250000007
4.069489305920323,14.611484375000005,0.30781250000000426,0.30781250000000426,0.10242187500000277,0.48226562500001124,2.422890625000007,0.9246093750000073,0.34226562500000446,4.102734375000006,3.413281250000011,3.7063281250000024
4.090842049587805,14.457578125000003,0.3030468750000015,0.3030468750000015,0.10023437500000787,0.4782031250000096,2.4041406250000064,0.9192968750000086,0.33812500000001133,4.005000000000003,3.357890625000004,3.6621875000000026
4.112194793255289,14.3053125,0.2983593750000013,0.2983593750000013,0.09851562500000632,0.4747656250000065,2.3843750000000052,0.9132031250000061,0.33453125000000306,3.9110937500000054,3.3002343750000107,3.6193750000000025
4.133547536922772,14.155390625000008,0.2939843750000115,0.2939843750000115,0.09640625000000291,0.47085937500001007,2.3678125000000105,0.9064843750000051,0.3304687500000014,3.8219531250000105,3.2509375000000063,3.5764062500000082
4.1549002805902555,14.009843750000005,0.28929687500001133,0.28929687500001133,0.09468750000000137,0.4675000000000096,2.3505468750000036,0.8992187500000082,0.32703125000000943,3.7335937500000083,3.1964843750000083,3.5346093750000085
4.176253024257739,13.864609375000004,0.2842187500000093,0.2842187500000093,0.09281250000000574,0.464687500000005,2.3332812500000077,0.8943750000000028,0.3228125000000026,3.648125000000002,3.1425000000000036,3.496406250000006
4.197605767925221,13.709453125000003,0.27929687500000133,0.27929687500000133,0.09125000000000938,0.4614843750000097,2.316328125000011,0.8884375000000055,0.3195312500000047,3.5628906250000036,3.093750000000006,3.4554687500000014
4.218958511592705,13.56750000000001,0.2752343750000108,0.2752343750000108,0.08867187500000151,0.4583593750000059,2.2978906250000097,0.8831250000000068,0.3152343750000064,3.4855468750000007,3.046250000000006,3.4155468750000084
4.240311255260188,13.423125000000002,0.27031250000000284,0.27031250000000284,0.08757812500000961,0.455078125000008,2.2801562500000094,0.8775781250000114,0.3121093750000026,3.413437500000005,3.0005468750000097,3.3726562500000057
4.261663998927672,13.279531250000009,0.26671875000000567,0.26671875000000567,0.08578125000000547,0.4526562500000053,2.2623437500000065,0.8728906250000112,0.3082812500000087,3.3356250000000087,2.9544531250000006,3.3347656250000024
4.283016742595154,13.13804687500001,0.2621093750000081,0.2621093750000081,0.08484375000000766,0.44875000000000886,2.244296875000007,0.8682031250000111,0.3040625000000019,3.260390625000009,2.9098437500000074,3.2967968750000076
4.304369486262638,13.003125000000004,0.2585156250000109,0.2585156250000109,0.08375000000000465,0.4460156250000069,2.2275000000000045,0.8635156250000109,0.2985156250000065,3.1897656250000073,2.864140625000011,3.256093750000011
4.325722229930121,12.862421875000008,0.25414062500001,0.25414062500001,0.08156250000000975,0.4429687500000057,2.2113281250000005,0.8589843750000048,0.29453125000000746,3.1196875000000013,2.8194531250000043,3.2205468750000077
4.347074973597604,12.725156250000003,0.25125000000000286,0.25125000000000286,0.07968750000000302,0.4404687500000115,2.192187500000009,0.8534375000000094,0.2910156250000018,3.057109375000011,2.7750000000000052,3.184765625000008
4.368427717265087,12.585390625000004,0.24773437500000828,0.24773437500000828,0.07851562500000853,0.43796875000000624,2.1759375000000025,0.8483593750000074,0.2875000000000072,2.991796875000008,2.736562500000006,3.1508593750000036
4.38978046093257,12.453906250000003,0.24460937500000446,0.24460937500000446,0.07695312500000107,0.4353125000000069,2.1588281250000008,0.8432031250000027,0.2850000000000019,2.931484375000004,2.6946875000000037,3.1161718750000067
4.411133204600054,12.321250000000006,0.24156250000000323,0.24156250000000323,0.07507812500000544,0.43234375000000824,2.142109375000001,0.837890625000004,0.2821093750000059,2.872890625000002,2.655937500000005,3.082890625000001
4.432485948267537,12.19195312500001,0.2386718750000072,0.2386718750000072,0.07375000000000576,0.4292187500000044,2.1275000000000044,0.8332812500000064,0.2785156250000087,2.813359375000002,2.620234375000008,3.049531250000004
4.45383869193502,12.057031250000005,0.2364062500000097,0.2364062500000097,0.07257812500001126,0.42656250000000506,2.111406250000003,0.8280468750000103,0.2754687500000075,2.7537500000000104,2.582421875000007,3.015703125000002
4.475191435602503,11.914531250000005,0.23335937500000847,0.23335937500000847,0.0710156250000038,0.4238281250000031,2.096015625000003,0.822812500000003,0.2728906250000107,2.698046875000004,2.5464062500000106,2.9835156250000106
4.4965441792699865,11.779687500000001,0.23039062500000984,0.23039062500000984,0.06929687500000226,0.4216406250000082,2.080937500000002,0.8184375000000021,0.2707031250000047,2.6384375000000015,2.509453125000005,2.952031250000009
4.51789692293747,11.649062500000007,0.2274218750000112,0.2274218750000112,0.06750000000000922,0.4183593750000103,2.0623437500000064,0.8133593750000112,0.26781250000000867,2.582968750000003,2.472968750000004,2.921015625000001
4.539249666604952,11.51804687500001,0.22398437500000812,0.22398437500000812,0.06570312500000508,0.4152343750000065,2.045000000000008,0.807578125000008,0.26476562500000744,2.5306250000000086,2.436718750000011,2.8912500000000008
4.560602410272436,11.389218750000008,0.22117187500000357,0.22117187500000357,0.0642968750000028,0.4128906250000064,2.030625000000008,0.8036718750000116,0.2621093750000081,2.476796875000009,2.4000781250000047,2.860703125000008
4.581955153939919,11.262656250000003,0.2185937500000068,0.2185937500000068,0.06281250000000904,0.40906250000000144,2.013359375000001,0.7991406250000055,0.259765625000008,2.4248437500000053,2.366484375000011,2.8292187500000066
4.603307897607403,11.134296875000004,0.21476562500000185,0.21476562500000185,0.06179687500000863,0.4061718750000054,1.9993750000000032,0.794140625000006,0.2573437500000053,2.373671875000005,2.332109375000002,2.7989062500000106
4.624660641274885,11.00601562500001,0.21109375000000208,0.21109375000000208,0.06023437500000117,0.40351562500000604,1.9830468750000052,0.7896875000000025,0.25476562500000854,2.3209375000000088,2.2990625000000042,2.767968750000005
4.646013384942369,10.875625,0.20828125000000863,0.20828125000000863,0.05875000000000741,0.40125000000000854,1.966562500000002,0.7843750000000038,0.2517968750000099,2.2705468750000013,2.2646875000000066,2.736562500000006
4.667366128609852,10.743203125,0.20507812500000222,0.20507812500000222,0.05703125000000586,0.39765625000001137,1.9510937500000103,0.7800781250000055,0.24929687500000464,2.221953125000009,2.233203125000005,2.708437500000005
4.688718872277335,10.61742187500001,0.20250000000000545,0.20250000000000545,0.05601562500000545,0.3950000000000009,1.9379687500000076,0.7757812500000072,0.24664062500000528,2.1721875000000113,2.200546875000009,2.6798437500000105
4.710071615944818,10.490078125000002,0.19914062500000496,0.19914062500000496,0.054453125000009095,0.39328125000001046,1.9228906250000066,0.7708593750000103,0.24398437500000592,2.12500000000001,2.170625000000004,2.650156250000002
4.731424359612301,10.369453125000005,0.1954687500000052,0.1954687500000052,0.05351562500001128,0.3905468750000085,1.9085156250000068,0.7661718750000102,0.2419531250000051,2.0800781250000067,2.141562500000005,2.6221093750000035
4.752777103279785,10.243671875000004,0.19289062500000842,0.19289062500000842,0.052109375000009006,0.3885156250000077,1.8931250000000066,0.7610156250000055,0.2397656250000102,2.0363281250000087,2.1099218750000093,2.5931250000000072
4.774129846947268,10.117500000000001,0.19015625000000647,0.19015625000000647,0.05093750000000341,0.386093750000005,1.8778906250000005,0.7567187500000072,0.23828125000000533,1.994687500000003,2.0795312500000107,2.567187500000001
4.795482590614751,9.996328125000009,0.18726562500001043,0.18726562500001043,0.04960937500000373,0.38460937500001124,1.8617187500000076,0.7513281250000059,0.23593750000000524,1.9542968750000056,2.0515625000000037,2.5393750000000104
4.816835334282234,9.876718750000002,0.18406250000000401,0.18406250000000401,0.048125000000009965,0.38226562500001116,1.8457031250000089,0.7474218750000095,0.23289062500000401,1.912656250000011,2.0220312500000115,2.5126562500000005
4.8381880779497175,9.76460937500001,0.18156250000000984,0.18156250000000984,0.04710937500000956,0.3805468750000096,1.8321875000000043,0.7426562500000067,0.23109375000001098,1.8726562500000044,1.9938281250000078,2.484609375000002
4.859540821617201,9.650703125000003,0.1785937500000112,0.1785937500000112,0.04585937500000137,0.3786718750000029,1.8186718750000108,0.7379687500000065,0.22882812500000238,1.8299218750000068,1.9628125000000107,2.454843750000002
4.880893565284683,9.53351562500001,0.17617187500000853,0.17617187500000853,0.044453125000010196,0.37679687500000725,1.8038281250000066,0.732968750000007,0.22679687500000156,1.7927343750000047,1.9330468750000107,2.43000000000001
4.902246308952167,9.414062500000009,0.1732031250000099,0.1732031250000099,0.04351562500000128,0.37335937500000416,1.7896875000000034,0.7289062500000054,0.22476562500000075,1.7553125000000058,1.9049218750000096,2.4042968750000004
4.92359905261965,9.301171875000003,0.17054687500001053,0.17054687500001053,0.041796875000010836,0.3704687500000081,1.7742968750000032,0.7245312500000045,0.2231250000000018,1.7189062500000074,1.8763281250000041,2.37882812500001
4.944951796287134,9.190859375000004,0.16828125000000194,0.16828125000000194,0.04054687500000265,0.36773437500000616,1.7578906250000026,0.7190625000000006,0.22125000000000616,1.6828125000000083,1.8461718750000022,2.352812500000001
4.966304539954616,9.077421875000002,0.16664062500000298,0.16664062500000298,0.03929687500000556,0.36554687500001126,1.743281250000006,0.7133593750000111,0.21898437500000867,1.6468750000000032,1.8197656250000027,2.327265625000008
4.9876572836221,8.968359375000002,0.16484375000000995,0.16484375000000995,0.03804687500000847,0.36335937500000526,1.7299218750000067,0.7085937500000083,0.21609375000000153,1.6130468750000015,1.7910937500000057,2.300546875000009
5.009010027289583,8.857031250000002,0.16242187500000727,0.16242187500000727,0.0366406250000062,0.36007812500000735,1.7148437500000058,0.7045312500000067,0.2142968750000085,1.58085937500001,1.7631250000000098,2.274765625000008
5.030362770957066,8.742343750000003,0.15937500000000604,0.15937500000000604,0.035468750000011706,0.3575781250000021,1.701015625000002,0.7000781250000032,0.2121093750000025,1.5490625000000091,1.7360937500000007,2.2500000000000075
5.051715514624549,8.63250000000001,0.15679687500000927,0.15679687500000927,0.03429687500000611,0.3553906250000072,1.6874218750000058,0.6953125000000115,0.21000000000001018,1.5161718750000053,1.7101562500000056,2.2249218750000077
5.073068258292032,8.522343750000005,0.15460937500000327,0.15460937500000327,0.03320312500000311,0.3528906250000019,1.6733593750000053,0.6910937500000047,0.20789062500000677,1.4853125000000023,1.6821093750000071,2.2017187500000035
5.094421001959516,8.41445312500001,0.15226562500000318,0.15226562500000318,0.03210937500001121,0.35000000000000586,1.6593750000000074,0.6867187500000038,0.2063281250000104,1.4569531250000045,1.6575000000000006,2.1790625000000063
5.115773745626999,8.298125,0.15000000000000568,0.15000000000000568,0.031250000000004885,0.34781250000001096,1.6451562500000017,0.6829687500000015,0.2041406250000044,1.4296093750000072,1.6316406250000082,2.1556250000000055
5.137126489294482,8.185546875000005,0.14828125000000414,0.14828125000000414,0.03031250000000707,0.34546875000001087,1.6315625000000056,0.6789062500000109,0.202031250000001,1.399687500000002,1.6048437500000068,2.132265625000007
5.158479232961965,8.08132812500001,0.14593750000000405,0.14593750000000405,0.029140625000001474,0.342890625000003,1.616953125000009,0.6732031250000103,0.1997656250000035,1.3707812500000083,1.5791406250000084,2.1095312500000074
5.1798319766294485,7.974453125000003,0.14359375000000396,0.14359375000000396,0.02796875000000698,0.34101562500000737,1.6039843750000116,0.6680468750000057,0.19843750000000382,1.3436718750000076,1.555625000000005,2.0885937500000007
5.201184720296932,7.873437500000002,0.14187500000000242,0.14187500000000242,0.02687500000000398,0.33914062500000064,1.5911718750000081,0.6644531250000085,0.19671875000000227,1.317109375000003,1.532187500000004,2.0653906250000076
5.222537463964414,7.768046875000001,0.1397656250000101,0.1397656250000101,0.025937500000006164,0.3374218750000102,1.5771093750000076,0.6603906250000069,0.1954687500000052,1.2907031250000034,1.5065625000000082,2.0459375000000057
5.243890207631898,7.665156250000004,0.13796875000000597,0.13796875000000597,0.025078125000010942,0.33562500000000606,1.5632031250000011,0.6556250000000041,0.19359375000000956,1.2632812500000035,1.4846875000000037,2.022265625000008
5.265242951299381,7.563671875000011,0.13484375000000215,0.13484375000000215,0.02398437500000794,0.33351562500000265,1.5507812500000107,0.6516406250000051,0.19234375000000137,1.2353906250000102,1.4583593750000068,2.000156250000007
5.286595694966865,7.466640625000009,0.13296875000000652,0.13296875000000652,0.022968750000007532,0.3321093750000115,1.5385937500000058,0.6469531250000049,0.19109375000000428,1.2120312500000008,1.4317187500000106,1.9785156250000102
5.307948438634347,7.36765625000001,0.1310937500000109,0.1310937500000109,0.022578125000005667,0.3296875000000088,1.5250781250000012,0.6413281250000069,0.18953125000000792,1.1864843750000076,1.4063281250000115,1.958046875000008
5.329301182301831,7.269843750000005,0.12921875000000416,0.12921875000000416,0.021484375000002665,0.3275000000000028,1.5122656250000088,0.6371875000000027,0.1875781250000097,1.1635156250000112,1.3810156250000039,1.9356250000000075
5.350653925969314,7.17234375000001,0.12718750000000334,0.12718750000000334,0.02085937500000412,0.32578125000000124,1.5001562500000065,0.6325781250000051,0.18617187500000743,1.1389062500000047,1.3574218750000089,1.9145312500000067
5.372006669636797,7.07875,0.1253125000000077,0.1253125000000077,0.020156250000002984,0.3239843750000082,1.4871093750000064,0.6283593750000094,0.1842968750000007,1.115625000000009,1.3338281250000028,1.8959375000000112
5.39335941330428,6.985546875000004,0.12257812500000576,0.12257812500000576,0.019375000000010356,0.32203125000001,1.4749218750000015,0.6242968750000077,0.18273437500000433,1.0926562500000014,1.3084375000000037,1.878359375000005
5.414712156971763,6.896953125000005,0.12007812500001158,0.12007812500001158,0.018828125000003304,0.3197656250000014,1.4612500000000028,0.619531250000005,0.18031250000000165,1.0703906250000061,1.285312500000002,1.8584375000000097
5.436064900639247,6.81015625000001,0.11835937500001004,0.11835937500001004,0.01843750000000144,0.31796875000000835,1.4488281250000012,0.6157031250000111,0.1785937500000112,1.0480468750000083,1.2603906250000074,1.8375781250000056
5.45741764430673,6.718828125000009,0.11671875000001108,0.11671875000001108,0.017500000000003624,0.3161718750000042,1.4369531250000067,0.6120312500000114,0.17734375000000302,1.0277343750000112,1.2342187500000046,1.8187500000000023
5.478770387974213,6.628906250000011,0.1142968750000084,0.1142968750000084,0.016953125000007674,0.3141406250000034,1.4246875000000103,0.6070312500000008,0.17515625000000812,1.0087500000000027,1.2115625000000074,1.798828125000007
5.500123131641696,6.541171875000007,0.11218750000000499,0.11218750000000499,0.016171875000003944,0.31234375000001036,1.4100781250000027,0.6023437500000006,0.17382812500000844,0.9912500000000102,1.1889062500000103,1.7798437500000097
5.5214758753091795,6.454609375000009,0.11070312500001123,0.11070312500001123,0.015859375000004672,0.3107812500000029,1.3981250000000056,0.5984375000000042,0.17179687500000762,0.9718750000000109,1.1677343750000069,1.761093750000009
5.542828618976663,6.367187500000004,0.10851562500000522,0.10851562500000522,0.015156250000003535,0.30781250000000426,1.3869531250000011,0.5930468750000029,0.17039062500000535,0.9532812500000043,1.145546875000003,1.7423437500000083
5.564181362644146,6.281171875000002,0.10703125000001146,0.10703125000001146,0.014921875000006857,0.3051562500000049,1.3746875000000047,0.5882031250000086,0.1686718750000038,0.9340625000000102,1.1227343750000007,1.723359375000011
5.585534106311629,6.19343750000001,0.1053906250000014,0.1053906250000014,0.014375000000010907,0.3030468750000015,1.361562500000002,0.5838281250000077,0.1675000000000093,0.9150781250000017,1.1007812500000047,1.7039843750000006
5.606886849979112,6.1068750000000005,0.1032031250000065,0.1032031250000065,0.014062500000011635,0.30117187500000586,1.3489062500000037,0.5792968750000016,0.1664062500000063,0.8986718750000011,1.0778906250000109,1.6838281250000087
5.628239593646596,6.02125,0.10164062500001014,0.10164062500001014,0.013750000000001261,0.29914062500000504,1.336171875000003,0.5744531250000073,0.1652343750000007,0.8828125000000075,1.0548437500000007,1.6651562500000106
5.649592337314079,5.931640625000001,0.09968750000000082,0.09968750000000082,0.01343750000000199,0.29695312500001014,1.3246875000000102,0.5703125000000031,0.16375000000000695,0.866562500000001,1.0333593750000092,1.6463281250000072
5.670945080981562,5.851015625000011,0.0977343750000026,0.0977343750000026,0.01289062500000604,0.29453125000000746,1.3131250000000039,0.5653906250000063,0.16273437500000654,0.8478906250000029,1.010859375000006,1.6282812500000077
5.692297824649045,5.766015625000009,0.09671875000000218,0.09671875000000218,0.012734375000000853,0.2928125000000059,1.3012500000000093,0.5611718750000105,0.16125000000000167,0.8323437500000086,0.9908593750000083,1.6089062500000084
5.713650568316528,5.685625000000005,0.09453125000000728,0.09453125000000728,0.012421875000001581,0.29125000000000956,1.2903125000000015,0.555625000000004,0.16007812500000718,0.8167968750000032,0.9684375000000078,1.5910937500000055
5.735003311984012,5.598984375000004,0.09242187500000387,0.09242187500000387,0.012265625000007496,0.2896875000000021,1.2777343750000059,0.5494531250000101,0.15789062500000117,0.8006250000000104,0.9492187500000027,1.5717968750000089
5.756356055651494,5.518359375000004,0.09085937500000751,0.09085937500000751,0.011953125000008225,0.2871875000000079,1.2661718750000106,0.5452343750000033,0.15664062500000409,0.787265625000011,0.9285156250000037,1.5559375000000042
5.777708799318978,5.437187500000007,0.08960937500001043,0.08960937500001043,0.01156250000000636,0.28562500000001156,1.253203125000002,0.5410156250000075,0.15570312500000627,0.7721093750000074,0.9064843750000051,1.5385937500000058
5.799061542986461,5.3592187500000055,0.08804687500000297,0.08804687500000297,0.011406250000001172,0.2839843750000015,1.2410156250000082,0.5368750000000033,0.1543750000000066,0.7567187500000072,0.8837500000000054,1.5218750000000059
5.820414286653945,5.282578125000004,0.08664062500000069,0.08664062500000069,0.0110937500000019,0.28226562500001107,1.2284375000000014,0.5325000000000024,0.15335937500000618,0.7446875000000075,0.8615625000000016,1.5049218750000093
5.841767030321427,5.20484375000001,0.08492187500001025,0.08492187500001025,0.010859375000005222,0.28023437500001025,1.2180468750000006,0.5275781250000056,0.1520312500000065,0.7311718750000029,0.8407812500000111,1.4867187500000045
5.8631197739889105,5.1235156250000085,0.08296875000000092,0.08296875000000092,0.010703125000011138,0.2786718750000028,1.2079687500000102,0.5235156250000039,0.1510937500000087,0.7168750000000057,0.8200000000000096,1.4707812500000084
5.884472517656394,5.047890625000006,0.08148437500000716,0.08148437500000716,0.010312500000009273,0.27695312500000124,1.1953125000000009,0.5200781250000008,0.15046875000001014,0.70429687500001,0.7987500000000036,1.4533593750000073
5.905825261323877,4.971250000000005,0.08031250000000156,0.08031250000000156,0.009921875000007407,0.2750781250000056,1.1845312500000094,0.516250000000007,0.14921875000000195,0.6910937500000047,0.7802343750000107,1.4357812500000011
5.92717800499136,4.893281250000003,0.07937500000000375,0.07937500000000375,0.009921875000007407,0.2728125000000081,1.1714843750000092,0.5120312500000113,0.14734375000000632,0.6789062500000109,0.7604687500000096,1.4186718750000105
5.948530748658843,4.817734375000004,0.0777343750000048,0.0777343750000048,0.009843750000004814,0.27140625000000584,1.1587500000000084,0.5086718750000108,0.14632812500000592,0.6667968750000086,0.741328125000007,1.4027343750000032
5.969883492326327,4.74265625000001,0.07695312500000107,0.07695312500000107,0.009609375000008136,0.2698437500000095,1.146640625000006,0.5053906250000018,0.14500000000000624,0.6553125000000048,0.7255468750000049,1.3865625000000104
5.99123623599381,4.671171875000002,0.07578125000000657,0.07578125000000657,0.009375000000011458,0.2687500000000065,1.1355468750000042,0.5014062500000027,0.144140625000011,0.6426562500000066,0.707734375000002,1.3686718750000049
6.012588979661293,4.594218750000001,0.07453125000000949,0.07453125000000949,0.00921875000000627,0.26679687500000826,1.1244531250000023,0.497187500000007,0.14273437500000874,0.6309375000000061,0.6899218750000102,1.3525781250000035
6.033941723328776,4.5224218750000045,0.07304687500000462,0.07304687500000462,0.009062500000001084,0.2650781250000067,1.1133593750000115,0.4925000000000068,0.14140625000000906,0.6197656250000017,0.6753906250000052,1.3360156250000088
6.055294466996259,4.445468750000003,0.07148437500000826,0.07148437500000826,0.008906250000006999,0.26335937500000517,1.1012500000000092,0.48789062500000924,0.14031250000000606,0.6092968750000094,0.6595312500000006,1.3208593750000053
6.076647210663743,4.372031250000008,0.07046875000000785,0.07046875000000785,0.008828125000004405,0.26140625000000695,1.0900781250000047,0.48343750000000574,0.13835937500000783,0.5971093750000045,0.643125000000011,1.3048437500000065
6.097999954331225,4.304062500000006,0.06960937500000153,0.06960937500000153,0.00867187500001032,0.25937500000000613,1.0801562500000084,0.4796875000000034,0.1376562500000067,0.5866406250000011,0.6269531250000071,1.289531250000009
6.119352697998709,4.231328125000012,0.06843750000000703,0.06843750000000703,0.00843750000000254,0.2573437500000053,1.0678906250000009,0.4750781250000058,0.13585937500000256,0.5770312500000041,0.6114843750000043,1.2742968750000028
6.140705441666192,4.16273437500001,0.06695312500000217,0.06695312500000217,0.008359375000011049,0.25570312500000636,1.0566406250000049,0.47101562500000416,0.13468750000000806,0.5670312500000052,0.5976562500000115,1.26046875000001
6.1620581853336756,4.088515625000011,0.06531250000000322,0.06531250000000322,0.008203125000005862,0.2544531250000093,1.044296875000006,0.4662500000000014,0.13335937500000838,0.5575000000000108,0.5837500000000051,1.2467968750000114
6.183410929001158,4.021328125000001,0.06390625000000094,0.06390625000000094,0.008046875000000675,0.2520312500000066,1.0336718750000085,0.4626562500000042,0.1319531250000061,0.5491406250000108,0.5700000000000038,1.2336718750000086
6.2047636726686415,3.9586718750000083,0.06281250000000904,0.06281250000000904,0.007968750000009184,0.2496875000000065,1.0220312500000106,0.45914062500000963,0.1308593750000031,0.53875000000001,0.5578906250000015,1.2203125000000092
6.226116416336125,3.892109375000008,0.06187500000001123,0.06187500000001123,0.00789062500000659,0.24835937500000682,1.0109375000000087,0.4551562500000106,0.13007812500001048,0.5303906250000101,0.545468750000011,1.2044531250000046
6.247469160003608,3.8304687500000045,0.06085937500001082,0.06085937500001082,0.007734375000001403,0.24703125000000714,1.0000781250000035,0.45109375000000895,0.1286718750000082,0.5208593750000046,0.5342968750000066,1.1906250000000007
6.268821903671091,3.773906250000003,0.05929687500000336,0.05929687500000336,0.007656250000009912,0.24554687500000227,0.9864843750000074,0.4473437500000066,0.1277343750000104,0.5111718750000049,0.5225000000000035,1.176953125000002
6.290174647338574,3.714375000000003,0.058437500000008136,0.058437500000008136,0.007578125000007319,0.2429687500000055,0.9766406250000026,0.44320312500000236,0.12687500000000407,0.503906250000008,0.5092968750000093,1.16281250000001
6.311527391006058,3.6506250000000073,0.05726562500000254,0.05726562500000254,0.00734375000001064,0.24171875000000842,0.9652343750000014,0.4395312500000026,0.1255468750000044,0.4959375000000099,0.4980468750000022,1.1489843750000062
6.332880134673541,3.5912500000000014,0.056328125000004725,0.056328125000004725,0.007187500000005453,0.2396875000000076,0.9547656250000092,0.43578125000001133,0.1243750000000099,0.4881250000000059,0.48640625000000437,1.1362500000000053
6.354232878341024,3.533203125000006,0.055781250000008775,0.055781250000008775,0.007031250000011369,0.23812500000001124,0.9443750000000084,0.4317187500000097,0.12367187500000876,0.48015625000000783,0.47648437500000806,1.120703125000011
6.375585622008507,3.471328125000006,0.05453125000001169,0.05453125000001169,0.006875000000006182,0.23695312500000565,0.9335937500000058,0.4271875000000036,0.1221093750000013,0.473046875000005,0.46554687500001135,1.108906250000008
6.39693836567599,3.4135156250000076,0.05351562500001128,0.05351562500001128,0.006796875000003588,0.23468750000000815,0.9231250000000024,0.4230468750000105,0.12117187500000348,0.4660937500000073,0.4537500000000083,1.0966406250000116
6.418291109343474,3.357187500000003,0.05273437500000755,0.05273437500000755,0.006718750000000995,0.23218750000000288,0.9111718750000053,0.41882812500000366,0.12023437500000567,0.45898437500000444,0.44226562500000455,1.0816406250000021
6.439643853010956,3.299843750000009,0.051796875000009734,0.051796875000009734,0.006718750000000995,0.2307812500000006,0.9004687500000053,0.4150781250000013,0.11914062500000266,0.45109375000000895,0.4314843750000019,1.0693750000000057
6.46099659667844,3.244062500000011,0.05085937500000082,0.05085937500000082,0.0066406250000095035,0.2287500000000109,0.8888281250000074,0.4096875000000111,0.11781250000000298,0.4440625000000087,0.4218750000000049,1.055703125000007
6.482349340345923,3.185859375000011,0.05015625000001078,0.05015625000001078,0.00656250000000691,0.22734375000000862,0.877109375000007,0.40562500000000945,0.11718750000000444,0.43781250000000105,0.4108593750000056,1.042109375000011
6.5037020840134065,3.1300000000000106,0.04906250000000778,0.04906250000000778,0.00656250000000691,0.22585937500000375,0.8653125000000039,0.4018750000000071,0.11632812500000922,0.4316406250000071,0.39890625000000846,1.0294531250000016
6.525054827680889,3.076875000000001,0.04851562500000073,0.04851562500000073,0.006406250000001723,0.22445312500000147,0.8537500000000087,0.39789062500000805,0.11531250000000881,0.4262500000000058,0.38765625000000137,1.015781250000003
6.5464075713483725,3.0272656250000085,0.04765625000000551,0.04765625000000551,0.006171875000005045,0.22226562500000657,0.8424218750000101,0.3951562500000061,0.114375000000011,0.42023437500000593,0.37796875000000174,1.0040625000000025
6.567760315015856,2.9757031250000066,0.04671875000000769,0.04671875000000769,0.005937500000008367,0.22109375000000098,0.8307031250000096,0.39101562500000187,0.11359375000000727,0.4141406250000035,0.3684375000000073,0.9929687500000006
6.589113058683339,2.9270312500000006,0.04578125000000988,0.04578125000000988,0.005703125000011688,0.21906250000001126,0.8195312500000052,0.38796875000000064,0.11273437500000094,0.40789062500000695,0.35804687500000654,0.9796093750000012
6.610465802350822,2.876328125000005,0.045000000000006146,0.045000000000006146,0.005703125000011688,0.21710937500000194,0.8082812500000092,0.38437500000000346,0.11179687500000313,0.4025781250000082,0.34804687500000764,0.9652343750000014
6.631818546018305,2.8290625000000014,0.04398437500000574,0.04398437500000574,0.005625000000009095,0.21546875000000298,0.7962500000000095,0.38140625000000483,0.1110156250000105,0.39679687500000504,0.33906250000000915,0.9528125000000109
6.653171289685789,2.778515625000011,0.04250000000000087,0.04250000000000087,0.005625000000009095,0.2142187500000059,0.7846093750000116,0.37875000000000547,0.11000000000001009,0.3906250000000111,0.329453125000001,0.939375000000009
6.674524033353272,2.7297656250000024,0.04140625000000897,0.04140625000000897,0.005625000000009095,0.2130468750000114,0.773828125000009,0.37562500000000165,0.10890625000000709,0.3853125000000013,0.31882812500000357,0.9268750000000048
6.695876777020755,2.6807812500000083,0.040703125000007834,0.040703125000007834,0.0055468750000065015,0.21179687500000322,0.7636718750000049,0.37257812500001153,0.10820312500000595,0.3796093750000007,0.3075781250000076,0.914687500000011
6.717229520688238,2.6352343750000062,0.0399218750000041,0.0399218750000041,0.0053906250000013145,0.21015625000000426,0.753671875000006,0.3696093750000018,0.10773437500000149,0.3738281250000086,0.2971093750000042,0.9039062500000083
6.738582264355721,2.5894531250000075,0.038906250000003695,0.038906250000003695,0.00523437500000723,0.20835937500001123,0.7439062500000038,0.3664843750000091,0.10695312500000886,0.36781250000000876,0.289531250000008,0.8917187500000034
6.759935008023205,2.5475000000000025,0.03820312500000256,0.03820312500000256,0.0050000000000105516,0.20687500000000636,0.735703125000009,0.36335937500000526,0.10585937500000586,0.36359375000000194,0.2805468750000095,0.8792968750000019
6.781287751690687,2.5048437500000076,0.03718750000000215,0.03718750000000215,0.004765625000002771,0.20484375000000554,0.7283593750000095,0.36007812500000735,0.10515625000000473,0.3586718750000051,0.2721875000000096,0.8675000000000099
6.802640495358171,2.458671875000007,0.036250000000004334,0.036250000000004334,0.00468750000001128,0.20351562500000586,0.7192187500000058,0.35679687500000945,0.10468750000001137,0.3538281250000108,0.26359375000000185,0.8564843750000106
6.823993239025654,2.4148437500000064,0.035703125000008384,0.035703125000008384,0.004531250000006093,0.20218750000000618,0.7096875000000114,0.3541406250000101,0.10398437500001023,0.3493750000000073,0.2555468750000012,0.8460937500000099
6.8453459826931375,2.374062500000007,0.035234375000003926,0.035234375000003926,0.004453125000003499,0.2008593750000065,0.7010937500000036,0.35031250000000513,0.10281250000000464,0.3449218750000038,0.2485937500000035,0.8343750000000094
6.86669872636062,2.3344531250000022,0.03460937500000538,0.03460937500000538,0.004453125000003499,0.1998437500000061,0.694140625000006,0.34703125000000723,0.10179687500000423,0.3408593750000022,0.2428906250000029,0.8241406250000027
6.8880514700281035,2.297812500000007,0.03398437500000684,0.03398437500000684,0.004296875000009415,0.19812500000000455,0.6864062500000045,0.3428125000000115,0.100937500000009,0.33453125000000306,0.23781250000000087,0.8122656250000082
6.909404213695587,2.2582031250000023,0.033359375000008296,0.033359375000008296,0.004296875000009415,0.19679687500000487,0.6783593750000039,0.3396875000000077,0.09976562500000341,0.32929687500000693,0.2330468750000092,0.8007031250000018
6.93075695736307,2.2220312500000006,0.03289062500000384,0.03289062500000384,0.004218750000006821,0.19445312500000478,0.6695312500000106,0.33664062500000647,0.09906250000000227,0.3239843750000082,0.2286718750000083,0.7903125000000011
6.952109701030554,2.1828906250000113,0.03250000000000197,0.03250000000000197,0.004140625000004228,0.19359375000000956,0.6613281250000047,0.33367187500000783,0.09804687500000187,0.31921875000000544,0.2241406250000022,0.7779687500000021
6.973462444698036,2.1468750000000036,0.03187500000000343,0.03187500000000343,0.0039062500000075495,0.1920312500000021,0.6534375000000092,0.32914062500000174,0.09703125000000146,0.3150781250000012,0.2209375000000069,0.7675781250000013
6.99481518836552,2.108125000000005,0.03132812500000748,0.03132812500000748,0.0039062500000075495,0.19046875000000574,0.6460156250000071,0.3261718750000031,0.09609375000000364,0.3107031250000114,0.21734375000000972,0.756562500000002
7.016167932033003,2.071640625000004,0.030937500000005613,0.030937500000005613,0.0037500000000023626,0.1887500000000042,0.6389843750000068,0.3241406250000023,0.09523437500000842,0.30695312500000904,0.21359375000000735,0.7461718750000013
7.0375206757004864,2.035546875000005,0.030234375000004476,0.030234375000004476,0.0037500000000023626,0.1875000000000071,0.6312500000000054,0.3207031250000103,0.09445312500000469,0.3032031250000067,0.21007812500000167,0.7370312500000087
7.058873419367969,2.0017187500000033,0.03007812500001039,0.03007812500001039,0.0037500000000023626,0.1854687500000063,0.6242968750000077,0.3163281250000094,0.0932812500000102,0.29898437500001096,0.2064843750000045,0.7264843750000027
7.080226163035452,1.9711718750000107,0.029609375000005933,0.029609375000005933,0.0036718750000108713,0.1841406250000066,0.6176562500000093,0.3140625000000008,0.09265625000001165,0.2941406250000056,0.2030468750000014,0.7153906250000008
7.101578906702936,1.9409375000000062,0.029140625000001474,0.029140625000001474,0.0036718750000108713,0.18234375000000247,0.6100000000000105,0.31015625000000435,0.0921875000000072,0.2898437500000073,0.19929687500001014,0.7046093750000093
7.122931650370419,1.9096875000000013,0.02843750000001144,0.02843750000001144,0.003593750000008278,0.18062500000000092,0.6029687500000103,0.3071093750000031,0.09117187500000679,0.2860937500000049,0.1953125000000111,0.6947656250000045
7.144284394037902,1.876718750000006,0.027578125000005116,0.027578125000005116,0.003437500000003091,0.17921875000000975,0.5954687500000055,0.30367187500001114,0.0898437500000071,0.2832031250000089,0.192968750000011,0.6865625000000097
7.165637137705385,1.8445312500000033,0.026953125000006573,0.026953125000006573,0.0033593750000115996,0.17781250000000748,0.5888281250000071,0.3017187500000018,0.08921875000000856,0.27929687500000133,0.189687500000002,0.6783593750000039
7.1869898813728685,1.8135156250000062,0.026406250000010623,0.026406250000010623,0.0033593750000115996,0.1763281250000026,0.5820312500000036,0.2985156250000065,0.08843750000000483,0.2753125000000023,0.1863281250000015,0.6679687500000031
7.208342625040352,1.783046875000005,0.025781250000000977,0.025781250000000977,0.0033593750000115996,0.1742968750000018,0.5753906250000052,0.29554687500000787,0.08734375000000183,0.2705468750000106,0.18398437500000142,0.6597656250000083
7.2296953687078345,1.7519531250000053,0.025390625000010214,0.025390625000010214,0.003281250000009006,0.17328125000000139,0.5689062500000008,0.2929687500000111,0.08648437500000661,0.2672656250000016,0.18125000000001057,0.6510937500000091
7.251048112375318,1.7208593750000056,0.024843750000003162,0.024843750000003162,0.0032031250000064126,0.17187500000001021,0.5613281250000046,0.2896093750000106,0.08562500000001139,0.2653125000000034,0.17804687500000416,0.6426562500000066
7.272400856042801,1.6906250000000012,0.024296875000007212,0.024296875000007212,0.0028125000000045475,0.17054687500001053,0.5542968750000044,0.28710937500000533,0.08406250000000393,0.26226562500000217,0.17593750000000075,0.6345312500000033
7.293753599710285,1.6607812500000096,0.02367187500000867,0.02367187500000867,0.002734375000001954,0.16851562500000972,0.547656250000006,0.28445312500000597,0.08289062500000943,0.2596875000000054,0.17367187500000325,0.6265625000000052
7.315106343377767,1.6307031250000104,0.023359375000009397,0.023359375000009397,0.0026562500000104627,0.16742187500000671,0.5411718750000016,0.28250000000000774,0.0821093750000057,0.2562500000000023,0.17140625000000576,0.6168750000000056
7.336459087045251,1.602421875000004,0.02289062500000494,0.02289062500000494,0.0025000000000052758,0.16593750000000185,0.5335937500000054,0.2794531250000065,0.08140625000000457,0.25359375000000295,0.1697656250000068,0.6071093750000034
7.357811830712734,1.5747656250000075,0.022734375000010854,0.022734375000010854,0.0025000000000052758,0.16484375000000995,0.5254687500000021,0.27664062500000197,0.08078125000000602,0.25148437500001064,0.1675781250000008,0.5985156250000068
7.3791645743802174,1.5469531250000057,0.022265625000006395,0.022265625000006395,0.0025000000000052758,0.16335937500000508,0.5200000000000093,0.2742968750000019,0.08015625000000748,0.2485937500000035,0.16468750000000476,0.5903906250000035
7.4005173180477,1.5200781250000017,0.022031250000009717,0.022031250000009717,0.0024218750000026823,0.16226562500000208,0.5133593750000109,0.27132812500000325,0.07960937500001153,0.24562500000000487,0.162109375000008,0.5833593750000032
7.421870061715183,1.492812500000007,0.02187500000000453,0.02187500000000453,0.002187500000006004,0.161015625000005,0.5078125000000044,0.2686718750000039,0.07890625000001039,0.24351562500000146,0.15929687500000345,0.5755468750000103
7.443222805382667,1.4662500000000023,0.021484375000002665,0.021484375000002665,0.0021093750000034106,0.15953125000001123,0.5014062500000027,0.2660937500000071,0.07835937500000334,0.24046875000001133,0.15718750000001114,0.5670312500000052
7.46457554905015,1.4394531250000009,0.020937500000006715,0.020937500000006715,0.002031250000000817,0.15835937500000563,0.4959375000000099,0.2639843750000037,0.07812500000000666,0.23820312500000274,0.15492187500000254,0.5581250000000093
7.485928292717633,1.4164843750000045,0.020625000000007443,0.020625000000007443,0.001953125000009326,0.15679687500000927,0.4892187500000089,0.2617187500000062,0.07710937500000625,0.23593750000000524,0.15226562500000318,0.5501562500000112
7.507281036385116,1.392421875000005,0.0200000000000089,0.0200000000000089,0.001953125000009326,0.15554687500000108,0.48320312500000906,0.25921875000000094,0.0765625000000103,0.2330468750000092,0.15054687500000163,0.5425000000000013
7.5286337800525995,1.3674218750000078,0.019843750000003713,0.019843750000003713,0.001953125000009326,0.1532812500000036,0.4762500000000114,0.2565625000000016,0.07593750000000066,0.23117187500000247,0.14835937500000673,0.5342968750000066
7.549986523720083,1.3432031250000032,0.019453125000001847,0.019453125000001847,0.001953125000009326,0.1509375000000035,0.46851562500001,0.2539062500000022,0.07515625000000803,0.22835937500000902,0.1464062500000085,0.5252343750000055
7.5713392673875655,1.3196875000000108,0.019375000000010356,0.019375000000010356,0.001953125000009326,0.14945312500000973,0.4637500000000072,0.2510937500000088,0.07468750000000357,0.2251562500000026,0.1442968750000051,0.5184375000000019
7.592692011055049,1.2954687500000062,0.01921875000000517,0.01921875000000517,0.001953125000009326,0.14820312500000155,0.45679687500000954,0.24765625000000568,0.07382812500000835,0.22281250000000252,0.14281250000001133,0.5113281250000101
7.614044754722532,1.2734375000000075,0.01875000000000071,0.01875000000000071,0.001953125000009326,0.1464843750000111,0.45125000000000304,0.2451562500000115,0.07351562500000908,0.22046875000000243,0.1410937500000098,0.5043750000000014
7.635397498390016,1.2505468750000026,0.01843750000000144,0.01843750000000144,0.001953125000009326,0.1453906250000081,0.446171875000001,0.24265625000000624,0.07250000000000867,0.21828125000000753,0.13921875000000306,0.4968750000000077
7.656750242057498,1.2282812500000073,0.01765625000000881,0.01765625000000881,0.001953125000009326,0.14359375000000396,0.44000000000000705,0.24031250000000615,0.07140625000000567,0.21570312500001076,0.13781250000000078,0.4892968750000115
7.678102985724982,1.2063281250000113,0.01734375000000954,0.01734375000000954,0.001953125000009326,0.14171875000000833,0.43437500000000906,0.23804687500000865,0.07078125000000712,0.21335937500001068,0.13562500000000588,0.4806250000000012
7.699455729392465,1.1842968750000016,0.017031250000010267,0.017031250000010267,0.001953125000009326,0.14062500000000533,0.42781250000000215,0.23601562500000783,0.07007812500000599,0.2107812500000028,0.13343750000001098,0.47429687500000206
7.720808473059948,1.1637500000000078,0.016796875000002487,0.016796875000002487,0.0018750000000067324,0.13929687500000565,0.4207812500000019,0.23359375000000515,0.06945312500000744,0.208750000000002,0.1319531250000061,0.46687500000001103
7.742161216727431,1.141562500000004,0.016640625000008402,0.016640625000008402,0.0018750000000067324,0.1376562500000067,0.4148437500000046,0.2319531250000062,0.06867187500000371,0.20625000000000782,0.13046875000000124,0.4596875000000056
7.763513960394914,1.1199218750000073,0.01640625000000062,0.01640625000000062,0.001796875000004139,0.13578125000001107,0.40914062500000403,0.2296875000000087,0.06757812500000071,0.20382812500000513,0.1285937500000056,0.45234375000000604
7.784866704062398,1.0966406250000116,0.016250000000006537,0.016250000000006537,0.001796875000004139,0.13382812500000174,0.4030468750000016,0.2263281250000082,0.06679687500000808,0.20140625000000245,0.1266406250000074,0.4450000000000065
7.806219447729881,1.0764843750000086,0.01609375000000135,0.01609375000000135,0.001796875000004139,0.13234375000000798,0.3962500000000091,0.22382812500000293,0.06617187500000954,0.19921875000000755,0.12468750000000917,0.4383593750000081
7.827572191397364,1.0534375000000096,0.01578125000000208,0.01578125000000208,0.001796875000004139,0.1308593750000031,0.38921875000000883,0.22125000000000616,0.0654687500000084,0.19718750000000673,0.12296875000000762,0.4326562500000075
7.848924935064847,1.03304687500001,0.015625000000007994,0.015625000000007994,0.0017187500000015454,0.12914062500000156,0.38343750000000565,0.21789062500000567,0.0642968750000028,0.19484375000000664,0.12125000000000608,0.42554687500000465
7.8702776787323305,1.0121875000000058,0.015390625000011315,0.015390625000011315,0.0017187500000015454,0.1275781250000052,0.376484375000008,0.21562500000000817,0.06375000000000686,0.19265625000000064,0.12007812500001158,0.41984375000000407
7.891630422399814,0.9911718750000076,0.015312500000008722,0.015312500000008722,0.0017187500000015454,0.1264062500000107,0.37007812500000625,0.21281250000000362,0.06312500000000831,0.19023437500000906,0.11835937500001004,0.41234375000001044
7.9129831660672965,0.9728906250000113,0.015078125000000941,0.015078125000000941,0.0015625000000074607,0.12468750000000917,0.36250000000001004,0.21054687500000613,0.06257812500000126,0.18828125000001084,0.11664062500000849,0.4061718750000054
7.93433590973478,0.9533593750000069,0.015078125000000941,0.015078125000000941,0.0015625000000074607,0.12328125000000689,0.3571875000000113,0.20820312500000604,0.062109375000007905,0.18617187500000743,0.11507812500000103,0.4018750000000071
7.955688653402263,0.9332031250000039,0.014843750000004263,0.014843750000004263,0.0015625000000074607,0.12132812500000867,0.3508593750000011,0.20585937500000595,0.061640625000003446,0.18359375000001066,0.11296875000000872,0.3959375000000098
7.977041397069747,0.9152343750000069,0.01476562500000167,0.01476562500000167,0.0015625000000074607,0.11929687500000785,0.34335937500000746,0.20359375000000846,0.06085937500001082,0.18132812500000206,0.11156250000000645,0.3892968750000114
7.998394140737229,0.8957031250000025,0.014609375000007585,0.014609375000007585,0.0014843750000048672,0.11734375000000963,0.33664062500000647,0.202031250000001,0.060312500000003766,0.17914062500000716,0.11031250000000936,0.38335937500000306
8.019746884404713,0.8759375000000014,0.014296875000008313,0.014296875000008313,0.0014843750000048672,0.11515625000000362,0.3307031250000092,0.20023437500000796,0.059218750000000764,0.17734375000000302,0.10851562500000522,0.37679687500000725
8.041099628072196,0.8585937500000029,0.014062500000011635,0.014062500000011635,0.0014062500000022737,0.11281250000000353,0.3262500000000057,0.19789062500000787,0.058671875000004814,0.17476562500000625,0.10726562500000814,0.3709375000000015
8.06245237173968,0.8424218750000101,0.01367187500000977,0.01367187500000977,0.0013281250000107825,0.11132812500000977,0.32015625000000325,0.19554687500000778,0.05796875000000368,0.17242187500000616,0.10585937500000586,0.3638281250000097
8.083805115407163,0.8233593750000101,0.013515625000004583,0.013515625000004583,0.0013281250000107825,0.10914062500000377,0.3139062500000067,0.19335937500000178,0.05640625000000732,0.17031250000000275,0.10414062500000432,0.35812500000000913
8.105157859074646,0.8047656250000035,0.013203125000005311,0.013203125000005311,0.0013281250000107825,0.10765625000001,0.30882812500000467,0.19109375000000428,0.05593750000000286,0.16796875000000266,0.10304687500000131,0.35328125000000377
8.126510602742128,0.7889062500000099,0.013125000000002718,0.013125000000002718,0.0013281250000107825,0.10585937500000586,0.30343750000000336,0.18960937500001052,0.05523437500000172,0.16570312500000517,0.10148437500000496,0.34703125000000723
8.147863346409611,0.7718750000000107,0.012734375000000853,0.012734375000000853,0.0013281250000107825,0.1042968750000095,0.29804687500000204,0.1875781250000097,0.05460937500000318,0.16382812500000954,0.09976562500000341,0.3426562500000063
8.169216090077095,0.7548437500000116,0.012578125000006768,0.012578125000006768,0.0013281250000107825,0.10296875000000982,0.29359375000000965,0.18593750000001075,0.05414062500000982,0.16164062500000353,0.09804687500000187,0.3364843750000013
8.190568833744578,0.738437500000011,0.012500000000004174,0.012500000000004174,0.0013281250000107825,0.10179687500000423,0.28804687500000314,0.18398437500000142,0.053203125000000906,0.16007812500000718,0.09671875000000218,0.3310156250000085
8.211921577412062,0.7212500000000066,0.01210937500000231,0.01210937500000231,0.001250000000008189,0.10039062500000195,0.2830468750000037,0.18242187500000506,0.05226562500000309,0.1575000000000104,0.0954687500000051,0.326562500000005
8.233274321079545,0.7041406250000048,0.011875000000005631,0.011875000000005631,0.001093750000003002,0.09890625000000819,0.2775000000000083,0.1798437500000083,0.051875000000001226,0.155390625000007,0.09414062500000542,0.32257812500000593
8.254627064747028,0.6907812500000055,0.011640625000008953,0.011640625000008953,0.001093750000003002,0.09726562500000924,0.2716406250000025,0.17773437500000488,0.05093750000000341,0.15343750000000878,0.09257812500000906,0.317109375000002
8.275979808414512,0.6749218750000008,0.011250000000007088,0.011250000000007088,0.001093750000003002,0.09695312500000997,0.2660937500000071,0.17570312500000407,0.050234375000002274,0.1510156250000061,0.0910156250000016,0.3128125000000037
8.297332552081995,0.6593750000000065,0.01101562500001041,0.01101562500001041,0.0010156250000115108,0.09625000000000883,0.26117187500001027,0.17390625000001103,0.049453125000009646,0.14921875000000195,0.08929687500001116,0.30796875000000945
8.318685295749477,0.6450000000000067,0.010937500000007816,0.010937500000007816,0.0010156250000115108,0.09445312500000469,0.2560937500000082,0.17117187500000908,0.04906250000000778,0.14679687500001037,0.08789062500000888,0.3038281250000052
8.34003803941696,0.6310156250000087,0.010781250000002629,0.010781250000002629,0.0009375000000089173,0.09335937500000169,0.25156250000000213,0.16906250000000567,0.04875000000000851,0.14515625000001142,0.08632812500000142,0.2998437500000062
8.361390783084444,0.6157031250000111,0.010625000000008544,0.010625000000008544,0.0009375000000089173,0.09125000000000938,0.2464843750000112,0.1675000000000093,0.04742187500000883,0.14281250000001133,0.08468750000000247,0.2961718750000064
8.382743526751927,0.6014843750000054,0.01054687500000595,0.01054687500000595,0.0009375000000089173,0.08953125000000783,0.24265625000000624,0.16492187500000144,0.04703125000000696,0.1410937500000098,0.08335937500000279,0.2917968750000055
8.40409627041941,0.5878906250000093,0.01054687500000595,0.01054687500000595,0.0009375000000089173,0.08867187500000151,0.2375781250000042,0.16296875000000322,0.04625000000000323,0.13890625000000378,0.0821875000000083,0.2877343750000039
8.425449014086894,0.5750000000000033,0.010390625000000764,0.010390625000000764,0.0009375000000089173,0.0876562500000011,0.23250000000000215,0.16109375000000759,0.045468750000010605,0.13718750000000224,0.0810156250000027,0.28375000000000483
8.446801757754377,0.5607812500000087,0.010156250000004086,0.010156250000004086,0.0009375000000089173,0.08625000000000993,0.22656250000000488,0.15906250000000677,0.04507812500000874,0.13460937500000547,0.07953125000000894,0.2793750000000039
8.46815450142186,0.546562500000003,0.010000000000010001,0.010000000000010001,0.0008593750000063238,0.08523437500000952,0.22242187500000066,0.15703125000000595,0.04453125000000169,0.13265625000000725,0.07867187500000261,0.27484375000000894
8.489507245089342,0.5341406250000014,0.009921875000007407,0.009921875000007407,0.0008593750000063238,0.08375000000000465,0.21726562500000712,0.1553125000000044,0.04375000000000906,0.1310937500000109,0.07710937500000625,0.2710937500000066
8.510859988756826,0.5216406250000083,0.009843750000004814,0.009843750000004814,0.0008593750000063238,0.08304687500000352,0.21281250000000362,0.1520312500000065,0.042890625000002736,0.12945312500000083,0.07593750000000066,0.2676562500000035
8.532212732424309,0.5090625000000015,0.00968750000001073,0.00968750000001073,0.0007031250000011369,0.08171875000000384,0.20804687500000085,0.1496875000000064,0.042343750000006786,0.1276562500000078,0.07460937500000098,0.26453125000001076
8.553565476091793,0.4959375000000099,0.009531250000005542,0.009531250000005542,0.0007031250000011369,0.08085937500000862,0.2032031250000066,0.14796875000000487,0.04140625000000897,0.12632812500000812,0.07335937500000389,0.2607031250000058
8.574918219759276,0.4830468750000039,0.009375000000011458,0.009375000000011458,0.0007031250000011369,0.07968750000000302,0.19828125000000973,0.1464843750000111,0.04078125000001043,0.12453125000000398,0.0721875000000094,0.25601562500000563
8.59627096342676,0.47101562500000416,0.009140625000003677,0.009140625000003677,0.0007031250000011369,0.07789062500000998,0.19367187500000105,0.1453906250000081,0.04031250000000597,0.12140625000001126,0.0710156250000038,0.2520312500000066
8.617623707094243,0.4596875000000056,0.008984375000009592,0.008984375000009592,0.0007031250000011369,0.0765625000000103,0.18960937500001052,0.1432812500000047,0.03945312500001075,0.1198437500000038,0.06953125000001004,0.2485937500000035
8.638976450761726,0.448359375000007,0.008906250000006999,0.008906250000006999,0.0007031250000011369,0.07500000000000284,0.18554687500000888,0.14054687500000274,0.03875000000000961,0.11851562500000412,0.06820312500001036,0.24468750000000705
8.660329194429208,0.4360937500000106,0.008906250000006999,0.008906250000006999,0.0006250000000096456,0.07375000000000576,0.1807812500000061,0.13843750000001043,0.038359375000007745,0.1164843750000033,0.06679687500000808,0.24054687500000282
8.681681938096691,0.4237500000000116,0.008515625000005134,0.008515625000005134,0.0006250000000096456,0.07304687500000462,0.17679687500000707,0.1365625000000037,0.03781250000000069,0.11421875000000581,0.0654687500000084,0.23664062500000638
8.703034681764175,0.4120312500000112,0.00843750000000254,0.00843750000000254,0.0006250000000096456,0.07171875000000494,0.17273437500000544,0.13453125000000288,0.0366406250000062,0.11187500000000572,0.06414062500000872,0.2330468750000092
8.724387425431658,0.40109375000000336,0.008359375000011049,0.008359375000011049,0.0006250000000096456,0.07039062500000526,0.1676562500000034,0.13250000000000206,0.03609375000001025,0.1098437500000049,0.06304687500000572,0.22882812500000238
8.745740169099141,0.3916406250000115,0.008046875000000675,0.008046875000000675,0.0006250000000096456,0.06929687500000226,0.16367187500000435,0.13046875000000124,0.0355468750000032,0.10789062500000668,0.06171875000000604,0.22570312500000966
8.767092912766625,0.38015625000000774,0.007812500000003997,0.007812500000003997,0.0006250000000096456,0.06804687500000517,0.15953125000001123,0.12828125000000634,0.035234375000003926,0.10609375000000254,0.060312500000003766,0.22148437500000284
8.788445656434108,0.37023437500001144,0.007812500000003997,0.007812500000003997,0.0006250000000096456,0.06695312500000217,0.15578125000000886,0.1265625000000048,0.03460937500000538,0.10476562500000286,0.059765625000007816,0.21804687500001085
8.809798400101592,0.36015625000000995,0.007500000000004725,0.007500000000004725,0.0006250000000096456,0.06578125000000767,0.1510937500000087,0.12460937500000657,0.033359375000008296,0.10242187500000277,0.05851562500001073,0.21468750000001036
8.831151143769073,0.35007812500000846,0.00734375000001064,0.00734375000001064,0.0006250000000096456,0.06421875000001132,0.14632812500000592,0.12273437500001094,0.03242187500001048,0.10046875000000455,0.05757812500000181,0.21125000000000727
8.852503887436557,0.33992187500000437,0.00734375000001064,0.00734375000001064,0.0006250000000096456,0.06335937500000499,0.14289062500000282,0.12031250000000826,0.03234375000000789,0.0988281250000056,0.05695312500000327,0.20703125000001155
8.87385663110404,0.3285937500000058,0.007187500000005453,0.007187500000005453,0.0005468750000070521,0.06265625000000385,0.13921875000000306,0.11851562500000412,0.03148437500000156,0.09687500000000737,0.05523437500000172,0.2030468750000014
8.895209374771524,0.318203125000005,0.007031250000011369,0.007031250000011369,0.0005468750000070521,0.061640625000003446,0.13476562500001066,0.11687500000000517,0.03062500000000634,0.09468750000000137,0.053671875000005365,0.19898437500001087
8.916562118439007,0.3087500000000021,0.0066406250000095035,0.0066406250000095035,0.0005468750000070521,0.060781250000008225,0.1299218750000053,0.11460937500000767,0.02984375000000261,0.09343750000000428,0.052343750000005684,0.19570312500000187
8.93791486210649,0.299687500000001,0.00656250000000691,0.00656250000000691,0.0005468750000070521,0.05953125000001114,0.12726562500000593,0.11257812500000686,0.028906250000004796,0.09156250000000865,0.05171875000000714,0.19234375000000137
8.959267605773974,0.29007812500000396,0.006328125000010232,0.006328125000010232,0.0005468750000070521,0.05859375000000222,0.12398437500000803,0.11109375000000199,0.027734375000010303,0.09000000000000119,0.05015625000001078,0.1899218750000098
8.980620349441457,0.2819531250000007,0.006328125000010232,0.006328125000010232,0.0005468750000070521,0.057734375000007,0.12015625000000307,0.10867187500001041,0.026562500000004707,0.0887500000000041,0.04875000000000851,0.18687500000000856
9.001973093108939,0.2721875000000096,0.006250000000007638,0.006250000000007638,0.0005468750000070521,0.05671875000000659,0.11593750000000735,0.10710937500000295,0.026171875000002842,0.08726562500001034,0.047343750000006235,0.18335937500000288
9.023325836776422,0.2628906250000007,0.00601562500001096,0.00601562500001096,0.0005468750000070521,0.05585937500001137,0.11289062500000613,0.10523437500000732,0.025390625000010214,0.0853906250000036,0.04625000000000323,0.18023437500001016
9.044678580443906,0.253046875000007,0.005937500000008367,0.005937500000008367,0.0005468750000070521,0.05492187500000245,0.10953125000000563,0.10273437500000204,0.024453125000001297,0.08375000000000465,0.045000000000006146,0.17734375000000302
9.066031324111389,0.2453906250000082,0.005625000000009095,0.005625000000009095,0.0005468750000070521,0.05382812500001055,0.10687500000000627,0.1010156250000116,0.023593750000006075,0.08226562500001089,0.043906250000003144,0.17351562500000917
9.087384067778872,0.23765625000000679,0.005468750000003908,0.005468750000003908,0.00046875000000445866,0.05335937500000609,0.10453125000000618,0.09859375000000892,0.02289062500000494,0.08031250000000156,0.042812500000011244,0.17031250000000275
9.108736811446356,0.22906250000001016,0.0053906250000013145,0.0053906250000013145,0.00046875000000445866,0.05226562500000309,0.10109375000000309,0.09703125000000146,0.0221875000000038,0.07851562500000853,0.04171875000000824,0.16718750000001004
9.13008955511384,0.22164062500000803,0.0053906250000013145,0.0053906250000013145,0.00046875000000445866,0.0510937500000086,0.09710937500000405,0.09500000000000064,0.021718750000010445,0.07726562500001144,0.04085937500000192,0.16460937500000217
9.151442298781323,0.21492187500000703,0.0053906250000013145,0.0053906250000013145,0.00046875000000445866,0.049453125000009646,0.09500000000000064,0.09335937500000169,0.021250000000005986,0.07578125000000657,0.039375000000008153,0.16164062500000353
9.172795042448804,0.20812500000000345,0.005078125000002043,0.005078125000002043,0.00046875000000445866,0.048359375000006644,0.0932812500000102,0.0921093750000046,0.0200000000000089,0.07390625000001094,0.038359375000007745,0.15835937500000563
9.194147786116288,0.20062500000000982,0.0050000000000105516,0.0050000000000105516,0.00046875000000445866,0.04710937500000956,0.09093750000001011,0.09046875000000565,0.01898437500000849,0.07164062500000234,0.036796875000011386,0.15468750000000586
9.215500529783771,0.1932031250000077,0.004843750000005365,0.004843750000005365,0.00046875000000445866,0.046328125000005826,0.0876562500000011,0.08851562500000743,0.018359375000009948,0.07031250000000266,0.03562500000000579,0.1521875000000117
9.236853273451255,0.1854687500000063,0.00468750000001128,0.00468750000001128,0.00046875000000445866,0.04492187500000355,0.0843750000000032,0.0865625000000092,0.017968750000008082,0.06835937500000444,0.03429687500000611,0.14929687500000455
9.258206017118738,0.1775781250000108,0.004609375000008686,0.004609375000008686,0.0003906250000018652,0.043906250000003144,0.08179687500000643,0.08484375000000766,0.01742187500000103,0.06742187500000663,0.0332812500000057,0.1465625000000026
9.279558760786221,0.17039062500000535,0.004609375000008686,0.004609375000008686,0.0003906250000018652,0.04296875000000533,0.07890625000001039,0.08281250000000684,0.016718750000010996,0.0654687500000084,0.03234375000000789,0.14289062500000282
9.300911504453705,0.16390625000000103,0.004531250000006093,0.004531250000006093,0.0003906250000018652,0.04187500000000233,0.07640625000000512,0.08054687500000934,0.01609375000000135,0.06367187500000426,0.03148437500000156,0.1398437500000016
9.322264248121188,0.15625000000000222,0.004531250000006093,0.004531250000006093,0.0003906250000018652,0.040468750000011156,0.07375000000000576,0.07835937500000334,0.015156250000003535,0.062109375000007905,0.030468750000001155,0.13585937500000256
9.34361699178867,0.1498437500000116,0.004375000000000906,0.004375000000000906,0.0003125000000103739,0.03945312500001075,0.07156250000001085,0.07671875000000439,0.014687500000010179,0.060546875000011546,0.029609375000005933,0.13359375000000506
9.364969735456153,0.14398437500000583,0.004296875000009415,0.004296875000009415,0.0003125000000103739,0.03867187500000702,0.07015625000000858,0.07460937500000098,0.014609375000007585,0.058671875000004814,0.028281250000006253,0.1300000000000079
9.386322479123637,0.13625000000000442,0.004296875000009415,0.004296875000009415,0.0003125000000103739,0.03796875000000588,0.06820312500001036,0.07179687500000753,0.014296875000008313,0.05781250000000959,0.027343750000008438,0.12734375000000853
9.40767522279112,0.1310156250000083,0.004218750000006821,0.004218750000006821,0.0003125000000103739,0.03695312500000547,0.06593750000000176,0.0699218750000008,0.01367187500000977,0.05617187500001064,0.026484375000002114,0.12406250000001062
9.429027966458603,0.12515625000000252,0.003984375000010143,0.003984375000010143,0.0003125000000103739,0.03640625000000952,0.06398437500000353,0.06796875000000258,0.01289062500000604,0.05468750000000577,0.025703125000009486,0.12148437500000275
9.450380710126087,0.12000000000000899,0.003984375000010143,0.003984375000010143,0.00023437500000778044,0.035703125000008384,0.062421875000007176,0.0665625000000114,0.01289062500000604,0.0532812500000035,0.024453125000001297,0.11929687500000785
9.47173345379357,0.11406250000000062,0.003828125000004956,0.003828125000004956,0.00023437500000778044,0.034921875000004654,0.06046875000000895,0.06515625000000913,0.012187500000004903,0.05140625000000787,0.023593750000006075,0.11664062500000849
9.493086197461054,0.10796875000000927,0.0037500000000023626,0.0037500000000023626,0.00015625000000518696,0.03382812500000165,0.05906250000000668,0.06304687500000572,0.011406250000001172,0.050000000000005596,0.022578125000005667,0.11375000000000135
9.514438941128535,0.10312500000000391,0.003437500000003091,0.003437500000003091,0.00015625000000518696,0.03320312500000311,0.05726562500000254,0.06125000000000158,0.010781250000002629,0.04859375000000332,0.021562500000005258,0.11117187500000458
9.535791684796019,0.09703125000000146,0.0032031250000064126,0.0032031250000064126,0.00015625000000518696,0.0321875000000027,0.05585937500001137,0.059453125000008544,0.010468750000003357,0.0466406250000051,0.02085937500000412,0.10781250000000409
9.557144428463502,0.09179687500000533,0.003125000000003819,0.003125000000003819,0.00015625000000518696,0.03148437500000156,0.05375000000000796,0.05726562500000254,0.010312500000009273,0.046015625000006555,0.0200000000000089,0.10523437500000732
9.578497172130986,0.08679687500000588,0.0029687500000097344,0.0029687500000097344,0.00015625000000518696,0.03085937500000302,0.052109375000009006,0.055546875000000995,0.010156250000004086,0.044218750000002416,0.019375000000010356,0.10242187500000277
9.599849915798469,0.0821093750000057,0.002890625000007141,0.002890625000007141,0.00015625000000518696,0.030156250000001883,0.05085937500000082,0.05296875000000423,0.009843750000004814,0.0432812500000046,0.018359375000009948,0.09976562500000341
9.621202659465952,0.0776562500000022,0.0028125000000045475,0.0028125000000045475,0.00015625000000518696,0.029140625000001474,0.049140625000010374,0.050546875000001545,0.009296875000008864,0.04195312500000492,0.017265625000006946,0.09687500000000737
9.642555403133436,0.07335937500000389,0.0025781250000078693,0.0025781250000078693,0.00015625000000518696,0.02851562500000293,0.0477343750000081,0.04906250000000778,0.008906250000006999,0.040234375000003375,0.016640625000008402,0.09382812500000615
9.66390814680092,0.07015625000000858,0.0025000000000052758,0.0025000000000052758,0.00015625000000518696,0.027890625000004388,0.046796875000010285,0.04703125000000696,0.008359375000011049,0.03843750000001034,0.016171875000003944,0.09070312500000233
9.685260890468403,0.06601562500000435,0.0025000000000052758,0.0025000000000052758,0.00015625000000518696,0.027109375000000657,0.04562500000000469,0.04539062500000801,0.00789062500000659,0.037031250000008065,0.015703125000010587,0.08710937500000515
9.706613634135884,0.0621875000000105,0.0025000000000052758,0.0025000000000052758,0.00015625000000518696,0.026562500000004707,0.04398437500000574,0.044140625000010925,0.007500000000004725,0.03539062500000911,0.014921875000006857,0.08445312500000579
9.727966377803368,0.057890625000001084,0.0024218750000026823,0.0024218750000026823,0.00015625000000518696,0.02585937500000357,0.04250000000000087,0.04265625000000606,0.00734375000001064,0.033906250000004245,0.013828125000003855,0.08148437500000716
9.749319121470851,0.05390625000000204,0.002343750000011191,0.002343750000011191,0.00015625000000518696,0.0255468750000043,0.04085937500000192,0.04140625000000897,0.006953125000008775,0.032578125000004565,0.013125000000002718,0.07835937500000334
9.770671865138334,0.05093750000000341,0.002031250000000817,0.002031250000000817,0.00015625000000518696,0.025078125000010942,0.03953125000000224,0.040234375000003375,0.0066406250000095035,0.03195312500000602,0.01234375000001009,0.0754687500000073
9.792024608805818,0.048359375000006644,0.001953125000009326,0.001953125000009326,0.00015625000000518696,0.024453125000001297,0.03796875000000588,0.03828125000000515,0.006250000000007638,0.03031250000000707,0.011953125000008225,0.07281250000000794
9.813377352473301,0.044687500000006875,0.001953125000009326,0.001953125000009326,0.00015625000000518696,0.024140625000002025,0.036562500000003606,0.03695312500000547,0.00578125000000318,0.029140625000001474,0.011250000000007088,0.07031250000000266
9.834730096140785,0.042031250000007514,0.0018750000000067324,0.0018750000000067324,0.00015625000000518696,0.023359375000009397,0.03507812500000984,0.03562500000000579,0.0055468750000065015,0.028046875000009575,0.010781250000002629,0.0687500000000063
9.856082839808268,0.03859375000000442,0.0018750000000067324,0.0018750000000067324,0.00015625000000518696,0.02265625000000826,0.033906250000004245,0.034375000000008704,0.00523437500000723,0.026406250000010623,0.010000000000010001,0.06609375000000695
9.87743558347575,0.03617187500000174,0.0017187500000015454,0.0017187500000015454,0.00015625000000518696,0.021953125000007123,0.033046875000009024,0.0332812500000057,0.004765625000002771,0.025390625000010214,0.009296875000008864,0.06289062500001164
9.898788327143233,0.03421875000000352,0.0017187500000015454,0.0017187500000015454,0.00015625000000518696,0.0210937500000008,0.03132812500000748,0.03156250000000416,0.004531250000006093,0.024296875000007212,0.008828125000004405,0.06023437500000117
9.920141070810716,0.03195312500000602,0.0016406250000100542,0.0016406250000100542,0.00015625000000518696,0.020468750000002256,0.03007812500001039,0.02984375000000261,0.004375000000000906,0.022812500000002345,0.008281250000008455,0.057343750000005134
9.9414938144782,0.029609375000005933,0.0015625000000074607,0.0015625000000074607,0.00015625000000518696,0.01976562500000112,0.029140625000001474,0.028906250000004796,0.004140625000004228,0.021953125000007123,0.00789062500000659,0.05523437500000172
9.962846558145683,0.027578125000005116,0.0014843750000048672,0.0014843750000048672,0.00015625000000518696,0.019140625000002576,0.02820312500000366,0.027890625000004388,0.0039062500000075495,0.02085937500000412,0.00710937500000286,0.052343750000005684
9.984199301813167,0.025156250000002434,0.0014062500000022737,0.0014062500000022737,0.00015625000000518696,0.01867187500000922,0.02687500000000398,0.0266406250000073,0.003828125000004956,0.01976562500000112,0.0064843750000043165,0.04984375000001151
10.00555204548065,0.023046875000010125,0.0014062500000022737,0.0014062500000022737,0.00015625000000518696,0.018125000000002167,0.025703125000009486,0.0255468750000043,0.003437500000003091,0.019140625000002576,0.00601562500001096,0.04757812500000291
10.026904789148134,0.021562500000005258,0.0013281250000107825,0.0013281250000107825,0.00015625000000518696,0.01765625000000881,0.02421875000000462,0.02476562500001167,0.0033593750000115996,0.018125000000002167,0.005625000000009095,0.044453125000010196
10.048257532815615,0.019296875000007763,0.0013281250000107825,0.0013281250000107825,0.00015625000000518696,0.01640625000000062,0.02320312500000421,0.023125000000001616,0.0030468750000012257,0.01734375000000954,0.005156250000004636,0.041250000000003784
10.069610276483099,0.017734375000011404,0.0013281250000107825,0.0013281250000107825,0.00015625000000518696,0.01578125000000208,0.022734375000010854,0.02132812500000858,0.002734375000001954,0.016171875000003944,0.004843750000005365,0.03929687500000556
10.090963020150582,0.015703125000010587,0.001250000000008189,0.001250000000008189,0.00015625000000518696,0.014843750000004263,0.021406250000011173,0.0200000000000089,0.0025000000000052758,0.015625000000007994,0.00468750000001128,0.036796875000011386
10.112315763818065,0.014140625000003126,0.0011718750000055955,0.0011718750000055955,0.00015625000000518696,0.014453125000002398,0.02031250000000817,0.01875000000000071,0.0022656250000085976,0.014375000000010907,0.004296875000009415,0.03406250000000943
10.133668507485549,0.012265625000007496,0.0010156250000115108,0.0010156250000115108,0.00015625000000518696,0.013515625000004583,0.01898437500000849,0.017265625000006946,0.002187500000006004,0.013125000000002718,0.004062500000001634,0.03195312500000602
10.155021251153032,0.010625000000008544,0.0010156250000115108,0.0010156250000115108,7.812500000259348e-05,0.012656250000009361,0.01742187500000103,0.016250000000006537,0.001953125000009326,0.012187500000004903,0.0037500000000023626,0.029375000000009255
10.176373994820516,0.009843750000004814,0.0009375000000089173,0.0009375000000089173,7.812500000259348e-05,0.01210937500000231,0.016250000000006537,0.01500000000000945,0.0016406250000100542,0.011484375000003766,0.0032031250000064126,0.027109375000000657
10.197726738487999,0.008359375000011049,0.0009375000000089173,0.0009375000000089173,7.812500000259348e-05,0.01156250000000636,0.014921875000006857,0.013906250000006448,0.0015625000000074607,0.010468750000003357,0.0028125000000045475,0.024296875000007212
10.21907948215548,0.007187500000005453,0.0008593750000063238,0.0008593750000063238,7.812500000259348e-05,0.011328125000009681,0.014375000000010907,0.012734375000000853,0.0014062500000022737,0.009843750000004814,0.0026562500000104627,0.021562500000005258
10.240432225822964,0.00601562500001096,0.0007812500000037303,0.0007812500000037303,7.812500000259348e-05,0.010781250000002629,0.01367187500000977,0.011484375000003766,0.0014062500000022737,0.008984375000009592,0.0025000000000052758,0.019843750000003713
10.261784969490447,0.0053906250000013145,0.0006250000000096456,0.0006250000000096456,7.812500000259348e-05,0.010078125000001492,0.012968750000008633,0.010312500000009273,0.0014062500000022737,0.00843750000000254,0.0022656250000085976,0.017500000000003624
10.283137713157931,0.004531250000006093,0.0006250000000096456,0.0006250000000096456,7.812500000259348e-05,0.00921875000000627,0.011953125000008225,0.00921875000000627,0.001250000000008189,0.008125000000003268,0.002187500000006004,0.015468750000002807
10.304490456825414,0.003984375000010143,0.0006250000000096456,0.0006250000000096456,7.812500000259348e-05,0.00867187500001032,0.010937500000007816,0.007812500000003997,0.0011718750000055955,0.007812500000003997,0.002031250000000817,0.013906250000006448
10.325843200492898,0.003281250000009006,0.0006250000000096456,0.0006250000000096456,7.812500000259348e-05,0.008125000000003268,0.010078125000001492,0.00710937500000286,0.0011718750000055955,0.007578125000007319,0.001796875000004139,0.013125000000002718
10.347195944160381,0.002734375000001954,0.0006250000000096456,0.0006250000000096456,7.812500000259348e-05,0.007265625000008047,0.009375000000011458,0.006328125000010232,0.001093750000003002,0.006796875000003588,0.0015625000000074607,0.011484375000003766
10.368548687827865,0.0022656250000085976,0.0005468750000070521,0.0005468750000070521,7.812500000259348e-05,0.006796875000003588,0.008750000000001812,0.0055468750000065015,0.001093750000003002,0.005937500000008367,0.0015625000000074607,0.00976562500000222
10.389901431495346,0.001796875000004139,0.00046875000000445866,0.00046875000000445866,7.812500000259348e-05,0.0064843750000043165,0.007812500000003997,0.00468750000001128,0.0010156250000115108,0.0053906250000013145,0.0014062500000022737,0.008593750000007727
10.41125417516283,0.0017187500000015454,0.0003906250000018652,0.0003906250000018652,7.812500000259348e-05,0.00601562500001096,0.006875000000006182,0.003984375000010143,0.0008593750000063238,0.004921875000007958,0.001250000000008189,0.007500000000004725
10.432606918830313,0.001093750000003002,0.0003906250000018652,0.0003906250000018652,7.812500000259348e-05,0.005468750000003908,0.006328125000010232,0.002890625000007141,0.0008593750000063238,0.00468750000001128,0.0010156250000115108,0.0066406250000095035
10.453959662497796,0.0007812500000037303,0.0003125000000103739,0.0003125000000103739,7.812500000259348e-05,0.004921875000007958,0.005078125000002043,0.001953125000009326,0.0007812500000037303,0.004375000000000906,0.0010156250000115108,0.005468750000003908
10.47531240616528,0.00046875000000445866,0.0003125000000103739,0.0003125000000103739,7.812500000259348e-05,0.004609375000008686,0.004609375000008686,0.0016406250000100542,0.0005468750000070521,0.003984375000010143,0.0007812500000037303,0.005078125000002043
10.496665149832763,0.0003906250000018652,0.0003125000000103739,0.0003125000000103739,7.812500000259348e-05,0.003984375000010143,0.0039062500000075495,0.0011718750000055955,0.00046875000000445866,0.003437500000003091,0.0007812500000037303,0.004375000000000906
10.518017893500247,0.0003906250000018652,0.0003125000000103739,0.0003125000000103739,7.812500000259348e-05,0.0035156250000056843,0.0036718750000108713,0.0009375000000089173,0.00046875000000445866,0.0029687500000097344,0.0007031250000011369,0.0035156250000056843
10.53937063716773,0.0003125000000103739,0.0003125000000103739,0.0003125000000103739,7.812500000259348e-05,0.0029687500000097344,0.003125000000003819,0.0007812500000037303,0.0003906250000018652,0.002343750000011191,0.0007031250000011369,0.0030468750000012257
10.560723380835212,0.0003125000000103739,0.0003125000000103739,0.0003125000000103739,7.812500000259348e-05,0.0025781250000078693,0.0025000000000052758,0.0006250000000096456,0.00023437500000778044,0.001953125000009326,0.0007031250000011369,0.002734375000001954
10.582076124502695,0.00023437500000778044,0.00023437500000778044,0.00023437500000778044,7.812500000259348e-05,0.001953125000009326,0.001953125000009326,0.0005468750000070521,0.00023437500000778044,0.0013281250000107825,0.0006250000000096456,0.0022656250000085976
10.603428868170178,0.00023437500000778044,0.00015625000000518696,0.00015625000000518696,7.812500000259348e-05,0.0015625000000074607,0.0015625000000074607,0.0003906250000018652,0.00015625000000518696,0.0010156250000115108,0.0003906250000018652,0.001796875000004139
10.624781611837662,0.00015625000000518696,0.00015625000000518696,0.00015625000000518696,7.812500000259348e-05,0.0011718750000055955,0.001250000000008189,0.00023437500000778044,7.812500000259348e-05,0.0006250000000096456,0.0003906250000018652,0.0011718750000055955
10.646134355505145,0.00015625000000518696,0.00015625000000518696,0.00015625000000518696,7.812500000259348e-05,0.0007812500000037303,0.0007031250000011369,0.00023437500000778044,7.812500000259348e-05,0.00046875000000445866,0.00023437500000778044,0.0009375000000089173
10.667487099172629,7.812500000259348e-05,0.00015625000000518696,0.00015625000000518696,7.812500000259348e-05,0.0005468750000070521,0.0003125000000103739,0.00015625000000518696,7.812500000259348e-05,0.0003906250000018652,0.00023437500000778044,0.0006250000000096456
10.688839842840112,7.812500000259348e-05,0.00015625000000518696,0.00015625000000518696,7.812500000259348e-05,0.0003125000000103739,0.00023437500000778044,7.812500000259348e-05,7.812500000259348e-05,0.0003125000000103739,0.00015625000000518696,0.0003125000000103739
10.710192586507596,0.0,0.0,0.0,0.0,0.0,0.0,0.0,0.0,0.0,0.0,0.0
