Patient,Session,File,Motion Mean,Motion Std,Motion Max,Motion Min,Motion P10,Motion P50,Motion P90,Jacobian Mean,Jacobian Std,Jacobian Min,Jacobian % Negative,Harmonic Energy,QA_JAC0,QA_JAC2,QA_HE,QA_Passed
pt002,MR1,002_to_001_warp.nii.gz,1.0740683567638991,1.4644906847654218,6.457606786278562,0.0017606022376283512,0.10563167062467073,0.3949746409752105,3.329834231648629,1.0418230395080401,0.6979604548884327,-0.6759713043458913,1.8310546875e-05,0.6013613855129564,False,True,True,False
pt002,MR1,003_to_002_warp.nii.gz,1.0142644301622352,1.4828926786338819,8.362675518137122,0.0008787511879418724,0.08568178290960646,0.3067175224639228,3.303584485052133,1.04200769907477,0.6869732239739053,-0.44514483961442725,4.150390625e-05,0.5738711599099615,False,True,True,False
pt002,MR1,004_to_003_warp.nii.gz,1.1700930546795603,1.4731580581040866,6.932349245854295,0.0018121289857947354,0.10011339779267012,0.45403283581309806,3.385165970659293,1.0415186496289972,0.708572221251785,-0.4718130736909017,2.8076171875e-05,0.6158080079905512,False,True,True,False
pt002,MR1,005_to_004_warp.nii.gz,1.05624025470215,1.4879896724841193,8.807490352471534,0.0008949743742264991,0.09097806891877623,0.34412844825281175,3.36713955033642,1.0412234608771174,0.6978472683009892,-1.0954894606330243,5.55419921875e-05,0.6103646050207339,False,True,True,False
pt002,MR1,006_to_005_warp.nii.gz,1.1136166198495272,1.485523873766813,8.673388420484285,0.001112528010720976,0.09506650209482861,0.39949843532934237,3.3902685149944283,1.0405015852499258,0.7039798430707274,-1.0299733262004023,7.2021484375e-05,0.6243085318867796,False,True,True,False
pt002,MR1,007_to_006_warp.nii.gz,1.0213344943197145,1.494771110327755,11.61763746770969,0.001429239391306392,0.08558610633537288,0.3005226596063383,3.3304159602359666,1.0421761520566037,0.6916188190853623,-0.3449819535315185,3.90625e-05,0.5844990233826389,False,True,True,False
pt002,MR1,008_to_007_warp.nii.gz,1.074164065364991,1.488309681904101,8.73423567529141,0.0017948693286074702,0.090425398492368,0.35988408420785845,3.3651809563060837,1.0406948970496197,0.6915392220039448,-0.8007365517098787,4.2724609375e-05,0.5950974470053033,False,True,True,False
pt002,MR1,009_to_008_warp.nii.gz,1.0282247774874547,1.489647639757056,11.299781282711578,0.0006860549226981792,0.09188735087121293,0.3166900717452953,3.332376763898349,1.0419308887878542,0.6865747285836417,-0.32160051165748105,2.01416015625e-05,0.5843859430275719,False,True,True,False
pt002,MR1,010_to_009_warp.nii.gz,1.0116612538224405,1.4906962594753603,8.147184591631353,0.001188065180768631,0.08667642035201478,0.2907678444368868,3.3122638800172526,1.04208601082923,0.6856109528122813,-0.397818864559502,2.50244140625e-05,0.5695871487873849,False,True,True,False
pt002,MR1,011_to_010_warp.nii.gz,1.013342705915777,1.477479429807919,7.015773786542365,0.0011622569679503975,0.08731025653046824,0.3145175793897691,3.3067911326862904,1.0420126896943072,0.6801007813529638,-0.13839000469548557,1.28173828125e-05,0.5564726635499607,False,True,True,False
pt002,MR1,012_to_011_warp.nii.gz,1.176782637151934,1.4776918269082173,7.280397313939048,0.0017795866571493001,0.09920370900857789,0.45707791654039465,3.3961532886668655,1.0414423835115896,0.7137861994500544,-0.6631038212438887,1.5869140625e-05,0.6218892643628523,False,True,True,False
pt002,MR1,013_to_012_warp.nii.gz,1.023874115110663,1.4760083340558536,7.108146931552541,0.0019548093563387216,0.09355434355087174,0.34051184893910347,3.3249926183511396,1.0411072065602032,0.6769414677003694,-0.7371316211998782,2.38037109375e-05,0.5627200508273207,False,True,True,False
pt002,MR1,014_to_013_warp.nii.gz,1.1128820818122918,1.4701714180549175,7.432461224591,0.0015155977287454533,0.09621489190004127,0.41138259055591764,3.3293205941048947,1.0393934851234583,0.6906676889609826,-0.6294588872086796,1.953125e-05,0.5838716454568768,False,True,True,False
pt002,MR1,015_to_014_warp.nii.gz,1.0357362620360917,1.4704891739193648,8.118585200916034,0.00096995553310131,0.08976854793632756,0.348316026167573,3.3276279993086884,1.041974245343259,0.6756693950409167,-0.039653534315154865,1.03759765625e-05,0.5478603452451083,False,True,True,False
pt002,MR1,016_to_015_warp.nii.gz,1.0907420568449893,1.4682770160281988,8.237287655767425,0.0011039861489761267,0.09697747586939043,0.4075924523333541,3.3230192009716064,1.0403617426192466,0.6892767682447495,-0.015850762837643636,4.8828125e-06,0.5855644909575345,False,True,True,False
pt002,MR1,017_to_016_warp.nii.gz,1.0142030693809971,1.4752566128325801,8.13437766533116,0.0009349152836974987,0.09210604441933339,0.3216689243297012,3.3064462386243676,1.0420364836412863,0.6783998593524715,-0.44550509220244006,4.2724609375e-05,0.5569906390097821,False,True,True,False
pt002,MR1,018_to_017_warp.nii.gz,1.015974164163527,1.4735010524977574,7.879449763939413,0.001497819734402679,0.09159497021824461,0.3190908800441971,3.283526518687958,1.0417661846696478,0.6779760859409028,-0.7618519774154116,1.40380859375e-05,0.5608310609860776,False,True,True,False
pt002,MR1,019_to_018_warp.nii.gz,1.0074264499517591,1.474857302383796,8.067648703929905,0.0016426900509814938,0.08876220132541708,0.317315696224514,3.288091380432009,1.0420521796096416,0.6770471101253625,-0.2631713185125634,1.5869140625e-05,0.5534217831685536,False,True,True,False
pt002,MR1,020_to_019_warp.nii.gz,0.9906873630676728,1.4846273648655948,7.189646027955896,0.0006840695254272327,0.08327018358857793,0.2796742679834329,3.3023463108868847,1.0421185005600087,0.6749998014704653,-0.09640420343843867,2.13623046875e-05,0.5457516523652464,False,True,True,False
pt002,MR1,021_to_020_warp.nii.gz,1.05097685380524,1.47022663222874,7.859331909943983,0.0014365428269911692,0.09192420685476546,0.36347133981082624,3.3153116286107887,1.0420247268420482,0.6826762715183664,-0.4611699095624877,1.89208984375e-05,0.5714180360446103,False,True,True,False
pt002,MR1,022_to_021_warp.nii.gz,1.054570962330583,1.471598491629957,9.582317545148324,0.0014612259214216489,0.09353128565253717,0.37048200449516344,3.3138784263356325,1.0420083983184731,0.6867658896528052,-0.47176780538865315,4.7607421875e-05,0.5813271196436187,False,True,True,False
pt002,MR1,023_to_022_warp.nii.gz,1.058856421930165,1.471176993172113,8.089019724297536,0.001194976777810828,0.0947192640775041,0.37237831337023497,3.3263946979754575,1.0409049156223382,0.6878464676264413,-0.9029922326061639,3.662109375e-05,0.5854077681101872,False,True,True,False
pt002,MR1,024_to_023_warp.nii.gz,1.0373166970920722,1.4712982269093609,7.02380036190936,0.0007286067192516188,0.09224050555180706,0.35595684809209316,3.302793747963443,1.041053382410193,0.681083522943318,-0.2897410301859007,2.9296875e-05,0.5635264675599022,False,True,True,False
pt002,MR1,025_to_024_warp.nii.gz,0.9817643636561361,1.4767703581252085,8.059655064809327,0.0019040642315370333,0.08705584560190024,0.2928540835399051,3.281487329403491,1.0421523243304787,0.6755471148693829,-0.4401030854194448,7.9345703125e-06,0.5464932981196786,False,True,True,False
pt002,MR1,026_to_025_warp.nii.gz,1.0291332523057235,1.4748128873744495,8.200074426854384,0.0004019151495313822,0.08942186019774452,0.33515704748134933,3.3090635455231836,1.041873144384468,0.6848069726827745,-0.6908432564246344,3.173828125e-05,0.5728796069420784,False,True,True,False
pt002,MR1,027_to_026_warp.nii.gz,1.0445182081708482,1.4758658471396697,9.717254624505614,0.001478235576422603,0.09025860702195573,0.3483385740149176,3.3226629946011097,1.0420718219540843,0.6889488718365686,-0.6071455331170237,1.708984375e-05,0.5770498755584735,False,True,True,False
pt002,MR1,028_to_027_warp.nii.gz,1.0503501738539527,1.477697354757367,7.934665773428248,0.0016908966960694544,0.09553884737504434,0.36160698865492935,3.345909667153464,1.0410905646178978,0.6901114593505043,-0.3350473641420417,2.13623046875e-05,0.5948958429860518,False,True,True,False
pt002,MR1,029_to_028_warp.nii.gz,1.0884326051185096,1.4855687456249447,10.340102111204889,0.0009259747012502515,0.0947849953957102,0.38078333612069204,3.3755916805497295,1.0404608863407112,0.6976873825807215,-0.8991815422705914,4.57763671875e-05,0.6041395435570736,False,True,True,False
pt002,MR1,030_to_029_warp.nii.gz,1.034748056463976,1.4886252787955954,10.832721465559148,0.0013867429152439451,0.09000395471651058,0.3267832073736219,3.338481344579483,1.0420674687996716,0.6925457726261676,-0.3126198467508539,5.67626953125e-05,0.5915053979157341,False,True,True,False
pt002,MR1,031_to_030_warp.nii.gz,1.09553957539377,1.4845908710470768,9.927923317550661,0.0014628111272222406,0.09595582839573392,0.3869793477899438,3.4015508745863103,1.0417843900889654,0.7064539841286016,-1.1025006045891428,6.16455078125e-05,0.6218384493904818,False,True,True,False
pt002,MR1,032_to_031_warp.nii.gz,1.1098213580489584,1.476724136139209,7.964001990099933,0.0004989825496024626,0.1003321393884822,0.4120225533491232,3.3901214768026797,1.0415056179460442,0.7074825178121519,-0.7438079701213208,5.126953125e-05,0.6226740538592366,False,True,True,False
pt002,MR1,033_to_032_warp.nii.gz,1.0891445048705486,1.491181200839271,8.047428207521271,0.0008705338961487076,0.09493549524140946,0.37768488106487286,3.4241723903887507,1.0410416115049197,0.7044863716095829,-0.7575364741628428,8.4228515625e-05,0.6242013794711699,False,True,True,False
pt002,MR1,034_to_033_warp.nii.gz,1.0769353274507134,1.4798515790388285,7.353891394693673,0.0016100446236992996,0.09540214266012635,0.3794959884695421,3.3483344570053126,1.0410813734381774,0.7025170988449648,-0.36113011315231114,3.0517578125e-05,0.6112934802688601,False,True,True,False
pt002,MR1,035_to_034_warp.nii.gz,1.02207347086284,1.4907240010513143,9.856339344206447,0.001469120564705521,0.08744361086772096,0.30921552375293754,3.321930746397638,1.0415752716952464,0.6834800727613564,-1.5682161058144468,4.33349609375e-05,0.5783611869655438,False,True,True,False
pt002,MR1,036_to_035_warp.nii.gz,1.0524409235317826,1.4828114237429855,8.210366656019872,0.0011276480015810194,0.09142563932291438,0.3486640538324064,3.342884644581532,1.0420195277824102,0.6963345877497095,-0.4645863129919242,7.62939453125e-05,0.5882895326992729,False,True,True,False
pt002,MR1,037_to_036_warp.nii.gz,1.0860615391141386,1.4933043853652768,9.372486891373507,0.001705340153162199,0.09150390145094849,0.356618079334202,3.42510849418956,1.0420006660757326,0.7033044572051056,-0.2915847577356262,3.60107421875e-05,0.6136440004145777,False,True,True,False
pt002,MR1,038_to_037_warp.nii.gz,1.0697515738348609,1.481250418251814,8.060051107029835,0.0011498061482566487,0.09290260489100415,0.36529670743456316,3.328488920352601,1.0409540771602774,0.6942127583241906,-0.638978569159065,3.96728515625e-05,0.6043758908175857,False,True,True,False
pt002,MR1,039_to_038_warp.nii.gz,1.0975366283543502,1.4809996293331338,8.158136609060524,0.00047759868605828015,0.09383710282054784,0.38984120438088377,3.353899238502469,1.0404618673028008,0.6906577194487145,-2.2550484462902065,3.173828125e-05,0.5976814886994503,False,True,True,False
pt002,MR1,040_to_039_warp.nii.gz,1.0131391222025459,1.477810877362907,6.881050743882412,0.001090521644497215,0.0911890969975613,0.32358078610888796,3.294248916011834,1.0415673767315328,0.6813170491286316,-0.5876068364523728,3.2958984375e-05,0.5632626920831578,False,True,True,False
pt002,MR1,041_to_040_warp.nii.gz,1.014959998147759,1.473767866472814,8.820902575061,0.001100969638300081,0.09090622335460392,0.32279124464052616,3.2800421456031352,1.042221124110043,0.680140437349213,-0.31115065064645386,3.0517578125e-05,0.5652759041303484,False,True,True,False
pt002,MR1,042_to_041_warp.nii.gz,1.1173701319513478,1.468563785216161,7.74855706003143,0.001456251060176669,0.0980805062678127,0.4206507441946551,3.3568420103689967,1.0416699836314673,0.6992740475967941,-0.5291034296384347,6.89697265625e-05,0.6023650499362144,False,True,True,False
pt002,MR1,043_to_042_warp.nii.gz,1.0328151713952745,1.485092883965573,9.407370689289104,0.0019490808403599053,0.09336348817720198,0.3288131206613374,3.3346700837936742,1.0421209983706956,0.6875729935094124,-0.4003993284347092,1.89208984375e-05,0.5777791613778968,False,True,True,False
pt002,MR1,044_to_043_warp.nii.gz,1.0585744037092015,1.4742972321188912,9.027928487062127,0.0011613355213384814,0.09367159994099149,0.37308834642193295,3.3256045812404067,1.0412031718641126,0.6850667747710245,-0.45941935676682827,2.62451171875e-05,0.5798989684389791,False,True,True,False
pt002,MR1,045_to_044_warp.nii.gz,1.0683161540104187,1.4720421787070626,7.724289550953883,0.0009047924172796955,0.09705682350829328,0.3912596318354844,3.326220333963423,1.0412328888339002,0.6892907200336459,-0.4620537610282645,3.84521484375e-05,0.5875987036992756,False,True,True,False
pt002,MR1,046_to_045_warp.nii.gz,0.9623268749435359,1.4811956707437428,7.337016132289156,0.0008819023166733287,0.08530277791592879,0.2733558841665926,3.270325973483294,1.0422248949683002,0.6741085847090778,-0.12027671618598426,1.40380859375e-05,0.5341067581767937,False,True,True,False
pt002,MR1,047_to_046_warp.nii.gz,0.9724126632291805,1.4824434365978663,7.881708264194583,0.000628969820074,0.08463424345984001,0.27625944233344635,3.2721334173153016,1.0421869426740766,0.6696549180925386,-0.3898317010477237,3.47900390625e-05,0.5374268639959866,False,True,True,False
pt002,MR1,048_to_047_warp.nii.gz,1.017500286543907,1.4710295361308463,7.795384437481283,0.0011392431654830657,0.0902607520080687,0.3303913400638101,3.294528604145081,1.042003625201081,0.6808186190392281,-0.08348928728752969,1.220703125e-05,0.5619459479455345,False,True,True,False
pt002,MR1,049_to_048_warp.nii.gz,1.084503810609763,1.4685034423422862,8.47298184945406,0.0009925353466836444,0.0959659154233929,0.3880662795534417,3.325053242729727,1.0417208455278,0.6840399772469695,-0.27320183130959863,2.62451171875e-05,0.564830831515077,False,True,True,False
pt002,MR1,050_to_049_warp.nii.gz,0.9778200201410017,1.4692437000706506,6.219809989489404,0.0013165658532565876,0.09024345723147033,0.307893405126583,3.279163924088298,1.0415548864906534,0.6675518519533377,-0.06845321736218342,3.662109375e-06,0.5315093640192992,False,True,True,False
pt002,MR1,051_to_050_warp.nii.gz,1.0365312452015951,1.4680366632243764,6.8658959614217565,0.0010047530877971026,0.09214628863609413,0.3534663591010766,3.2974282452683963,1.0405382070273703,0.6747432611744483,-0.1715205657807797,7.9345703125e-06,0.5462527196867122,False,True,True,False
pt002,MR1,052_to_051_warp.nii.gz,0.9696298090138292,1.4786054921447933,8.319011002225826,0.001364981689979959,0.08546862556352387,0.28681271616991333,3.280060163769538,1.041760374506223,0.6670987072551902,-2.8284770402263604,1.64794921875e-05,0.526754168756784,False,True,True,False
pt002,MR1,053_to_052_warp.nii.gz,1.0271395931389486,1.4711207242652375,7.686699407566248,0.00040760251005899365,0.09125994924026347,0.33773330288077935,3.298061980797576,1.0419987407327276,0.6846825382189485,-0.4724510439670132,1.5869140625e-05,0.5705213204972452,False,True,True,False
pt002,MR1,054_to_053_warp.nii.gz,1.040463705468044,1.4719917423092435,6.6345509141952625,0.001690864370448232,0.09021544485443932,0.3461295214338037,3.312973137748252,1.0421637905952543,0.6926726551845688,-0.14084282421076427,2.44140625e-05,0.5718753382446695,False,True,True,False
pt002,MR1,055_to_054_warp.nii.gz,1.071684222588747,1.4737470730103273,8.030997896093018,0.0016196621993245907,0.0964406394554621,0.3828589275215304,3.3431090874167095,1.041872809963296,0.699470352717527,-0.14276664055804889,2.685546875e-05,0.5932375113745069,False,True,True,False
pt002,MR1,056_to_055_warp.nii.gz,1.066146941174463,1.4888154697180382,9.06437215775289,0.0004138696354678195,0.09232854426635666,0.35037695905874544,3.367308167228708,1.041203164199639,0.6951690738959381,-0.27083456041188,2.685546875e-05,0.6062265841166014,False,True,True,False
pt002,MR1,057_to_056_warp.nii.gz,1.1177115119282053,1.4887674497827565,8.998257711280342,0.0016610447837732986,0.0970367795504785,0.4024261045318581,3.417892561775042,1.0404974330596812,0.7050081009539404,-0.3199890361168663,3.72314453125e-05,0.6358409688115007,False,True,True,False
pt002,MR1,058_to_057_warp.nii.gz,1.0525732431638353,1.4880509388805505,10.379497330127482,0.0013953088334012662,0.09314602121229947,0.334402011881037,3.3444612018777256,1.0419996892906325,0.6986797459175904,-0.6307675266149547,6.9580078125e-05,0.6105720497563663,False,True,True,False
pt002,MR1,059_to_058_warp.nii.gz,1.1031834495828985,1.4866997129087054,8.09191259878493,0.0009053485211752763,0.09225798929796673,0.38268405713569703,3.4028605322170016,1.041748613727033,0.7136080107470146,-1.2343078790524105,7.99560546875e-05,0.6354702490205367,False,True,True,False
pt002,MR1,060_to_059_warp.nii.gz,1.0552892378737924,1.4930545152122474,8.567890855020702,0.0008785013028857174,0.09223750487494245,0.33142754276146,3.3674082038952378,1.0418103378687658,0.7011125119505767,-0.4273583585070729,4.21142578125e-05,0.6136455726023329,False,True,True,False
pt002,MR1,061_to_060_warp.nii.gz,1.1135218928472366,1.4880746898229367,9.796085837140895,0.0005842222421150262,0.09695509323662187,0.40432124496399047,3.4167727172155673,1.040840887744271,0.7098325819651946,-0.6323713778990322,7.080078125e-05,0.6335350486227426,False,True,True,False
pt002,MR1,062_to_061_warp.nii.gz,1.0436646186905927,1.49413329805336,9.343167209242491,0.001828367663299144,0.0916301764855815,0.319134576010723,3.350152170103677,1.0420011792742494,0.6957973975894227,-0.8747946931883895,7.32421875e-05,0.6030833684633079,False,True,True,False
pt002,MR1,063_to_062_warp.nii.gz,1.1000453441521338,1.4760087125686718,8.78384576744162,0.0018895659818318447,0.09897312442897702,0.4085816396338161,3.3804355715940675,1.042020942172928,0.6971494245713699,-0.9412766778508856,4.2724609375e-05,0.6057500181400575,False,True,True,False
pt002,MR1,064_to_063_warp.nii.gz,1.0198439859980528,1.4809928752214194,7.738370925876418,0.0015010412423929202,0.09238076645046346,0.3258075436601542,3.310420407609351,1.0420563737176645,0.6807416388377128,-0.5773379125730326,3.72314453125e-05,0.5650897487600691,False,True,True,False
pt002,MR1,065_to_064_warp.nii.gz,1.0263980800550452,1.4724806365843235,10.418490539539501,0.001262246933941353,0.09098418534804226,0.34469903432075877,3.297012262117083,1.0421978541087513,0.6760755681912872,-0.7453919248737018,3.662109375e-05,0.548760552928898,False,True,True,False
pt002,MR1,066_to_065_warp.nii.gz,0.986778702157672,1.4832174613084268,9.797584878916505,0.0012123844076287838,0.08810205559074955,0.2915973686704214,3.2875676730484233,1.0420482138194762,0.6714116639186418,-0.6394570319384202,1.708984375e-05,0.538944970656016,False,True,True,False
pt002,MR1,067_to_066_warp.nii.gz,1.0440402635155663,1.4755131821064806,10.196250369282078,0.0016207800977022188,0.0944045975627144,0.3643442279789758,3.332293732535705,1.0408187409690586,0.6824865144460249,-0.6550801914617772,3.23486328125e-05,0.5711339736314814,False,True,True,False
pt002,MR1,068_to_067_warp.nii.gz,1.0331539972590853,1.4769234398798097,8.266168248985103,0.001388162650828487,0.09243734191576335,0.35027666870804886,3.3231791489509845,1.0411425771068314,0.6799342502165985,-0.5831478645105761,3.5400390625e-05,0.5606066671953351,False,True,True,False
pt002,MR1,069_to_068_warp.nii.gz,1.0457972726551565,1.465735885027818,6.924024528160393,0.0026246260683841526,0.09358453120591904,0.3730031101718291,3.3015465831059148,1.0405362840118588,0.678544226604554,-0.9125596679829435,1.52587890625e-05,0.5546640807697358,False,True,True,False
pt002,MR1,070_to_069_warp.nii.gz,1.0071810560169638,1.4685403318431476,7.979634546239428,0.001886770933082037,0.09173310908930166,0.3321187737835881,3.297038355249935,1.0420638388434924,0.6839952606159178,-0.32086823324979774,3.662109375e-06,0.545853408842365,False,True,True,False
pt002,MR1,071_to_070_warp.nii.gz,0.9914185124090612,1.4760702120227047,10.115517748022464,0.0017972528799521565,0.08701700018247754,0.3117271108231313,3.290284152005031,1.0421297933827574,0.6758825135307862,-0.09038957677760939,5.4931640625e-06,0.5431589829671859,False,True,True,False
pt002,MR1,072_to_071_warp.nii.gz,1.0461426892020942,1.4635358211724019,6.92225040614869,0.001058370303689406,0.09590347862482353,0.3792121739614476,3.3121894023156973,1.0419616364977882,0.684234869098679,-0.14654032333643954,1.89208984375e-05,0.563112726711245,False,True,True,False
pt002,MR1,073_to_072_warp.nii.gz,1.0700651800401537,1.47591503867683,8.039547164643556,0.0016349264468798785,0.0980265970019526,0.3853130129123766,3.3567543330991985,1.040779710072605,0.6920328907866966,-0.4802423703787991,3.2958984375e-05,0.5917907979004285,False,True,True,False
pt002,MR1,074_to_073_warp.nii.gz,1.0471207352303598,1.4859905229629888,9.254595784505778,0.0005778819725814723,0.09352749415770896,0.34137256463344956,3.356875766756834,1.0416170881053615,0.6928817620706991,-0.6748029314611883,5.37109375e-05,0.5925331535562814,False,True,True,False
pt002,MR1,075_to_074_warp.nii.gz,1.0297443847139955,1.4884751550516389,7.508951135856962,0.0012638154511061565,0.08963034383667023,0.3150148196086997,3.328014041488207,1.0415954043573505,0.6867931038109695,-0.4452400168288318,3.60107421875e-05,0.5843855864184251,False,True,True,False
pt002,MR1,076_to_075_warp.nii.gz,1.0121599316942627,1.4912918142219225,9.31947906365467,0.0010291869345824601,0.08601598719586902,0.29288442062881137,3.320066665268312,1.0421214513414443,0.6874536896548895,-2.036059625470563,3.173828125e-05,0.580345344201985,False,True,True,False
pt002,MR1,077_to_076_warp.nii.gz,1.1307617668252208,1.4760813471463585,7.875358025909723,0.0006361115284214231,0.09834695183295138,0.4338668186473909,3.399967154654159,1.0415723487230395,0.7098899516883102,-0.7440055597975028,5.31005859375e-05,0.63048761445448,False,True,True,False
pt002,MR1,078_to_077_warp.nii.gz,1.0627866346654617,1.4821145157861846,8.18015572611015,0.0010491139303752243,0.09643914159339172,0.3573054552615602,3.3501448722202647,1.0418226271310842,0.698735083910818,-0.4234847738077544,3.47900390625e-05,0.6140699144460388,False,True,True,False
pt002,MR1,079_to_078_warp.nii.gz,1.1017794172485826,1.4889481125188038,9.512302417783864,0.0013181853075521044,0.09342865252450464,0.3870231303884202,3.387881925405742,1.0405195062966182,0.7062253219449387,-0.7681958970382329,9.94873046875e-05,0.6260246130167512,False,True,True,False
pt002,MR1,080_to_079_warp.nii.gz,1.0488818727436469,1.4932939640145992,10.482555915720653,0.0008885791586526768,0.09338315310671615,0.3327405939350244,3.3587940097914255,1.0417820197098566,0.6976903915920154,-0.5369901975655584,5.06591796875e-05,0.6074564882519309,False,True,True,False
pt002,MR1,081_to_080_warp.nii.gz,1.121344667453876,1.4788467482184253,8.083376742762608,0.001716467271959144,0.09798679179434333,0.4123603543436721,3.3917155228632843,1.0416862230745076,0.7085276886366149,-0.6311890063232467,6.65283203125e-05,0.6230182128349535,False,True,True,False
pt002,MR1,082_to_081_warp.nii.gz,1.049454682115564,1.4780768468764067,7.864178600471827,0.0004957363355220272,0.09662009781362231,0.3505911617242312,3.3321718027465437,1.0420067369018913,0.6961119976674378,-0.27688591730212064,3.5400390625e-05,0.5957669358398342,False,True,True,False
pt002,MR1,083_to_082_warp.nii.gz,1.109553211340813,1.47865916728377,9.187590912278228,0.0016200430598859075,0.09879658899606833,0.41528186597891814,3.375699895467879,1.0404811422724303,0.6968438409187564,-0.31915515279834483,5.0048828125e-05,0.6097816709543276,False,True,True,False
pt002,MR1,084_to_083_warp.nii.gz,1.0486506286599742,1.4802597377619429,7.674310604838202,0.0013153010145329647,0.09512497233832534,0.36011646570271627,3.342116231676228,1.0413959121829408,0.6869539025838085,-0.9051608309267223,2.99072265625e-05,0.5784093472455156,False,True,True,False
pt002,MR1,085_to_084_warp.nii.gz,1.0330672760937483,1.4853689791858735,8.17145403083022,0.0011541216263828455,0.09223892857377752,0.3266669251386217,3.3381641346604933,1.0421826927541866,0.6933461675400265,-1.7208166923523576,5.859375e-05,0.5924218851099692,False,True,True,False
pt002,MR1,086_to_085_warp.nii.gz,1.0554996547824642,1.4822872393214892,7.78109704504192,0.0011059389665420433,0.09166904043503964,0.35391138434966274,3.3453011593303077,1.0420517393454451,0.6961488944822604,-0.7450874003782956,4.94384765625e-05,0.5892715147384039,False,True,True,False
pt002,MR1,087_to_086_warp.nii.gz,1.0823693933956855,1.4777639602032762,8.952795044717918,0.0003038219172052738,0.09615716278269983,0.38813568852079894,3.3539444557783558,1.0421571495784192,0.7000848655703271,-0.471000886814587,2.13623046875e-05,0.5991301173676724,False,True,True,False
pt002,MR1,088_to_087_warp.nii.gz,1.061925715872361,1.4888081198687653,8.58806264146557,0.001451602487068373,0.09416739438851449,0.3623747529360688,3.381423847054206,1.0412119726699385,0.6942835982387061,-0.9459507294301474,5.37109375e-05,0.6038331285294917,False,True,True,False
pt002,MR1,089_to_088_warp.nii.gz,1.0646645115081694,1.4796653693628523,9.435308553662985,0.0014616289163700107,0.09632429513108254,0.3797380804382513,3.3485193410727923,1.0411377962624169,0.6890618542121378,-0.3356309415653776,3.5400390625e-05,0.588017126882705,False,True,True,False
pt002,MR1,090_to_089_warp.nii.gz,1.0264446416067259,1.4845996892189917,7.724385537948689,0.0009750700360808917,0.09062707016911462,0.3295608151973179,3.317050514238606,1.0415019294084737,0.6875220636225436,-0.5187680373472097,5.615234375e-05,0.5721189948142977,False,True,True,False
pt002,MR1,091_to_090_warp.nii.gz,1.0322141807634555,1.4744753494869334,8.015433772408732,0.000527941349701775,0.09364368950362437,0.3465296118036457,3.319182369692111,1.0419613345252912,0.6856227944253463,-0.24937416036134347,1.03759765625e-05,0.5732687068853326,False,True,True,False
pt002,MR1,092_to_091_warp.nii.gz,1.0254731052113564,1.4728508452383808,7.368551105268546,0.0010835550060430675,0.09244413486765002,0.34166899299396175,3.311343985640722,1.042027216762128,0.6852492408780599,-0.6542050365388989,1.89208984375e-05,0.5675369417548866,False,True,True,False
pt002,MR1,093_to_092_warp.nii.gz,1.0164064949073508,1.4714713775593897,6.175788766377776,0.0014680007026826067,0.09456821236316365,0.3359461549097315,3.307593719769194,1.0419685188075802,0.68086917955083,-0.6155696484418796,1.0986328125e-05,0.5585353681669474,False,True,True,False
pt002,MR1,094_to_093_warp.nii.gz,1.0288504005838164,1.4845517631680583,7.713381174991743,0.0011958999170195482,0.08853047361670391,0.3205053150516975,3.3255075395173326,1.0419525547551405,0.6899445745153614,-0.6134090101443922,7.32421875e-05,0.5790741331381541,False,True,True,False
pt002,MR1,095_to_094_warp.nii.gz,1.0409898711758283,1.4959036087028235,8.538814079903133,0.001849131392288286,0.08885636053175812,0.31421371048226665,3.3534721915837036,1.0420433785734244,0.6943596865217425,-0.5383896964085545,4.33349609375e-05,0.599450278599295,False,True,True,False
pt002,MR1,096_to_095_warp.nii.gz,1.0746862378898576,1.491958274853902,8.509947694507051,0.0013912130827593554,0.09323675866036404,0.35348023966142456,3.380527090582209,1.041490484802435,0.6963955944835694,-0.38756784944426653,2.50244140625e-05,0.6137109399620638,False,True,True,False
pt002,MR1,097_to_096_warp.nii.gz,1.1102547379986731,1.4905410488046484,8.621126201226541,0.0007001446004757478,0.09513107703021126,0.39537767456837125,3.437526440190825,1.0407609342629427,0.7058041472409293,-0.475007861290047,7.50732421875e-05,0.6277656740937338,False,True,True,False
pt002,MR1,098_to_097_warp.nii.gz,1.0597204100572093,1.4978306969440143,9.261190837618162,0.0016950903242519088,0.09429344325999046,0.32922678980617137,3.39072149582388,1.0417363896624072,0.7024350224368536,-0.654241543634973,8.48388671875e-05,0.6111796748893831,False,True,True,False
pt002,MR1,099_to_098_warp.nii.gz,1.0444648426770853,1.4840751905277159,7.746302565552857,0.0018384030400452529,0.09147806148089983,0.32719031250439623,3.31969973114973,1.0416996033338062,0.6954384739436218,-0.9459002650604613,3.662109375e-05,0.5955487865813625,False,True,True,False
pt002,MR1,100_to_099_warp.nii.gz,1.0515022423178677,1.4912029714245503,10.429159532573937,0.0015863548883175286,0.0913071111342037,0.3400377192747993,3.3527136205637174,1.0422342494546784,0.6945595447454809,-0.4839457924953421,4.8828125e-05,0.5981025999535748,False,True,True,False
pt002,MR1,101_to_100_warp.nii.gz,1.0197362855815268,1.4888209889471586,8.267703615660405,0.0016020229732701479,0.09081058201917834,0.31359564352806313,3.324590810058155,1.0417414532571683,0.6896853496318085,-0.9714428764191979,7.568359375e-05,0.5865138752972735,False,True,True,False
pt002,MR1,102_to_101_warp.nii.gz,1.0083646599777727,1.483261314983881,8.206874779686276,0.0016329394294479491,0.0903414766124848,0.31474790473792824,3.298362944799716,1.0418682780870083,0.6828996226935488,-0.2808372041904749,4.39453125e-05,0.5677068326442355,False,True,True,False
pt002,MR1,103_to_102_warp.nii.gz,0.975440819241639,1.4855719318897758,9.237838037105883,0.001043939510119837,0.08544766518761672,0.27511002456579425,3.2833284646887773,1.0420551918541094,0.6745517020245485,-0.5437608454097991,4.638671875e-05,0.5444852318892158,False,True,True,False
pt002,MR1,104_to_103_warp.nii.gz,0.9586204989997875,1.4821905940431928,8.601548522794646,0.0017442265721100535,0.08447881331856122,0.2665532443441798,3.2735322300022434,1.0420645513880826,0.6680589802935532,-0.07498549214316913,1.52587890625e-05,0.5317210348601966,False,True,True,False
pt002,MR1,105_to_104_warp.nii.gz,0.9574240025053448,1.4825183664599015,7.4610701290077435,0.0009425081617034012,0.0825787211747783,0.26133950284104107,3.2708302486425533,1.0421001390950522,0.6681539361549447,-0.15852863984280363,5.4931640625e-06,0.5300108766644862,False,True,True,False
pt002,MR1,106_to_105_warp.nii.gz,0.9986037516057925,1.4665850174070263,6.186762826468881,0.0010627917686145325,0.08834707666550416,0.3242430294183114,3.282118995169399,1.0420554175167744,0.6740963247524925,-0.1645377240212991,2.44140625e-06,0.5302788121208664,False,True,True,False
pt002,MR1,107_to_106_warp.nii.gz,1.0385793025413976,1.4600823609072913,6.169782602636883,0.0008493368834392785,0.09418668171793797,0.3656787953879067,3.299579768856645,1.0419323856307765,0.6795832521715363,0.005785406955737649,0.0,0.5463705106451843,True,True,True,True
pt002,MR1,108_to_107_warp.nii.gz,1.0014299003791232,1.4706926108648988,6.768983287532743,0.001965267357475399,0.0920079396328952,0.3279380378134104,3.2953561357046834,1.041367499072967,0.6746305009578665,-0.020189564316417496,1.8310546875e-06,0.5478079211337942,False,True,True,False
pt002,MR1,109_to_108_warp.nii.gz,0.9819364104712881,1.4796840679810475,8.85165344684985,0.00208080764892681,0.0889414379109766,0.3041291677080167,3.290608105470536,1.0414806131868581,0.6702623289353824,-0.04093361895921702,4.8828125e-06,0.5365133559689759,False,True,True,False
pt002,MR1,110_to_109_warp.nii.gz,0.9678793012923712,1.4862603188033765,7.808047690849867,0.0013203098098514244,0.08399614923938682,0.2712747413411768,3.2895347658864718,1.0422483735347703,0.6733206571109851,-0.18144750763487968,1.953125e-05,0.5402174836856931,False,True,True,False
pt002,MR1,111_to_110_warp.nii.gz,0.9685071784689109,1.4910808135706826,8.05795687553725,0.0012113293427618913,0.08315559146862467,0.2622008132901462,3.290176983071982,1.0419499619583363,0.6709429921380246,-0.6802350722448216,4.82177734375e-05,0.5402803913670771,False,True,True,False
pt002,MR1,112_to_111_warp.nii.gz,0.9885762452707731,1.4949884623510816,10.897273130032998,0.00013999465622099793,0.08436226947826808,0.2706898423147748,3.307642967188139,1.0421373688662072,0.6800783315799543,-0.2898195518830649,5.92041015625e-05,0.5651293793844643,False,True,True,False
pt002,MR1,113_to_112_warp.nii.gz,1.0037504034025386,1.4922019620758185,8.305405994132542,0.001167061717703281,0.08560968415313137,0.28818838001880864,3.3207369586119238,1.0420498567253,0.6878031055614722,-0.5192469690581478,2.01416015625e-05,0.5754220593313267,False,True,True,False
pt002,MR1,114_to_113_warp.nii.gz,0.9954265704453396,1.4900407803733264,8.433688531078916,0.0016126292702999681,0.08277006071140876,0.27687328160449676,3.2957899168502514,1.0420957284857186,0.6832478470491741,-0.17110786069498884,2.8076171875e-05,0.5667670841305512,False,True,True,False
pt002,MR1,115_to_114_warp.nii.gz,1.0377683880965305,1.4983871203916832,9.490431860161499,0.000959565307903237,0.08729290868906915,0.3140257820073986,3.3597241041914434,1.0422779749098259,0.7012167224880631,-0.4134542358158237,8.056640625e-05,0.600633641248254,False,True,True,False
pt002,MR1,116_to_115_warp.nii.gz,1.0112295588125015,1.4982860693300566,10.709196718602602,0.000861384449423207,0.08842541191090623,0.2889495527576106,3.3348609357371584,1.0422381240461036,0.6891434217792257,-1.0359245665099568,5.0048828125e-05,0.5821242392475157,False,True,True,False
pt002,MR1,117_to_116_warp.nii.gz,1.127639786696224,1.4881471435558555,9.882549536792434,0.0012537390633197297,0.0959548754195337,0.4019138964093246,3.4010297903498903,1.0397497144343502,0.6988167556938147,-1.038682579479006,3.60107421875e-05,0.6166995717714338,False,True,True,False
pt002,MR1,118_to_117_warp.nii.gz,1.0058583924335658,1.5028842081815523,8.888280308516872,0.0013789138176647105,0.08495240301904511,0.27793128400126016,3.3256711870294184,1.0419259407804013,0.6913940500178811,-0.6789794958163812,5.06591796875e-05,0.582932470516377,False,True,True,False
pt002,MR1,119_to_118_warp.nii.gz,0.9890821069901458,1.4911515180255295,9.24519190614675,0.0005144138946424619,0.08407011497284479,0.2711714837013477,3.2959092704441386,1.0419197391239943,0.6792128824985696,-0.6239186181146759,5.859375e-05,0.5623871465362111,False,True,True,False
pt002,MR1,120_to_119_warp.nii.gz,1.0534704753436852,1.480177258868825,9.41020912174292,0.0006178684881892094,0.09006941183771136,0.3462875408486349,3.327629007592149,1.0420370187517616,0.6899679967717287,-0.4603510527100145,3.0517578125e-05,0.5836527254106254,False,True,True,False
pt002,MR1,121_to_120_warp.nii.gz,0.9820252509271434,1.4802777124003434,7.018150820051211,0.0011486669520813007,0.0841462482075015,0.28399275632816373,3.2770497451771474,1.042184108578396,0.6732840759929493,-0.5287833227275464,1.8310546875e-05,0.5455987274814644,False,True,True,False
pt002,MR1,122_to_121_warp.nii.gz,0.9821016335511809,1.4824369200060454,8.542594398256586,0.0005702209862781115,0.08551953953870803,0.2878034761527518,3.2833319905946365,1.0423264230860134,0.6762890530414766,-0.5323402355372804,2.197265625e-05,0.5496401303322558,False,True,True,False
pt002,MR1,123_to_122_warp.nii.gz,1.0033776677086257,1.4761734032233393,10.23678486043399,0.0008453503786286878,0.09066254003651422,0.3189424721755895,3.2985943395187594,1.0415224691206582,0.6790782407736569,-0.3390687800895953,8.48388671875e-05,0.5584404247843802,False,True,True,False
pt002,MR1,124_to_123_warp.nii.gz,0.9750532236008315,1.4860717017554474,8.803697384011608,0.0011679860970759547,0.08373370231070178,0.2751326435596744,3.289292259711358,1.0419008464333603,0.6767968965922871,-0.13497228933048222,1.15966796875e-05,0.5504657166920819,False,True,True,False
pt002,MR1,125_to_124_warp.nii.gz,0.9871083553800996,1.4962052778429276,7.492114208262239,0.0010076153318609002,0.08232475581812294,0.2659327252876008,3.3132459284769498,1.0419613651377868,0.6809763928283417,-0.34608666768110413,5.126953125e-05,0.5643953174584,False,True,True,False
pt002,MR1,126_to_125_warp.nii.gz,1.0629913434467755,1.484626231280577,8.989807718929564,0.0017609581501977698,0.0931713637853587,0.36049705834385803,3.351732174844887,1.0409895047991384,0.6911301179560125,-1.68250136331542,2.99072265625e-05,0.5892993480624196,False,True,True,False
pt002,MR1,127_to_126_warp.nii.gz,1.0203086054337638,1.493861007254497,9.167016512131077,0.0009447646058904784,0.08704345185644081,0.2979060954573284,3.331695496856022,1.0418961508618472,0.6915535260766003,-0.34948303074523773,5.2490234375e-05,0.591421617633856,False,True,True,False
pt002,MR1,128_to_127_warp.nii.gz,1.1453877749983972,1.4833203391783012,8.17157580288176,0.0002772374939920449,0.0953609511512547,0.40959951833243147,3.398663464255912,1.0415484113404083,0.7087867614472723,-0.6379567178866313,5.31005859375e-05,0.6128503643900836,False,True,True,False
pt002,MR1,129_to_128_warp.nii.gz,1.0359193416705557,1.494891577264283,9.276184448063214,0.0008898479583480078,0.0914865456014117,0.3194839732868659,3.350764212210651,1.0413563775293784,0.6940628489562192,-0.25252688802698653,1.8310546875e-05,0.5949658760992026,False,True,True,False
pt002,MR1,130_to_129_warp.nii.gz,1.042657140072467,1.4918005417832676,8.815460250507098,0.0008949414015490904,0.09090519683148027,0.32738428737523523,3.3620824144667147,1.041532945389017,0.69440351540931,-0.366147066826017,5.2490234375e-05,0.6000679997391248,False,True,True,False
pt002,MR1,131_to_130_warp.nii.gz,1.0494780066243514,1.486987958865403,9.834486682494893,0.0012600439013534769,0.094793502169363,0.34709158396239487,3.332079265550375,1.0413207116811067,0.6935279391667029,-1.503323721639095,4.150390625e-05,0.5963452339226727,False,True,True,False
pt002,MR1,132_to_131_warp.nii.gz,1.0144697123642255,1.4881505177746757,9.00255636270923,0.001196226532099659,0.08850988175588419,0.2975299368887245,3.3120694035683393,1.0418320466023476,0.6842204776071129,-1.5594738347073316,2.86865234375e-05,0.5742522266434059,False,True,True,False
pt002,MR1,133_to_132_warp.nii.gz,1.024543424634861,1.486727058153862,7.696226316569929,0.001254129547129106,0.08795166004947012,0.3137512135195878,3.3262608182371656,1.0422410707172076,0.6874379998398962,-0.576799583922908,8.97216796875e-05,0.5714558520824304,False,True,True,False
pt002,MR1,134_to_133_warp.nii.gz,1.0737922890132598,1.4766085018015,8.591302543266004,0.0007067354447736475,0.08989124426368728,0.3635609114458871,3.338388445712809,1.0421640962555168,0.6934638537250323,-0.15673963347376682,3.35693359375e-05,0.5798271164449663,False,True,True,False
pt002,MR1,135_to_134_warp.nii.gz,0.9923892137194084,1.4751672606892243,8.749828780686746,0.0004858211565943515,0.0892677248246884,0.31245545373937506,3.2803274111984155,1.0421382274809545,0.6785380361878985,-0.5024659942778356,2.25830078125e-05,0.5464389454146854,False,True,True,False
pt002,MR1,136_to_135_warp.nii.gz,0.9793963667184822,1.482283255856737,7.677480591686234,0.0017928868010336208,0.08592168747486709,0.28655423650104883,3.295573728508885,1.0419603531191237,0.6728160972174605,-0.2429660932543809,2.5634765625e-05,0.54358605974089,False,True,True,False
pt002,MR1,137_to_136_warp.nii.gz,1.00222726494794,1.4743398087362372,8.293400470209692,0.0006882593686836664,0.09024058560502506,0.3265985253575717,3.2848268811451877,1.041473375599475,0.6752559129947413,-0.48498872939130105,2.685546875e-05,0.5466064371222912,False,True,True,False
pt002,MR1,138_to_137_warp.nii.gz,1.0186751891405839,1.4781516585544978,11.153251475106313,0.0011159078836865714,0.08972222720440022,0.3399061137102276,3.2899741864713272,1.0411952489423018,0.6745416413086825,-0.2994074719906356,2.197265625e-05,0.5477596061368277,False,True,True,False
pt002,MR1,139_to_138_warp.nii.gz,1.0141818498888946,1.4727234957705715,9.423701712126629,0.0013768896217553974,0.08998695005512945,0.3280356075973536,3.2871556784708167,1.0419008071055196,0.6784337759920244,-1.8064891123367883,2.197265625e-05,0.5547676120217689,False,True,True,False
pt002,MR1,140_to_139_warp.nii.gz,0.9530313377016867,1.4940501096465049,12.881548110593284,0.0013826101258012531,0.08110209499392558,0.25282206888468994,3.2801519203765315,1.0421357243077374,0.6676922175862783,-0.19238534397471826,1.3427734375e-05,0.5311783781636292,False,True,True,False
pt002,MR1,141_to_140_warp.nii.gz,0.9670873330291597,1.4847331001986863,8.113023956771679,0.0012131671197066459,0.08489609253890719,0.2764646279292796,3.2819912056922917,1.0421480499837072,0.6696680994280861,-0.26231323407117135,1.708984375e-05,0.5381714662996671,False,True,True,False
pt002,MR1,142_to_141_warp.nii.gz,0.9560288168991741,1.4841740034921231,9.202144251934683,0.0015389042894566143,0.08434093660816747,0.2667983458387446,3.2722915691955134,1.0421766041322698,0.6670916402803377,-0.5838566136896981,3.0517578125e-05,0.5296235178422779,False,True,True,False
pt002,MR1,143_to_142_warp.nii.gz,1.0137274500682958,1.4794222365505232,9.683062020980708,0.0017508224699381068,0.0911628339164108,0.3224497400803975,3.3017944798752925,1.0415339938992993,0.6772416174357055,-0.1923231368268772,1.77001953125e-05,0.5577801997258275,False,True,True,False
pt002,MR1,144_to_143_warp.nii.gz,1.029491095324911,1.4768962668870342,8.159288574221303,0.0006155319502961971,0.09424241469795026,0.3331269062143657,3.305304324759497,1.0418156141730348,0.678100690053129,-0.7498663876783959,2.44140625e-05,0.5565351639927278,False,True,True,False
pt002,MR1,145_to_144_warp.nii.gz,0.9856041129183513,1.4788339612720087,8.648912423017672,0.0005161960912005029,0.08841067627503581,0.2942278466572905,3.2898501650557592,1.0421220503369657,0.6726461719484804,-0.364794838268115,2.13623046875e-05,0.5426333567222936,False,True,True,False
pt002,MR1,146_to_145_warp.nii.gz,1.0348317705446746,1.4722359602510493,6.9890189151194875,0.0013389086178554007,0.09288090943642476,0.3457972571379322,3.308631866854084,1.0419650261050117,0.6841314429487914,-0.365936371755001,1.220703125e-05,0.5696790273970875,False,True,True,False
pt002,MR1,147_to_146_warp.nii.gz,1.0245703420971686,1.4768222443414225,8.714304377143666,0.0010175126417593825,0.09027189571083782,0.33025764967164584,3.308887000907758,1.0420601504886218,0.6846210768162829,-1.0125927300469344,1.77001953125e-05,0.5674646579196003,False,True,True,False
pt002,MR1,148_to_147_warp.nii.gz,1.0573815466221594,1.4751395183738538,11.516988981373812,0.0013138216616401322,0.09798426913361892,0.3713367271851742,3.3249847490598765,1.0419241941748623,0.6909054056372179,-1.696054165539988,3.0517578125e-05,0.5929624698313759,False,True,True,False
pt002,MR1,149_to_148_warp.nii.gz,1.0627602160239102,1.4850409080596514,9.656077343442584,0.0015693428382215324,0.0928728211918416,0.3583707676050044,3.348101866637961,1.0410365188867747,0.6943231150577998,-0.1871930741516562,3.41796875e-05,0.5952765624103021,False,True,True,False
pt002,MR1,150_to_149_warp.nii.gz,1.0829306016806364,1.4877013839822604,7.849669449937804,0.001137811546891083,0.09263403290620224,0.3730915715422376,3.3711791280795205,1.0407714406052977,0.6984357349058897,-1.3725871813835615,7.75146484375e-05,0.6058571045409079,False,True,True,False
pt002,MR1,151_to_150_warp.nii.gz,1.0333179015878833,1.48972720495557,8.135009477970636,0.000962902219064408,0.0898298618347543,0.31413344831373174,3.329720093429293,1.0417766653732958,0.6917325536250349,-0.4400003405147241,4.638671875e-05,0.5842512759717812,False,True,True,False
pt002,MR1,152_to_151_warp.nii.gz,1.056779444236367,1.4843534280125499,9.03800850012021,0.0010893024882512247,0.09631539655095485,0.3504245579376958,3.3488828204373586,1.0417256298659607,0.6953844324903103,-0.13754166821676142,2.8076171875e-05,0.6013949648573772,False,True,True,False
pt002,MR1,153_to_152_warp.nii.gz,1.1192935706089524,1.4735628641381362,8.960826216517383,0.000697899786903552,0.09974112752092694,0.4256678193956544,3.3629392338086,1.0418324184828136,0.7068573662609929,-0.3736347440056122,3.0517578125e-05,0.6121163424950987,False,True,True,False
pt002,MR1,154_to_153_warp.nii.gz,1.0558594865793522,1.476608353939523,7.352333723119682,0.0007321159199785643,0.09798762871005291,0.36985687322019906,3.334869621084726,1.0411000404533726,0.6867575725298104,-0.49552629002354087,3.2958984375e-05,0.5864456044203211,False,True,True,False
pt002,MR1,155_to_154_warp.nii.gz,0.9758529858548499,1.4818990843156918,6.790846692889604,0.0003467217951119852,0.08352582865319035,0.2718800022034985,3.2725150836905588,1.0422700446768898,0.6728359999408395,-0.6624369505658749,2.13623046875e-05,0.540676757352498,False,True,True,False
pt002,MR1,156_to_155_warp.nii.gz,0.998794800063013,1.4721537490799343,6.956904812789089,0.0018511942329534445,0.09246817808963427,0.3168932354456152,3.278244861970753,1.0418359457257904,0.6728598553303488,-0.34663749370693364,8.544921875e-06,0.5424609630690786,False,True,True,False
pt002,MR1,157_to_156_warp.nii.gz,0.9925214599171724,1.4770746182366856,7.935629858832148,0.0017872138078865443,0.08915461670044901,0.31426737687884576,3.291074660827024,1.0417554991180402,0.6707903448537664,-0.5670728451700523,3.11279296875e-05,0.5395831302819819,False,True,True,False
pt002,MR1,158_to_157_warp.nii.gz,0.9814583850674148,1.478253109406889,8.716318367842502,0.00150787257298955,0.0898750551127794,0.29664665232816995,3.273121771162532,1.0420382025222226,0.6726293680893577,-0.23869354050890593,1.708984375e-05,0.5447871741419134,False,True,True,False
pt002,MR1,159_to_158_warp.nii.gz,1.0238392293956995,1.4798946350861046,8.063583839421007,0.001268306885689553,0.09043644058849133,0.3274235023739954,3.3115329688529624,1.0420345841355205,0.6844543023400119,-1.4920587880858338,1.708984375e-05,0.565370730450782,False,True,True,False
pt002,MR1,160_to_159_warp.nii.gz,0.9799928424132078,1.475355147995649,7.488710928130161,0.0010641371010284247,0.08655564652424098,0.297986459299256,3.2733204261277336,1.0422433847051915,0.6706240408704615,-0.18752085276385996,8.544921875e-06,0.5367262609947235,False,True,True,False
pt002,MR2,002_to_001_warp.nii.gz,0.8962302587521873,1.4760396726730352,6.254108325503848,0.000574534672966961,0.06784741834694867,0.20806381750111141,3.2331913096296963,1.0422304783043181,0.65047843242416,-0.3176326793525032,1.8310546875e-06,0.4804224012007758,False,True,True,False
pt002,MR2,003_to_002_warp.nii.gz,0.86644649286702,1.473564261346481,6.246350375577935,0.0008845846612971057,0.06283474808873267,0.1924423241503323,3.2244098592314674,1.0420987495403424,0.6435926335719462,-0.01022364539645947,1.220703125e-06,0.46652588668381867,False,True,True,False
pt002,MR2,004_to_003_warp.nii.gz,1.094789382283063,1.468358384166481,7.321109404973474,0.0009061126454472161,0.08145995368494008,0.358415918683858,3.303003950474519,1.0421495389618998,0.6833383303614768,-0.20146641332795953,7.32421875e-06,0.5419367113571354,False,True,True,False
pt002,MR2,005_to_004_warp.nii.gz,0.96537267040835,1.462640948663086,8.363494819653203,0.0005661939513463141,0.0725089715810728,0.2808418290216625,3.2578775779103855,1.0402002064283942,0.6528717407272658,-0.18314865898984842,2.685546875e-05,0.497588772435731,False,True,True,False
pt002,MR2,006_to_005_warp.nii.gz,0.8782630017121679,1.4770379574134456,8.634614559668762,0.0011816267690105695,0.06777401745162664,0.2138949156079729,3.2379867389824804,1.0424850453041596,0.6454632894968606,-0.3567347875476965,1.15966796875e-05,0.47102913555104287,False,True,True,False
pt002,MR2,007_to_006_warp.nii.gz,0.9235491651116557,1.4646537777446635,6.265127391384344,0.0011743747093669438,0.07127262088969376,0.257468514869558,3.2437457438826236,1.042319876065065,0.6530935073299128,-0.0015658894837470348,6.103515625e-07,0.4829724556847024,False,True,True,False
pt002,MR2,008_to_007_warp.nii.gz,0.9707785424424792,1.4562991596356165,6.299035600361884,0.0014866790762991713,0.07219180326578643,0.2864122368833306,3.243721598244337,1.0400559747590992,0.6569422744839207,-0.005296652657975589,1.220703125e-06,0.4975095965597987,False,True,True,False
pt002,MR2,009_to_008_warp.nii.gz,0.85777139323274,1.4789986384927885,6.367998212936492,0.0010570966757895972,0.0632064642799221,0.1869337654329723,3.2313828462566763,1.0422741464945857,0.6415952198095086,0.00932011175550068,0.0,0.46391901733750346,True,True,True,True
pt002,MR2,010_to_009_warp.nii.gz,0.8795936269223544,1.476322124411132,6.4225241987766815,0.0014610510196731187,0.06663572001821447,0.209050674904993,3.240159603705006,1.042029045455714,0.6497308402560029,-0.002186675855526362,1.8310546875e-06,0.47574782219514733,False,True,True,False
pt002,MR2,011_to_010_warp.nii.gz,0.9108045105891519,1.4717792749495486,6.293151119377759,0.0010827581803686743,0.07566525183747391,0.24820989567503537,3.2531281011528836,1.0423008270505107,0.6539434475664646,-0.010172150966008688,1.220703125e-06,0.4885928141626754,False,True,True,False
pt002,MR2,012_to_011_warp.nii.gz,0.8638333313219598,1.4764188733750907,6.8329185795645255,0.0009405932985871645,0.06392735969083628,0.19140344715229046,3.2247964460842837,1.0422993539557366,0.6433688369233213,-0.23146334991709872,5.4931640625e-06,0.46792251485112607,False,True,True,False
pt002,MR2,013_to_012_warp.nii.gz,0.8871854058822265,1.4742827135389145,8.222006038320266,0.0010177742008648945,0.06712070793486556,0.21443182886724688,3.2369480102743307,1.0422540855445277,0.6501571278353537,-0.21645084933892306,1.708984375e-05,0.47841435466682597,False,True,True,False
pt002,MR2,014_to_013_warp.nii.gz,1.125967949790869,1.479201661675276,10.393144918860877,0.0016190415720882358,0.08578090435043814,0.38070827257336415,3.3427641383414604,1.0419589360879793,0.6971773518622045,-0.4179968496469919,1.64794921875e-05,0.5724965009242556,False,True,True,False
pt002,MR2,015_to_014_warp.nii.gz,1.158786679244181,1.4826139918690386,8.317016724615264,0.0018606079491435461,0.08336665363336093,0.4013210715847143,3.3416349883544045,1.0372239468551445,0.6839171227644552,-0.5486168754679394,3.11279296875e-05,0.567243553334724,False,True,True,False
pt002,MR2,016_to_015_warp.nii.gz,0.8666179506324589,1.4753570353988197,6.344450186851522,0.00011144223822540477,0.06684317784253628,0.20041012767814137,3.2299651861898484,1.0418913858423189,0.6409977508937729,0.014805156600774654,0.0,0.4669444063356629,True,True,True,True
pt002,MR2,017_to_016_warp.nii.gz,0.922647932263843,1.4655536744632058,6.26992247978045,0.0014623959201280896,0.07615035939885031,0.26178978382124674,3.2466919791589683,1.0423549067120035,0.6547046007264299,0.01470234601542065,0.0,0.4906205106622031,True,True,True,True
pt002,MR2,018_to_017_warp.nii.gz,0.9661621611199471,1.4619386317112535,6.28319423687709,0.0007342072143627948,0.07323044443718985,0.28623959034640156,3.267738253990012,1.0423784176746513,0.6636876353864933,-0.020102267961314705,1.8310546875e-06,0.5114340623438401,False,True,True,False
pt002,MR2,019_to_018_warp.nii.gz,0.9102762141710106,1.4689439898497219,6.318660105810553,0.001074402646523784,0.07176266482871996,0.24280671927342168,3.249040358069992,1.0423907926147298,0.6529967539120235,0.002640381351959577,0.0,0.4867532994600881,True,True,True,True
pt002,MR2,020_to_019_warp.nii.gz,0.8686968028483956,1.4788167839696085,6.3875940387189765,0.001612659231935389,0.06821046216237903,0.20028035129284188,3.239574745756122,1.041994670544391,0.6445226436624016,-0.019724976544930866,6.103515625e-07,0.4684923510756812,False,True,True,False
pt002,MR2,021_to_020_warp.nii.gz,0.8740327745307974,1.4777220173274381,6.713663337073041,0.001091257198171048,0.06820197083437736,0.2072711503587088,3.238766922154124,1.042031436225485,0.643457326265365,-0.0038131026085588644,1.8310546875e-06,0.470236770947703,False,True,True,False
pt002,MR2,022_to_021_warp.nii.gz,0.8627858132653643,1.4739487651485985,6.37655782612606,0.0010037954220467832,0.06592667641733331,0.19726741198697484,3.227081824558555,1.0421209766400379,0.6428480123806609,0.013644627119374291,0.0,0.46524720988741414,True,True,True,True
pt002,MR2,023_to_022_warp.nii.gz,0.8701952081125987,1.4764035380136875,6.70193540560406,0.0007158678145781739,0.0666217302696585,0.20112852436178036,3.2326169228312778,1.041971656814382,0.6463037213344838,-0.02549713915069857,6.103515625e-07,0.469650782162612,False,True,True,False
pt002,MR2,024_to_023_warp.nii.gz,0.9063446658477338,1.4730337898325079,6.470539742160067,0.0011600288927134236,0.07133757908859566,0.23608404529245397,3.252075625104401,1.041951721672274,0.6551881123506457,-0.029549090278406184,4.2724609375e-06,0.49545068534317294,False,True,True,False
pt002,MR2,025_to_024_warp.nii.gz,0.9029648312490884,1.4699489251236928,6.404285223171512,0.0010894765924266737,0.07011192341049996,0.24212942559581996,3.2437132493779366,1.0414953278404708,0.6487841051287897,0.0023876871745444283,0.0,0.47970969099193844,True,True,True,True
pt002,MR2,026_to_025_warp.nii.gz,0.9012311376894675,1.4708834973143374,6.28431564690993,0.0014657148332254098,0.07192112802584133,0.24428144809209013,3.2495917217261256,1.042319114619021,0.6494095891220901,0.005265056114425789,0.0,0.4778031907678947,True,True,True,True
pt002,MR2,027_to_026_warp.nii.gz,0.8937940307899119,1.4622420806795982,6.319185611950849,0.0011560974295856696,0.06769578985864926,0.23664911140966793,3.227213431158273,1.0413510512499051,0.6473638908802936,-0.4047981754963538,4.8828125e-06,0.471441728277803,False,True,True,False
pt002,MR2,028_to_027_warp.nii.gz,0.8639504222527563,1.4791493580311805,6.718850036601966,0.0008303478013858541,0.065767481342084,0.1924071707323066,3.2335501087765555,1.0421474739642103,0.6438562847292901,-0.1827678838563012,3.0517578125e-06,0.4678941842167665,False,True,True,False
pt002,MR2,029_to_028_warp.nii.gz,0.956557878420667,1.4691463665524978,6.329167957936303,0.0012510063128158176,0.07375202569120755,0.26442472869059386,3.2668587662545883,1.042357791182203,0.6598063555464962,0.014116093026622631,0.0,0.49845600289471387,True,True,True,True
pt002,MR2,030_to_029_warp.nii.gz,0.8776095808027694,1.477352636171044,6.506514556840476,0.0006856892441610836,0.06766782855091513,0.20728139000724854,3.240427680495188,1.0423474995894022,0.6481851002989822,-0.2374821149599891,3.662109375e-06,0.47464609626461146,False,True,True,False
pt002,MR2,031_to_030_warp.nii.gz,0.9348142116357511,1.4600461833909626,6.3380572204629155,0.0014890533489218185,0.07296436050671903,0.26569509195905305,3.242218240661199,1.0405995566090713,0.651512923156909,0.008870948086512134,0.0,0.4914670406824466,True,True,True,True
pt002,MR2,032_to_031_warp.nii.gz,0.8758975344209788,1.4712145818766296,6.232940276903859,0.0012878176882736118,0.06777469936778814,0.21325255278527686,3.2254956235452386,1.0421153747470655,0.6444817206596455,0.014740070342550173,0.0,0.47097283992823447,True,True,True,True
pt002,MR2,033_to_032_warp.nii.gz,0.9149305792693135,1.471006142998658,7.232925116061529,0.0009980680459343045,0.07016450597510068,0.246496343976159,3.253491697122905,1.0423525641256828,0.6526261528909846,-1.125967665995092,1.03759765625e-05,0.48720239016885364,False,True,True,False
pt002,MR2,034_to_033_warp.nii.gz,0.8804310417703146,1.4765468882056207,6.913021777774334,0.00024707457130529985,0.06730959720210516,0.20942669362138033,3.23614748379352,1.0423468907000941,0.647860144913834,-0.13311076987062187,8.544921875e-06,0.47910903553245154,False,True,True,False
pt002,MR2,035_to_034_warp.nii.gz,1.0282406585220805,1.4537481683807756,6.402728848978244,0.0012506578335620853,0.07746705464593971,0.33439821678216164,3.263506093478013,1.0394370949216325,0.6655105682747808,-0.7981851703656176,1.40380859375e-05,0.5207779069941071,False,True,True,False
pt002,MR2,036_to_035_warp.nii.gz,0.8973567894980053,1.4747212087145072,6.304661104853183,0.001455131488665306,0.07252408653350308,0.22992854488628484,3.244410278385483,1.0422325109012325,0.6501926949471041,-0.17223640172277438,5.4931640625e-06,0.4823073654003943,False,True,True,False
pt002,MR2,037_to_036_warp.nii.gz,0.885760593847138,1.4771901946696802,7.26770798137476,0.0012094614611789947,0.06917998371928437,0.21710257474318936,3.2379735572809194,1.0422352911229655,0.6485837240120176,-0.6544726393564946,3.662109375e-05,0.47729182109384266,False,True,True,False
pt002,MR2,038_to_037_warp.nii.gz,0.872463693457616,1.475658018845081,7.058104129184938,0.0013318517293533076,0.06604420397423057,0.20270004635618738,3.2373060072272444,1.0421873186178958,0.6473257311178345,-0.6717188669289575,3.662109375e-06,0.4734900845041028,False,True,True,False
pt002,MR2,039_to_038_warp.nii.gz,0.8635721067691214,1.4798436590399913,6.3006042084180836,0.00041694239984720104,0.06383960749464629,0.18802487747173674,3.229762631544897,1.0422617160211818,0.6467245121430615,-2.2870667856588924,5.4931640625e-06,0.47150231652314345,False,True,True,False
pt002,MR2,040_to_039_warp.nii.gz,0.8522771592949315,1.4751733258951267,6.3284854742612024,0.0011907255603983754,0.06320048207816992,0.1865024409356257,3.2253928333420667,1.042441397433724,0.6415969996964832,-0.1802531148821415,1.220703125e-06,0.4583553533389451,False,True,True,False
pt002,MR2,041_to_040_warp.nii.gz,0.9030016577904079,1.4718072062742966,6.299225420987772,0.0013855119818865906,0.07117072384180707,0.23708251764259058,3.2428094211223426,1.0421516467246257,0.6494317558411549,0.0010027032886172906,0.0,0.4766709542559456,True,True,True,True
pt002,MR2,042_to_041_warp.nii.gz,0.8676796339548791,1.478909830693757,6.27031715910464,0.0008517308368024178,0.0670727749166392,0.2009319143444172,3.233216576858226,1.0419164240706644,0.6425530173452527,-0.012613692240771631,6.103515625e-07,0.46835741549540655,False,True,True,False
pt002,MR2,043_to_042_warp.nii.gz,0.854675156368094,1.47729293640116,6.243377155065832,0.0010533761013719807,0.06251736227924443,0.18381789645076496,3.224511113333844,1.0422202282682678,0.6416327688102702,0.0015956710075798926,0.0,0.46286393211697363,True,True,True,True
pt002,MR2,044_to_043_warp.nii.gz,0.868587447839149,1.4727874817497224,6.191238507933146,0.0006799554700061117,0.06731194487421535,0.20983206641572197,3.230364077231519,1.0423817877208554,0.6418617673684144,0.015026154984268672,0.0,0.46358886095879287,True,True,True,True
pt002,MR2,045_to_044_warp.nii.gz,0.8746423288014786,1.474570704400595,6.314438283239369,0.000771617995220639,0.0681397641148533,0.21359084050929397,3.2374861663939556,1.042317542191494,0.6440412242412547,0.015171481049204608,0.0,0.4674136142713406,True,True,True,True
pt002,MR2,046_to_045_warp.nii.gz,0.896538493931062,1.472243909414628,6.286688623915943,0.0007016513059306634,0.0698235138030774,0.23391642090912423,3.2423434437784078,1.0412436440511208,0.6455922644336248,0.003940798984906521,0.0,0.4742824388843598,True,True,True,True
pt002,MR2,047_to_046_warp.nii.gz,0.8776161150340207,1.4743441780969204,7.761923224325148,0.0009674230164487061,0.06813210768105123,0.21796740242513296,3.236745259661228,1.0425964483148227,0.6451492755200663,-0.8765375531530661,4.8828125e-06,0.4686061280716845,False,True,True,False
pt002,MR2,048_to_047_warp.nii.gz,0.8886082608098792,1.4622651348194384,6.131444421810765,0.0011602997031610475,0.06812288856733287,0.22938352131059286,3.2213526146157765,1.0414444609317135,0.6468958999954034,0.014722204423176802,0.0,0.4718777004041407,True,True,True,True
pt002,MR2,049_to_048_warp.nii.gz,0.8528779851691801,1.477495606699073,6.312859562372261,0.0006613698040135408,0.06346004711079938,0.19078106593462563,3.2311220130913454,1.041894722168997,0.6403108804242429,0.014810023671334506,0.0,0.45815422283945606,True,True,True,True
pt002,MR2,050_to_049_warp.nii.gz,0.8768847871210368,1.4751844655940811,6.215182116744317,0.0015757745247008735,0.07081700929869422,0.21333816942921213,3.241468753952565,1.0423581382817253,0.6454108886315953,0.015016062180335627,0.0,0.47010503057157554,True,True,True,True
pt002,MR2,051_to_050_warp.nii.gz,0.8537702914026639,1.4786071350339864,6.361896125866793,0.0005834020469355747,0.06331945544011743,0.18534253356113123,3.2324253503718627,1.0424041959907537,0.6431958679017017,0.014828200240765976,0.0,0.4624853024558938,True,True,True,True
pt002,MR2,052_to_051_warp.nii.gz,0.9032169121219844,1.4722852552185741,6.82235781824743,0.001545851286018047,0.07081394040486313,0.2381054111402685,3.246496915974876,1.042238059925244,0.6483145263259305,-0.2729575838468652,6.103515625e-06,0.4794050851274244,False,True,True,False
pt002,MR2,053_to_052_warp.nii.gz,0.9284109851096037,1.4555053048498792,6.257952738631726,0.0011772244866578082,0.0694498543296989,0.2598024592156598,3.2321060926430003,1.0405739781416319,0.6504801982382925,-0.01833121266393236,1.8310546875e-06,0.4781118150893074,False,True,True,False
pt002,MR2,054_to_053_warp.nii.gz,0.9025151658185341,1.474230330787066,6.763379285082604,0.000651271986279854,0.0709021380349524,0.2359351626434722,3.251104555850948,1.041555014779715,0.6505922176847013,-0.040939053441409745,2.44140625e-06,0.4857307920719206,False,True,True,False
pt002,MR2,055_to_054_warp.nii.gz,0.9085383808184769,1.478531340546478,10.281070374246097,0.0009406506513027778,0.07434541245042556,0.24164515112520135,3.258832247718553,1.0421704357481938,0.6510070802143252,-0.03709993820961516,4.8828125e-06,0.49190197574105576,False,True,True,False
pt002,MR2,056_to_055_warp.nii.gz,0.9346067934245675,1.4649147941418637,7.9198359540937275,0.0003533269084644694,0.07109151038314987,0.26544417774559703,3.2498357965277056,1.0423952661828162,0.6584879165528994,-0.05919970218592395,5.4931640625e-06,0.49985952129165573,False,True,True,False
pt002,MR2,057_to_056_warp.nii.gz,0.9447904541743091,1.4596819386467579,6.393092002831994,0.0008218798101004219,0.07361963950011553,0.27360206061961717,3.247039452806821,1.0408366075920583,0.6598901913920783,-0.00416764680665532,4.8828125e-06,0.5040523002163081,False,True,True,False
pt002,MR2,058_to_057_warp.nii.gz,0.8957610000738013,1.482064663770458,6.413879548024518,0.0011290446276107182,0.07378295907794158,0.22313485307739817,3.2582073420172835,1.0417310779012743,0.6530592603007126,0.0009864478791518077,0.0,0.49096788813475306,True,True,True,True
pt002,MR2,059_to_058_warp.nii.gz,0.8528745773144695,1.4759954595657194,6.199885506389062,0.0012922359687871834,0.06308893887780855,0.18545984240766206,3.2219576897266853,1.042216278485638,0.6424960780230163,0.014568903632387074,0.0,0.4611800196713537,True,True,True,True
pt002,MR2,060_to_059_warp.nii.gz,0.8697106951901961,1.4762713296794778,6.286840356852072,0.0012217464180099458,0.06802820274122903,0.20462048296438223,3.2361149308607042,1.0419693678350659,0.6431522895117556,0.01525858778174868,0.0,0.46644632195000696,True,True,True,True
pt002,MR2,061_to_060_warp.nii.gz,0.862743046427548,1.4749212282045585,6.683753172536139,0.0007583898042624894,0.06529607137575656,0.19686742040223926,3.226679683307204,1.0424866085780558,0.6421738286442209,0.005156908844319105,0.0,0.46446447528501006,True,True,True,True
pt002,MR2,062_to_061_warp.nii.gz,0.8821419412954277,1.4756102566947242,7.465198640578814,0.0018899765315865114,0.07048008509122614,0.2195060805371107,3.2359964224015236,1.0418891829454129,0.6447552901950132,0.008027094261352449,0.0,0.47396568709696624,True,True,True,True
pt002,MR2,063_to_062_warp.nii.gz,0.8600019912227214,1.4817239676923515,8.170708977829833,0.0007907450653280669,0.06602728136866648,0.19078066158398882,3.2355123082828627,1.0421899158303223,0.6419129615947462,0.0010435754814480645,0.0,0.46648671324293206,True,True,True,True
pt002,MR2,064_to_063_warp.nii.gz,0.8555045270185012,1.4780023926816903,6.361406191436923,0.0008240186430101483,0.06357430770926938,0.18415535206471453,3.2233914728813535,1.0423725170222695,0.6421912685208013,0.004082778639533053,0.0,0.46359801224530495,True,True,True,True
pt002,MR2,065_to_064_warp.nii.gz,0.8651937527995437,1.4744477651117818,6.297656080650536,0.0007916560095852835,0.06451758799826647,0.19525256730965387,3.228581332066501,1.0421812994408375,0.6427845948307751,0.01465169507005623,0.0,0.46479937071614275,True,True,True,True
pt002,MR2,066_to_065_warp.nii.gz,0.8688237523235636,1.4843882251812122,6.3191655180002435,0.0015235378098295658,0.06794833937643308,0.19877616557043387,3.24404118549598,1.041960470920098,0.6424724430478977,0.015430736217100281,0.0,0.4709680976259085,True,True,True,True
pt002,MR2,067_to_066_warp.nii.gz,0.8703608371835831,1.4732028949105824,7.147329418572003,0.0006543508259639807,0.06497794184176206,0.19501901409304745,3.2233204291717454,1.0422480420594906,0.6458677905414559,0.008465906859442618,0.0,0.4686855669399883,True,True,True,True
pt002,MR2,068_to_067_warp.nii.gz,0.9521367598711514,1.514677946754455,6.749871009671832,0.0004786796901399684,0.09202473065339946,0.2710938834927359,3.373377855726395,1.0414863677474124,0.6602354473856311,0.006831119026888235,0.0,0.523805881542749,True,True,True,True
pt002,MR2,069_to_068_warp.nii.gz,0.955911438570836,1.4850323565532924,6.471265497888815,0.0009300564605614445,0.08462037080667902,0.2802966472713124,3.2916529041870684,1.0421838339879899,0.6597257566927107,-0.03550307656849178,6.103515625e-07,0.5068621648638056,False,True,True,False
pt002,MR2,070_to_069_warp.nii.gz,0.9100675861047898,1.4661119887573102,6.12532762589209,0.0008363761331445125,0.07363880605711114,0.24568652702482235,3.209970521353559,1.0405455395077197,0.6698928142815411,0.01265648477053146,0.0,0.4826325574400789,True,True,True,True
pt002,MR2,071_to_070_warp.nii.gz,0.9018935099944083,1.4778963463604136,6.4771467318586025,0.001366644555117475,0.07352413332924398,0.24119717119363066,3.2586020003588434,1.0414421464442396,0.6464116606305802,0.0033885868292160433,0.0,0.4806706414296483,True,True,True,True
pt002,MR2,072_to_071_warp.nii.gz,0.8831711064904759,1.463414757152962,6.245643939749613,0.0011138947359943363,0.06901696114520589,0.22040974698331622,3.2243650565075392,1.0419066101367225,0.6492604955788417,0.014594282297204818,0.0,0.4712509645284408,True,True,True,True
pt002,MR2,073_to_072_warp.nii.gz,0.9415391177263537,1.4623709330028956,6.357593900325054,0.0007465914135678026,0.07419098446462348,0.2760747468398456,3.2516406942812623,1.041022954774499,0.6528284843978679,0.011292589536062702,0.0,0.49199737505732766,True,True,True,True
pt002,MR2,074_to_073_warp.nii.gz,0.8994184157498114,1.4751775276994463,6.284155754960807,0.0003681171956554894,0.07338963726051069,0.22977801152296606,3.251435598026893,1.0419987099643928,0.6544217820173017,-0.002978875616821303,6.103515625e-07,0.4899162943707573,False,True,True,False
pt002,MR2,075_to_074_warp.nii.gz,0.9470431692083012,1.4623665629215565,6.29342074134733,0.0007452961292856124,0.0741530909235479,0.27636487057552395,3.2499645594090083,1.0423339778060836,0.6622900905590529,0.008134408340716607,0.0,0.504559488198069,True,True,True,True
pt002,MR2,076_to_075_warp.nii.gz,0.866976648817503,1.471680376761671,6.15725746270532,0.0011846097618253505,0.06661481953603955,0.20125756998760824,3.2287828327550816,1.0422389220371582,0.6456408998113953,0.015072906296900388,0.0,0.46818726012348755,True,True,True,True
pt002,MR2,077_to_076_warp.nii.gz,0.9467170658834055,1.4674424712339518,6.4278687997658475,0.0007748659226930073,0.07764695562773445,0.2812772006673816,3.2643159225199376,1.040921066007566,0.6580308596426895,-0.3306161493477552,4.2724609375e-06,0.5086581561080388,False,True,True,False
pt002,MR2,078_to_077_warp.nii.gz,0.9067780957829973,1.4674080987045137,7.661336624490917,0.0009340324068732278,0.07062205362723087,0.24375157051175173,3.242750643770886,1.042510549728177,0.6513855498652517,0.009050895756942753,0.0,0.4871066505820582,True,True,True,True
pt002,MR2,079_to_078_warp.nii.gz,0.9100137366703429,1.4749106031383552,6.351860668603417,0.001039893383081118,0.07321445566173126,0.2445556124113893,3.256267882014475,1.0420775609993624,0.6522470858321945,0.000904894914227407,0.0,0.4919449748214142,True,True,True,True
pt002,MR2,080_to_079_warp.nii.gz,0.9400025661938212,1.4553005159366612,6.192256308954738,0.0010028884982459345,0.07412422061641592,0.2767514611747134,3.236333201575814,1.0411479077442574,0.6592514154555327,-0.5341252389564988,1.708984375e-05,0.5000167519561343,False,True,True,False
pt002,MR2,081_to_080_warp.nii.gz,0.8825011755660952,1.4770181176216608,6.230170968762033,0.0005037238687494977,0.06969208307783123,0.21426156028910315,3.2438268714891447,1.0420204582355215,0.6491944923677312,0.015213979301732202,0.0,0.4816299522822189,True,True,True,True
pt002,MR2,082_to_081_warp.nii.gz,0.8909814613503632,1.4707569880688351,6.22399795189054,0.000876975868929158,0.06870859347117561,0.219274836046901,3.239363922944579,1.0422143503693675,0.6483268846135603,-0.06197149361711514,3.0517578125e-06,0.4793978877867655,False,True,True,False
pt002,MR2,083_to_082_warp.nii.gz,0.9174502327452401,1.4675509111473257,6.251890915458903,0.0005099811605143524,0.07256940289529416,0.2572394016569415,3.25175408489732,1.0423657523017558,0.6507794474264462,0.015145161104403507,0.0,0.48250623674382914,True,True,True,True
pt002,MR2,084_to_083_warp.nii.gz,0.8628459487806434,1.4775944507219585,7.855847519139515,0.0009761795925678508,0.06462749318319738,0.19669744386170568,3.234903516086071,1.0421013761375841,0.6421352366843571,0.0020855864207600192,0.0,0.46473757288286793,True,True,True,True
pt002,MR2,085_to_084_warp.nii.gz,0.8738133927458409,1.477565132669984,6.298634299936921,0.0010740487816168415,0.06706793496189924,0.21296358164271323,3.237492609668027,1.041740754474128,0.6430977405998196,-0.030617794084472235,1.8310546875e-06,0.46869778399284406,False,True,True,False
pt002,MR2,086_to_085_warp.nii.gz,0.8677401127977626,1.4772205197703363,6.602587572234693,0.0011819442719089555,0.06580775787466925,0.19737428211119756,3.2324032679827,1.042197842598794,0.6457399898594071,-0.09249663828376728,1.953125e-05,0.4726163900529137,False,True,True,False
pt002,MR2,087_to_086_warp.nii.gz,0.8701500850772723,1.4751472746146956,6.207242527639528,0.00047896221824692545,0.06880744459563244,0.20898685935027744,3.2318913282381576,1.041945968615488,0.6416908261246382,0.015096072940596473,0.0,0.46708345742098345,True,True,True,True
pt002,MR2,088_to_087_warp.nii.gz,0.8577733770522497,1.4757644999389983,6.3825981916986345,0.0004582808341531287,0.06605811996968297,0.19586798779824421,3.2235245423458614,1.0421519700931252,0.6412212715028109,0.00858438992432303,0.0,0.4611223154468908,True,True,True,True
pt002,MR2,089_to_088_warp.nii.gz,0.8549290715551326,1.475587794095066,6.217782699039359,0.000858824555158767,0.06577101647826675,0.19632890547433196,3.2251760530770244,1.042570778234314,0.638731807990096,0.015533102190701593,0.0,0.4581891226800207,True,True,True,True
pt002,MR2,090_to_089_warp.nii.gz,0.8848302949912141,1.4708707182298186,6.203881241581616,0.0009675127149157193,0.0683499987374383,0.22350596167595566,3.2384959438547596,1.0423853762416901,0.6455093577537049,0.015082365345357746,0.0,0.4712445301165147,True,True,True,True
pt002,MR2,091_to_090_warp.nii.gz,0.9043292604656318,1.4648012412115874,6.2243905657795,0.000615777097306101,0.07035846789883515,0.2436670203481588,3.237005245794983,1.0424525223478018,0.6471270176501555,0.014982824560192884,0.0,0.47095895990494724,True,True,True,True
pt002,MR2,092_to_091_warp.nii.gz,0.8867984274249625,1.4708509470683826,6.336744387158439,0.0009393560655200173,0.0692824535093772,0.2296466514064615,3.238353985854601,1.0414493748189788,0.6418422645764763,0.015012216398957091,0.0,0.4670764480816681,True,True,True,True
pt002,MR2,093_to_092_warp.nii.gz,0.8539154073999907,1.4802910627642634,7.090433722976173,0.0013454467653911222,0.06410445484299343,0.1843248040367469,3.2278130036848336,1.0423329043644065,0.6420956796117168,-0.10751992533240186,4.2724609375e-06,0.46455570521827483,False,True,True,False
pt002,MR2,094_to_093_warp.nii.gz,0.8605300175175181,1.4744860353098097,7.309704615545841,0.0008496890301085728,0.06529691665351843,0.19755194765668352,3.2317244011382136,1.0421702514416298,0.6408385735792512,-0.027667280697871385,2.44140625e-06,0.4624289924842496,False,True,True,False
pt002,MR2,095_to_094_warp.nii.gz,0.8670572845340945,1.468916491721075,6.255628720143952,0.0007917627424719201,0.0665238785690358,0.20767306855527473,3.2180572097297615,1.0424291535606331,0.6414728945202031,-0.04923919733844048,1.15966796875e-05,0.46098609880444136,False,True,True,False
pt002,MR2,096_to_095_warp.nii.gz,0.8777842527277196,1.4725285054788508,6.200908915708348,0.0008867369009710303,0.06918429801196571,0.22212141833561283,3.2360652969278667,1.041620963431636,0.6416894105815703,0.015129791203365654,0.0,0.4662964267765033,True,True,True,True
pt002,MR2,097_to_096_warp.nii.gz,0.884398600351362,1.470260661303779,6.231682073819329,0.0010584760359129478,0.06835948835959618,0.2283550547309417,3.234952778237243,1.0417709270361923,0.6451518495113027,-0.014819789927199066,6.103515625e-07,0.4704032743526453,False,True,True,False
pt002,MR2,098_to_097_warp.nii.gz,0.8568403994597387,1.4761310665799117,6.18883645329289,0.0009001178111863906,0.06609508278444555,0.19426272150533946,3.227430767494149,1.0422787498894548,0.6400731412695461,0.015374325758964079,0.0,0.4607608809442531,True,True,True,True
pt002,MR2,099_to_098_warp.nii.gz,0.8472163310827641,1.480053965558047,6.2429786177789115,0.0010969767367151803,0.06404118226727504,0.18172198038816834,3.227175277677454,1.0421644299027915,0.6380270435782288,0.01498076494804747,0.0,0.4577405054548626,True,True,True,True
pt002,MR2,100_to_099_warp.nii.gz,0.8506383199763959,1.476578670468773,6.461678147450248,0.0013804147570374284,0.06353623896900171,0.18476397477289502,3.2238202870239276,1.042528068918161,0.6399525881850678,0.015007269765475059,0.0,0.45830824056958713,True,True,True,True
pt002,MR2,101_to_100_warp.nii.gz,0.9056123388886475,1.4702105719522571,6.752440681000242,0.0005819781705177849,0.07126727175033536,0.2405968380613151,3.247690657116065,1.0422274916810634,0.6481979149212437,0.0149850551675019,0.0,0.47665106969598625,True,True,True,True
pt002,MR2,102_to_101_warp.nii.gz,0.9270845839324815,1.4618694289386993,6.195901363328445,0.0011512670094727825,0.07190261282007647,0.2542188245899065,3.239252144824199,1.042396248903328,0.6518840868236512,0.014777175361911317,0.0,0.47942531738053323,True,True,True,True
pt002,MR2,103_to_102_warp.nii.gz,0.8844366228956801,1.4747743014706265,6.322197185752794,0.0011304525076554974,0.07153869578533506,0.2300569656133432,3.2450663254800634,1.0416664929894512,0.6422949917009203,0.015148242373408586,0.0,0.46987843275303576,True,True,True,True
pt002,MR2,104_to_103_warp.nii.gz,0.8528435967618253,1.4790124537100868,6.284358678025744,0.0005451028303560311,0.06463499549975334,0.18550335897705494,3.2289927804205134,1.042144620156036,0.6403536177657604,-0.00016868450479218125,6.103515625e-07,0.4606039185332352,False,True,True,False
pt002,MR2,105_to_104_warp.nii.gz,0.8962841366915184,1.461641829064856,6.169208846072471,0.0009541908131010178,0.06917322748352507,0.23859907047888407,3.2291233070036487,1.0414757120381586,0.6471930452954083,0.01492450419939152,0.0,0.4719981860847512,True,True,True,True
pt002,MR2,106_to_105_warp.nii.gz,0.8991309485520795,1.468448663206504,6.271520229331178,0.0008024875742705448,0.07136670654854027,0.24209303532774795,3.23767639307055,1.0414509549764062,0.6476766384925803,-0.007207743736066157,3.0517578125e-06,0.48053800840477257,False,True,True,False
pt002,MR2,107_to_106_warp.nii.gz,0.8557609659836136,1.4788046306539675,6.233706184144273,0.0006543909643781966,0.06413165184858065,0.1877897773008915,3.230355478548785,1.0424059283427913,0.6407644898613465,0.014968874132149965,0.0,0.4626571512765931,True,True,True,True
pt002,MR2,108_to_107_warp.nii.gz,0.9224382071610332,1.46115406434454,6.206834131457318,0.001755747089523484,0.07294681282269233,0.2616365395541721,3.2395789298784132,1.0426006111673431,0.6526794392339715,-0.004746748461114781,6.103515625e-07,0.48155203416084436,False,True,True,False
pt002,MR2,109_to_108_warp.nii.gz,0.9103910923951632,1.468211307935781,6.252953071166298,0.0011452661580771866,0.07238538367698455,0.24630808699661955,3.251523208808557,1.0422870625224283,0.6555155377187514,-0.02185085355547949,1.220703125e-06,0.4936627209039744,False,True,True,False
pt002,MR2,110_to_109_warp.nii.gz,0.8835718602911359,1.4808170560343863,6.467595468592324,0.001432570393575393,0.07006972580124655,0.2134859128928464,3.2560420095614444,1.0420947521838113,0.6480813119427149,0.000981666687811033,0.0,0.47948746146851046,True,True,True,True
pt002,MR2,111_to_110_warp.nii.gz,0.8829788395939887,1.4720104713823146,6.2315753293265805,0.0013142660479116008,0.06693587570665976,0.21859433935991995,3.231702752097203,1.041723063747419,0.6460360395719895,0.015012384097900892,0.0,0.47491598013059055,True,True,True,True
pt002,MR2,112_to_111_warp.nii.gz,0.8796858033002528,1.4750689413214524,6.240552048426446,0.0005089832554328777,0.06987990650690894,0.21891787631851597,3.237514857325117,1.041691617401067,0.6444820611460077,-0.037796697219842905,1.8310546875e-06,0.4730905989986835,False,True,True,False
pt002,MR2,113_to_112_warp.nii.gz,0.856952071673467,1.4752548727066852,6.23166362707675,0.0011201270407234904,0.0652650800573024,0.196805870527555,3.2249070753910307,1.0426295610416993,0.6405797853285394,-0.03150455714997596,6.103515625e-07,0.4596260963542697,False,True,True,False
pt002,MR2,114_to_113_warp.nii.gz,0.9120060978808224,1.4697024018158191,6.248597766929384,0.0005547418887865427,0.07239186616555035,0.2470851590262318,3.2452349713884203,1.0422693319631378,0.6505885893504328,0.014915864914631767,0.0,0.48132867943547725,True,True,True,True
pt002,MR2,115_to_114_warp.nii.gz,0.8468237331767645,1.4737510814519306,6.187353429212766,0.0014197853056938773,0.06454567670323665,0.18691339719507133,3.2179447699713655,1.0422089776262196,0.6369001647113266,0.01514650657398082,0.0,0.45342332984450223,True,True,True,True
pt002,MR2,116_to_115_warp.nii.gz,0.8746078412170634,1.4789569724823768,6.247410465580472,0.0005246470584892712,0.06992890322216094,0.211521205097741,3.242205359877556,1.041839578145874,0.6443366092130358,0.015097954992148091,0.0,0.4707407061391517,True,True,True,True
pt002,MR2,117_to_116_warp.nii.gz,0.8862994320884344,1.4693581005203602,6.214611739884791,0.0010296194440263915,0.06854196884582889,0.22145476025387406,3.2365934984854583,1.0421513521130068,0.6491537998850014,0.004841342057273738,0.0,0.47589335282413786,True,True,True,True
pt002,MR2,118_to_117_warp.nii.gz,0.9070180453238439,1.4717498410926961,7.763124618592845,0.001063293490355721,0.07505669520547131,0.24556276637382868,3.248190992309771,1.0415315476638027,0.6517856175689797,-0.3962422454988509,6.103515625e-06,0.48951816718213154,False,True,True,False
pt002,MR2,119_to_118_warp.nii.gz,0.8812503352056656,1.4709707361908202,6.532280935567166,0.0010740808636438433,0.06832003127664471,0.2175668247858335,3.2334007667934435,1.042069248503509,0.6470338828094397,-0.08411968386761444,9.1552734375e-06,0.47309327661946143,False,True,True,False
pt002,MR2,120_to_119_warp.nii.gz,0.8793294472437891,1.4762751523827802,6.35965161577315,0.000730074771917784,0.06959586912306943,0.21439135912084167,3.239799695930457,1.0422162912542399,0.6457536172209685,-0.1194888983587894,6.7138671875e-06,0.4753480433371696,False,True,True,False
pt002,MR2,121_to_120_warp.nii.gz,0.9177847680668465,1.4676676965222644,8.856110141421942,0.0007831445707742377,0.07286829499322017,0.25369070822524614,3.247505486271413,1.042632029787022,0.6496042065528589,-0.037529847187425115,3.0517578125e-06,0.48430740266635025,False,True,True,False
pt002,MR2,122_to_121_warp.nii.gz,0.8761315462566414,1.4822478832878727,8.671022230415216,0.0008242016099128494,0.06993302077539823,0.20818570683003756,3.244831530925307,1.041848633992126,0.6443048408890014,-7.696286776517042e-05,6.103515625e-07,0.4750175452413795,False,True,True,False
pt002,MR2,123_to_122_warp.nii.gz,0.8759571759115317,1.473950963363717,6.659912943703979,0.0010585031503637461,0.06760267082802257,0.21186347697166122,3.233411119334982,1.0425433627570413,0.6480878371500558,-0.06810148811241767,1.8310546875e-06,0.47287001747125484,False,True,True,False
pt002,MR2,124_to_123_warp.nii.gz,0.9278519351198465,1.4635221621477297,6.342825322614941,0.0006155597307472723,0.07247815675614258,0.26435610248193836,3.247755456023642,1.0414132925897315,0.6543050437930431,-0.07169516499663409,1.220703125e-06,0.49298009275230825,False,True,True,False
pt002,MR2,125_to_124_warp.nii.gz,0.875533638727659,1.475657581668285,6.265123362078252,0.0010026415181507598,0.06846208836433441,0.2103186325730197,3.2347507188926605,1.04205413742047,0.6448281118761826,-0.1167980235045706,1.220703125e-06,0.4736802266217382,False,True,True,False
pt002,MR2,126_to_125_warp.nii.gz,0.8796371124866933,1.4743127826156068,8.960399121235398,0.0009776823405658402,0.06953051845952517,0.2153292527848947,3.2302800876094886,1.0418596927897366,0.6429532344120462,-0.025067079052367932,1.220703125e-06,0.4727018765725163,False,True,True,False
pt002,MR2,127_to_126_warp.nii.gz,0.8534123750026907,1.479817606758493,6.379798403062361,0.0005373839037505604,0.06361132825959605,0.18422345711155552,3.2304328767352084,1.0425057894188605,0.6409139959098511,-0.07026200783196196,6.103515625e-07,0.461488125729536,False,True,True,False
pt002,MR2,128_to_127_warp.nii.gz,0.8482818964714844,1.4753117586845739,6.227350728794999,0.0006347718784674224,0.06359264055458767,0.1834844956626493,3.2205735437888965,1.0424571848273732,0.6389586645326828,0.014874622589429181,0.0,0.45653662840798165,True,True,True,True
pt002,MR2,129_to_128_warp.nii.gz,0.846859077811866,1.4768111720762929,6.198976902770115,0.0007994588229951749,0.06420165411204987,0.18179546117456155,3.2213319461940637,1.0422867462338394,0.6369515925538753,0.01030123405803167,0.0,0.4562194998444962,True,True,True,True
pt002,MR2,130_to_129_warp.nii.gz,0.8551215088641948,1.476548470231907,6.287084298645975,0.0012296373570547703,0.06397457044016902,0.18690817065748866,3.222551247482379,1.0421661642142417,0.6398985224615893,-0.11585338441299085,3.0517578125e-06,0.4609645578617996,False,True,True,False
pt002,MR2,131_to_130_warp.nii.gz,0.8556541867212296,1.476721097574606,6.259803515497657,0.0006211241104981641,0.06644614598462556,0.19065418728547923,3.2255623340800015,1.0424723951185657,0.6402302200169175,0.009672641078524228,0.0,0.4613872355409404,True,True,True,True
pt002,MR2,132_to_131_warp.nii.gz,0.8502732037248496,1.4788229832719197,6.225342486738341,0.000974870870132919,0.06329171586189489,0.1843406176351774,3.225324130924825,1.042111082026387,0.6390221979641654,0.015039451943705958,0.0,0.45823489021365416,True,True,True,True
pt002,MR2,133_to_132_warp.nii.gz,0.8562949495621877,1.4777842042133218,6.345439251709893,0.0010579409873536696,0.06426052655003037,0.18782180793755382,3.228273955520144,1.042304242919467,0.6412794469573873,0.006849399361324019,0.0,0.46295262316938557,True,True,True,True
pt002,MR2,134_to_133_warp.nii.gz,0.8464020437199068,1.4771624862684476,6.250725657594131,0.0012341980699928877,0.06170000803393315,0.1777524789620048,3.222436605039003,1.0424820006682725,0.6378549953637896,-0.025726500662646836,1.220703125e-06,0.45646781911391654,False,True,True,False
pt002,MR2,135_to_134_warp.nii.gz,0.861919763016649,1.4729413710584838,6.186208305758591,0.0017094458805616145,0.06682582493091177,0.20284382553695063,3.22218113318046,1.0422009650580377,0.6417823588623556,0.015079898716189921,0.0,0.46177564116858244,True,True,True,True
pt002,MR2,136_to_135_warp.nii.gz,0.8605925292987366,1.4777214076933456,6.207602638734234,0.0008886616667170992,0.06573243725592676,0.19268274668924545,3.22983934228103,1.0421674044743647,0.6394405192369174,0.011111581087641622,0.0,0.46219825284866434,True,True,True,True
pt002,MR2,137_to_136_warp.nii.gz,0.8539313121852988,1.4776409969371573,6.346551992436457,0.0004327644409225923,0.0634335802880431,0.18440996296349726,3.2254612612432823,1.0421563552472317,0.6394889751905114,-0.3027051181411334,6.103515625e-07,0.46176098749502414,False,True,True,False
pt002,MR2,138_to_137_warp.nii.gz,0.8670679729484324,1.4760962780078606,6.213452510674497,0.0009414314111084647,0.06889862119806077,0.20848933329838432,3.2318393342321325,1.0426783531792285,0.6410235490594068,0.014987518911116406,0.0,0.46411965226461155,True,True,True,True
pt002,MR2,139_to_138_warp.nii.gz,0.8761535840404836,1.4751425430667682,7.899856396687046,0.0008916923813235679,0.06938897567758943,0.21899375570576765,3.2358727694421714,1.0425095854224344,0.642145773756903,-0.045754632325892754,6.103515625e-07,0.46702607293529286,False,True,True,False
pt002,MR2,140_to_139_warp.nii.gz,0.9039856403530702,1.4742919470790419,6.264292746434842,0.0005920746349356683,0.07250753979654363,0.24070220750935498,3.249346594765213,1.0421666534852476,0.6480138737268897,0.0007921367619668077,0.0,0.47903024625165463,True,True,True,True
pt002,MR2,141_to_140_warp.nii.gz,0.860870134697421,1.4757956229814548,6.179844604506048,0.001074633233005427,0.0652250636645486,0.19808689304097638,3.2281769133632308,1.0420919957682364,0.6419355641301305,0.0038166050253617113,0.0,0.46231850745821146,True,True,True,True
pt002,MR2,142_to_141_warp.nii.gz,0.8942733346935917,1.4650860558775114,6.14354608328029,0.0006001164791644269,0.07004984862304861,0.2363027184931506,3.2323455589026575,1.0417973598147305,0.648733358909732,0.015000190170076247,0.0,0.47602196746178244,True,True,True,True
pt002,MR2,143_to_142_warp.nii.gz,0.8746502247318328,1.473838735185729,6.347244214725792,0.0013621014699140158,0.06841483891856366,0.20897481665282958,3.232175423759358,1.0422078450874732,0.6455584964802786,-0.15384126679296156,7.32421875e-06,0.4731833291883031,False,True,True,False
pt002,MR2,144_to_143_warp.nii.gz,0.8666641806174813,1.4754733106216662,6.1908737511647445,0.0005864880077069702,0.06571550606350457,0.19437449239956173,3.226429973468694,1.0422744536542716,0.6424162247863932,0.015171186558207492,0.0,0.4673785698709983,True,True,True,True
pt002,MR2,145_to_144_warp.nii.gz,0.8586071147269067,1.477019842579317,6.283916980245407,0.0010557273389387287,0.06390733314880165,0.188170434559614,3.22871511508201,1.0424365915581633,0.6412890166867373,-0.05365344428064871,5.4931640625e-06,0.46227786577125385,False,True,True,False
pt002,MR2,146_to_145_warp.nii.gz,0.8791689458583862,1.4761656300368697,6.381734288523605,0.0005353254773974878,0.06694391117213258,0.20562755718730702,3.2356436904937125,1.0423717858394526,0.6453894587033904,0.002273537274576404,0.0,0.4733398302110075,True,True,True,True
pt002,MR2,147_to_146_warp.nii.gz,0.9176494901577548,1.4788685859047146,6.375839007342754,0.001092280050567897,0.07306669452943108,0.24343190060585423,3.263541894325261,1.0423734434869538,0.6534996914484204,-0.0009742372553498245,6.103515625e-07,0.49369173452265797,False,True,True,False
pt002,MR2,148_to_147_warp.nii.gz,0.9024354987356944,1.472392187995287,6.304647324485772,0.0009217796585176941,0.0758583929125053,0.23886072096313954,3.2442768087795186,1.042432983656169,0.6490308450549304,-0.024148889310288944,6.103515625e-07,0.48063369138975764,False,True,True,False
pt002,MR2,149_to_148_warp.nii.gz,0.8972243281638299,1.4682930184922487,6.1884042493466564,0.0009075088606801465,0.07032269946559169,0.23253884733213026,3.232181119120641,1.0417973788579307,0.6498981747123128,-0.16621118934708393,1.8310546875e-06,0.4809517146514704,False,True,True,False
pt002,MR2,150_to_149_warp.nii.gz,0.9076974576953326,1.4670263427346628,6.357370813876505,0.0013604387201156913,0.07199495372643483,0.24736989130468579,3.242401044332458,1.041628819110227,0.651140301556874,-0.002204843257485134,6.103515625e-07,0.48373105639334585,False,True,True,False
pt002,MR2,151_to_150_warp.nii.gz,0.9005241463917969,1.4699316458358445,6.290059167105507,0.0013637575712901952,0.07274156291097487,0.23736085547030483,3.2400646072964343,1.041743373909731,0.6500126756083477,0.015019358744564512,0.0,0.4825682092154142,True,True,True,True
pt002,MR2,152_to_151_warp.nii.gz,0.902381948898666,1.4938535604279313,7.25876104079868,0.001102740833669206,0.07854603786284933,0.23039269056337597,3.2839512803894517,1.0416330220615724,0.6500204085153695,0.009800529020890254,0.0,0.4920328570165906,True,True,True,True
pt002,MR2,153_to_152_warp.nii.gz,0.8693484663202853,1.479358904029559,6.295284885357511,0.0006173302271727329,0.0672936975830466,0.20134944233498975,3.2298543190250504,1.0425429275244271,0.6457959738865523,-0.0004368357930735959,6.103515625e-07,0.4695152071415914,False,True,True,False
pt002,MR2,154_to_153_warp.nii.gz,0.8920719568256537,1.4609892354922447,6.402154770136562,0.0007531625279795929,0.07090825497152212,0.23525146764641897,3.2160685327186442,1.0421179204534299,0.649013338286233,-0.20331136045411694,9.1552734375e-06,0.47044760531566,False,True,True,False
pt002,MR2,155_to_154_warp.nii.gz,0.8854359868934054,1.47720427335378,10.196871240121679,0.0006533021305757634,0.07127037682104108,0.22411455714742587,3.2407264777330247,1.0419984847712351,0.644331322445275,-0.13952728192565478,1.15966796875e-05,0.47560175171105706,False,True,True,False
pt002,MR2,156_to_155_warp.nii.gz,0.8864863368642905,1.4645460632287715,6.105266509331501,0.00043769066393735656,0.0675936530138127,0.22794566000722122,3.2237817003621996,1.0424736145546172,0.6484402263734687,-0.05438017944909452,2.44140625e-06,0.47260355209849,False,True,True,False
pt002,MR2,157_to_156_warp.nii.gz,0.8649960173961954,1.480850088517252,6.259861868038916,0.0009850414732751709,0.06775986545646626,0.1999521218967265,3.237278887029698,1.042297101700372,0.6414698524761286,0.01540387507001721,0.0,0.4658287959980122,True,True,True,True
pt002,MR2,158_to_157_warp.nii.gz,0.8658673126401751,1.4722049683249951,6.265648056383716,0.0007109829726082943,0.06893511808384042,0.21125726562995384,3.223641870761985,1.0418959862647754,0.639605623118212,0.015042031318575217,0.0,0.45975303018550867,True,True,True,True
pt002,MR2,159_to_158_warp.nii.gz,0.8500660746186566,1.4820482636820167,6.3969722290355335,0.0014692237009580678,0.06353587561057118,0.18168146700634732,3.2270025389966124,1.0422858633038354,0.6399215924874898,0.015380848455715837,0.0,0.4603325164408152,True,True,True,True
pt002,MR2,160_to_159_warp.nii.gz,0.8693643634221216,1.4675436479334723,6.206748833264981,0.0006257022947333856,0.06828901604876647,0.2150045079895186,3.2195252278452786,1.04198617770062,0.6424715861636059,0.015190871167057652,0.0,0.4624675160062352,True,True,True,True
pt002,MR3,002_to_001_warp.nii.gz,0.8973060858300621,1.4565881256959279,7.603734568448041,0.0008329002711702653,0.07595784641703385,0.23189742487004883,3.2330958357756208,1.0411608506400647,0.6592706701882914,-0.10688610623371109,3.662109375e-06,0.48475291190766384,False,True,True,False
pt002,MR3,003_to_002_warp.nii.gz,0.8819933245795248,1.470881768132912,6.324468674110203,0.0006435998546035527,0.06874186528635604,0.2076277154425939,3.2442390101212615,1.042505032681066,0.6477127348211511,-0.08905475514429156,1.8310546875e-06,0.479579925440559,False,True,True,False
pt002,MR3,004_to_003_warp.nii.gz,0.8773480762712847,1.4749723866743514,6.912361648418531,0.001505440489629703,0.06767912687333406,0.2002891876998072,3.245914351057863,1.0423464891446999,0.6455267982814493,-0.4310832367647376,6.7138671875e-06,0.4786677765825821,False,True,True,False
pt002,MR3,005_to_004_warp.nii.gz,0.9314599789502738,1.4630789902331014,8.24023352099053,0.0012375347237738683,0.07790788509807785,0.26732801333081924,3.2636661624691743,1.0427894515507894,0.6534807758898797,-0.18366035715240167,1.40380859375e-05,0.49535708890010766,False,True,True,False
pt002,MR3,006_to_005_warp.nii.gz,0.9115916275975587,1.4721125698078317,6.404747624885568,0.0010156342666883843,0.07457447039304614,0.24047973495255928,3.2632626003220917,1.0425883957255986,0.6529002653669218,0.0011059877812486212,0.0,0.489829476094874,True,True,True,True
pt002,MR3,007_to_006_warp.nii.gz,0.876500597904272,1.4722594030877156,6.449921647770357,0.0007818957081533196,0.06738889130505184,0.19994458929872294,3.2357006096130227,1.0425471239691375,0.6484799581001276,-0.05815544842812465,6.7138671875e-06,0.47654214875355694,False,True,True,False
pt002,MR3,008_to_007_warp.nii.gz,0.8708439542774541,1.4768214878334152,6.364658160435968,0.00048739312948715345,0.06639044777839319,0.19454394653363422,3.2447304657704072,1.042344505656121,0.6441194722185776,-0.091395361189251,4.8828125e-06,0.4731673200068077,False,True,True,False
pt002,MR3,009_to_008_warp.nii.gz,0.8764418014240083,1.4783073129027255,6.658263674418946,0.0007252335822267376,0.06716137404486373,0.1968791176792118,3.2446435794012127,1.0423933135590853,0.6481335667793008,-0.11856565981437985,5.4931640625e-06,0.4811409550088719,False,True,True,False
pt002,MR3,010_to_009_warp.nii.gz,0.8849591746875441,1.4774253192842428,6.965826651975433,0.0012486363900792482,0.07007017581523442,0.20797626221246665,3.25466399347986,1.0424812439943738,0.6475650212466488,-0.35613545155137394,1.40380859375e-05,0.4823303421901196,False,True,True,False
pt002,MR3,011_to_010_warp.nii.gz,0.8784762644705367,1.4636267326842418,6.351860467813251,0.0005296020246537813,0.06745069081171991,0.2107810941398771,3.2249410229518434,1.0421973901150903,0.6461391952781725,-0.11624887325004746,3.662109375e-06,0.47388932635067815,False,True,True,False
pt002,MR3,012_to_011_warp.nii.gz,0.8779273539782984,1.4762804224885913,6.541543365157121,0.0008999417650703455,0.06753087884308111,0.20030289910680238,3.2470462219129086,1.0423556280965267,0.6454185909445076,-0.05029974353380747,1.8310546875e-06,0.4765471017730669,False,True,True,False
pt002,MR3,013_to_012_warp.nii.gz,0.880972592356241,1.463039743414752,6.394581595183228,0.000512169631116798,0.06612283461793546,0.21268730818359355,3.2266633328443595,1.0421247532450189,0.6465066174759894,-1.06099648573618,7.32421875e-06,0.4747601185529535,False,True,True,False
pt002,MR3,014_to_013_warp.nii.gz,0.9002143229357764,1.4720653843592788,6.429702935985013,0.0008931095739875018,0.07360685069879393,0.2302501406815538,3.256144441081363,1.0418978104808434,0.648858225600864,-0.0034097282669936055,1.8310546875e-06,0.48684975060374586,False,True,True,False
pt002,MR3,015_to_014_warp.nii.gz,0.8795797018850093,1.47178594758111,6.370033880464973,0.000397076494138896,0.0680534506627934,0.20448552641566195,3.241959183467131,1.0424863846452357,0.6472954333506643,-0.5056696993760876,2.74658203125e-05,0.47800421001141463,False,True,True,False
pt002,MR3,016_to_015_warp.nii.gz,0.8948452460885369,1.4712374454628927,6.894657717550241,0.0010414721911819606,0.0710814369943791,0.2229910079904628,3.2538715269814116,1.0426989032709297,0.6478358166189112,-0.5786264021370685,8.544921875e-06,0.48295346137329487,False,True,True,False
pt002,MR3,017_to_016_warp.nii.gz,0.955050090605011,1.5295985820052982,7.345645410057857,0.0009150622263504682,0.09076865903413674,0.25948491781777805,3.432813594818408,1.0413281566816146,0.6668617676918462,-0.1550532661020399,7.32421875e-06,0.5392332780787286,False,True,True,False
pt002,MR3,018_to_017_warp.nii.gz,0.8798297589914728,1.4626865492515244,6.299391956776689,0.0013212186459483294,0.06750322836505983,0.20917488152946875,3.218536034616331,1.0412655835169058,0.6586592530297505,-0.161304597583549,6.103515625e-06,0.47410438564360047,False,True,True,False
pt002,MR3,019_to_018_warp.nii.gz,0.8701106641109885,1.4720560678637453,6.510612557858081,0.0008911715806578564,0.0645989870031957,0.19215576484477587,3.2367810582894974,1.0425037142618816,0.6461202406503013,-0.0781716873459293,3.0517578125e-06,0.47363683542465007,False,True,True,False
pt002,MR3,020_to_019_warp.nii.gz,0.8714699493312134,1.4768186656881708,8.743762775037425,0.00011875133824427513,0.06547774942067455,0.19040257773535868,3.2405388870337224,1.042376038281947,0.6465114332313703,-0.763204510956933,1.5869140625e-05,0.47748816111906783,False,True,True,False
pt002,MR3,021_to_020_warp.nii.gz,0.9003476473967161,1.4804594247156992,7.232993327487246,0.0016547349362722164,0.0738382956828824,0.22363117923995485,3.2680866922859444,1.0425024231830364,0.6513988467918161,-0.23905544670919854,1.8310546875e-06,0.49146382528253696,False,True,True,False
pt002,MR3,022_to_021_warp.nii.gz,0.874329538651262,1.475035919089209,7.148674180300295,0.00048729936023068194,0.06614698483767015,0.19545623397787013,3.2420504197163673,1.042253092353012,0.6462829442756282,-0.30634543057883357,1.28173828125e-05,0.476281152076747,False,True,True,False
pt002,MR3,023_to_022_warp.nii.gz,0.9193180732180403,1.4565535951242592,7.753536820397434,0.001095792840263706,0.0737493173449766,0.25664336854904096,3.235578532878412,1.0416599448397887,0.6521841051519893,-0.21259858860717118,1.0986328125e-05,0.4910768624210747,False,True,True,False
pt002,MR3,024_to_023_warp.nii.gz,0.9126382516134222,1.4885662755615523,6.610424702844288,0.001454448245798791,0.078199041865444,0.23269880539999488,3.2926597486324796,1.0417189317560678,0.6544241935036695,-0.2534968415443439,2.44140625e-06,0.502797604735577,False,True,True,False
pt002,MR3,025_to_024_warp.nii.gz,0.8678472049503837,1.4665548788475806,6.983222751211964,0.0005400971580910787,0.06473269383248892,0.19321375527964707,3.2337415271541805,1.042407095990118,0.6465041851677247,-0.12856600597079046,4.2724609375e-06,0.47081253140569257,False,True,True,False
pt002,MR3,026_to_025_warp.nii.gz,0.8986194102836781,1.4730095688121632,7.6867789320630875,0.0012098176804092886,0.0723883245186912,0.22030429217335504,3.2522878328604823,1.0425108458135106,0.650294301185527,-0.2879829395336052,2.01416015625e-05,0.4904543242688668,False,True,True,False
pt002,MR3,027_to_026_warp.nii.gz,0.8936264909473564,1.481538602219346,6.579572504783827,0.0012515352431733977,0.07348210645997504,0.2186870149327803,3.269806086428715,1.0423753160339961,0.6495859041142721,0.006057109715453357,0.0,0.4873750047167939,True,True,True,True
pt002,MR3,028_to_027_warp.nii.gz,0.9074534992148741,1.4595596235495867,6.41118297619748,0.0009499655622954258,0.07003233079210142,0.2417276015685219,3.243002272381819,1.0428450167546135,0.6511762141702622,-0.06249669926906127,1.8310546875e-06,0.48223236980298567,False,True,True,False
pt002,MR3,029_to_028_warp.nii.gz,0.8816031796382555,1.4812229944534765,7.127429176877952,0.001546642956712229,0.06739159529959417,0.1989076522080586,3.2519238462132725,1.0424703769631891,0.649221058523603,-0.11883258071893936,1.03759765625e-05,0.4844707611226818,False,True,True,False
pt002,MR3,030_to_029_warp.nii.gz,0.8757868383060169,1.475543085131043,6.403306404104763,0.0011182106624340372,0.06614693926511851,0.2014035388609082,3.24033435952426,1.042231005026399,0.647453393034652,-0.08045505976855381,4.8828125e-06,0.47701804525795366,False,True,True,False
pt002,MR3,031_to_030_warp.nii.gz,0.8795945317584427,1.4814683969921312,8.81016483178944,0.0013643405982661546,0.06769865210404599,0.19859048164029267,3.253037357623423,1.0424926938756989,0.6476434308549988,-0.09568345977371749,3.41796875e-05,0.482948461710445,False,True,True,False
pt002,MR3,032_to_031_warp.nii.gz,0.8969111365433329,1.4718857113648656,8.568914408355232,0.0012398777529498896,0.07178001207151187,0.22481420545561484,3.246169924174145,1.0422708441119166,0.6552207288092939,-0.08771769357775178,1.8310546875e-06,0.4885903950187228,False,True,True,False
pt002,MR3,033_to_032_warp.nii.gz,0.8858118166735803,1.4792044407033578,7.978534400570367,0.0011675429592846098,0.07032966602900424,0.2111698630375891,3.255994132827618,1.042663558132134,0.6467461448293206,-0.08915722978540393,1.8310546875e-06,0.4802676629157122,False,True,True,False
pt002,MR3,034_to_033_warp.nii.gz,0.8826565703656553,1.4728903062521725,6.726806431891799,0.0004380996204929078,0.06736161314545187,0.20390544080482964,3.241753810008652,1.0423946268819346,0.6507579919604087,-0.18036089056062574,9.1552734375e-06,0.48353751003247347,False,True,True,False
pt002,MR3,035_to_034_warp.nii.gz,0.8839115329687681,1.4719221672736091,6.9216996373601,0.00111037278436897,0.0667469373539881,0.2023835921686303,3.236097144676399,1.0422613992672867,0.6529075787785058,-0.1036909188022792,9.765625e-06,0.4835720475000522,False,True,True,False
pt002,MR3,036_to_035_warp.nii.gz,0.8926976969352785,1.4718338757896812,8.167458906430902,0.0009904983296243472,0.06989516418064426,0.2191530277406567,3.2483100917440977,1.0420838565271568,0.6506501166617632,-0.19532368203109954,6.7138671875e-06,0.4848476388783012,False,True,True,False
pt002,MR3,037_to_036_warp.nii.gz,0.8797373080257244,1.4876923474269164,8.464443512554125,0.0010256459484180936,0.06983936399383647,0.20097925192747107,3.266216416414991,1.0424039419710118,0.6480843357206006,-0.35716840289272134,6.7138671875e-06,0.4836171525244092,False,True,True,False
pt002,MR3,038_to_037_warp.nii.gz,0.867997037567372,1.4731075578125534,6.985642999304304,0.0010662696652817545,0.0641360087468658,0.1882863567154101,3.239202461253053,1.0424331911185782,0.6462056976164612,-0.08399843921009147,4.2724609375e-06,0.47192058924098923,False,True,True,False
pt002,MR3,039_to_038_warp.nii.gz,0.8728948745274326,1.4741545994689953,6.488348461445489,0.0014133752456166329,0.06668128195473505,0.19477033635727337,3.2418141544392376,1.0424912633940848,0.6464612648087128,-0.4673341284635,2.01416015625e-05,0.47644130532189494,False,True,True,False
pt002,MR3,040_to_039_warp.nii.gz,0.8788575485317689,1.475872950250024,6.425338458617785,0.0007685206716263863,0.0670675340481799,0.20167816676161537,3.242636928138021,1.0425502852771944,0.6499969147294867,-0.6725792019488411,1.8310546875e-05,0.48148137013364306,False,True,True,False
pt002,MR3,041_to_040_warp.nii.gz,0.8742519379288783,1.4803300817743115,8.376690495631877,0.0014466294201413194,0.06601766838617174,0.19267219589057316,3.2495517144543613,1.0423641900511225,0.6487045508729641,-0.7097431970151803,1.220703125e-05,0.48197804916917564,False,True,True,False
pt002,MR3,042_to_041_warp.nii.gz,0.8785309323917296,1.4790937668638606,6.559362660676033,0.001000725180308462,0.06617963924703057,0.19334997223873177,3.245698253801389,1.0426044503168013,0.6489849911440454,-0.10317064584322488,1.3427734375e-05,0.48250280338721363,False,True,True,False
pt002,MR3,043_to_042_warp.nii.gz,0.8822602698377733,1.480225209225537,6.789924118969203,0.0010017999638410279,0.06849836576507133,0.2024040642254667,3.2527470242266405,1.04226594876885,0.6489915089988986,-0.33771456878650724,9.765625e-06,0.48405474942175286,False,True,True,False
pt002,MR3,044_to_043_warp.nii.gz,0.8847892876516298,1.4766904769611693,6.410070750247377,0.0006564411854313585,0.06835836484027374,0.20626743872939463,3.249180729152628,1.0425932027726437,0.6502663178498778,-0.5875995140335862,1.40380859375e-05,0.4863408820827668,False,True,True,False
pt002,MR3,045_to_044_warp.nii.gz,0.8749944329331769,1.4778329502230374,7.354807807377312,0.00041565409603816066,0.0669092049817942,0.19541342941200507,3.2452731947965745,1.042574737278403,0.6515804519202983,-0.14283921309741,2.25830078125e-05,0.4809446311035623,False,True,True,False
pt002,MR3,046_to_045_warp.nii.gz,0.8807145160299426,1.4835170263094046,7.32186746277914,0.0007330070702416177,0.0686786798906703,0.20044013961401186,3.2597184406544515,1.042540686152735,0.6482459521557709,-0.5253661569544812,3.662109375e-06,0.4821789641501383,False,True,True,False
pt002,MR3,047_to_046_warp.nii.gz,0.8681202435651686,1.4747227309482522,6.427673073074059,0.0010733116370364188,0.06428515315907943,0.18721109557170507,3.241281427867827,1.0425452276049112,0.6486692450064477,-0.10673098243282524,1.8310546875e-06,0.4754241358021266,False,True,True,False
pt002,MR3,048_to_047_warp.nii.gz,0.8792671139993422,1.476638457689409,7.721632856083697,0.0011568429703479966,0.06601090173886202,0.1973534918098363,3.2424501157870145,1.0422540025412648,0.6515010819154596,-1.8092914226996357,1.40380859375e-05,0.48210008382824204,False,True,True,False
pt002,MR3,049_to_048_warp.nii.gz,0.868327772259009,1.4786303260236817,8.406872110672262,0.0003898092569883883,0.06525558965339884,0.188794885830836,3.248467692770525,1.0426810571804652,0.645702651911316,-0.6917468918488104,2.5634765625e-05,0.4762053985923304,False,True,True,False
pt002,MR3,050_to_049_warp.nii.gz,0.8727441319191622,1.4837129326140934,7.947673744863157,0.0010691310286896486,0.06543065942245876,0.18965441967182722,3.2515301072311944,1.0424456522188559,0.6478857458958708,-0.0030600387939314602,1.8310546875e-06,0.48192260797826286,False,True,True,False
pt002,MR3,051_to_050_warp.nii.gz,0.8686107664599692,1.4800419172529506,9.961325604852519,0.0011305687020403445,0.06434864505333188,0.1855987222900534,3.2440033843236447,1.0426493848137404,0.6479715537826685,-0.19735197004604219,1.03759765625e-05,0.47952554647674556,False,True,True,False
pt002,MR3,052_to_051_warp.nii.gz,0.8721013548515029,1.4792691579424764,7.031965226609012,0.0006690180483241484,0.06571874123093492,0.19241730281617941,3.248061539354955,1.0424498668878115,0.6504604952205693,-0.08608429246679919,8.544921875e-06,0.4787063192362331,False,True,True,False
pt002,MR3,053_to_052_warp.nii.gz,0.8815151578679373,1.484786563066324,6.507354802448555,0.0010072856102743537,0.06764980329653376,0.19711622666335243,3.2582581808843663,1.0423430335327852,0.6499805418667987,-0.09456317068344378,5.4931640625e-06,0.48534690271283026,False,True,True,False
pt002,MR3,054_to_053_warp.nii.gz,0.8796058255973546,1.4734830676453927,7.310971897045191,0.001385116699113898,0.06727042942902199,0.1995904570958376,3.238956435727017,1.0424254563868058,0.6489673961196617,-0.4174265323536147,6.7138671875e-06,0.48034370377046487,False,True,True,False
pt002,MR3,055_to_054_warp.nii.gz,0.9037434914081445,1.4763141018584158,7.553507749385651,0.0011787782314812724,0.07259500786346153,0.22056846651659895,3.2646187629184436,1.0425580836435038,0.6562966407069655,-0.05509732271184063,3.662109375e-06,0.49707169116135674,False,True,True,False
pt002,MR3,056_to_055_warp.nii.gz,0.9245437236056359,1.4740110492275904,6.763571481481746,0.0013037696477240638,0.07389061678534967,0.24956740497768617,3.2747898677504206,1.042702940575059,0.6567662642013791,0.0038809941976550824,0.0,0.4978653639481706,True,True,True,True
pt002,MR3,057_to_056_warp.nii.gz,0.9605265336883686,1.4690951422136218,7.290462559790893,0.0008959446969776743,0.0796206617828373,0.2814744924129853,3.273834270171517,1.0408739716883817,0.6582925664844417,-0.08161438024916202,2.197265625e-05,0.5137198790516255,False,True,True,False
pt002,MR3,058_to_057_warp.nii.gz,0.8750362893315127,1.4707108919737475,7.749324836616176,0.0009477266893912733,0.0661302178873746,0.1975975235466537,3.236144144611097,1.0423057059625995,0.6496820818550382,-0.18019082143053397,1.15966796875e-05,0.4759956349449629,False,True,True,False
pt002,MR3,059_to_058_warp.nii.gz,0.8653138489488985,1.4733131035020008,8.410586760344977,0.000865789656944339,0.0632638618312168,0.18570797256729632,3.2315812947785614,1.042637059755974,0.6467243804838405,-0.4016964760707238,2.3193359375e-05,0.47153360924699017,False,True,True,False
pt002,MR3,060_to_059_warp.nii.gz,0.8731854778000383,1.4806925841357328,6.5345246578728515,0.00025283729591867255,0.06553822777268713,0.19101625654633048,3.246451283091235,1.042732097164723,0.6531126703605071,-0.17872492548884134,2.44140625e-06,0.4792810113514716,False,True,True,False
pt002,MR3,061_to_060_warp.nii.gz,0.871052523280199,1.48404018004449,9.497963440817236,0.000860498355844887,0.06408865120729083,0.18586119239798476,3.2505951344841377,1.042546322454949,0.6490802717977575,-0.43572644373622416,7.8125e-05,0.4805969164728994,False,True,True,False
pt002,MR3,062_to_061_warp.nii.gz,0.8741677810252391,1.4777868869701418,6.450686641743252,0.0015169245082309695,0.0661718126817546,0.19808311768226966,3.2458914721658463,1.0423053067110886,0.6468898668202427,-0.014973799073328563,1.8310546875e-06,0.47458531171642887,False,True,True,False
pt002,MR3,063_to_062_warp.nii.gz,0.8758089042512845,1.4813582561938656,7.136235088950008,0.000905026812531962,0.06964462415081905,0.20074635692779594,3.2520475553801202,1.0427404804539857,0.6443630084834403,0.007878367035773748,0.0,0.47567344114955645,True,True,True,True
pt002,MR3,064_to_063_warp.nii.gz,0.9042951283460073,1.502094999317973,7.503305592060616,0.0011957345132132579,0.0772115835490489,0.2213078195435278,3.3146412256025015,1.0420556812795718,0.6526055797969865,-0.274547371184806,7.32421875e-06,0.5012857205015478,False,True,True,False
pt002,MR3,065_to_064_warp.nii.gz,0.8713562575739752,1.4652929885876085,7.23263114328052,0.0010252581849505313,0.06432282567677004,0.19851238040448205,3.225119586522633,1.0417393122577674,0.6525948449819511,-0.06780604551696948,1.8310546875e-06,0.47299651326256187,False,True,True,False
pt002,MR3,066_to_065_warp.nii.gz,0.8996086695309573,1.4746039175595926,8.686829500221144,0.0005476039000443509,0.07330113313938862,0.2336274282508457,3.2548346748631243,1.0428437978836766,0.6501265120014016,-0.2799898246825029,7.32421875e-06,0.4850408425648669,False,True,True,False
pt002,MR3,067_to_066_warp.nii.gz,0.8725995559310274,1.4849119362697796,6.437170399094995,0.0005805220058214731,0.06523599684570572,0.18992177983769815,3.2518313106464403,1.0422728186935892,0.6491346429399977,-0.1777780874038413,6.103515625e-06,0.4787751124833502,False,True,True,False
pt002,MR3,068_to_067_warp.nii.gz,0.8811365930922047,1.4751777932675731,6.355610287499111,0.0010546863796893422,0.06876304590742507,0.21102265639972237,3.2460455174883402,1.0428078517938366,0.6487383126439284,-0.18040340437280297,3.0517578125e-06,0.4764188253492101,False,True,True,False
pt002,MR3,069_to_068_warp.nii.gz,0.8743608743853751,1.4917646819292896,6.537747462969497,0.0007817994557911883,0.06981762806387516,0.1950619696677885,3.266419630391343,1.042231029816633,0.6467685130873425,0.00047506908211148406,0.0,0.48116158182675073,True,True,True,True
pt002,MR3,070_to_069_warp.nii.gz,0.8829284646030828,1.4838662203751771,7.803499641783441,0.0008381826801541701,0.06903965786678613,0.20819229794239913,3.251668299941646,1.0421928165776448,0.6488783506993661,-0.00046435395470072893,6.103515625e-07,0.4816774555493768,False,True,True,False
pt002,MR3,071_to_070_warp.nii.gz,0.8843063704181883,1.4655942064768925,7.484130477429961,0.0009104318408357659,0.0671894910381529,0.21117863132148817,3.236300166411294,1.041972928459966,0.6532823302857323,-0.3698378195749554,1.220703125e-05,0.4774256585665011,False,True,True,False
pt002,MR3,072_to_071_warp.nii.gz,0.9078421326238084,1.4663631357204185,7.62537931444469,0.0007236378652004398,0.06980037968247838,0.23988854301991092,3.244093657383739,1.0418901529713105,0.6534193718693183,-0.16598399176763545,1.46484375e-05,0.49033364130963064,False,True,True,False
pt002,MR3,073_to_072_warp.nii.gz,0.8969889952250001,1.4826760781947743,6.493334426080514,0.0013076109452786597,0.0724245785322047,0.2156368274113406,3.2688397276524843,1.0422137922782608,0.6509453939301528,0.004526727897778651,0.0,0.49027954938264273,True,True,True,True
pt002,MR3,074_to_073_warp.nii.gz,0.8704462559757722,1.473478007375707,7.625525093298871,0.0008081369824281247,0.06469359846744731,0.1921252904987062,3.2392526383290527,1.0423243163178781,0.6470549843214649,-0.530337925674687,1.5869140625e-05,0.47335572227400063,False,True,True,False
pt002,MR3,075_to_074_warp.nii.gz,0.8763772453509641,1.4782537172555408,6.572760623206269,0.00031533279061552133,0.06708807529761975,0.1970206310216698,3.2468803455143656,1.042602397734251,0.6496098350356254,-0.27960009108952977,6.103515625e-06,0.4806489590019649,False,True,True,False
pt002,MR3,076_to_075_warp.nii.gz,0.8876912813054301,1.4805515977076702,7.080486079168714,0.00040620370256942197,0.06790189586094185,0.20225688028023084,3.251274076220593,1.0425865389711046,0.6514369914412202,-0.05602215800186109,5.4931640625e-06,0.48723753118535273,False,True,True,False
pt002,MR3,077_to_076_warp.nii.gz,0.9073683101665816,1.4848017401818914,6.533479129627695,0.001647345278816889,0.07309813944930552,0.22066474733134323,3.2741936070320894,1.0423825570768381,0.6554224056438454,-0.027401802377961994,5.4931640625e-06,0.49766348200571486,False,True,True,False
pt002,MR3,078_to_077_warp.nii.gz,0.8765646375593876,1.468794569187249,6.327327304035986,0.0011166044354081462,0.06483068891200652,0.19674236803230294,3.2328205563282637,1.0424078450511027,0.6484660445148444,-0.048059273349991084,5.4931640625e-06,0.47387542755633966,False,True,True,False
pt002,MR3,079_to_078_warp.nii.gz,0.9108662149531582,1.4918592887974278,9.662893167034548,0.0013531951347165508,0.07487857524989566,0.2197201487168119,3.2842270812427343,1.0419742371433005,0.6540700730277846,-0.8534633957241848,6.7138671875e-06,0.5011565056413148,False,True,True,False
pt002,MR3,080_to_079_warp.nii.gz,0.8818394399239486,1.465061732793279,6.244643376774618,0.00035339920059286687,0.06632386338217608,0.20691289634318394,3.232284023990871,1.0416117749056362,0.6517664825363364,-0.17103321453644477,1.77001953125e-05,0.47739019879582545,False,True,True,False
pt002,MR3,081_to_080_warp.nii.gz,0.8837595545535301,1.47892325568324,7.1302196901189205,0.00029741921226971964,0.06599534262219676,0.19744450573481603,3.2506564819601342,1.0423343805879979,0.6476582022299897,-0.11781180207777137,2.38037109375e-05,0.4843030103567872,False,True,True,False
pt002,MR3,082_to_081_warp.nii.gz,0.8876854201341104,1.4802615682677547,8.111546956432107,0.0013181975247246408,0.06599777419009686,0.19828664990432843,3.2517093116048876,1.0424550028044846,0.6522411704722616,-0.15759578064075588,4.2724609375e-06,0.4881358087735621,False,True,True,False
pt002,MR3,083_to_082_warp.nii.gz,0.9035604484323443,1.4956127877482175,6.683770071124702,0.0010772634814832963,0.07531048935376383,0.2168630419356844,3.2940106804750653,1.0420442293034293,0.6529092307930753,-0.05047243981791249,3.0517578125e-06,0.5004648962880716,False,True,True,False
pt002,MR3,084_to_083_warp.nii.gz,0.8834614373902308,1.4638569020392371,7.854236418306245,0.001198119769775726,0.06673266517475812,0.20746736294837534,3.2313151939688223,1.0416717218409612,0.6506997038422092,-0.25465885209866396,1.3427734375e-05,0.47873831034763614,False,True,True,False
pt002,MR3,085_to_084_warp.nii.gz,0.88522978483151,1.4783833829910877,7.324801532398592,0.0008938122815268841,0.067978061218547,0.20172164726123257,3.2497588391227428,1.0424858199231506,0.6504503457234694,-0.19640334189749123,6.103515625e-06,0.48706372144019566,False,True,True,False
pt002,MR3,086_to_085_warp.nii.gz,0.9154492886196626,1.4977744388417162,6.974803626790571,0.0018615207241335556,0.07662443399873374,0.22527759517447446,3.305066908320414,1.041790273332365,0.6554391752305588,-0.1249442645097563,7.9345703125e-06,0.5077578834895461,False,True,True,False
pt002,MR3,087_to_086_warp.nii.gz,0.8663482769047226,1.476456036462536,6.206849752340106,0.0008936354866296391,0.06547349422058656,0.1922612774777684,3.237416115725938,1.0426517010922263,0.6458948540330155,-0.027669233378575155,1.8310546875e-06,0.4708062007299648,False,True,True,False
pt002,MR3,088_to_087_warp.nii.gz,0.8646680462425365,1.4756353178617916,6.215039997602372,0.001091700306996763,0.06429052096410338,0.18816541619565902,3.2361676584723686,1.042619860121908,0.6466905444013175,0.01522269911613195,0.0,0.4707625116901465,True,True,True,True
pt002,MR3,089_to_088_warp.nii.gz,0.8718444265263756,1.4808761231806291,11.298674039535266,0.00046423188047188605,0.06613260732837277,0.19357169466785687,3.2433817854971654,1.0422817887491882,0.6463437717411233,-0.3727999068082861,9.1552734375e-06,0.4775093860380356,False,True,True,False
pt002,MR3,090_to_089_warp.nii.gz,0.873453283333946,1.4802728195556925,6.28874658572179,0.0012603590385711582,0.06851501257490199,0.1968521391753047,3.248193712871336,1.042643100605671,0.6469049484169964,-0.10860491879012611,1.220703125e-06,0.4760542106028187,False,True,True,False
pt002,MR3,091_to_090_warp.nii.gz,0.8688337973549238,1.4703908403661052,6.235395116099498,0.0002998399201846002,0.06469340206890806,0.1919972650068495,3.2307480659787893,1.0425471754265911,0.6485226341135267,-0.39095043882950076,2.44140625e-06,0.4728650632811814,False,True,True,False
pt002,MR3,092_to_091_warp.nii.gz,0.8793304567253198,1.48635622613407,6.754650953115703,0.00045452523755624486,0.0709393800414228,0.2043380110881777,3.2655667071437677,1.042699628144817,0.6471812107730982,-0.26852466364403554,1.64794921875e-05,0.48086400428379855,False,True,True,False
pt002,MR3,093_to_092_warp.nii.gz,0.8853210923293631,1.4808646349830064,7.2857902707593585,0.0010715211962519077,0.06860161775847319,0.2033705007717996,3.248518478421228,1.0424382847278784,0.6517529676504226,-0.16088455403822052,6.103515625e-06,0.48625909236679093,False,True,True,False
pt002,MR3,094_to_093_warp.nii.gz,0.871064972725213,1.4824940474714652,6.821278027766288,0.0008360977838766548,0.06605727430489833,0.190210898491961,3.2453774741137136,1.042632863112541,0.6461004285983778,-0.2938806013344205,4.8828125e-06,0.47638070942961813,False,True,True,False
pt002,MR3,095_to_094_warp.nii.gz,0.8738517779478928,1.4802932870719283,6.480528344501991,0.0009286032800915552,0.06737113719470879,0.195998454637535,3.2448523356894796,1.0424666251203067,0.6467339663783495,-0.007309278867756872,1.220703125e-06,0.47664310826198014,False,True,True,False
pt002,MR3,096_to_095_warp.nii.gz,0.8692979752826756,1.4766918701335385,6.304358060467342,0.0007438736715612202,0.06475204573897517,0.18910662241723336,3.239697445211129,1.042723874714321,0.6477164573446503,-0.1617468608754138,3.0517578125e-06,0.4739848198625116,False,True,True,False
pt002,MR3,097_to_096_warp.nii.gz,0.8724143955358221,1.4650020953315102,6.198539912751778,0.0007374955983264713,0.06638589645324147,0.1987909629137293,3.2283431012598647,1.0420528046594602,0.6516803757996118,-0.43541743259638294,1.77001953125e-05,0.473712475692454,False,True,True,False
pt002,MR3,098_to_097_warp.nii.gz,0.8835748286412896,1.474728687778704,6.649699398557839,0.0008310563678835523,0.06805238534508555,0.20488281683032844,3.2436508312676464,1.0424088963368925,0.6467210244651602,-0.4962049425750406,1.46484375e-05,0.48001985454436247,False,True,True,False
pt002,MR3,099_to_098_warp.nii.gz,0.8829139094992462,1.4833063212011464,6.481747303920451,0.0015746002494246005,0.07022515819905746,0.20202241620988914,3.2589934050978364,1.0424877540793163,0.6476362396581588,0.005381970931718996,0.0,0.4830517184060231,True,True,True,True
pt002,MR3,100_to_099_warp.nii.gz,0.8721263852030762,1.4830360020529467,7.0997534297210265,0.00034978822209602177,0.06574785867000423,0.18971845890959937,3.2511042379393214,1.0425638395294574,0.646006708521945,-0.07617040927774621,2.44140625e-06,0.47773446846277196,False,True,True,False
pt002,MR3,101_to_100_warp.nii.gz,0.8679090660516746,1.468689714153897,7.511333665156929,0.0008763641834990632,0.06410328639690337,0.19197685472313836,3.22861323676146,1.0420445320699572,0.6462859804145296,-0.22135071542971485,4.2724609375e-06,0.47023387954828655,False,True,True,False
pt002,MR3,102_to_101_warp.nii.gz,0.8653937410021412,1.4771876169048144,7.825036883646836,0.0006857775846148691,0.06378177535352737,0.1855868262908032,3.240764512745367,1.0427157153229087,0.64420116831277,-0.08432945831032546,1.0986328125e-05,0.4727416893560013,False,True,True,False
pt002,MR3,103_to_102_warp.nii.gz,0.8737188504821678,1.4797034554300965,7.910326623358997,0.0009024472564022487,0.06521612347870745,0.1916420173519533,3.247203257440404,1.0428470710729403,0.647766626616624,-0.33095906554958743,9.1552734375e-06,0.47870200367955085,False,True,True,False
pt002,MR3,104_to_103_warp.nii.gz,0.8720595177490325,1.4760290115605228,6.471612264752846,0.0007438194435891511,0.06628457612627872,0.1908140327001469,3.2395211287084043,1.0424311788226999,0.6473251428419741,-0.0494892449528475,3.0517578125e-06,0.4762470280031977,False,True,True,False
pt002,MR3,105_to_104_warp.nii.gz,0.8773323322565331,1.4790126931938694,6.367887296382749,0.0013874017353401975,0.06748998196702788,0.19524129984309924,3.2515033695870232,1.0425713825855296,0.6468155715559847,-0.043969435163547045,1.220703125e-06,0.47852490619864196,False,True,True,False
pt002,MR3,106_to_105_warp.nii.gz,0.8898064946916694,1.4923582347240822,6.55633612837336,0.0005650801380849212,0.07373140602303282,0.20893868850547645,3.2810090522770063,1.0420611392157921,0.6494614009263894,-0.14823742110364826,2.44140625e-06,0.4909166353417951,False,True,True,False
pt002,MR3,107_to_106_warp.nii.gz,0.8624410693515724,1.4608849222115596,6.163042950944139,0.000661542574640963,0.06430754063657548,0.1946414638624654,3.215130225410156,1.0420101678591365,0.6450400393887736,0.007652361718224022,0.0,0.46335209932848104,True,True,True,True
pt002,MR3,108_to_107_warp.nii.gz,0.8697228846083971,1.4784988763594886,6.359395995580977,0.0008526935316817634,0.06497006609848366,0.18833075166900054,3.245384237781462,1.042753792198908,0.6466712346779514,-0.355837007875368,2.44140625e-06,0.4756081596115284,False,True,True,False
pt002,MR3,109_to_108_warp.nii.gz,0.8932149651937314,1.4789594838513225,6.3993963547262105,0.0011081607820815132,0.07327211888214086,0.2247582907961459,3.2620849833991863,1.0428201403987725,0.6482449670907017,-0.18018552857736772,2.44140625e-06,0.4825996214689702,False,True,True,False
pt002,MR3,110_to_109_warp.nii.gz,0.8903026172187474,1.479900223969974,6.331727708655249,0.0009687849289921993,0.07217099692871781,0.22000223372457695,3.25815911569,1.0426373946142817,0.6497773487880676,-0.04080423094558127,1.8310546875e-06,0.4823152902848622,False,True,True,False
pt002,MR3,111_to_110_warp.nii.gz,0.8758510773728713,1.471023445359255,6.450046336296868,0.000954284722296222,0.06739867651550047,0.206828841275234,3.2370647695872634,1.042013781161581,0.6482574099872774,-0.3887269949191358,8.544921875e-06,0.4747795438292551,False,True,True,False
pt002,MR3,112_to_111_warp.nii.gz,0.8691698340131182,1.4778342312053372,6.839261105521978,0.0010590080813057433,0.06603433976952706,0.19328735492091487,3.241483974086288,1.04238958954241,0.6474311171507159,-0.44225242564532524,7.9345703125e-06,0.47495035135245944,False,True,True,False
pt002,MR3,113_to_112_warp.nii.gz,0.9117574032056952,1.4752903943325362,6.424588273046283,0.0007772326218024822,0.0753320203375837,0.2418487378718402,3.2688135137658856,1.042886136260372,0.6533606031806797,-0.7484501097033506,6.103515625e-06,0.4896713041010426,False,True,True,False
pt002,MR3,114_to_113_warp.nii.gz,0.9100735756872019,1.464971101911963,7.2698097370857555,0.0015183058008458091,0.07117091353715324,0.25054413256052555,3.24486452408006,1.0414490570923867,0.6502710124343106,-0.2874225717787389,1.8310546875e-06,0.483337481119843,False,True,True,False
pt002,MR3,115_to_114_warp.nii.gz,0.8688734358472804,1.4799176906125686,6.341140688054515,0.0008123328568370704,0.06618790067662193,0.19038152772957068,3.243855145336556,1.042721389219,0.6457551544105253,-0.03980535566084664,4.8828125e-06,0.4752225113689928,False,True,True,False
pt002,MR3,116_to_115_warp.nii.gz,0.867696788482031,1.4803887309779682,6.458644675100587,0.0005258650971793462,0.06621208936341408,0.19415341812151343,3.245968316320302,1.0422174519908958,0.6457943637045702,-0.06467554763316599,6.103515625e-07,0.47211664412943977,False,True,True,False
pt002,MR3,117_to_116_warp.nii.gz,0.8901917955757809,1.4792481368535009,7.377483987335242,0.001607496561733583,0.07271994732664004,0.2188361813139414,3.2581467364129986,1.0429329835682033,0.6476276705926002,-0.07904118412567454,4.8828125e-06,0.4821171643032766,False,True,True,False
pt002,MR3,118_to_117_warp.nii.gz,0.868791607385834,1.4741175722612967,6.50841398349045,0.0008268982749653622,0.06497266176566065,0.19430994533107476,3.2367372507984657,1.0422690309541052,0.6501182066196569,-0.12425119067415416,6.7138671875e-06,0.47334783420449655,False,True,True,False
pt002,MR3,119_to_118_warp.nii.gz,0.8866144567439193,1.4823000054124902,8.443702052428685,0.0009468970186344345,0.06987354676332674,0.21013603947067166,3.25993226953309,1.0423517069160992,0.6505233233450578,-0.07691542699933596,6.7138671875e-06,0.48722084681763245,False,True,True,False
pt002,MR3,120_to_119_warp.nii.gz,0.8969583005081122,1.4641113513689026,6.869337977586138,0.0011987968030060677,0.06933038273942771,0.23432057934268877,3.2342594399130924,1.041618237996611,0.6498064385850778,-0.026790872799317838,1.220703125e-06,0.48016530939791285,False,True,True,False
pt002,MR3,121_to_120_warp.nii.gz,0.8785321247264705,1.4753757086287766,7.170280441948064,0.0009209690247687794,0.06884706535623569,0.21051341784530675,3.2476863201806365,1.0421666022307632,0.6453571082635892,-0.435159786499903,4.8828125e-06,0.47504274387086703,False,True,True,False
pt002,MR3,122_to_121_warp.nii.gz,0.8651485511480435,1.4758796513854153,6.583261584034861,0.001523087325979525,0.06780671879389591,0.20046900889702746,3.2408361817854354,1.04306374690223,0.6416201690413189,-0.05374642640832019,2.44140625e-06,0.46699205002593513,False,True,True,False
pt002,MR3,123_to_122_warp.nii.gz,0.8759562268744251,1.481929078974799,6.44705672724735,0.0009137338013213349,0.06978195877832868,0.20416933131332632,3.2510791117440236,1.0427152900690486,0.6474850525918583,-0.3000471557260372,5.4931640625e-06,0.4778386528582654,False,True,True,False
pt002,MR3,124_to_123_warp.nii.gz,0.871500660509127,1.472986606963576,6.3445831636929295,0.0014102410461886512,0.06726231562888874,0.1991600147934309,3.2372025121335515,1.0427333850021954,0.6461152919371543,-0.3815094642818083,7.32421875e-06,0.47113050947559815,False,True,True,False
pt002,MR3,125_to_124_warp.nii.gz,0.8802974428143844,1.4654776128078428,6.260115184191281,0.0008749422497978676,0.06784888632163488,0.21006142454701282,3.2317712611470677,1.0425381266151827,0.6493687547210506,-0.25964936741098316,4.2724609375e-06,0.47657818838035204,False,True,True,False
pt002,MR3,126_to_125_warp.nii.gz,0.8685615847018663,1.4824315482831407,6.365743703738778,0.0008792290500528126,0.0679803673171196,0.19537117850489624,3.253621046878517,1.042610127451717,0.6435552277245165,0.014899339095695416,0.0,0.4734424733323047,True,True,True,True
pt002,MR3,127_to_126_warp.nii.gz,0.8630337422148824,1.477834182132837,6.256482631284292,0.0008674151446177587,0.06627718048482234,0.19163899731079725,3.236870455911491,1.0427281258229273,0.6440416688575002,-0.0220751271181663,6.103515625e-07,0.46992471879467174,False,True,True,False
pt002,MR3,128_to_127_warp.nii.gz,0.8531389436007042,1.483542711899103,8.001804305852886,0.0013818883687125234,0.06413601630147246,0.18155803162713458,3.2416848919441925,1.0425228636769392,0.6426687459962859,-0.44996387231666196,1.46484375e-05,0.4657944998745439,False,True,True,False
pt002,MR3,129_to_128_warp.nii.gz,0.8582145288672084,1.4811948964397907,6.31652143869525,0.0011493790291932946,0.06408914913328016,0.18332953089400997,3.241810497176504,1.0426356228275235,0.6443729433398518,-0.07098482510365763,2.44140625e-06,0.4692810934540013,False,True,True,False
pt002,MR3,130_to_129_warp.nii.gz,0.8857072535871837,1.4803255467864223,7.183821250285531,0.00042508585699200087,0.07024379674759762,0.21573617106628712,3.2577739460828092,1.0429316311460557,0.6478033453243531,-0.2774085262356968,1.5869140625e-05,0.4813285467975234,False,True,True,False
pt002,MR3,131_to_130_warp.nii.gz,0.8816490992597541,1.4798152868958339,7.027672033201259,0.0012294614321340074,0.06875978466535618,0.20529010578333853,3.2468843055119105,1.0422876006259774,0.6507547060539445,-0.28635286176855157,6.103515625e-07,0.48269281180820534,False,True,True,False
pt002,MR3,132_to_131_warp.nii.gz,0.9052123694204375,1.464005644937445,6.389004710736722,0.0011919935595197488,0.06937699480986327,0.2415893627214173,3.2390878582527756,1.0412585531067926,0.6509170756799552,-0.893234054112918,3.662109375e-06,0.4824168914021297,False,True,True,False
pt002,MR3,133_to_132_warp.nii.gz,0.8737543004355431,1.4650241067596075,6.7194001028382235,0.0011673483531381066,0.06646143588568014,0.20590641319223668,3.227251280974542,1.0421998757794888,0.6472295124009952,-0.1344528121887343,1.220703125e-06,0.471308353251375,False,True,True,False
pt002,MR3,134_to_133_warp.nii.gz,0.8805716033377311,1.4825114800295869,7.106186829626275,0.0013967696660024192,0.06943931189132022,0.20635764499084602,3.25963877927055,1.0427719018449464,0.6487365933187699,-0.05427299218900395,9.1552734375e-06,0.4809638192526343,False,True,True,False
pt002,MR3,135_to_134_warp.nii.gz,0.8780210574322516,1.4867271760566856,7.747671851523287,0.0007656999302549917,0.07024151897500651,0.19993901877104925,3.2641889002344304,1.0425331241976405,0.6487124149765021,-0.7851181957084662,2.74658203125e-05,0.4832106044031718,False,True,True,False
pt002,MR3,136_to_135_warp.nii.gz,0.8769746648006453,1.4778649527394303,6.331794065788447,0.000378672529544133,0.06809743697772244,0.20160785672463066,3.2412771366387405,1.0428409541609833,0.6503032516175479,-0.3883309087174299,2.44140625e-06,0.4772851300368156,False,True,True,False
pt002,MR3,137_to_136_warp.nii.gz,0.873443858543611,1.4807084719042087,6.446754323117625,0.0006393664437484149,0.06801703225959747,0.19939486685983926,3.2482185478685177,1.0426043077963352,0.6469031564802886,-0.11691734466216173,9.765625e-06,0.47697164427680955,False,True,True,False
pt002,MR3,138_to_137_warp.nii.gz,0.872394148460531,1.4826956096862554,6.396222442420076,0.0008198202579711884,0.06832521474261251,0.19737793980582805,3.251076551525377,1.0429179877663215,0.6474457978251372,-0.19087918612958396,3.0517578125e-06,0.4771275148925196,False,True,True,False
pt002,MR3,139_to_138_warp.nii.gz,0.8725978371758157,1.4852630421620703,6.769044528745938,0.001482238112247461,0.06674279625893799,0.19256630643349731,3.2522450316623046,1.0427787347535677,0.6501006521883923,0.014269706434513377,0.0,0.4795779033333892,True,True,True,True
pt002,MR3,140_to_139_warp.nii.gz,0.8645217044251965,1.4803370003083498,7.4628474302236265,0.0010339346749063658,0.06410320590724135,0.18478402222010937,3.2419335948509116,1.0425658719148383,0.6480478571374437,-0.12051671346484302,1.89208984375e-05,0.4719158533539945,False,True,True,False
pt002,MR3,141_to_140_warp.nii.gz,0.8718624301827066,1.4834709591825648,6.422858274710269,0.0011989641563705659,0.06684913646073164,0.19672824491342528,3.2490600981994047,1.0429315738788503,0.6474118544237709,-0.016558329045308275,6.103515625e-07,0.4766251182202667,False,True,True,False
pt002,MR3,142_to_141_warp.nii.gz,0.8828572645460722,1.46935398279824,6.243621854709811,0.0009813937482126848,0.06785585939842684,0.22152721113776117,3.2343098047328422,1.0418037891705556,0.6460510374273987,-0.0013132162439279,6.103515625e-07,0.4737450800820545,False,True,True,False
pt002,MR3,143_to_142_warp.nii.gz,0.860065178089054,1.479447432791347,6.363947934270483,0.0014274019407173961,0.06428782241899511,0.18367625933914264,3.23671671359851,1.0426692812481546,0.6460890623308252,-0.013830476387848973,6.103515625e-07,0.4702064856360801,False,True,True,False
pt002,MR3,144_to_143_warp.nii.gz,0.8682367559414272,1.4789185704561811,6.320089137152837,0.0009892461464245939,0.06546448444937018,0.1924327720196941,3.2403110558323642,1.042479848025636,0.6474371705052437,-0.17982985069119695,3.0517578125e-06,0.4740974575245705,False,True,True,False
pt002,MR3,145_to_144_warp.nii.gz,0.8726512696212214,1.4785577911457823,6.345399251289088,0.0006000817552926963,0.06783978040763544,0.19944363448142682,3.246403431889522,1.0426227594188981,0.6458935410763442,-0.019075174051742843,6.103515625e-07,0.4747923859343126,False,True,True,False
pt002,MR3,146_to_145_warp.nii.gz,0.8704870047633461,1.4814185624841127,6.296651558386774,0.0006599123973194478,0.06832916055497051,0.19743665051971135,3.2510833505206427,1.0428026748122934,0.6452230781590051,0.002951173409802446,0.0,0.47414461313609074,True,True,True,True
pt002,MR3,147_to_146_warp.nii.gz,0.8559571277830383,1.479728866729304,6.277771185437812,0.0007415911698001188,0.06547481061375952,0.18419431628632132,3.2372661330005896,1.0426603619977945,0.6426802509348742,0.014414029165582189,0.0,0.4661610339738252,True,True,True,True
pt002,MR3,148_to_147_warp.nii.gz,0.8598953745160783,1.4757844247141096,6.231345929996181,0.0006884327544951557,0.06390263010022068,0.18734706391779415,3.2326391880247516,1.042795148094005,0.6438465565139101,-6.815093625357605e-05,1.220703125e-06,0.4658325310463496,False,True,True,False
pt002,MR3,149_to_148_warp.nii.gz,0.8581870813217285,1.476795081658733,6.300933973305325,0.00035821155586179945,0.06438258982204244,0.1851908503555295,3.2328814321720385,1.042599182601112,0.6433739438626501,0.0013069422822271147,0.0,0.46640171076125225,True,True,True,True
pt002,MR3,150_to_149_warp.nii.gz,0.8614205539200482,1.4797220817454049,6.327724267768298,0.0014070805406475072,0.06560773102654241,0.18726807438945237,3.238457149228191,1.0425464478919362,0.6444216425223812,-0.0018247192699916094,1.220703125e-06,0.46904189798903095,False,True,True,False
pt002,MR3,151_to_150_warp.nii.gz,0.8784285369997393,1.478994817827778,6.303171338660846,0.0018833132058522911,0.06938946043686271,0.2061050797116306,3.250650628872609,1.0429572661709743,0.6482948917054601,-0.42610773844888994,6.103515625e-07,0.4768720771805029,False,True,True,False
pt002,MR3,152_to_151_warp.nii.gz,0.8734203120108694,1.4851907342670605,6.286765385719539,0.0008907976785436417,0.06727219652281033,0.1935482322707474,3.254744377788881,1.0426852113990415,0.6490591209136013,-0.31470733328674844,3.662109375e-06,0.4809681519918197,False,True,True,False
pt002,MR3,153_to_152_warp.nii.gz,0.872566560301044,1.4768449163221102,7.017776764207384,0.0010002943524682,0.06586749201997144,0.19964668176912453,3.2370775881389933,1.0420647658543158,0.6495564806153812,-0.18571403071336398,1.220703125e-06,0.47579126479320183,False,True,True,False
pt002,MR3,154_to_153_warp.nii.gz,0.8815333044778639,1.4742528034844027,6.396197665242444,0.0010374921004725978,0.0698516361357926,0.20709116475498768,3.242943103956953,1.042693182968802,0.6483166830339804,-0.0066215603461037605,6.103515625e-07,0.4796551039898146,False,True,True,False
pt002,MR3,155_to_154_warp.nii.gz,0.8966531748710453,1.4729592593015386,6.46254186878996,0.0017147877925627769,0.0719171963458566,0.2260481392435046,3.250259146491987,1.0419514594006,0.6502132191315809,-0.008208785518028306,6.103515625e-07,0.4852462045594963,False,True,True,False
pt002,MR3,156_to_155_warp.nii.gz,0.8761944167791298,1.484528318614283,6.325547705698295,0.0006919667594018553,0.07050591063375203,0.20379198452904268,3.256638063989641,1.042828898332481,0.646378547825523,0.0046437078382585515,0.0,0.47745969817143946,True,True,True,True
pt002,MR3,157_to_156_warp.nii.gz,0.8560630885036534,1.4787758366309265,6.188978126018029,0.000850854973171693,0.06455404310313595,0.18253216166397143,3.232912347195197,1.0426122263323523,0.6422982251338041,-0.04731163231762261,1.220703125e-06,0.46529270329674133,False,True,True,False
pt002,MR3,158_to_157_warp.nii.gz,0.8602196568748022,1.484664838680652,6.283577818469882,0.000597655581894409,0.0669171484387901,0.18623985018961578,3.246241986120795,1.0428033432942265,0.6423774313773836,0.004285869646870258,0.0,0.46867472638415014,True,True,True,True
pt002,MR3,159_to_158_warp.nii.gz,0.8644050456673618,1.4819269895887608,6.26314535543588,0.0009191302917453793,0.06575704099301445,0.18743210158127355,3.2395271589117174,1.0428166669761736,0.6466257657265049,-0.01948599906642851,4.2724609375e-06,0.47307749212991834,False,True,True,False
pt002,MR3,160_to_159_warp.nii.gz,0.8589582957921249,1.4853781402337825,6.289022212968646,0.0006307178712443684,0.06492332656639856,0.18177428278272614,3.2401919311246723,1.0428688854936985,0.6453269373115368,0.014732056772518903,0.0,0.4702885787150121,True,True,True,True
pt022,MR1,002_to_001_warp.nii.gz,1.2610838677021423,1.4924738978818228,9.116919594920718,0.0010844758249564212,0.10551525223569172,0.5919802136984288,3.593187649489347,1.0422314670870032,0.7459498167454675,-0.7430837470341181,9.82666015625e-05,0.7760980662666771,False,True,True,False
pt022,MR1,003_to_002_warp.nii.gz,1.2172886628742203,1.4741267417262724,7.325282330879897,0.0013662064973200786,0.08427040620834016,0.5471049584943982,3.4675102587432725,1.0422125949512446,0.7389434385907984,-0.556464224547255,6.2255859375e-05,0.7209369296656982,False,True,True,False
pt022,MR1,004_to_003_warp.nii.gz,1.3225304744488886,1.4962690322494394,10.536651416330006,0.0011437274487319001,0.09025764409258878,0.6955407567264119,3.6498595811511607,1.0419054724300114,0.7678909397358027,-2.037212128833474,0.0001483154296875,0.8026305329642304,False,True,True,False
pt022,MR1,005_to_004_warp.nii.gz,1.3229393696885021,1.4963565722155228,11.586886422232348,0.0008188287476802128,0.08827927441728041,0.6926584935039113,3.6995507695070504,1.0409877108036327,0.7698835152784717,-0.44577883530823825,0.00012451171875,0.7964718896593104,False,True,True,False
pt022,MR1,006_to_005_warp.nii.gz,1.3227366275084171,1.4910345713741,8.578265200403555,0.0011012344158581075,0.09221290739256997,0.692967666151168,3.6686320612790664,1.0378258384255266,0.7661974666444361,-1.1194146705955863,0.000146484375,0.8217198934825075,False,True,True,False
pt022,MR1,007_to_006_warp.nii.gz,1.2765129277769942,1.4925097457665213,10.131119884485978,0.0009260907664136483,0.09335979780971482,0.6323112519960674,3.588382112682812,1.040170154641711,0.7508621434788543,-0.5068442456264105,9.765625e-05,0.8014871345942433,False,True,True,False
pt022,MR1,008_to_007_warp.nii.gz,1.222607340075821,1.480716001014366,9.13140615240605,0.0009860456061378245,0.08776684223064093,0.5560738017851095,3.4974369370694385,1.041358375296616,0.7404315979639123,-0.7701716764430226,0.0001019287109375,0.7507750272900695,False,True,True,False
pt022,MR1,009_to_008_warp.nii.gz,1.1813506722426452,1.4750640805608548,9.496006474360646,0.000982962557478734,0.08431599167403472,0.49887105357202444,3.4305121465079993,1.042200196149097,0.7296267391720381,-1.7506610319661582,8.48388671875e-05,0.7106224575493505,False,True,True,False
pt022,MR1,010_to_009_warp.nii.gz,1.31808124427123,1.4778887528200186,9.1783554671254,0.0009074877427667925,0.09060297419961894,0.703444281160511,3.5935846958845623,1.0415642680352883,0.7541371418707289,-0.8341794210223021,0.0001214599609375,0.7720364441266975,False,True,True,False
pt022,MR1,011_to_010_warp.nii.gz,1.2049630247252716,1.4910802912513028,8.639868682224758,0.0009863973992103217,0.09542917263271386,0.5224628499924366,3.4666085476432937,1.0413557708369943,0.7355144012570888,-0.938055615009799,6.7138671875e-05,0.7412892079495083,False,True,True,False
pt022,MR1,012_to_011_warp.nii.gz,1.1710395081123075,1.4797615708731051,10.956878595210837,0.0015871798593992022,0.08434427518322961,0.48632512307469855,3.4304162416201254,1.042390380735266,0.7249871635505568,-0.923859696513162,8.544921875e-05,0.709179878220901,False,True,True,False
pt022,MR1,013_to_012_warp.nii.gz,1.2363340560690914,1.4901744736331533,10.924325648600618,0.0017410034455188328,0.09444182598006219,0.5705483130993585,3.529700998099779,1.0425484936886706,0.732140932159465,-0.5567869472795652,9.27734375e-05,0.7379537425939671,False,True,True,False
pt022,MR1,014_to_013_warp.nii.gz,1.1976014299972204,1.496108170373477,10.74860398039063,0.0016606195846615905,0.09639084608629052,0.5137397729735543,3.4733818617743153,1.0408408813154102,0.7314088403482173,-0.792362670401047,4.69970703125e-05,0.732936273017822,False,True,True,False
pt022,MR1,015_to_014_warp.nii.gz,1.2676507441019016,1.5208985542328985,8.581479535111603,0.001799425276250558,0.11388770665281484,0.5860352230997379,3.6180793377535188,1.039675051348889,0.7494753004846104,-0.8612764375485119,0.000106201171875,0.7892506945576793,False,True,True,False
pt022,MR1,016_to_015_warp.nii.gz,1.1539334416837148,1.4770624889335313,8.775291284517271,0.0015991273009972095,0.08410732813809708,0.45987061966617065,3.397821112115158,1.0419579434058588,0.7149987680563199,-2.035900477455373,3.90625e-05,0.6725917202290487,False,True,True,False
pt022,MR1,017_to_016_warp.nii.gz,1.150583249872911,1.466473332961764,8.100517325486516,0.0012672177691739257,0.08280270951990044,0.4792241408883068,3.3544555743665696,1.0399277323186638,0.7190704629283272,-0.20602076543245676,3.0517578125e-05,0.6589867088195973,False,True,True,False
pt022,MR1,018_to_017_warp.nii.gz,1.169264124238003,1.496087000994344,8.227253568136934,0.0014544982642543324,0.08413441285078563,0.456795266662539,3.470378119871369,1.041743686528159,0.7190942795920153,-1.8675385926970154,7.26318359375e-05,0.6989699741365429,False,True,True,False
pt022,MR1,019_to_018_warp.nii.gz,1.193715470259573,1.4795161004438913,10.545186327259689,0.0008299316352789379,0.08197082310992126,0.5255939468023757,3.4890284031022705,1.0412885190597967,0.7291072004414708,-1.148007842555645,0.000167236328125,0.703078549351103,False,True,True,False
pt022,MR1,020_to_019_warp.nii.gz,1.1649844054295115,1.495401028117232,12.0096685713797,0.000828099876709582,0.08132779025552546,0.4555721717288867,3.5091199003704214,1.0420488820904241,0.7231352014529087,-0.42828090412803105,0.00012451171875,0.7064837743713993,False,True,True,False
pt022,MR1,021_to_020_warp.nii.gz,1.2687008508299167,1.5005439223584758,8.954655370629535,0.0012603640481716975,0.10129515843921258,0.622099487907681,3.579728400569363,1.039557121169683,0.7512040574493335,-1.8244802816920245,8.48388671875e-05,0.7815266316577488,False,True,True,False
pt022,MR1,022_to_021_warp.nii.gz,1.192099606605851,1.4718124208227197,9.917950367516173,0.0012906788223078641,0.0820416973254245,0.5201214251609062,3.4363751341031596,1.0414167965414152,0.7390332213116658,-1.4442225996511064,6.28662109375e-05,0.7157223240207364,False,True,True,False
pt022,MR1,023_to_022_warp.nii.gz,1.2128407931569385,1.471568340437395,10.921180542177181,0.0009640871577276485,0.08600112070561086,0.5719465307774905,3.4518101600535678,1.0422055754139279,0.7368842231048849,-1.377712931578355,0.000135498046875,0.7300210217358151,False,True,True,False
pt022,MR1,024_to_023_warp.nii.gz,1.2550705163833453,1.5161406654269862,8.954764922506437,0.0014682886733398907,0.11660575873062039,0.5852101890173234,3.5918067697174885,1.0413737061346802,0.7439976938241804,-1.239071985656375,3.72314453125e-05,0.7735472982424461,False,True,True,False
pt022,MR1,025_to_024_warp.nii.gz,1.2276725621293105,1.4708040043180224,7.812275230504916,0.0005880183304189415,0.08672008451077116,0.5799482516986189,3.48339690050599,1.0413856716517735,0.7407350525687767,-1.1976296964122026,7.080078125e-05,0.7289462137200701,False,True,True,False
pt022,MR1,026_to_025_warp.nii.gz,1.2644855627894693,1.4675161731807393,9.250237766804691,0.0010475004761811733,0.09099945930748707,0.6475509722804287,3.4956550382871994,1.0412216021339318,0.7486878565418542,-1.1451844383748406,4.94384765625e-05,0.7598796331616571,False,True,True,False
pt022,MR1,027_to_026_warp.nii.gz,1.2478080249182986,1.4996073276294075,10.023450478369803,0.0009795922645316583,0.0843430537362423,0.5661321837929123,3.5938033865126298,1.0422685902227014,0.7486396123998178,-1.3100923215437295,0.000101318359375,0.7658074239841897,False,True,True,False
pt022,MR1,028_to_027_warp.nii.gz,1.2611371309186548,1.491078807492291,9.789291340639146,0.0013208646984709175,0.08655442616778171,0.601091711136196,3.5837456473127562,1.041507275896273,0.7572554614100525,-1.8194108511478346,0.0001043701171875,0.7796780657872986,False,True,True,False
pt022,MR1,029_to_028_warp.nii.gz,1.296049622021367,1.5158764771047495,10.409582623759501,0.0015523813002675786,0.10789254942004732,0.6305384354465289,3.656955835021044,1.0403697731854051,0.7612578106611879,-2.1556459491912108,0.0001873779296875,0.8189081849851262,False,True,True,False
pt022,MR1,030_to_029_warp.nii.gz,1.2453428856155273,1.4841079971656737,8.462717152496879,0.0015573607450927135,0.09713846001462123,0.6115976611559182,3.515953349867552,1.040516363177251,0.7454516363220205,-0.5056869075033947,5.0048828125e-05,0.7524537734804505,False,True,True,False
pt022,MR1,031_to_030_warp.nii.gz,1.1895730608059243,1.473641349476433,7.947422432838028,0.0016934863702301036,0.08456983802997856,0.5116360570070673,3.458356353672797,1.0418566268616036,0.7274761655391316,-0.18572743691459512,5.9814453125e-05,0.6953463249299929,False,True,True,False
pt022,MR1,032_to_031_warp.nii.gz,1.2087275545628722,1.472207573218751,8.35702379735582,0.0010388728650490928,0.09085762587821232,0.5634237273928376,3.429475481242561,1.0420119691404108,0.7304297569543868,-0.4114309410824002,6.7138671875e-05,0.7175884652171538,False,True,True,False
pt022,MR1,033_to_032_warp.nii.gz,1.2488004301794633,1.4778150843140592,7.316253303962765,0.0014527851235443966,0.09202440118673538,0.623999018716268,3.47261319222575,1.042211842322341,0.7356691348411206,-0.26646426119095684,4.33349609375e-05,0.7300872985698958,False,True,True,False
pt022,MR1,034_to_033_warp.nii.gz,1.323875709344563,1.4837121519005816,10.794287640348482,0.0018893748911178968,0.09067120752403812,0.7227171446838004,3.597123658892892,1.0421855314920383,0.7546932016568862,-2.3064546439635123,6.591796875e-05,0.7610280959075532,False,True,True,False
pt022,MR1,035_to_034_warp.nii.gz,1.2168265551890105,1.4714093028214186,8.415370783977053,0.00024154441353720367,0.08754434467091107,0.5634937857183069,3.461793398656425,1.0402427876078904,0.7410422815521271,-0.5559680538803993,0.0001068115234375,0.7316212235230162,False,True,True,False
pt022,MR1,036_to_035_warp.nii.gz,1.2093183582917069,1.4899476927924484,8.977587827574768,0.0003250528252261266,0.09357464810901121,0.5234015137529432,3.486169068676032,1.0420801167535136,0.7367903450345731,-1.311505857121877,0.00011962890625,0.7401471761458629,False,True,True,False
pt022,MR1,037_to_036_warp.nii.gz,1.1761189887181045,1.482423518445231,8.5429712141307,0.0014308919767093329,0.0909042860507352,0.48509998204080457,3.419530328835522,1.041877015775772,0.7198081038640602,-0.6102138871878242,6.591796875e-05,0.6939145553747944,False,True,True,False
pt022,MR1,038_to_037_warp.nii.gz,1.1522032631508272,1.47890114977403,9.456689263881769,0.0014022628269715436,0.0833852650506393,0.45998728044117937,3.419126144881474,1.0421693492727142,0.722781088123558,-0.39551971856501966,5.67626953125e-05,0.6920378215510542,False,True,True,False
pt022,MR1,039_to_038_warp.nii.gz,1.1815461066480855,1.464654699979353,8.315289783539331,0.001386340300885449,0.08575765072107909,0.5276835505095094,3.4111534857614147,1.0412097469630859,0.7250820342564314,-3.0266345883047694,9.82666015625e-05,0.6943397258444755,False,True,True,False
pt022,MR1,040_to_039_warp.nii.gz,1.190710327766463,1.4882749460803502,8.06465165680168,0.00047074465666481724,0.08841761951553809,0.5046137957324275,3.4913898635478877,1.041956906572961,0.7281431481943939,-0.3708481341537088,8.30078125e-05,0.7170487220588249,False,True,True,False
pt022,MR1,041_to_040_warp.nii.gz,1.2518456036570793,1.5252578581201184,10.797837347538723,0.0019492056745268288,0.11280801454431803,0.5753197732799931,3.606495016320265,1.0407162611674847,0.7428010548560601,-1.6081896783136422,7.6904296875e-05,0.7759420572213581,False,True,True,False
pt022,MR1,042_to_041_warp.nii.gz,1.2274029267578321,1.4873744515055172,8.656592897860047,0.0017970491196292152,0.10210593583466025,0.5733646044646422,3.510702296652081,1.0414813195107875,0.7395730503275119,-0.6374031919624616,7.9345703125e-05,0.7412890518992625,False,True,True,False
pt022,MR1,043_to_042_warp.nii.gz,1.166948153498655,1.4695699675379015,9.296520978232811,0.0007898288502598685,0.09061772161987246,0.5158747945122587,3.4246748675834677,1.0413382202884243,0.7239203472985338,-0.6879748290930517,5.7373046875e-05,0.6917040354465158,False,True,True,False
pt022,MR1,044_to_043_warp.nii.gz,1.1335894036890428,1.4898189397220534,10.395579723862141,0.0011847449585217055,0.09728581060247134,0.4498446590258772,3.425625196973775,1.0415430196246165,0.7055512819545796,-0.4254176015683171,5.2490234375e-05,0.6547038500846769,False,True,True,False
pt022,MR1,045_to_044_warp.nii.gz,1.1304386170312453,1.4678039892330497,8.412415852113044,0.0006576399872726209,0.08309740949882344,0.4556589491760171,3.389997664818357,1.0410187563353062,0.7191774333180424,-0.2091362168965015,3.35693359375e-05,0.6440166912069992,False,True,True,False
pt022,MR1,046_to_045_warp.nii.gz,1.1619393345003568,1.474579815731622,9.61976050364489,0.0015718234167933136,0.08342559355496496,0.492492336014282,3.4441431096746515,1.0410408151515438,0.7250364252892623,-0.5945958364892119,7.2021484375e-05,0.6850469961979008,False,True,True,False
pt022,MR1,047_to_046_warp.nii.gz,1.2049949284118326,1.4820230195534712,7.980353325879284,0.0007230930170779782,0.08384881883338308,0.5381640706724071,3.5191135479998903,1.042108014561875,0.7307679477853439,-0.7881073554603639,7.87353515625e-05,0.7077944478192016,False,True,True,False
pt022,MR1,048_to_047_warp.nii.gz,1.251753504491137,1.4868996829729297,8.557047382111028,0.0009479214708772351,0.08229798285781678,0.5882469595462831,3.5433411004948363,1.042103978705745,0.7487249221898091,-0.7358595942190672,6.591796875e-05,0.7598298358632768,False,True,True,False
pt022,MR1,049_to_048_warp.nii.gz,1.2424648587348346,1.495984720035306,8.75455266141608,0.0011362854622063738,0.09201796452726407,0.5684834843235419,3.5373863475412546,1.0401297427199048,0.7520369063369449,-0.8184465966152598,0.000103759765625,0.7817668475162922,False,True,True,False
pt022,MR1,050_to_049_warp.nii.gz,1.205390003649932,1.4769255048904708,8.936969922704172,0.0006415243361162197,0.0837825512029385,0.5422972016677292,3.4817140269246143,1.0420936957764908,0.7378016314726388,-1.2750938467668085,7.4462890625e-05,0.7286237807437692,False,True,True,False
pt022,MR1,051_to_050_warp.nii.gz,1.1828225660670695,1.4756098846209085,7.976397254866171,0.001308080992621943,0.08169377196074494,0.4960816081994921,3.4445620920028315,1.0418572130728012,0.7350549039297648,-0.41936394417912376,5.7373046875e-05,0.71584827164699,False,True,True,False
pt022,MR1,052_to_051_warp.nii.gz,1.229001838944881,1.498207120899798,9.190228458800233,0.0012043935355376062,0.08927636789816086,0.5421532391611696,3.5637672754028653,1.0413556927425536,0.7486365800732913,-0.47529849094321974,0.0001275634765625,0.7583718287029023,False,True,True,False
pt022,MR1,053_to_052_warp.nii.gz,1.2491882846411337,1.5017909456156233,10.901560455377657,0.0008319337573839569,0.08865225446008236,0.5755459825350961,3.6175407917380764,1.0412814611957864,0.751488692908645,-1.2061033157539718,0.000198974609375,0.7762643706209473,False,True,True,False
pt022,MR1,054_to_053_warp.nii.gz,1.161305939605154,1.4902265170847742,8.165610399717245,0.0005639838436369456,0.08217787695902215,0.4495642259034325,3.4468848666959113,1.0420119845878189,0.7303673182635947,-0.4037305906757438,8.60595703125e-05,0.703087025801988,False,True,True,False
pt022,MR1,055_to_054_warp.nii.gz,1.2396087470865778,1.496355997774845,9.024383853811026,0.000947834518182675,0.08980710652630366,0.571559832092008,3.539877013538942,1.0393067175310289,0.7340731766694757,-0.9673295533595088,8.60595703125e-05,0.7319581541482988,False,True,True,False
pt022,MR1,056_to_055_warp.nii.gz,1.2077719919503784,1.4896639854888336,7.760451842661339,0.0011266951415888843,0.09166112583951515,0.5340643804410143,3.512195018010627,1.0421636110928032,0.7326762087174842,-0.5627881427370192,5.4931640625e-05,0.7160190845499145,False,True,True,False
pt022,MR1,057_to_056_warp.nii.gz,1.2079078690667087,1.4794093916061781,9.26946686408443,0.0009846008343810924,0.08372084686392518,0.5496843945646046,3.499409232264758,1.0407046241113151,0.7290819920060179,-0.39081746024215447,6.2255859375e-05,0.7169727500497629,False,True,True,False
pt022,MR1,058_to_057_warp.nii.gz,1.2257406456561626,1.5270569013415174,9.968315388369156,0.00181000054315904,0.12013930424486258,0.5244528222829739,3.578759654685896,1.0414275035082605,0.7354763959132511,-0.8952444755296987,5.67626953125e-05,0.755113464858911,False,True,True,False
pt022,MR1,059_to_058_warp.nii.gz,1.3101938043790933,1.5030499569309932,9.158360797442143,0.0015627961066819204,0.09030081462611882,0.6515207240261118,3.808018003988646,1.0411373863914093,0.7626661811272886,-0.511929738695423,0.0001055908203125,0.7552727437956274,False,True,True,False
pt022,MR1,060_to_059_warp.nii.gz,1.2266140886227879,1.4761846221091721,7.488456914499234,0.0008744355240459695,0.08708930975152798,0.5741904338659348,3.5421963510137138,1.0392967792142769,0.7427882787201737,-0.7491461581730516,0.000113525390625,0.7326337412636176,False,True,True,False
pt022,MR1,061_to_060_warp.nii.gz,1.1829213540835875,1.4780434401319065,9.59518968769951,0.0011941450747998538,0.0836945162111643,0.5046843461815058,3.434151633125592,1.0428128191498958,0.7293428714044252,-0.38267145108505535,4.5166015625e-05,0.7065653721468033,False,True,True,False
pt022,MR1,062_to_061_warp.nii.gz,1.1808516722942917,1.4850285202667817,9.012438720726788,0.0015388405288836347,0.08621157245620532,0.4865388590418821,3.439458833160008,1.041613599962236,0.7293490723320952,-0.5799097258759585,6.4697265625e-05,0.7159648554138266,False,True,True,False
pt022,MR1,063_to_062_warp.nii.gz,1.21275408733487,1.478976082367339,7.999979437651727,0.001353526709820658,0.08637967438430218,0.5482787785724499,3.4905379601116016,1.041697958180687,0.7345196003643871,-0.6360345854490532,0.000128173828125,0.737716810256515,False,True,True,False
pt022,MR1,064_to_063_warp.nii.gz,1.1877519829453156,1.4962666635621498,8.5768372001678,0.0009220805739108335,0.09257124068221036,0.4953285346643017,3.4842350231320767,1.0415722827998355,0.7205586223131146,-0.6424485271351424,5.06591796875e-05,0.7127553888304722,False,True,True,False
pt022,MR1,065_to_064_warp.nii.gz,1.1403149771114334,1.4727549790157206,8.052507369655745,0.0016158559750184326,0.07798882034719355,0.445127307212896,3.3831209815133367,1.0423546366370533,0.7164990427456239,-0.8539599904855995,2.9296875e-05,0.6743594379863717,False,True,True,False
pt022,MR1,066_to_065_warp.nii.gz,1.2220405549504352,1.5305290531624338,9.214780582843236,0.0019160195209041192,0.1190865006122427,0.5298222600637101,3.5917031493581826,1.040463239685671,0.7309970668266075,-0.5484539153578429,6.16455078125e-05,0.7509793441026763,False,True,True,False
pt022,MR1,067_to_066_warp.nii.gz,1.153615119196953,1.474813283869041,8.314137901895071,0.0008433444244568378,0.08855804058089271,0.4622499016940699,3.388940305651754,1.0404810677699041,0.7310867207244851,-0.5453223947605852,3.23486328125e-05,0.6686583879423842,False,True,True,False
pt022,MR1,068_to_067_warp.nii.gz,1.2170948658434997,1.4949981919268858,8.15016969998792,0.0019431799589251593,0.10571339758373954,0.5549610709210908,3.500020282367136,1.0426635221913783,0.7325009468928442,-0.4402334558084047,4.82177734375e-05,0.7346353724690712,False,True,True,False
pt022,MR1,069_to_068_warp.nii.gz,1.2881405897382743,1.4885944690891713,7.699890947228906,0.0010692852687905216,0.09508738216678442,0.6399083774373764,3.567459670865807,1.0419782807847138,0.7522867585328494,-0.5261131064576605,5.37109375e-05,0.7649080336457738,False,True,True,False
pt022,MR1,070_to_069_warp.nii.gz,1.2430869854711377,1.4995912352772331,9.246750389580907,0.0017073324426879102,0.09751109955656524,0.5648607512386181,3.5754531948301045,1.0409796500053021,0.7408342540458479,-0.5028835890357666,6.89697265625e-05,0.758252243155944,False,True,True,False
pt022,MR1,071_to_070_warp.nii.gz,1.1834592024629955,1.4776052451028026,8.929944852279734,0.0007606328007369689,0.0901474823717904,0.5032935386612589,3.458313003977949,1.0402988262253985,0.7399756512440957,-0.5530776137343612,3.23486328125e-05,0.696330711754605,False,True,True,False
pt022,MR1,072_to_071_warp.nii.gz,1.2796369389586164,1.5103316316258253,9.865738452004171,0.001592071686600649,0.09323242452642558,0.6139327795427524,3.6690966067696857,1.039564164658271,0.7455330224618993,-0.5679916592507217,0.0001165771484375,0.7762247531405129,False,True,True,False
pt022,MR1,073_to_072_warp.nii.gz,1.2377453805904626,1.5315967363814778,8.578862796019887,0.0022090324895833913,0.11368433766630068,0.5151400739669629,3.600949256549703,1.0408244683566519,0.7444929007877852,-1.0051754937732518,7.75146484375e-05,0.7775441447848741,False,True,True,False
pt022,MR1,074_to_073_warp.nii.gz,1.1748118269118124,1.4849910765268277,9.144863985395562,0.001091533313876269,0.08236766250242128,0.47969975459993996,3.5039080911130362,1.0411662470344731,0.742773564525961,-0.8290241178601473,0.0001068115234375,0.7110791847848964,False,True,True,False
pt022,MR1,075_to_074_warp.nii.gz,1.201706359335087,1.4940625974425426,8.615446659342542,0.0009988294721517816,0.09094345568366603,0.4974360984325954,3.492907858010364,1.0425091322321538,0.7358318786522783,-0.8584385295180769,8.60595703125e-05,0.7353567324129682,False,True,True,False
pt022,MR1,076_to_075_warp.nii.gz,1.1840605416029155,1.4794133349033225,8.624986949646305,0.0009416441013527115,0.08548851527020174,0.49697177539756665,3.476730845842756,1.0414994910347581,0.7296767759709125,-1.4736220980351367,9.21630859375e-05,0.7177112134744129,False,True,True,False
pt022,MR1,077_to_076_warp.nii.gz,1.107087593070488,1.47458078878202,7.586750364524247,0.0015418651500194926,0.08149047188667985,0.40482810541960856,3.364261282512103,1.0427868582311337,0.7057087993256425,-0.4595530650828422,5.126953125e-05,0.6427567412445928,False,True,True,False
pt022,MR1,078_to_077_warp.nii.gz,1.1192207196351036,1.4928030284479603,8.294013775432266,0.0007991715844242382,0.08222074232317364,0.3873552877018863,3.410426949033483,1.0427909406570206,0.7090132891297845,-0.3649158230984558,5.7373046875e-05,0.6648357257518094,False,True,True,False
pt022,MR1,079_to_078_warp.nii.gz,1.1057022503502214,1.4818864379946486,9.168807436642282,0.0006786535484567596,0.077429344278801,0.38576884753950036,3.3705512841028105,1.0421558772764172,0.7112166975727331,-0.3200085152830654,5.18798828125e-05,0.6501877497780015,False,True,True,False
pt022,MR1,080_to_079_warp.nii.gz,1.117452931621053,1.4867693406203446,8.13429243584383,0.0007657844431717412,0.07928678517695317,0.3974491438850015,3.4083202965008557,1.042484121693221,0.7128362309045599,-0.901629229502157,5.2490234375e-05,0.6659522752127569,False,True,True,False
pt022,MR1,081_to_080_warp.nii.gz,1.1195637821842452,1.4859927776067643,7.660986385651703,0.001154070714973734,0.08206484410900172,0.412632205230726,3.4274592210240655,1.042481954237918,0.7073063187606928,-1.141579270096634,7.26318359375e-05,0.6583709015109023,False,True,True,False
pt022,MR1,082_to_081_warp.nii.gz,1.1544093410168856,1.4804116652635306,9.000310935484944,0.0004977311635183387,0.0852634961772366,0.4715206972060356,3.4353625349062407,1.0428744860355403,0.7180101630550425,-1.5494096866887765,0.0001434326171875,0.6914638669108812,False,True,True,False
pt022,MR1,083_to_082_warp.nii.gz,1.7403300820198004,1.795087382646107,17.14965305741963,0.0012721102519350745,0.13956646490020333,1.0695822667337525,4.282697664574766,1.039353647654998,0.919471571139342,-4.387258962235882,0.0019439697265625,1.1724680504453238,False,True,True,False
pt022,MR1,084_to_083_warp.nii.gz,1.475994216859674,1.529604204854645,8.920002031421895,0.0019756301172461155,0.10760496882118101,0.8887837586293501,3.9637234521498215,1.0321172694068783,0.8152583367885076,-2.2083737239623784,0.0003839111328125,0.9169009884551121,False,True,True,False
pt022,MR1,085_to_084_warp.nii.gz,1.413347164163648,1.546269205988069,13.481677124132931,0.0019377007831655989,0.14146794726865222,0.7826607146632149,3.8041768199016883,1.0334686256997094,0.7650859750557514,-0.7317292459668439,0.0001141357421875,0.8737562718447682,False,True,True,False
pt022,MR1,086_to_085_warp.nii.gz,1.2371295791763903,1.472811368200731,7.694448808104148,0.0006608235670525675,0.09477688435375096,0.6032760462109559,3.4984173348638175,1.0408785078234706,0.7587316475616562,-1.2528143674505616,4.8828125e-05,0.7400434868214658,False,True,True,False
pt022,MR1,087_to_086_warp.nii.gz,1.3378127421348571,1.5283358466862442,9.505150790735557,0.001056135821716137,0.10658793550696419,0.696778838698719,3.738485734253227,1.0377247960253717,0.7680672313533964,-2.108530613408226,0.0001495361328125,0.8354018905747117,False,True,True,False
pt022,MR1,088_to_087_warp.nii.gz,1.2456001970879045,1.5315627142168453,11.183022853717622,0.0016830141141967246,0.11039232199274411,0.5466483919875879,3.6576248786137278,1.0404901295502296,0.7375456050274527,-1.01421731298767,0.0002276611328125,0.7645556224983165,False,True,True,False
pt022,MR1,089_to_088_warp.nii.gz,1.4084201628878483,1.518319050816903,10.968020440959735,0.0011791870851166858,0.09758671578193932,0.7886808068838227,3.9216848656473955,1.0403412290065657,0.7868900429601092,-1.3610324444715725,0.000152587890625,0.813301803497794,False,True,True,False
pt022,MR1,090_to_089_warp.nii.gz,1.2905550704575852,1.4740698302253559,7.949331639647881,0.0012570732547798735,0.08881294438116465,0.6785079773441716,3.5807099087400407,1.036837737756442,0.7512181846994258,-0.5444652657643848,8.23974609375e-05,0.7586107849015733,False,True,True,False
pt022,MR1,091_to_090_warp.nii.gz,1.1924788449214614,1.50238914184079,11.33032208726496,0.0008246104776559588,0.0857715306753521,0.49844326255577986,3.5680155050620637,1.0421976334188103,0.7326755948196788,-1.6179211507165836,0.0001116943359375,0.7127539463054892,False,True,True,False
pt022,MR1,092_to_091_warp.nii.gz,1.2751554126620668,1.4916025469056031,9.509488852620006,0.0006322717939882316,0.09041620494519131,0.6402483785623941,3.579277126218123,1.0378575532711223,0.7413040924925194,-0.5185553809050655,0.0001025390625,0.7541276483437048,False,True,True,False
pt022,MR1,093_to_092_warp.nii.gz,1.1704060629565678,1.4749171576596507,8.673239253249651,0.0012850495829732041,0.08304527054923588,0.49597509647326077,3.4190646041699844,1.040927595921565,0.7147810231216857,-0.918257229592418,4.39453125e-05,0.6854172437083323,False,True,True,False
pt022,MR1,094_to_093_warp.nii.gz,1.1738399559389878,1.487130240843383,11.53663135276993,0.0014840013933258003,0.08261511578901386,0.46770605354669803,3.4502304839667954,1.0414620461887119,0.7198304282140661,-0.9425802947503147,7.32421875e-05,0.6956069176909483,False,True,True,False
pt022,MR1,095_to_094_warp.nii.gz,1.2185093969827445,1.4832414250254942,8.965636624710916,0.0007171948810403806,0.08230438286260186,0.5344889235043129,3.4857337815255427,1.0425040328409614,0.7318420288463429,-1.696191663295257,8.30078125e-05,0.7353435212361012,False,True,True,False
pt022,MR1,096_to_095_warp.nii.gz,1.2533773580830418,1.4863459762544426,10.740790168795732,0.0009278636496221145,0.08151542032956693,0.5904514638400076,3.5457350578696913,1.0423291963889578,0.7442035647254163,-0.6812262245938864,0.000126953125,0.741822681114873,False,True,True,False
pt022,MR1,097_to_096_warp.nii.gz,1.2404524412628977,1.4804478771110148,9.485784177407387,0.0010158328135083906,0.08728676086330818,0.577063631315305,3.523873174553844,1.0415502036521234,0.7451308048096182,-0.5101759108831554,6.40869140625e-05,0.7614256731607469,False,True,True,False
pt022,MR1,098_to_097_warp.nii.gz,1.2580508035820737,1.4899977564046811,9.51244420335469,0.0013868053450481154,0.0836877966390874,0.5975408463122787,3.589757059527289,1.041610310165775,0.7549895912589387,-4.635976025595536,0.0001422119140625,0.7725309856687147,False,True,True,False
pt022,MR1,099_to_098_warp.nii.gz,1.163176892413276,1.4905913302530305,7.694281726686127,0.0009913580308290786,0.08161822261837201,0.4398146830179215,3.462950024052987,1.0426745017038979,0.7248558132277898,-0.41194279006065715,6.9580078125e-05,0.6979527576347243,False,True,True,False
pt022,MR1,100_to_099_warp.nii.gz,1.219699464585914,1.4895172950886035,8.560484582545785,0.0015213381110596852,0.09571169288718577,0.5515421045006997,3.506541496903493,1.041214518402491,0.740228094212025,-0.36608139234144793,3.47900390625e-05,0.7492545969870613,False,True,True,False
pt022,MR1,101_to_100_warp.nii.gz,1.1476475862587543,1.4754420930866603,8.08372850268426,0.0012327991812911417,0.08299887298557596,0.4540134233637648,3.4083971268566637,1.0419939900433752,0.7173207938135077,-0.1720849601827838,2.0751953125e-05,0.6742834005487568,False,True,True,False
pt022,MR1,102_to_101_warp.nii.gz,1.157776127419588,1.4863265572419777,9.227545872925903,0.001115849887767465,0.0853732947247361,0.45497618185585165,3.4524735421546886,1.042264350251218,0.7172428169895319,-0.6217967216475615,8.4228515625e-05,0.6818623588890104,False,True,True,False
pt022,MR1,103_to_102_warp.nii.gz,1.2045562001469805,1.4891397106612836,8.986742624870331,0.001190483933029387,0.0949704944197961,0.5352007663714315,3.492445424894265,1.0407279304432704,0.7265147089900781,-0.3155190850083756,4.69970703125e-05,0.7230439594957293,False,True,True,False
pt022,MR1,104_to_103_warp.nii.gz,1.1413624667773423,1.4658501141021223,7.543845991350575,0.00094091488053393,0.08312648745419148,0.4629787364226761,3.3737122906217363,1.041801797631384,0.7206862718405926,-0.2233943499972535,3.11279296875e-05,0.6759055092629497,False,True,True,False
pt022,MR1,105_to_104_warp.nii.gz,1.135102566569417,1.4818236099053455,9.681835938853633,0.0007820376764629183,0.0818634888044084,0.4466251747254505,3.4158061583603296,1.0424771887468942,0.7084347239948391,-0.121560821686854,5.37109375e-05,0.6538970085917378,False,True,True,False
pt022,MR1,106_to_105_warp.nii.gz,1.1528068132037457,1.4745387263261351,9.496636872874847,0.0007650378609133757,0.08087737324832252,0.4731454668762882,3.400599429348772,1.0409734136474942,0.7048355806827419,-1.0077656324795816,4.7607421875e-05,0.6513287886627306,False,True,True,False
pt022,MR1,107_to_106_warp.nii.gz,1.2124210861475675,1.4711786072692348,8.335339407364147,0.0004283435483258668,0.09276504765809891,0.5732857744448252,3.4508209114217387,1.0426323424544812,0.7341272580896341,-0.4508719140389809,7.26318359375e-05,0.7307136458159057,False,True,True,False
pt022,MR1,108_to_107_warp.nii.gz,1.1488741592605471,1.4674480312862874,8.715184645785374,0.0010758726337136318,0.083543062407666,0.4893767107008764,3.380244824392717,1.0417727280061322,0.7118939638687257,-0.8321558079485399,8.7890625e-05,0.668204330521729,False,True,True,False
pt022,MR1,109_to_108_warp.nii.gz,1.182426878440779,1.4860405712098386,8.35152655011806,0.001022376881261225,0.10024901192480885,0.5298128943917904,3.4595599296065296,1.040926340944889,0.7172430522946837,-0.41787716841658457,4.45556640625e-05,0.7007652257674082,False,True,True,False
pt022,MR1,110_to_109_warp.nii.gz,1.124548249299252,1.4492112428454567,7.7067471542892925,0.0011603458277797466,0.08068215904699425,0.4928998783104144,3.332001825711607,1.0406114235841106,0.7080685677917823,-0.4200376633304127,2.197265625e-05,0.6371276848826295,False,True,True,False
pt022,MR1,111_to_110_warp.nii.gz,1.1188182527070594,1.4813129210819709,7.26372305844342,0.0012790903411861144,0.08652653779144681,0.4282394016472434,3.393676271452724,1.0423158871910179,0.7076320588573982,-0.36945604104617735,1.46484375e-05,0.6423572111354412,False,True,True,False
pt022,MR1,112_to_111_warp.nii.gz,1.1287372234441444,1.4722463953396498,8.025685850646484,0.0013430313619454137,0.08304983804444437,0.4467296603780354,3.415031810637805,1.0415879011228184,0.7160112807285446,-0.8436770751312075,7.568359375e-05,0.6614310127562476,False,True,True,False
pt022,MR1,113_to_112_warp.nii.gz,1.1352540477408797,1.4709749212388097,9.280586043102941,0.0017234827864663392,0.08457850538366009,0.4684381176648942,3.3848106301287775,1.0431449424100132,0.701562726637615,-0.39768848347130875,5.126953125e-05,0.6384957138777387,False,True,True,False
pt022,MR1,114_to_113_warp.nii.gz,1.1958513908032697,1.463669119038785,7.308814432885107,0.0014302970298790253,0.0882169724202432,0.5662193563946332,3.415576314105331,1.0428767075268661,0.7275069794798961,-0.16118000207063982,3.84521484375e-05,0.700584883852473,False,True,True,False
pt022,MR1,115_to_114_warp.nii.gz,1.138818982755088,1.4718168365487776,7.582763684718606,0.0015267712778146384,0.08397466646353138,0.4713539868393908,3.3985634533233307,1.0427188683109707,0.7093301716821595,-0.393324570670363,4.8828125e-05,0.662724095358887,False,True,True,False
pt022,MR1,116_to_115_warp.nii.gz,1.147553301038581,1.4712000594287185,7.8682766168384495,0.0007735864815413625,0.08051794584282718,0.4594097979167827,3.394179817302081,1.0419037452458528,0.717377320810427,-0.36000108473676856,4.82177734375e-05,0.6653388341493135,False,True,True,False
pt022,MR1,117_to_116_warp.nii.gz,1.136984915150181,1.4679572816523945,7.578853473232258,0.0009338061019695451,0.08219549544850491,0.4567208036189192,3.3694607364248825,1.0425209440550036,0.7098169773272915,-1.2564952031005774,7.99560546875e-05,0.6518071415500907,False,True,True,False
pt022,MR1,118_to_117_warp.nii.gz,1.1032223350476267,1.471270863658323,8.366207300188599,0.0003456950396242413,0.07935765648902733,0.40928892567191,3.354149516825894,1.042534134573704,0.703172235093733,-1.031087330384717,4.638671875e-05,0.6340414678759602,False,True,True,False
pt022,MR1,119_to_118_warp.nii.gz,1.1334617646993144,1.4900115598398755,8.464063281284822,0.0009332380051576729,0.0906760773471221,0.45477566716860435,3.425737541768987,1.0409547697510957,0.710818859088,-0.8141417800927893,5.2490234375e-05,0.664726490043253,False,True,True,False
pt022,MR1,120_to_119_warp.nii.gz,1.1345304638142393,1.5028137308661702,8.35310431004799,0.0015128284802461561,0.0926331891027151,0.42486304404503783,3.4669944931304784,1.0421260443581595,0.7111272282869003,-0.2101826477477631,2.685546875e-05,0.6636970267026521,False,True,True,False
pt022,MR1,121_to_120_warp.nii.gz,1.1352311904865293,1.4806833930413081,8.494762253568958,0.00042925925448567096,0.0808354241503004,0.43300278366671696,3.4646347699099045,1.04169520458525,0.7178962555587864,-0.5573956931177484,5.67626953125e-05,0.6619436034322284,False,True,True,False
pt022,MR1,122_to_121_warp.nii.gz,1.2560650208483914,1.4875750160788996,10.57463166513303,0.0007999478879915954,0.08799819806288395,0.6085656827221305,3.5819993328293473,1.0423634010224174,0.7470719514548952,-0.7600580928370698,0.0001080322265625,0.7441190101928018,False,True,True,False
pt022,MR1,123_to_122_warp.nii.gz,1.2572490257753093,1.4890931542782464,8.805283715589136,0.0018724182786865671,0.10200493594773212,0.6069056221762315,3.5526468878067288,1.0420220427446019,0.7494212896298913,-1.7535118266295506,8.1787109375e-05,0.7589104392316327,False,True,True,False
pt022,MR1,124_to_123_warp.nii.gz,1.325796750268314,1.487661542503008,7.635311870662466,0.000863587180858186,0.0941193623268682,0.7119500015723834,3.6077595594250904,1.037279911679114,0.7577631818033355,-0.3871914586130947,0.0001031494140625,0.7999403395255805,False,True,True,False
pt022,MR1,125_to_124_warp.nii.gz,1.2221483944915579,1.4954881999780423,7.56350966703667,0.001378821676697528,0.09809055788831542,0.5572675429755222,3.5050997304922045,1.0406567533874282,0.7375844111367953,-0.6275779693981379,4.45556640625e-05,0.7427387189821191,False,True,True,False
pt022,MR1,126_to_125_warp.nii.gz,1.2158393366956541,1.470128846298052,7.282098563405755,0.001283920718757054,0.08346748072661825,0.573569224156868,3.4482674604053662,1.0401520567336016,0.733947471453681,-1.274406090311372,8.1787109375e-05,0.7204477739521984,False,True,True,False
pt022,MR1,127_to_126_warp.nii.gz,1.186633874961543,1.4760471791257972,8.723511884441736,0.0011143227430875648,0.08288488052205777,0.505320226216341,3.4601348477520575,1.0417366702842306,0.728551047229279,-2.2381491867334127,7.2021484375e-05,0.7061763799223658,False,True,True,False
pt022,MR1,128_to_127_warp.nii.gz,1.1961099232810992,1.4780114930150636,8.270776868726298,0.001353002769219377,0.08413409889203845,0.5179365862803769,3.4481464745879804,1.0418085451809729,0.7248919475103389,-0.5565612754268695,4.57763671875e-05,0.7153693443821381,False,True,True,False
pt022,MR1,129_to_128_warp.nii.gz,1.191830055171629,1.4904994968051724,10.414151987734956,0.0014818924636142608,0.08314927817427496,0.4901871422395704,3.467087070810626,1.0422237085549737,0.732530315738103,-5.818551489234408,8.97216796875e-05,0.7255796505096012,False,True,True,False
pt022,MR1,130_to_129_warp.nii.gz,1.166538398619584,1.487971180933284,9.807849347414027,0.0005653093648171325,0.08106273580278829,0.4482584354300857,3.4339311807094273,1.0428188210972167,0.7295611029116231,-1.8673911622408617,7.62939453125e-05,0.7062584599874852,False,True,True,False
pt022,MR1,131_to_130_warp.nii.gz,1.1460456395288297,1.4758504037525315,9.026450516875004,0.0014360473880031164,0.07831591255578893,0.44828340835370784,3.40745872818486,1.0423167271333331,0.7160230250311458,-0.43229968565448246,9.3994140625e-05,0.6742138759521762,False,True,True,False
pt022,MR1,132_to_131_warp.nii.gz,1.1226118178073015,1.4764771875492877,7.836121018942322,0.000763602060060316,0.07885421722582349,0.41887434439303567,3.3751189633189482,1.0430193868236493,0.7031474877981383,-1.1632378626859372,3.23486328125e-05,0.6485803523595745,False,True,True,False
pt022,MR1,133_to_132_warp.nii.gz,1.1197248472828312,1.4892902297587671,9.086287264483639,0.0019271819072174544,0.08517247587935252,0.40616684618449117,3.413158651115773,1.0426837011396273,0.7045666802150897,-0.8672953457826059,0.000126953125,0.6579432133764987,False,True,True,False
pt022,MR1,134_to_133_warp.nii.gz,1.159442550161838,1.4773050334372093,7.698503057413231,0.0012333353847026388,0.08983433956168393,0.4922395361138592,3.4208537712629314,1.0425828852066714,0.7222223295329202,-0.5299208501854843,3.90625e-05,0.6919309116942189,False,True,True,False
pt022,MR1,135_to_134_warp.nii.gz,1.36672547290412,1.493655976624044,8.927608875135071,0.0009705467586808306,0.09512930387739274,0.7678242351124012,3.7041095054177458,1.0429069220050082,0.7622150254884474,-0.9941786656760631,9.1552734375e-05,0.7829403349534816,False,True,True,False
pt022,MR1,136_to_135_warp.nii.gz,1.346810947657963,1.4927554109886096,10.797773481401306,0.0001902179524588753,0.10153130172016785,0.7440411549465547,3.6025959513576065,1.0418370463896183,0.7503803162398756,-0.6507099036451348,0.0001129150390625,0.7565717642691208,False,True,True,False
pt022,MR1,137_to_136_warp.nii.gz,1.2249813745671292,1.4758653787486689,8.054674211871445,0.0008463894870616121,0.0985234669694726,0.594819424095884,3.460157947798607,1.041476733491188,0.7471197221019306,-0.5722803324451945,6.04248046875e-05,0.73941725280191,False,True,True,False
pt022,MR1,138_to_137_warp.nii.gz,1.2187116332143493,1.470765792590658,8.852395390988232,0.0008677605266929492,0.0859303141969077,0.5859907311373682,3.451389583298976,1.0384986573722246,0.7232310305775337,-0.43337328088255533,4.0283203125e-05,0.6929927496547071,False,True,True,False
pt022,MR1,139_to_138_warp.nii.gz,1.180646550744791,1.4552090407073555,8.524720742482824,0.000875435993240765,0.085556970009361,0.5697955979400695,3.386790060599005,1.0392918175641703,0.7030528183729248,-0.5497345869982136,3.60107421875e-05,0.6369890308685343,False,True,True,False
pt022,MR1,140_to_139_warp.nii.gz,1.1284997313141136,1.4617308172548615,11.156539476603534,0.001140017150233956,0.08356736013359703,0.4757018196584473,3.3673731544969723,1.041041487973656,0.7032230484423941,-0.5675809713350932,5.859375e-05,0.6376739098221709,False,True,True,False
pt022,MR1,141_to_140_warp.nii.gz,1.1508499738433013,1.472022960193462,10.480852491870426,0.0013804279184610082,0.09137988271635707,0.5085296304785165,3.397919897042523,1.0400362616112568,0.7080235965066601,-0.6928540678152745,7.8125e-05,0.6611807495773598,False,True,True,False
pt022,MR1,142_to_141_warp.nii.gz,1.091955283867275,1.48117772440227,10.607624911181533,0.0014066493097576087,0.08335454054623095,0.39600509173236154,3.40287123068664,1.0432984538834036,0.7045869799050539,-0.7381126352265497,5.4931640625e-05,0.6275765634623889,False,True,True,False
pt022,MR1,143_to_142_warp.nii.gz,1.0851857585486646,1.4697165297185442,8.884980802717115,0.0007020318962589672,0.0834537815604467,0.3956108642761951,3.366056688107424,1.0423524738676486,0.6994824105044962,-0.4202424465245597,3.2958984375e-05,0.6192881969555833,False,True,True,False
pt022,MR1,144_to_143_warp.nii.gz,1.1136505478366012,1.4525578023890084,6.5652670314443995,0.0009137343394159244,0.08440647452671926,0.46694189521571217,3.350237682266798,1.0427440213055608,0.7057788805193622,-0.13497047663462566,1.5869140625e-05,0.6204935612933042,False,True,True,False
pt022,MR1,145_to_144_warp.nii.gz,1.146732679567874,1.4761626405153865,8.154086422216718,0.0009613469690272343,0.09116764154049038,0.4718629273530375,3.423393911404539,1.0426251804516624,0.7200563010022895,-4.596567586768391,6.89697265625e-05,0.6616401463087881,False,True,True,False
pt022,MR1,146_to_145_warp.nii.gz,1.1475810371322221,1.4788692701578807,12.833203369183249,0.0016456040959171602,0.08641957889103272,0.47576514707847484,3.4166311059997123,1.0406703475966117,0.7146168685785923,-2.0026469011925836,0.0001141357421875,0.680050398510701,False,True,True,False
pt022,MR1,147_to_146_warp.nii.gz,1.1680242075304779,1.4836426520664432,11.038546423938504,0.0015648507962789857,0.08907234633306134,0.49921758733212657,3.44473822652608,1.040268633555374,0.7189609828708,-1.1840045986323773,5.67626953125e-05,0.6833384187993571,False,True,True,False
pt022,MR1,148_to_147_warp.nii.gz,1.0954223571038866,1.4838044402651707,8.640825624532981,0.0011366680335496218,0.07902279981858192,0.3823887438830148,3.3936683172642885,1.0423243173580274,0.7058644153751128,-0.6719348897217341,6.28662109375e-05,0.634617708059253,False,True,True,False
pt022,MR1,149_to_148_warp.nii.gz,1.1790944004292019,1.4832233700514894,13.945098052011755,0.0011931493190605923,0.08563889228280386,0.5328050447012164,3.441340981114105,1.0398055474241064,0.711579691896933,-1.0730832941682287,0.000115966796875,0.6751291425873379,False,True,True,False
pt022,MR1,150_to_149_warp.nii.gz,1.1982507400475795,1.4745155734166384,10.295893813507815,0.0008900863963401852,0.09707038993165831,0.5541023018464413,3.4515060429919573,1.0431524645972383,0.7264999349920751,-0.7920180736905656,0.0001123046875,0.6904879236423188,False,True,True,False
pt022,MR1,151_to_150_warp.nii.gz,1.1455165645669088,1.466398119515474,7.7348041199026705,0.0011116826054819561,0.08311711826685568,0.46359964111784235,3.390124942101061,1.041861001295559,0.7187371558895633,-0.2591844052582523,2.9296875e-05,0.6708338430679458,False,True,True,False
pt022,MR1,152_to_151_warp.nii.gz,1.4256194358430627,1.545418950262145,8.715265049124152,0.002872563292642019,0.11911585513526902,0.7764723026373301,3.8726864765332514,1.0418131512708846,0.7835632420388683,-1.943859275123787,9.765625e-05,0.8355727166851145,False,True,True,False
pt022,MR1,153_to_152_warp.nii.gz,1.286018684748286,1.483961972486672,9.234544487562006,0.001160335974584098,0.09185550468736542,0.6596524101303982,3.5915508264804017,1.0396611322534226,0.7493904020721897,-0.5130020497357968,8.7890625e-05,0.7720786052353956,False,True,True,False
pt022,MR1,154_to_153_warp.nii.gz,1.2639319058183958,1.4782566992111659,8.312814648613294,0.0014360896825137285,0.08739462106465651,0.6298817914748872,3.557398540835691,1.0389762404091871,0.7499915284544199,-0.3198493906421113,9.1552734375e-05,0.7593419168416338,False,True,True,False
pt022,MR1,155_to_154_warp.nii.gz,1.2132052743081783,1.4678006559546843,9.699832155098225,0.0012939049547844507,0.08329392391560367,0.5655770619560803,3.458233963523238,1.0423710592436517,0.7413010748077021,-1.2123502638387742,6.8359375e-05,0.7282789013077726,False,True,True,False
pt022,MR1,156_to_155_warp.nii.gz,1.2549431692111586,1.474554255527682,7.777951850875644,0.0002803581784193616,0.0810292927807331,0.610192323165641,3.514607572887745,1.041898053221121,0.7391015531961356,-0.516731320876781,5.7373046875e-05,0.716422112612079,False,True,True,False
pt022,MR1,157_to_156_warp.nii.gz,1.3175425800529732,1.5377844976983566,8.88494698602773,0.002107077386350612,0.11702846307912658,0.6231736003898822,3.687440769896048,1.04106560507188,0.7655457289510332,-0.429553329716078,6.77490234375e-05,0.8086934811089919,False,True,True,False
pt022,MR1,158_to_157_warp.nii.gz,1.284749004897762,1.4867397491253904,10.410977757039694,0.00041334082103560734,0.08622799993399216,0.6417629889914835,3.5969150061342994,1.0371473400321451,0.753940631933189,-0.6758296069161217,8.72802734375e-05,0.7673352811339879,False,True,True,False
pt022,MR1,159_to_158_warp.nii.gz,1.191067596296058,1.4791020329643259,11.132967231574499,0.0009226556221809089,0.08618870042729461,0.5263543075352703,3.462106335572702,1.042178441235837,0.7277073895096041,-0.6338542717627633,4.69970703125e-05,0.7048419508581525,False,True,True,False
pt022,MR1,160_to_159_warp.nii.gz,1.1616522527267725,1.4727271941769733,8.515795994626899,0.00043649840613733086,0.07652330867601055,0.479186083971334,3.4236975570520305,1.0417587158002228,0.7243460599001531,-0.3550144609835455,2.74658203125e-05,0.6685672615621343,False,True,True,False
pt022,MR2,002_to_001_warp.nii.gz,1.1109388755216052,1.4696435051618826,9.339228103024665,0.000896969466099932,0.08758179645274669,0.41296438177274974,3.3639948375441535,1.0392292995513543,0.7175775425888032,-0.9489908013525418,9.46044921875e-05,0.6388401912484843,False,True,True,False
pt022,MR2,003_to_002_warp.nii.gz,1.0694943567593997,1.485082689940752,8.831626943581066,0.0008130520340637367,0.07233652304257769,0.3602729150572993,3.345629304537413,1.0417908753998915,0.6983453426954012,-0.5579431948368262,6.4697265625e-05,0.6237462733414769,False,True,True,False
pt022,MR2,004_to_003_warp.nii.gz,1.0371866595593702,1.5076207849662484,10.36107386768552,0.0005696953041381592,0.08070715718245118,0.29612493609462465,3.3744242541007563,1.0434544910025614,0.6866246943827581,-0.41966173052131256,2.685546875e-05,0.602695929254626,False,True,True,False
pt022,MR2,005_to_004_warp.nii.gz,1.0152471303425399,1.4751240571974726,7.71814239082953,0.0008669311643932548,0.06827681645188839,0.2853799800118041,3.2788782684229547,1.0422391816266816,0.6901740531295844,-0.1955026677602708,5.37109375e-05,0.5824783587036934,False,True,True,False
pt022,MR2,006_to_005_warp.nii.gz,1.0928315102663446,1.531330636156624,8.173737806392072,0.0012063247703456457,0.11018800343996508,0.3615761070096093,3.5017891385198707,1.0430399287848509,0.7000637108288815,-0.4363645175390743,8.85009765625e-05,0.6519264270783885,False,True,True,False
pt022,MR2,007_to_006_warp.nii.gz,1.0661387204774972,1.4787757681264337,9.912634081440608,0.0012445642922113702,0.08313635466075978,0.3497529911903424,3.293127019110221,1.041396723100131,0.7171538351147372,-0.6616338542858783,4.08935546875e-05,0.6049475367666429,False,True,True,False
pt022,MR2,008_to_007_warp.nii.gz,1.0144082700203563,1.4844820455147998,8.845390482650904,0.0008880582106363383,0.06410969816619655,0.28433223911029715,3.295414287694741,1.042775145194798,0.6843396064008129,-0.45367595384181836,4.150390625e-05,0.5836389044469402,False,True,True,False
pt022,MR2,009_to_008_warp.nii.gz,1.0275042468815763,1.4903681989057864,9.454412528964717,0.0012771054412466778,0.06927991127651392,0.2922635722509348,3.3214577357408683,1.0433073135098967,0.6835925435689195,-0.8564011594866557,4.638671875e-05,0.5952784556905142,False,True,True,False
pt022,MR2,010_to_009_warp.nii.gz,1.0880970970605623,1.5077008700055752,11.888790157085467,0.0008014638254251247,0.07607158790988398,0.34226396852287466,3.427610485396539,1.0437123988002215,0.7045668144611146,-0.8393917081862207,0.0001007080078125,0.6435126164383417,False,True,True,False
pt022,MR2,011_to_010_warp.nii.gz,1.1405689181994851,1.5102606282700684,12.459485625836505,0.00070901902897674,0.07192161105446564,0.4093920734582016,3.5074628332104942,1.0405408771611109,0.717822271375417,-4.392049476503774,0.0002020263671875,0.674256509100958,False,True,True,False
pt022,MR2,012_to_011_warp.nii.gz,1.2652368304707498,1.5207370952604453,10.733199819761765,0.0013738986388368002,0.09351581452595151,0.534779684710381,3.6085870810631224,1.04396714224444,0.7342512690199422,-1.0770694247407513,0.0001202392578125,0.7086560866154055,False,True,True,False
pt022,MR2,013_to_012_warp.nii.gz,1.0757780135009176,1.4762246270131998,7.380896195458702,0.0011516619416344993,0.06946675407657085,0.36277379399147336,3.3304257110873627,1.0416766758463443,0.6953362444580055,-0.28401081121716604,3.84521484375e-05,0.6130755036182854,False,True,True,False
pt022,MR2,014_to_013_warp.nii.gz,1.0944783002147453,1.4930704308624732,9.148220823822232,0.00010089967194809102,0.08123090290867774,0.3736702451978383,3.385215692056201,1.043519150768322,0.6983654223750906,-0.2737113632533153,2.38037109375e-05,0.625975048576248,False,True,True,False
pt022,MR2,015_to_014_warp.nii.gz,1.0381449856078522,1.4875488061752031,9.283135001795019,0.0017921611998187787,0.07328971070009542,0.3283922517770961,3.3246720197708037,1.0421121830284101,0.6826682014698788,-0.43573676346235163,4.2724609375e-05,0.5875381893002375,False,True,True,False
pt022,MR2,016_to_015_warp.nii.gz,0.9629007601353264,1.4738709116414377,7.49774603821257,0.0006364301650270298,0.0627978875936544,0.24376481438926662,3.237357779778767,1.0432140677632618,0.6693010989690222,-2.2267044014527957,5.615234375e-05,0.5413659349036974,False,True,True,False
pt022,MR2,017_to_016_warp.nii.gz,1.0403748063446312,1.48673545956319,13.311442304159446,0.0011932956274673815,0.06667931848285351,0.33077485281864705,3.3010954746524535,1.0417226968885471,0.6870064501751572,-0.4340667072119769,5.37109375e-05,0.5900325240210923,False,True,True,False
pt022,MR2,018_to_017_warp.nii.gz,0.9893786350477183,1.4850981160676529,8.907189471448888,0.0010633273034447864,0.06451373712769824,0.2575223405762338,3.2818142984011085,1.0430098308860278,0.6778958164411458,-0.6620469399440657,4.21142578125e-05,0.5627297960437916,False,True,True,False
pt022,MR2,019_to_018_warp.nii.gz,1.0172983829200137,1.4753127916619655,10.735145964208797,0.0013912132138288022,0.0657868992528934,0.3063740947677297,3.2872600044964546,1.0420332855215437,0.6818868685631191,-0.7914604849700198,8.36181640625e-05,0.5796421698035639,False,True,True,False
pt022,MR2,020_to_019_warp.nii.gz,1.0692040792015831,1.4851704137930097,9.384570175411449,0.0007959263301808331,0.07078232977772174,0.3551491622964312,3.3611319609653205,1.044043699676907,0.6894825513363025,-0.5595680974481976,5.2490234375e-05,0.6020369454784488,False,True,True,False
pt022,MR2,021_to_020_warp.nii.gz,1.1197976466989654,1.4985240075943762,10.727604162226555,0.0011327544263724984,0.07849710745403306,0.40221152914684544,3.4093386336884053,1.0390091402040242,0.702030195163574,-1.3386804668257637,0.0001434326171875,0.6366837353693784,False,True,True,False
pt022,MR2,022_to_021_warp.nii.gz,1.1374477146496755,1.4936764539512366,8.910456717385658,0.000739267190300187,0.0813357467667832,0.40624388653690724,3.429551532625326,1.0442211861470343,0.7080702718699411,-0.6718715856728106,7.2021484375e-05,0.636076315882013,False,True,True,False
pt022,MR2,023_to_022_warp.nii.gz,1.099217629294719,1.482946339860758,8.688031842823253,0.0010659261270337505,0.06892114326293206,0.37219690636844005,3.377633668260224,1.0397174826660198,0.7124069494273318,-0.9154795360060721,0.000145263671875,0.6354641995550715,False,True,True,False
pt022,MR2,024_to_023_warp.nii.gz,1.0468076959038892,1.5181695550500047,10.198373274282007,0.0011395977422497792,0.07274783170347235,0.2828846454657161,3.407086552205582,1.043029868696495,0.6965727435194562,-0.5088477528569353,8.056640625e-05,0.6296505273126634,False,True,True,False
pt022,MR2,025_to_024_warp.nii.gz,1.0380955952110384,1.521756261812802,10.184524105676736,0.00029902793250672244,0.06369541803192047,0.25989010778811195,3.4106280928751795,1.0434122125826162,0.7000082496405868,-2.1422456136971366,0.0001910400390625,0.6229928354002244,False,True,True,False
pt022,MR2,026_to_025_warp.nii.gz,1.0237376835415164,1.5151825705639952,9.293748641345342,0.0005398819855442008,0.07305560587899713,0.2703691106646127,3.365865485307717,1.0432064270767056,0.6900442250917284,-1.0293333886957619,0.0001171875,0.6061619806350681,False,True,True,False
pt022,MR2,027_to_026_warp.nii.gz,1.0276399453641398,1.513512852429329,9.34287197602315,0.00025679246379777296,0.06602605875913144,0.25783585536388953,3.3916694445711286,1.0433439308139962,0.6922737982630501,-0.7251057159256831,6.591796875e-05,0.6042682849166054,False,True,True,False
pt022,MR2,028_to_027_warp.nii.gz,1.032895120520727,1.520543145064992,12.80738906338085,0.0011641390825672705,0.06308612532959323,0.2581531634752863,3.398211440230958,1.0429840923702336,0.6994045147975109,-0.7508110224388997,0.000108642578125,0.6179123553654606,False,True,True,False
pt022,MR2,029_to_028_warp.nii.gz,1.0260741079663567,1.5056706834302087,9.816263473675695,0.0008826452925979324,0.062474724360326056,0.2727947129996444,3.3713862718377463,1.0438559518151627,0.6924603444527793,-0.6098874759627053,0.0001513671875,0.6056679738156202,False,True,True,False
pt022,MR2,030_to_029_warp.nii.gz,1.0722996432316727,1.5029909155770587,9.717561238953643,0.0006214307568143118,0.06470497629890566,0.32427649410295745,3.4218231062164453,1.0436460357567747,0.7052336182922786,-3.170679347662356,0.0002001953125,0.6359986343279556,False,True,True,False
pt022,MR2,031_to_030_warp.nii.gz,1.0754527758479318,1.4948160305464326,9.612178204487266,0.0008743123797293618,0.06829525838005651,0.3558078947408387,3.386593116263377,1.042028485521782,0.7032893341491959,-0.8886513873498667,0.000142822265625,0.6293995733946214,False,True,True,False
pt022,MR2,032_to_031_warp.nii.gz,1.0672608980608893,1.5328028884739255,11.597193922833142,0.0010740619376174009,0.09829710531179686,0.33649436342250166,3.462373150982636,1.0427294922119557,0.6954687502824832,-1.75922622144058,8.9111328125e-05,0.6347877575522655,False,True,True,False
pt022,MR2,033_to_032_warp.nii.gz,0.9836007811023013,1.4798839681782707,9.855134018881625,0.0007972018957089694,0.0681904278485792,0.2590219612256446,3.2492409637127,1.0421692490625865,0.6885096155322785,-2.32572901895357,3.5400390625e-05,0.5552042026938948,False,True,True,False
pt022,MR2,034_to_033_warp.nii.gz,0.9863765302635027,1.5012776098895229,8.502863367527768,0.0014035978224536116,0.07993263181652271,0.27262563211687507,3.3427399677761502,1.043568555278312,0.6695968154351045,-0.6174721479864557,4.8828125e-06,0.5528026275608807,False,True,True,False
pt022,MR2,035_to_034_warp.nii.gz,0.9660193731696094,1.4735665324404987,7.729641559236014,0.0005483219151472769,0.06387940740794422,0.2524090966734533,3.2444062942401954,1.0434022272677472,0.6713907616431911,-0.12876245954231846,1.220703125e-05,0.5393984105559029,False,True,True,False
pt022,MR2,036_to_035_warp.nii.gz,0.998499394561276,1.4759474845917726,8.923644909084647,0.0006407263899065196,0.06495896900102809,0.2856690174619654,3.2787243231346346,1.0436307034429297,0.6783866546206809,-0.5607991070960716,3.90625e-05,0.5602201212682647,False,True,True,False
pt022,MR2,037_to_036_warp.nii.gz,1.0205482534286465,1.4787104065451202,11.369607786539097,0.000783114148876141,0.06734249972962567,0.3124792684533796,3.292235167898112,1.0426839247118296,0.6850306698734329,-1.7075048154767207,6.103515625e-05,0.5860937922437742,False,True,True,False
pt022,MR2,038_to_037_warp.nii.gz,0.9799064931101802,1.486777663656028,8.783607619448242,0.0010352576715719083,0.062379639958126606,0.24661680206313719,3.2863868616423204,1.043342568782411,0.6744406125429221,-2.040541845738416,3.23486328125e-05,0.5557361115843503,False,True,True,False
pt022,MR2,039_to_038_warp.nii.gz,1.061074801525703,1.4981850644138082,10.477637709845915,0.0012088973059649164,0.08282564371046927,0.35325211235534065,3.3772625848021676,1.0418661203656954,0.686288795218128,-0.10915270393565688,2.99072265625e-05,0.6007541141101251,False,True,True,False
pt022,MR2,040_to_039_warp.nii.gz,1.0103116434110637,1.4828300120559192,8.317912631511279,0.0003129280292305498,0.06566156986801408,0.2862274078111974,3.2968818025629636,1.0436331053173382,0.6856585813593057,-1.1487099769775697,0.0001019287109375,0.5770707681324696,False,True,True,False
pt022,MR2,041_to_040_warp.nii.gz,1.0229022116787203,1.4958476638502198,10.510485725657114,0.0008944030896345822,0.06935369293884669,0.287531747029138,3.3370253892191077,1.0433445310830936,0.6877411249713745,-0.7388130392332631,5.55419921875e-05,0.5987187472475639,False,True,True,False
pt022,MR2,042_to_041_warp.nii.gz,1.044862832007794,1.4935834155752878,8.52555189504992,0.0014908950017994227,0.08175080318649494,0.3312254630451628,3.357394541068866,1.0435397897479737,0.686512532261694,-0.5571538825389196,2.01416015625e-05,0.5977575154508581,False,True,True,False
pt022,MR2,043_to_042_warp.nii.gz,1.0729421692472163,1.479727451798017,10.818364249031722,0.00027249000740220294,0.07310667774642539,0.35457087167269363,3.3364733184369277,1.0423139007768272,0.7105158871572554,-0.4719445581519231,3.84521484375e-05,0.6170010068117423,False,True,True,False
pt022,MR2,044_to_043_warp.nii.gz,1.0994425159831496,1.5049982089115315,8.007553091719632,0.001894840349676348,0.0827498626312443,0.3670783513993312,3.4117645827603256,1.0432746505240906,0.7091201286973823,-0.5636222758149054,8.544921875e-05,0.6518967406997243,False,True,True,False
pt022,MR2,045_to_044_warp.nii.gz,1.0282533475905518,1.503154262741424,10.658763866432306,0.00046871154601513807,0.06452838002244253,0.28381593767589275,3.3466819692611103,1.0434502135927524,0.6881706064736507,-0.3752341029152351,7.50732421875e-05,0.6055943654885849,False,True,True,False
pt022,MR2,046_to_045_warp.nii.gz,1.0261827501025886,1.4972352881834141,10.954630748919886,0.0008123278480313472,0.06743066646664497,0.2999097529054023,3.331589708705895,1.0429175442425842,0.6866412282146209,-0.6239065369727105,6.7138671875e-05,0.596617980281466,False,True,True,False
pt022,MR2,047_to_046_warp.nii.gz,1.0258725257292869,1.4748383050691618,8.02839890698804,0.0004976260535101837,0.0662920489431132,0.31708923196674144,3.294162394416813,1.0418468981608022,0.6913850822489589,-0.8518690513320644,2.50244140625e-05,0.5837825516639367,False,True,True,False
pt022,MR2,048_to_047_warp.nii.gz,0.9874787017823895,1.4981118751642466,11.038150318733333,0.0008336658952156194,0.0638252118486918,0.24539953113815188,3.2974753944844952,1.0434451604403905,0.6774807487736346,-1.1096709958332054,8.72802734375e-05,0.5725998358991128,False,True,True,False
pt022,MR2,049_to_048_warp.nii.gz,1.020696526287992,1.5115027523167655,11.366908617416808,0.0007732861925716547,0.06522805198229911,0.26212924950866634,3.3659546286342885,1.0432151927119082,0.688043313653577,-0.7555201829673004,7.2021484375e-05,0.5993965351459637,False,True,True,False
pt022,MR2,050_to_049_warp.nii.gz,1.0456095341104392,1.5201965239533366,9.40358199132916,0.0014590412946839328,0.07687070715248422,0.2861219706710772,3.4024983223228737,1.0431836317474183,0.7004215469150399,-0.2680628346373819,4.2724609375e-05,0.618205111176385,False,True,True,False
pt022,MR2,051_to_050_warp.nii.gz,1.0077653643636546,1.4931285782614436,12.268968547947841,0.0009058470109571671,0.06352917612055646,0.2565276499908665,3.3070879194535725,1.0427350877428214,0.6897659862071117,-1.9851731587880583,6.65283203125e-05,0.5858354923901603,False,True,True,False
pt022,MR2,052_to_051_warp.nii.gz,1.0626429951578344,1.4866973748908494,9.706053750956475,0.0007925851110199915,0.06704463460332279,0.3386170992897233,3.371297527772281,1.043888595607228,0.6980557075114876,-0.6957714607891915,9.033203125e-05,0.6185260453092184,False,True,True,False
pt022,MR2,053_to_052_warp.nii.gz,0.9759646378966638,1.4891706064425951,8.257345677330523,0.0007239320701444003,0.06083450849981671,0.2470780623431321,3.290504550618854,1.043884797822094,0.6774156259609019,-0.46831396255452484,0.00010498046875,0.5605116939558151,False,True,True,False
pt022,MR2,054_to_053_warp.nii.gz,0.9620978949113472,1.4877328425597658,7.712776457270714,0.0005670755862859227,0.0597609996711733,0.23002182347440492,3.2789323115598603,1.043597225828791,0.6714328949886187,-0.6102529263739646,3.5400390625e-05,0.5484308984142248,False,True,True,False
pt022,MR2,055_to_054_warp.nii.gz,1.02095554082372,1.5003255828170026,8.560363065429542,0.0009194266695219423,0.07502124828051407,0.3052308254307964,3.3396699575262994,1.0419569059549922,0.6788257941535624,-0.5466707689164552,5.31005859375e-05,0.5784740417515799,False,True,True,False
pt022,MR2,056_to_055_warp.nii.gz,1.0223674600996775,1.5156828667173041,8.793014418236512,0.0009824851975435654,0.08276973454561494,0.29685379121408045,3.4050960403251382,1.0438849538694956,0.6804336964068848,-0.47623769453605963,4.82177734375e-05,0.586732545276029,False,True,True,False
pt022,MR2,057_to_056_warp.nii.gz,0.9714717227287002,1.477654361583082,8.802754275489358,0.0006544863298480852,0.06734961691722822,0.25126225703968574,3.242546838818665,1.0420667041218474,0.6878663561881873,-0.6772615999120322,1.89208984375e-05,0.5481854943150961,False,True,True,False
pt022,MR2,058_to_057_warp.nii.gz,0.9964062160052458,1.4966044996811052,10.037091797000778,0.001156761570872066,0.06606910259893495,0.26171877917659764,3.3148803714264963,1.043537816809889,0.6799789184486125,-0.7210277059643279,8.48388671875e-05,0.5783696025999621,False,True,True,False
pt022,MR2,059_to_058_warp.nii.gz,1.0387807529350972,1.4797164913971008,9.342128439650509,0.0011408279910215067,0.066136184549247,0.33713497971046824,3.315657438039955,1.0408886381994211,0.6787008822685262,-0.5941973635349324,4.150390625e-05,0.5724595704457887,False,True,True,False
pt022,MR2,060_to_059_warp.nii.gz,0.9596297989708111,1.4889005652081897,7.802610644856881,0.0013666267640684334,0.06297538821419899,0.230624409679428,3.2712685346401473,1.0434703611203344,0.6705375249533115,-0.725387275343365,2.44140625e-05,0.546425412866214,False,True,True,False
pt022,MR2,061_to_060_warp.nii.gz,1.0183225149466724,1.4817778479757495,8.608101391704944,0.0006126110156830539,0.06304945413264126,0.2968505844231535,3.315448363060778,1.0440180750423997,0.6847146051308782,-0.21108694762022137,2.13623046875e-05,0.5711926715063137,False,True,True,False
pt022,MR2,062_to_061_warp.nii.gz,1.0435336457420759,1.5007525697048172,8.436854394815139,0.000990437721504155,0.07702014701590217,0.31682413601114695,3.364461295160959,1.043929175637961,0.6896572859376325,-0.4190747337733829,4.82177734375e-05,0.6020491863174648,False,True,True,False
pt022,MR2,063_to_062_warp.nii.gz,1.0547459882990562,1.5106588306384559,10.138462730066635,0.0011210866465814974,0.07440143665609013,0.3125015363029844,3.3948689700044974,1.0415329661880524,0.690832497080499,-0.32446780963072824,3.23486328125e-05,0.6060395856444244,False,True,True,False
pt022,MR2,064_to_063_warp.nii.gz,1.0146966478519877,1.4781435006794714,8.66544657795907,0.0014392418169902807,0.06591181239599882,0.297877542940018,3.2900108032743365,1.040801339462153,0.6889924332722348,-0.23840699783637406,2.50244140625e-05,0.575204958649882,False,True,True,False
pt022,MR2,065_to_064_warp.nii.gz,1.1036764358673397,1.5028953470364486,8.104858151015591,0.0009744422295291366,0.07999984776148694,0.3576310443430453,3.4192973983349204,1.0443068131519948,0.7061951648198441,-0.32738243720805477,3.90625e-05,0.6193004267406128,False,True,True,False
pt022,MR2,066_to_065_warp.nii.gz,1.1198745697717323,1.5325804498961688,11.982599296643222,0.0011532393444405723,0.08793505773487754,0.37701864108851246,3.493152146351842,1.0411571713746388,0.7029575135238508,-0.5589125053183485,8.544921875e-05,0.6609990385646983,False,True,True,False
pt022,MR2,067_to_066_warp.nii.gz,1.04336613599327,1.4947783508203685,9.664517934957733,0.0007288736457507517,0.06832068272656742,0.29709524128036513,3.3712196027236074,1.0413528366958733,0.7097095170027276,-2.4705936404912636,8.23974609375e-05,0.6191682376694723,False,True,True,False
pt022,MR2,068_to_067_warp.nii.gz,1.0078905069510118,1.4919110885424693,8.726763946601901,0.00037791554503945757,0.06231271662448606,0.26109763508938466,3.308005848676005,1.043023285268233,0.6871247132429354,-0.8363463674695604,7.568359375e-05,0.5851516661915248,False,True,True,False
pt022,MR2,069_to_068_warp.nii.gz,1.014897852167756,1.5022406979337215,10.008569617606554,0.0009120536609437212,0.06994650022082649,0.26750255438769494,3.335445868346121,1.0434864114093418,0.6919739978995557,-1.3095808112130227,7.75146484375e-05,0.6010632710832454,False,True,True,False
pt022,MR2,070_to_069_warp.nii.gz,0.997285369505964,1.5083736216273027,10.901927796079756,0.00033448563170731675,0.05947322281455015,0.23215177273896684,3.3301855733319496,1.043627441620957,0.6844226678484043,-0.8866900952341357,8.30078125e-05,0.5896100304357426,False,True,True,False
pt022,MR2,071_to_070_warp.nii.gz,1.0080610892754052,1.495341540342563,11.31553853970286,0.0008943967691019762,0.061718753466828244,0.2648825458335099,3.3289670193750425,1.043683789879156,0.6891943741744074,-1.0152518445776983,9.09423828125e-05,0.5878649788215415,False,True,True,False
pt022,MR2,072_to_071_warp.nii.gz,1.005507258951422,1.5012314964448343,10.548898799328358,0.0012390215113750713,0.06166729944830094,0.2502232471001613,3.3266062776486067,1.0430525331343277,0.6851129713381732,-0.5319242104519128,6.28662109375e-05,0.5911719452107239,False,True,True,False
pt022,MR2,073_to_072_warp.nii.gz,1.0014933340946048,1.5037737904927133,8.253569512393835,0.0004306500400347917,0.06872737587498101,0.25443065152204614,3.3376061213154062,1.0436332559245665,0.6841586206089861,-1.2742991177505922,3.72314453125e-05,0.5809668776286863,False,True,True,False
pt022,MR2,074_to_073_warp.nii.gz,1.0954705317922437,1.5081703169269138,8.575191509587494,0.0009198487821711395,0.07783731501537895,0.3397105159560805,3.4238664831947903,1.0439838962027852,0.7039377279235528,-0.7720678041761319,4.5166015625e-05,0.615002796331338,False,True,True,False
pt022,MR2,075_to_074_warp.nii.gz,1.0171870757424486,1.4872562158092828,11.094840142141152,0.0011107716611247391,0.06558769513636531,0.2815965670148638,3.318957181771692,1.042311170081574,0.6940041734113436,-0.6184422687483375,6.4697265625e-05,0.5931608486292864,False,True,True,False
pt022,MR2,076_to_075_warp.nii.gz,1.1165651588737189,1.491991690138254,10.029022157908091,0.0008495437977092393,0.07615852634796448,0.39825227231144344,3.4047359581874006,1.0400618177064942,0.7015041901387759,-1.4686591783857044,0.0001495361328125,0.6264259971406689,False,True,True,False
pt022,MR2,077_to_076_warp.nii.gz,1.0424308390353825,1.505383373170098,10.648413031527133,0.00024214653743536522,0.06398347720739136,0.2949238997573955,3.4101738298901263,1.0439530730786193,0.7046995310951133,-2.4927971759709036,0.0002313232421875,0.6229334921010675,False,True,True,False
pt022,MR2,078_to_077_warp.nii.gz,1.0365306038750406,1.5146148990638064,10.350376755128998,0.0006517286658641436,0.07098262263367987,0.28299736996844227,3.3896683850488585,1.0430231084228063,0.7026419748066394,-1.5206912305896607,0.0001544189453125,0.6285803202296166,False,True,True,False
pt022,MR2,079_to_078_warp.nii.gz,1.0259686444330776,1.4996350394582518,10.946496138875737,0.0006745691886894497,0.06561697866230402,0.28717787359108693,3.3687590694304355,1.0439418669907894,0.698541322510192,-0.46407936161444174,6.28662109375e-05,0.5990664241837983,False,True,True,False
pt022,MR2,080_to_079_warp.nii.gz,1.0015327851363316,1.484044810178576,8.285421522566068,0.0007863642302810741,0.06317333743741764,0.268623839991494,3.294416955265993,1.043440161073368,0.6878932481776598,-0.9324579192088275,7.568359375e-05,0.578753089585664,False,True,True,False
pt022,MR2,081_to_080_warp.nii.gz,1.0578356365062966,1.5289722962319323,9.77079048761291,0.000980495804202386,0.07953834384954268,0.3048872550602006,3.4378375838633155,1.0435596744268572,0.6969638458536056,-0.9379333816759295,0.0001416015625,0.6273076372885261,False,True,True,False
pt022,MR2,082_to_081_warp.nii.gz,0.9907484737516795,1.4843004738184347,9.08097816401476,0.0014357770451651085,0.06363445778569975,0.2571116237025419,3.2843941309128084,1.0421225202716986,0.6882502869841702,-0.25009563222444,7.99560546875e-05,0.5706730627395864,False,True,True,False
pt022,MR2,083_to_082_warp.nii.gz,1.0379779017965087,1.5206963548181949,8.892121045150391,0.0013059107339808695,0.07510927585887496,0.28124675229501395,3.41246314392734,1.0436350271318766,0.6963538087980401,-0.8778027824505007,0.0001690673828125,0.6101405764209182,False,True,True,False
pt022,MR2,084_to_083_warp.nii.gz,1.0224040801946679,1.5186058444029098,16.08762082780666,0.000794025019413972,0.06465212729400911,0.2713072124515372,3.3679826372131063,1.043386036685402,0.693869090160526,-0.6882134275554579,0.0001324462890625,0.6013071230787641,False,True,True,False
pt022,MR2,085_to_084_warp.nii.gz,1.0560194384694126,1.5158125998638614,8.842224931841136,0.0007333486545996492,0.07873364889757138,0.3128831254835413,3.410009078937748,1.043657145445954,0.6921743061163976,-0.8617387821064894,5.92041015625e-05,0.6207922751476432,False,True,True,False
pt022,MR2,086_to_085_warp.nii.gz,1.0130652900641883,1.480381209864879,11.680605878659371,0.0010086368837996407,0.06454127821086313,0.3016029919820916,3.2820694197355236,1.04197405428948,0.685762727660915,-0.3379578996420228,6.103515625e-05,0.5770343192147449,False,True,True,False
pt022,MR2,087_to_086_warp.nii.gz,1.0109736708749868,1.5225244835752663,8.57068639925395,0.0013966694945185723,0.08028776055476032,0.27397512552075554,3.398668234188601,1.043062113222413,0.6831349681383918,-1.2410494181961191,6.65283203125e-05,0.5855184918462898,False,True,True,False
pt022,MR2,088_to_087_warp.nii.gz,0.9752002344007069,1.4851886291160525,9.566278445710527,0.0009594686111607363,0.06461130582803486,0.2395875078734129,3.251888404903662,1.042389715601344,0.6881360323686239,-0.7700645212524299,3.2958984375e-05,0.5528393346436659,False,True,True,False
pt022,MR2,089_to_088_warp.nii.gz,1.0053163544263723,1.5020709818658549,10.158362584311094,0.0003873601032308948,0.06127619430525023,0.25657317009043346,3.3218222356691665,1.0430497378059242,0.6835383557816969,-0.8322107139568655,0.0001483154296875,0.5886749687004568,False,True,True,False
pt022,MR2,090_to_089_warp.nii.gz,1.0723480601606266,1.4867389413156527,11.220051942816871,0.001052817820419264,0.06766510667169583,0.3561272887888085,3.3685820344069546,1.0441587338704243,0.69364048303918,-1.7641528303435627,0.000101318359375,0.5961510334625769,False,True,True,False
pt022,MR2,091_to_090_warp.nii.gz,1.1202317215886608,1.4967715049635106,9.544676559985767,0.0012818458429754193,0.08129174366097207,0.3965662698639413,3.3905856574021187,1.038862691645174,0.6942422471844617,-0.40833202870686686,5.126953125e-05,0.6166728672316324,False,True,True,False
pt022,MR2,092_to_091_warp.nii.gz,0.9769015211560073,1.4807588572804442,8.772107468197946,0.0012882046063133732,0.06247954718141719,0.25404501177835703,3.2754602394801977,1.0427680215225,0.671088384826279,-0.1548890576599123,2.197265625e-05,0.550928895285598,False,True,True,False
pt022,MR2,093_to_092_warp.nii.gz,1.0428334957561811,1.5023785067453543,7.657697104110007,0.0006686504532920226,0.079871724885439,0.32302721903784104,3.390621608395109,1.0440293433179129,0.687933919355459,-0.4189315299155534,6.65283203125e-05,0.6007646015730418,False,True,True,False
pt022,MR2,094_to_093_warp.nii.gz,1.0699206641489987,1.4801505018782846,9.417420380241968,0.0005650226280353112,0.06717283748911948,0.3348555313232056,3.321581547175289,1.043986967615623,0.6909383858447388,-0.9870127507137543,2.9296875e-05,0.5835301537090987,False,True,True,False
pt022,MR2,095_to_094_warp.nii.gz,1.0026479717578667,1.510923702892578,10.644432767109818,0.0014571382055916728,0.06624520480153492,0.26062181405701845,3.3475296716124996,1.0428551882888528,0.6820132766882588,-0.5519981821973672,6.34765625e-05,0.5899044557152957,False,True,True,False
pt022,MR2,096_to_095_warp.nii.gz,1.0153999005216894,1.4745004653199152,8.22200815153022,0.0009105948735947851,0.06575642183347438,0.3046325136726015,3.2941495365505515,1.04149158478803,0.6868048501821676,-0.3389346549263991,6.16455078125e-05,0.5730456314783469,False,True,True,False
pt022,MR2,097_to_096_warp.nii.gz,1.0429262805998554,1.487020508648282,9.612046189572261,0.0010190672584081495,0.0659546536599027,0.3261103713778404,3.340011145999683,1.0411321499517399,0.693056018293245,-1.0035885635797641,5.9814453125e-05,0.5965642241072434,False,True,True,False
pt022,MR2,098_to_097_warp.nii.gz,0.9913991621298938,1.4993166328153749,9.01968081389734,0.0006629135611601563,0.06437455555611185,0.2516746015532358,3.3268210206997066,1.043077992459294,0.6825424870093038,-1.2263912804733426,9.27734375e-05,0.5761031355523065,False,True,True,False
pt022,MR2,099_to_098_warp.nii.gz,0.9778409233368092,1.5016458424589796,10.346715204232728,0.0005150101260409371,0.06216780037999992,0.23054775751495868,3.3045645996434465,1.043391822523611,0.672924948544396,-0.45054382726645603,3.23486328125e-05,0.5623102289367004,False,True,True,False
pt022,MR2,100_to_099_warp.nii.gz,0.9749425626709745,1.4952968132613773,8.843977614940076,0.0007995970369673967,0.06139838821691092,0.2331645471782573,3.285715603526021,1.0435481855423006,0.6760464307460214,-0.4224371637121425,3.2958984375e-05,0.5627568399033464,False,True,True,False
pt022,MR2,101_to_100_warp.nii.gz,1.0124759146200426,1.5087947979503353,11.216639015815687,0.0002662926969118938,0.067790630702862,0.2632356356636731,3.3488206980358766,1.0437447690483275,0.6911171712841709,-0.5809914391104075,9.27734375e-05,0.5959537983053937,False,True,True,False
pt022,MR2,102_to_101_warp.nii.gz,1.0714830839277896,1.4821214542104495,10.013581892881625,0.0006385092504143173,0.06939116075709124,0.36322218082836966,3.3700052155303983,1.043834050459165,0.6945290187756071,-0.7832004685484278,0.000167236328125,0.6001515147551314,False,True,True,False
pt022,MR2,103_to_102_warp.nii.gz,1.054055330481138,1.496057765207872,8.002509233596678,0.0014059687769826838,0.07491597766181365,0.3399123245072156,3.360492407519664,1.0417164146779667,0.6879819199884979,-0.3052797180877581,4.69970703125e-05,0.5973877982842675,False,True,True,False
pt022,MR2,104_to_103_warp.nii.gz,0.9974116211287024,1.514347045682969,9.724121572455509,0.0008057291755432386,0.07563352961609818,0.2614162323343596,3.3529982915393517,1.043687662277227,0.6898246545995256,-3.8082013051968717,4.69970703125e-05,0.5738758382909146,False,True,True,False
pt022,MR2,105_to_104_warp.nii.gz,0.9735984483183846,1.485941957797012,9.904400441731818,0.0012763406223831287,0.062482951369707274,0.2411013380084316,3.268736458707627,1.0418745340018867,0.684985423659607,-0.5840706377716497,4.57763671875e-05,0.5557289420561438,False,True,True,False
pt022,MR2,106_to_105_warp.nii.gz,1.0021091138148228,1.4951932054767216,9.285374077961789,0.0005864259499362992,0.07197174153759976,0.28049409153772326,3.3266703485425357,1.0427826453705267,0.6751071554938682,-0.2437143814053818,4.8828125e-05,0.5721794812533535,False,True,True,False
pt022,MR2,107_to_106_warp.nii.gz,1.0090012146999283,1.5226420898292328,11.8536700571252,0.001303237133872543,0.07864957141454772,0.2744949007644114,3.3795876667905755,1.0437316849191227,0.6854262222363485,-1.7220805737212226,0.0001214599609375,0.5944960617909879,False,True,True,False
pt022,MR2,108_to_107_warp.nii.gz,1.0058796042367866,1.4932960568016942,9.246941100596006,0.0005750813743043862,0.06494812395435126,0.25833450447734574,3.3169408135874754,1.0428667870199784,0.6961402317081743,-0.7679276606187178,0.0001263427734375,0.5892098714166133,False,True,True,False
pt022,MR2,109_to_108_warp.nii.gz,1.0461790066243495,1.4918785799076417,9.648020830454199,0.0014014225605302355,0.06617316591549469,0.30863294129519125,3.367468263742598,1.0434879221676177,0.7035054789482227,-1.4447549002071098,0.0001470947265625,0.6134424365691443,False,True,True,False
pt022,MR2,110_to_109_warp.nii.gz,1.0251292719565441,1.5028112520476626,11.766015046894912,0.0008212062967015204,0.06447252671115769,0.2897842259289586,3.3421234947598792,1.0438694364129169,0.6891396583729077,-4.05748015795916,0.00017822265625,0.6103580763815075,False,True,True,False
pt022,MR2,111_to_110_warp.nii.gz,1.0421744973478253,1.5084148599435823,8.320781809285332,0.0014577119081901479,0.07200452377085828,0.2962574017141706,3.3747509891682403,1.0436808074784918,0.6971457247376691,-0.3657055739899873,4.69970703125e-05,0.6085067364115051,False,True,True,False
pt022,MR2,112_to_111_warp.nii.gz,1.0355217643899544,1.4988603717481401,10.989466657088627,0.0007992013023550303,0.06590658956137677,0.3015978626965451,3.3635695408614614,1.0427562788186915,0.7012212129154307,-3.8331002246152663,0.000152587890625,0.6117957599421104,False,True,True,False
pt022,MR2,113_to_112_warp.nii.gz,0.9969742778841922,1.4989608447996776,10.365736720402415,0.0008368790816214091,0.060292918606433606,0.2439054946541223,3.3280527716491766,1.043460910795342,0.6880596622661103,-0.8460998210703451,0.0001788330078125,0.5859720112914526,False,True,True,False
pt022,MR2,114_to_113_warp.nii.gz,1.0658001815355196,1.4971603294095235,11.329734808081392,0.001575130183482021,0.07726969417274951,0.3398466373015582,3.3915670801542843,1.0439620360186328,0.6906952984116421,-2.0795433798186034,7.4462890625e-05,0.6092705250562547,False,True,True,False
pt022,MR2,115_to_114_warp.nii.gz,1.0276995482843896,1.4923351645189527,12.093192778444992,0.0010419812388267693,0.06687070713454846,0.319363193605552,3.3096958141364174,1.0417750065707927,0.6799094484415107,-1.4348797325183726,0.00010498046875,0.571469198037159,False,True,True,False
pt022,MR2,116_to_115_warp.nii.gz,1.0632884065787358,1.4994957977930596,9.6724878413352,0.0005145924301819521,0.08183801110300222,0.3561843301310416,3.3710721309722045,1.0407089907453924,0.6866993744109289,-0.4477101481556183,8.4228515625e-05,0.5993217242416704,False,True,True,False
pt022,MR2,117_to_116_warp.nii.gz,1.1071800003768757,1.4925750589448155,10.807499004369792,0.0012109977966402049,0.07185351441588123,0.36718193580489966,3.4090054255836226,1.0435651342682897,0.7053690195013353,-1.3422095726752927,0.000152587890625,0.6219400907590481,False,True,True,False
pt022,MR2,118_to_117_warp.nii.gz,1.0324775547368907,1.5146661041219678,9.882686481298578,0.0007338776161392982,0.07794904705581565,0.28607027751534486,3.373991634993017,1.0435795329597117,0.6933123863329322,-0.5285007099363842,3.84521484375e-05,0.6087832567058479,False,True,True,False
pt022,MR2,119_to_118_warp.nii.gz,1.0798743784696456,1.5094281190438907,13.738284522569842,0.000773037311308455,0.07015611630194088,0.3495718923866544,3.409145126613448,1.0419383043491695,0.7034166438639332,-0.8637304532871815,0.00017578125,0.6385172113103955,False,True,True,False
pt022,MR2,120_to_119_warp.nii.gz,1.067684711186423,1.4885829247918134,9.739547275258381,0.0005436448755324326,0.06962355769561028,0.34914597997798713,3.3673281814972635,1.0408432831245076,0.7112449533636871,-1.4966133857001696,0.0001763916015625,0.6222195541231976,False,True,True,False
pt022,MR2,121_to_120_warp.nii.gz,1.0008683138179588,1.4846118806440225,9.048469916045285,0.0011651477490684202,0.06564926220938319,0.2817668797044961,3.301076789575521,1.043672838807927,0.6810957749094931,-1.812213570529551,7.62939453125e-05,0.5810643088529255,False,True,True,False
pt022,MR2,122_to_121_warp.nii.gz,1.1067327659491268,1.5150374242042939,9.21417408576502,0.0007828304785739502,0.09081194204717295,0.36983994449961205,3.4529859455854464,1.043959905180357,0.6987451956290284,-1.8467887211551874,5.859375e-05,0.6290106959861694,False,True,True,False
pt022,MR2,123_to_122_warp.nii.gz,1.010262917584378,1.5042799070668857,12.285424279747168,0.0006414902158843286,0.06524121598577394,0.2632927238769143,3.3254021429847,1.0426926853263694,0.6884570312144147,-1.1810874552334563,0.0001080322265625,0.5950404229436248,False,True,True,False
pt022,MR2,124_to_123_warp.nii.gz,1.0064124823748504,1.4857301319860423,11.481921698345777,0.0010282279588026766,0.06398144983521195,0.2788255407430767,3.292207290786446,1.042041744165078,0.6917433673265714,-0.8621756587414438,7.9345703125e-05,0.584656396597632,False,True,True,False
pt022,MR2,125_to_124_warp.nii.gz,1.0269121564906247,1.505081636256009,10.204473446603549,0.0012155869636557351,0.07158132975787687,0.2924761900825318,3.3523129253516464,1.0426803029020515,0.687626620921969,-1.361226551789625,4.2724609375e-05,0.5993880103474694,False,True,True,False
pt022,MR2,126_to_125_warp.nii.gz,1.0255928537570016,1.4964639598981397,9.805014257849631,0.0006928081514363645,0.06484883732253811,0.28134114799879156,3.3433352744476488,1.0423612164872467,0.6980100330630465,-1.4591550606894559,9.6435546875e-05,0.6040213347944904,False,True,True,False
pt022,MR2,127_to_126_warp.nii.gz,1.0091534458126372,1.4955080846240747,9.34192306181124,0.001281902669984718,0.06317499363885383,0.25174254018292275,3.3248743319847747,1.0434437985600553,0.6894701863933533,-0.3348558998415354,5.06591796875e-05,0.592939733878358,False,True,True,False
pt022,MR2,128_to_127_warp.nii.gz,1.0593255948948006,1.5643915768314576,14.456902686401259,0.0011116458525101125,0.08084590242936276,0.28094915616504534,3.466348343519726,1.0434711208696152,0.7027525522689924,-3.635970565603167,0.0002252197265625,0.6495699894779193,False,True,True,False
pt022,MR2,129_to_128_warp.nii.gz,1.0341683932004155,1.5176460652409267,9.23355830846682,0.0014057743950303297,0.07369028981434175,0.26868570663007263,3.3777884257930912,1.0433013548368377,0.689392408217546,-0.9271629812730717,7.75146484375e-05,0.6097018071106788,False,True,True,False
pt022,MR2,130_to_129_warp.nii.gz,1.0353969313941338,1.4970001167282598,9.428443026049113,0.000603235708984634,0.0681529914475546,0.29298357095629335,3.3628912993872424,1.0434257064049064,0.6985602851788869,-0.4697267718105423,9.58251953125e-05,0.6013157778969509,False,True,True,False
pt022,MR2,131_to_130_warp.nii.gz,1.0469071058560921,1.5247531933481802,11.933709179383237,0.0009610163527825847,0.06840127720664002,0.28307954790253886,3.431448421858962,1.044020529361674,0.7053606636907521,-1.1188847769378218,0.0001666259765625,0.6251617512594733,False,True,True,False
pt022,MR2,132_to_131_warp.nii.gz,1.0619227785978105,1.5254663532166697,11.854969165177096,0.0011567018838541286,0.06609119227170958,0.3057021222527902,3.5014895835821505,1.0422589383146437,0.7084255358034574,-4.2450926148323616,0.0002301025390625,0.6394852692678263,False,True,True,False
pt022,MR2,133_to_132_warp.nii.gz,1.0932571039608632,1.5309438248672014,10.820059660534952,0.0008922172587494167,0.07047158986578321,0.3177603993414247,3.530898234635422,1.0440200530211283,0.7244018414173808,-1.0639993777037111,0.0003277587890625,0.6606508182223669,False,True,True,False
pt022,MR2,134_to_133_warp.nii.gz,1.050178100893208,1.5271937793800563,15.126050127204971,0.0013292997917675779,0.06568643808972856,0.27736824801749926,3.465768135696156,1.0431720735108982,0.7081441816743489,-2.3023516116443576,0.0003424072265625,0.6440453497164513,False,True,True,False
pt022,MR2,135_to_134_warp.nii.gz,1.0596084940171255,1.5135433616209601,10.841172537870971,0.0011174604373814549,0.06588457581563055,0.296637351925999,3.4686834080625295,1.0427870183872576,0.7042624946899714,-1.3155292754871437,0.000230712890625,0.6391680195499457,False,True,True,False
pt022,MR2,136_to_135_warp.nii.gz,1.0937050890318496,1.541426032044747,10.73685508853669,0.0009332600852414165,0.08809445383618943,0.32348757485264107,3.4838748201302208,1.0433465703257303,0.7094594190726433,-1.4991384688362104,0.00017333984375,0.6712356200574223,False,True,True,False
pt022,MR2,137_to_136_warp.nii.gz,1.417509676108572,1.5634084605032401,10.278565389492083,0.0013779152105699796,0.10288430574886613,0.6861824554237153,3.956348165757296,1.0434790231220938,0.7735273747471386,-1.1038304065588944,0.0002294921875,0.7922726962815999,False,True,True,False
pt022,MR2,138_to_137_warp.nii.gz,1.3665668104732336,1.5437855925092538,14.50601069135383,0.0018054604471374064,0.09966320352132221,0.6466355130541608,3.8264443908067767,1.0321670958253097,0.7450191293459817,-0.9866819272898208,0.0003094482421875,0.7786830939947924,False,True,True,False
pt022,MR2,139_to_138_warp.nii.gz,1.0670007132372143,1.4938734362125345,10.165892557045604,0.0009988135788051623,0.06926471514653192,0.3276088896506546,3.383620820164683,1.0419677588849356,0.7078942501323665,-0.9015234767461103,0.000140380859375,0.6242862421418186,False,True,True,False
pt022,MR2,140_to_139_warp.nii.gz,1.0737506976538196,1.5170431463357354,10.462876787930377,0.0012846899894577036,0.07207516024904907,0.3104152333556591,3.4314813620746847,1.0432376946796331,0.7011985135613108,-0.9717603566248796,0.000152587890625,0.6378332355567582,False,True,True,False
pt022,MR2,141_to_140_warp.nii.gz,1.0262763682671963,1.4887981306115137,7.956405416353269,0.0008195055769591585,0.06582705247083966,0.28194211546832093,3.314495257135635,1.0431805238431913,0.6855012454868951,-0.20317257420571486,3.5400390625e-05,0.5931614046800483,False,True,True,False
pt022,MR2,142_to_141_warp.nii.gz,1.027056807893202,1.5014686538678186,9.410667281904312,0.0010087534668283857,0.0677644472429936,0.27429297785255824,3.3347436332099063,1.0435030826079967,0.6883478829249764,-0.6646918791598013,5.18798828125e-05,0.597978243099722,False,True,True,False
pt022,MR2,143_to_142_warp.nii.gz,1.0393932229333145,1.5151140811020054,11.445765760327745,0.0011622678950841704,0.06701763461693924,0.26633035728069476,3.388292579917125,1.0438084795402218,0.6931962018007802,-0.43170734354664475,8.544921875e-05,0.6170529137414245,False,True,True,False
pt022,MR2,144_to_143_warp.nii.gz,1.0541726825151825,1.5034777690948276,11.310650368635251,0.0011275297646485736,0.06997765779812257,0.3192899195578961,3.3779676670870704,1.0442682134669603,0.691922204864673,-0.6771145119061446,6.8359375e-05,0.612460160044476,False,True,True,False
pt022,MR2,145_to_144_warp.nii.gz,1.018717310965899,1.5031173315342692,10.616704635290997,0.0007973533280271648,0.06924251307056269,0.27359562809299826,3.3341768539976893,1.042964780571648,0.6822130660447093,-0.6771230957589229,2.9296875e-05,0.5911454144293528,False,True,True,False
pt022,MR2,146_to_145_warp.nii.gz,1.0193767234879525,1.4984938747873893,11.3491286969164,0.0008934988384063137,0.06428919775260185,0.2654208791982185,3.319900176828529,1.0435761185730075,0.6898687153722896,-0.8897969324134961,0.000133056640625,0.597630110141422,False,True,True,False
pt022,MR2,147_to_146_warp.nii.gz,1.0268765617228826,1.4894589179245268,9.56561515382993,0.0016409491073441011,0.0697568529105635,0.3047258162115958,3.3200777757193225,1.044073507405379,0.6869501768035414,-1.670177320949022,0.00010986328125,0.5883924280245314,False,True,True,False
pt022,MR2,148_to_147_warp.nii.gz,1.0781532744067985,1.5168223427769105,9.577823861192996,0.0009120718842581685,0.08893920785338136,0.3495477440618462,3.430499104669949,1.04257507346883,0.6938472302333333,-0.21486036228083166,4.8828125e-05,0.6261098579079372,False,True,True,False
pt022,MR2,149_to_148_warp.nii.gz,1.0733303535126815,1.52462802163255,11.309225029548344,0.0007296666310448619,0.09045631346782049,0.3347048915001298,3.446544629855882,1.04277841612277,0.6954250859098049,-2.7265522557974884,0.0001129150390625,0.6275776397465017,False,True,True,False
pt022,MR2,150_to_149_warp.nii.gz,1.203473480673123,1.4932832909430593,12.426703042240705,0.00142495569550396,0.08503650521276296,0.4684724154012149,3.4768141150153373,1.0424864504978033,0.737626529816526,-1.7927599341658937,0.0001629638671875,0.6585610923756454,False,True,True,False
pt022,MR2,151_to_150_warp.nii.gz,1.0889623774963386,1.4915658996699128,9.483482784944307,0.0006179709761293141,0.07126208807827977,0.37942833471428045,3.401386740424098,1.0415567847864438,0.7050847691980671,-0.7152105804966905,6.7138671875e-05,0.6413270016477707,False,True,True,False
pt022,MR2,152_to_151_warp.nii.gz,1.1363046910683712,1.4972401477734796,9.136551503435332,0.0009269219097589551,0.08583380134457586,0.4312813747996415,3.4382842023178393,1.0415789117555985,0.7118331010717974,-0.917514519583481,7.4462890625e-05,0.6717407034382518,False,True,True,False
pt022,MR2,153_to_152_warp.nii.gz,1.0990404834479628,1.4827689435626885,8.477152068518071,0.0011017468597413567,0.07306173123572723,0.3832350889219817,3.3948989112433265,1.0433224489380104,0.7070462312059003,-0.6835530475807979,5.859375e-05,0.6396367682006006,False,True,True,False
pt022,MR2,154_to_153_warp.nii.gz,1.0967001109468242,1.4952302309855336,9.832878705104608,0.001137254462845818,0.07535920089942444,0.3863985858453093,3.3965489896569774,1.0435897897152686,0.7030017110887711,-0.4467127877053806,6.7138671875e-05,0.6441630564061945,False,True,True,False
pt022,MR2,155_to_154_warp.nii.gz,1.1037423531447808,1.4774959567491013,10.32680890562058,0.0013284801093490037,0.0716336990526515,0.3968253472630917,3.353485273720933,1.041071002375835,0.7017705413556469,-1.2030915997962806,5.859375e-05,0.6306939336108495,False,True,True,False
pt022,MR2,156_to_155_warp.nii.gz,1.1081813024218297,1.5189679734678665,14.246776070248997,0.0009038367125971589,0.08157853912950364,0.36903751321297046,3.428405806820512,1.04239268642871,0.7062033885700615,-2.592089515536876,0.0001739501953125,0.6649784103397286,False,True,True,False
pt022,MR2,157_to_156_warp.nii.gz,1.092478907624927,1.5074860362658704,9.668514378937314,0.00056512674734921,0.08507884050161196,0.36146515033279547,3.4119821312900105,1.0439625429403054,0.703544921201483,-1.0588027233851496,4.8828125e-05,0.645924289955616,False,True,True,False
pt022,MR2,158_to_157_warp.nii.gz,1.0875949329369832,1.4719112951148063,8.807077611806426,0.0014459697532571319,0.07545641353403625,0.4017785281195724,3.329909688846456,1.040456836636738,0.7052311620750119,-0.7768638951497221,6.8359375e-05,0.6191445129029123,False,True,True,False
pt022,MR2,159_to_158_warp.nii.gz,1.1599234971278733,1.5203358548812889,12.164879956094248,0.0011941973038213996,0.08822040471087947,0.4210002736903813,3.5436226950948146,1.0444013024093182,0.7185093244941538,-0.6416808104437326,0.00011962890625,0.6836198822256976,False,True,True,False
pt022,MR2,160_to_159_warp.nii.gz,1.1353323370008503,1.4980375457868207,11.278947788583752,0.0011004859409342474,0.07890413793328872,0.4069008512916109,3.5350993283715066,1.0411216892302277,0.728023023194962,-1.4920117767514554,0.0001751708984375,0.6855068435969669,False,True,True,False
pt022,MR3,002_to_001_warp.nii.gz,1.0268078231229711,1.4627082751696843,8.706779893438885,0.0010663017517520768,0.07859859439715502,0.3141149525266266,3.305658396551753,1.0429094469127163,0.6874720471616503,-0.4624690694895959,4.21142578125e-05,0.5872442610200884,False,True,True,False
pt022,MR3,003_to_002_warp.nii.gz,0.9814138357644498,1.4717367434932445,7.9401566553967875,0.00024202203979054734,0.06907394442254727,0.2659854952543218,3.2749881199128206,1.0432879141711828,0.6703879677794461,-0.5558142911674271,2.0751953125e-05,0.5507709800323486,False,True,True,False
pt022,MR3,004_to_003_warp.nii.gz,0.971995248546651,1.471483920836608,7.065324610015587,0.001426140437376756,0.07186895876640549,0.27002972317770835,3.280162577076312,1.0433217103985615,0.6654384955301953,-0.25756196728369013,1.03759765625e-05,0.536114780025351,False,True,True,False
pt022,MR3,005_to_004_warp.nii.gz,0.9399483152304953,1.4680757728878275,8.067205202721007,0.0011092356321056732,0.06565000889957416,0.23604366866530196,3.2503106619257847,1.0432125020026077,0.6570736041267672,-0.057097080654835944,1.03759765625e-05,0.5186714483876779,False,True,True,False
pt022,MR3,006_to_005_warp.nii.gz,0.9580202516837172,1.4703077530180355,7.519807762118376,0.0005637171471758109,0.06656457526618004,0.2510425370283136,3.267303014130943,1.043441985183942,0.663433902754551,-0.36603543362492674,1.953125e-05,0.5300133678052176,False,True,True,False
pt022,MR3,007_to_006_warp.nii.gz,0.9859357047461185,1.4585605865807456,6.312597115853863,0.001109106260834336,0.072368674924441,0.30555134693594643,3.265860437104859,1.0437755128290407,0.6677581279672259,-0.4437908251610629,1.3427734375e-05,0.5375775756374904,False,True,True,False
pt022,MR3,008_to_007_warp.nii.gz,0.9777184726844846,1.4684494880847467,9.257115022860559,0.00036808402534396485,0.07211650000237473,0.27837628530012803,3.267022991277806,1.0431395391526008,0.6638885377623588,-0.6693874582441909,1.28173828125e-05,0.5378514079773526,False,True,True,False
pt022,MR3,009_to_008_warp.nii.gz,0.999756749594647,1.4731756044250481,7.099723548243204,0.0010299743941673243,0.07027573915554589,0.2753039994533296,3.285649657301187,1.0435125793830522,0.6713698706121756,-0.9820790595604917,1.15966796875e-05,0.5558991859654973,False,True,True,False
pt022,MR3,010_to_009_warp.nii.gz,1.016560409493036,1.474170255886697,8.258766027346265,0.00034286904559677434,0.07639057211783662,0.3129838714041059,3.3090130459321996,1.042789569475637,0.6757216340428719,-0.2540245296697256,2.99072265625e-05,0.573060501191477,False,True,True,False
pt022,MR3,011_to_010_warp.nii.gz,1.0066091183727657,1.471633538622989,9.677909938247726,0.0008832704995480183,0.06932831762338677,0.2876429920545976,3.2869882433952564,1.0433120358496755,0.6812797220977788,-0.5666902065556874,3.72314453125e-05,0.5715372280838613,False,True,True,False
pt022,MR3,012_to_011_warp.nii.gz,1.0119512702070392,1.4816303817855447,9.158582613492854,0.001288440929113571,0.07184988120935687,0.2932398976035062,3.3131269979722653,1.0428894601230703,0.6793392399895966,-0.8969071367454412,3.72314453125e-05,0.5752425588008601,False,True,True,False
pt022,MR3,013_to_012_warp.nii.gz,0.9777917732095054,1.4568644128182255,8.821761269893424,0.0008440606486028023,0.06727209632393241,0.27108811113024456,3.248303080647098,1.0429933938864422,0.6725663515554393,-0.43126441199638993,1.40380859375e-05,0.5474802679837992,False,True,True,False
pt022,MR3,014_to_013_warp.nii.gz,0.9783701134143746,1.4761548423387976,8.30990661667552,0.0007236472737826641,0.07234241554400798,0.26782804166288116,3.2857245843953145,1.043604120943961,0.6668443539640457,-0.8338486080221651,2.0751953125e-05,0.5452061795448795,False,True,True,False
pt022,MR3,015_to_014_warp.nii.gz,0.9540165792856287,1.465852658509999,6.672073247514116,0.0009498193593994683,0.06596093091834088,0.25167494566931975,3.2589854436437964,1.0433790832577838,0.6623493541777744,-0.36020705692474175,1.8310546875e-05,0.5269701859111435,False,True,True,False
pt022,MR3,016_to_015_warp.nii.gz,0.9603737142781799,1.4632140398684483,6.3750275096508915,0.0008234803753437898,0.06868292686598365,0.26811798424639766,3.2591943840030266,1.0434523550875376,0.6591739926768048,-0.06058725567022415,4.8828125e-06,0.5178398053380528,False,True,True,False
pt022,MR3,017_to_016_warp.nii.gz,1.0072070315999557,1.4667416762563315,8.982796856623919,0.0005207310285402196,0.07764727212562518,0.3242842887265356,3.2994408476957213,1.0438468849217148,0.6709930978828696,-0.8797574575294935,2.0751953125e-05,0.5556427959786592,False,True,True,False
pt022,MR3,018_to_017_warp.nii.gz,0.9778046959132983,1.4709087613281266,7.697485945154955,0.0004242130332886425,0.071803040204564,0.26799319025523505,3.2777362480159096,1.0435550679795473,0.6664365636420932,-0.18520193730930484,1.220703125e-05,0.5392684511013797,False,True,True,False
pt022,MR3,019_to_018_warp.nii.gz,0.9928934694380794,1.4617750453213199,6.646391481270216,0.0008853773411477454,0.07053994660775598,0.28468695333941296,3.256524025404109,1.0429876451142128,0.6749543395878067,-0.24488634050083138,1.0986328125e-05,0.5553606683549239,False,True,True,False
pt022,MR3,020_to_019_warp.nii.gz,1.0209840232027543,1.482024139066966,7.816487118434489,0.0015974129246282423,0.07706914128427811,0.2920120805961658,3.3149309157017766,1.0432011010904987,0.6805146936670475,-0.2938269593979048,1.5869140625e-05,0.5798673677430402,False,True,True,False
pt022,MR3,021_to_020_warp.nii.gz,1.0323651701816194,1.4565662786147884,7.783239402703342,0.0007168266308749834,0.0721639107406875,0.3481731153354094,3.287075992070853,1.0438672387667842,0.6815667614065406,-0.5123557689495375,2.62451171875e-05,0.5767155585920327,False,True,True,False
pt022,MR3,022_to_021_warp.nii.gz,1.0046691992194687,1.4721560299244452,9.44671034898985,0.0008585916187827698,0.06912756338451645,0.2912073863031986,3.290881231258104,1.0431511182629634,0.6834396358898969,-3.7028468495713973,8.23974609375e-05,0.5713762250301712,False,True,True,False
pt022,MR3,023_to_022_warp.nii.gz,0.988381024843905,1.4817626844937966,8.559553231606934,0.0010174662040113485,0.07428083539424274,0.2800649693242741,3.3032952863155787,1.0427772345999147,0.670439608060966,-0.33842801873457,3.60107421875e-05,0.5527728094830499,False,True,True,False
pt022,MR3,024_to_023_warp.nii.gz,0.9304081096310971,1.4672900017163186,7.354484654431433,0.00044004662088312804,0.06335315323240072,0.2270692063419636,3.244734444646682,1.0435758446330494,0.6524771585756233,-0.020555670978594256,1.220703125e-06,0.5048535634690365,False,True,True,False
pt022,MR3,025_to_024_warp.nii.gz,0.940698951883178,1.4752419390061258,6.760263251060791,0.0012791179688558501,0.07067825842755283,0.2472106211489496,3.2585957408720554,1.0430283287786037,0.6556169678096408,-0.11748257055960994,3.662109375e-06,0.5167727890429646,False,True,True,False
pt022,MR3,026_to_025_warp.nii.gz,0.9717858940789877,1.472345945435235,7.713646877392883,0.000607723486723114,0.06688873221502177,0.26260925846930294,3.2628596299385006,1.0431125390970826,0.6653362881388227,-1.3732608595756406,1.28173828125e-05,0.5362359215814696,False,True,True,False
pt022,MR3,027_to_026_warp.nii.gz,0.9900990298596615,1.450954140729825,7.543305578108605,0.0011274370359417075,0.07306849731991036,0.29659447861690863,3.2620619999043323,1.0428569026825174,0.6717900271019923,-0.20126304337071246,7.32421875e-06,0.5464665632261585,False,True,True,False
pt022,MR3,028_to_027_warp.nii.gz,0.9788450406049408,1.4619120697260257,6.698341039038799,0.00024346643061034959,0.07307565549069321,0.27918484371086844,3.263619638264039,1.043390619967103,0.663623123820116,-0.27706494310845586,6.7138671875e-06,0.5371565417414559,False,True,True,False
pt022,MR3,029_to_028_warp.nii.gz,0.9775705744144806,1.4683119283517094,7.520108086513612,0.0013312993341615324,0.07376904939242526,0.2728271810537118,3.272581958379056,1.0434654628370894,0.6627973045786847,-0.04921480640964929,2.44140625e-06,0.5410953983896352,False,True,True,False
pt022,MR3,030_to_029_warp.nii.gz,0.9734842663769377,1.4598928345835482,6.633079724457687,0.0010789927507071574,0.07350006720187466,0.2945573081445666,3.263273505111593,1.0439667017953915,0.6632243500496373,-0.3781788186178003,2.44140625e-06,0.5300031093803844,False,True,True,False
pt022,MR3,031_to_030_warp.nii.gz,0.9520838776623977,1.461618589562661,6.407354736998558,0.0013293980440476588,0.0726826264397245,0.2801426604208877,3.25713169077423,1.0436709291335584,0.6563543737059205,-0.04120001073549338,4.2724609375e-06,0.5114832322371871,False,True,True,False
pt022,MR3,032_to_031_warp.nii.gz,0.9664057058324123,1.4773407454895744,6.530892242823989,0.0011375048084374707,0.08072466882034128,0.2918191051708954,3.295002086052909,1.042674149253811,0.6601482182206699,-0.001983312527065906,1.220703125e-06,0.5281933415822688,False,True,True,False
pt022,MR3,033_to_032_warp.nii.gz,0.9099314020347918,1.456736747606176,6.2111547000302565,0.001002043854341246,0.06530192301143894,0.23967860290214432,3.2200255583647426,1.0429606098821733,0.6479428951236561,0.014989395751025187,0.0,0.48574788867028673,True,True,True,True
pt022,MR3,034_to_033_warp.nii.gz,0.9160594872792146,1.4567301557024903,8.314512623522113,0.000937705948543354,0.06469180557031459,0.23612546047768398,3.22873281030922,1.0436885312000812,0.6469110246943273,0.013300985974319902,0.0,0.4862766231005683,True,True,True,True
pt022,MR3,035_to_034_warp.nii.gz,0.9567662086636612,1.4771753276992785,7.077234590729325,0.0007805684870182074,0.07606967078911442,0.26685694960551365,3.2851417433453496,1.0432421155467497,0.6551899239875383,-0.016736956619203158,1.8310546875e-06,0.5194098358047384,False,True,True,False
pt022,MR3,036_to_035_warp.nii.gz,1.0028232972683444,1.4725342998842499,10.941099626829583,0.0007415579848123038,0.07092110668998314,0.27805178417601617,3.2660668552736123,1.0432889823487377,0.6784410555603865,-1.483605096002625,7.99560546875e-05,0.5587281727321566,False,True,True,False
pt022,MR3,037_to_036_warp.nii.gz,1.0175771097987747,1.4540184821401425,6.869021811903173,0.0016960778254628383,0.07181518194284899,0.3242401120123124,3.27841019065364,1.0434469228876926,0.6754273405861844,-0.33475003883576376,1.46484375e-05,0.5612812102522003,False,True,True,False
pt022,MR3,038_to_037_warp.nii.gz,0.9885263771832377,1.4650841897053517,7.05326683414779,0.0005149506400930893,0.0702460563956295,0.2760433447922669,3.268583819421252,1.043564971316219,0.6667561633578161,-0.09149441130972655,5.4931640625e-06,0.5451512975994145,False,True,True,False
pt022,MR3,039_to_038_warp.nii.gz,0.9880636126957094,1.4725608263023167,6.889879697573172,0.0007021163485326303,0.07527806140301016,0.2859825478465553,3.2922474606441576,1.0432763161541354,0.6650277863324757,-0.2909484125728286,1.28173828125e-05,0.5454809262037967,False,True,True,False
pt022,MR3,040_to_039_warp.nii.gz,0.9863458199669825,1.4522948647239582,6.396970705053313,0.0009914197151366106,0.07565144991031457,0.31962744629994266,3.2576637534092105,1.044138412629598,0.6627292535042812,-0.2936588788544543,3.662109375e-06,0.5305523757001949,False,True,True,False
pt022,MR3,041_to_040_warp.nii.gz,0.9425992372746687,1.4694457912815617,8.65676542625175,0.0006201246249660407,0.06944569140091152,0.2546841514960666,3.2607009980156647,1.0434084294161872,0.6546355127143417,-0.043178446283216654,1.8310546875e-06,0.5130954839011793,False,True,True,False
pt022,MR3,042_to_041_warp.nii.gz,0.9203066772659725,1.4669647879442336,7.874831963655908,0.0008480389171286482,0.06442748933505782,0.22676933719884979,3.240741850527081,1.0435943112403243,0.65154671931982,-0.27555382102492,4.2724609375e-06,0.5023885192135024,False,True,True,False
pt022,MR3,043_to_042_warp.nii.gz,0.9854110525241947,1.4643884918269654,7.2609185803462175,0.0008757761969306445,0.07173765405515822,0.29124223103388114,3.265131611529691,1.0437609706334738,0.6627170480053596,-0.03642489167453547,3.662109375e-06,0.5362118140053309,False,True,True,False
pt022,MR3,044_to_043_warp.nii.gz,1.0226316867241843,1.4773944415216196,8.052897470337214,0.0015791314699633082,0.07800591832324016,0.3143193467795352,3.3212080244435827,1.0431709754880685,0.6768937530868154,-0.22524601586199897,2.13623046875e-05,0.5770113247204522,False,True,True,False
pt022,MR3,045_to_044_warp.nii.gz,1.0106914303948684,1.4634905254652064,6.864985633444093,0.0009071324251700313,0.07435450427056406,0.30968480410855964,3.2774382975158547,1.043062775153009,0.6708856889978406,-0.42838434698583777,2.44140625e-06,0.5583141105963759,False,True,True,False
pt022,MR3,046_to_045_warp.nii.gz,0.960561278491281,1.4605887295837043,6.248506613160123,0.0014059700975891046,0.06659580738597323,0.25324048265247817,3.2430407285101603,1.0431129286217127,0.6626682873988838,-2.188682163824102,1.03759765625e-05,0.5257063196974808,False,True,True,False
pt022,MR3,047_to_046_warp.nii.gz,0.9502528261367916,1.4643278004272218,6.3430283969537085,0.000918113518816698,0.06763534764608321,0.2582608181520919,3.2492223718044064,1.0430015616467956,0.6586679570848213,-0.07231378505976639,6.103515625e-06,0.5181607269112927,False,True,True,False
pt022,MR3,048_to_047_warp.nii.gz,0.9563893265401431,1.462724811874797,7.390489871901174,0.0008259648765096044,0.06757455095605225,0.2557020092154847,3.251240410303573,1.0432935667845389,0.6564162994437379,-0.30813481500019435,4.2724609375e-06,0.5189987826854586,False,True,True,False
pt022,MR3,049_to_048_warp.nii.gz,0.9821640327028313,1.474693788788249,8.199547149634585,0.0007485181125112825,0.07726755803506617,0.28915853685746573,3.2961322127925996,1.0437034989079295,0.6646393011087546,-0.07637611134403434,3.662109375e-06,0.5341037092078662,False,True,True,False
pt022,MR3,050_to_049_warp.nii.gz,0.9715369640394981,1.456376697917619,6.917295971293911,0.000805305279744236,0.06823202989917264,0.2688010871397282,3.249327354492399,1.0428928504434327,0.6661756958717583,-0.1462068272188011,1.0986328125e-05,0.5302617540822419,False,True,True,False
pt022,MR3,051_to_050_warp.nii.gz,0.9494450225519201,1.467734227987349,7.91829689342608,0.0007575132220184511,0.06588969168890271,0.24255493358676594,3.2632117263634624,1.043506865448619,0.6568579080326616,-0.12139499830073704,7.32421875e-06,0.5189934880467488,False,True,True,False
pt022,MR3,052_to_051_warp.nii.gz,0.9547574266227231,1.4618321632466826,7.392418105772858,0.0007002599120084358,0.06959568517052306,0.2612215237681186,3.2549964645073928,1.0433178019977813,0.6565320628238221,-0.34495323929788974,5.4931640625e-06,0.5154945828807723,False,True,True,False
pt022,MR3,053_to_052_warp.nii.gz,0.9780561727633813,1.466836915125878,6.682770800488047,0.001592875786756843,0.07517520070026294,0.283546840203906,3.2781087577812555,1.043791030866829,0.6646242408802011,-1.082105127625291,4.2724609375e-06,0.5388782811884432,False,True,True,False
pt022,MR3,054_to_053_warp.nii.gz,1.0185812288691631,1.465776403799815,7.187578658404877,0.0017794693473308291,0.07925087554756323,0.32402624479551756,3.2921659043936113,1.0433877546179569,0.671855040310987,-0.1980742911996405,1.220703125e-05,0.5662099635073654,False,True,True,False
pt022,MR3,055_to_054_warp.nii.gz,1.0379248091194138,1.466598958742642,7.989439909219883,0.0011122443846686668,0.07334685259401667,0.34665876734687395,3.3163351409260824,1.0421955111402705,0.6813138985808307,-0.22301349668822845,2.5634765625e-05,0.5753844698357455,False,True,True,False
pt022,MR3,056_to_055_warp.nii.gz,1.0180158083627315,1.4609384823494431,8.343212401210879,0.0010980185331597788,0.07442385168230639,0.33484492482079115,3.2899157830949397,1.0437428812086085,0.6730145383765639,-0.20901496938750141,6.103515625e-06,0.5520522291804391,False,True,True,False
pt022,MR3,057_to_056_warp.nii.gz,0.9619519358446981,1.4589919639187992,7.300092597806967,0.0006405233286053775,0.06865232721999891,0.26421698370253643,3.2422269528733016,1.0434551628810944,0.660424382089289,-0.2843637940702271,4.8828125e-06,0.5270224726946751,False,True,True,False
pt022,MR3,058_to_057_warp.nii.gz,1.0194079524968038,1.4765328161699156,6.766924741091282,0.001185498977380674,0.08507724783647673,0.33820483744851093,3.3198190254934024,1.0424742085327776,0.6667111705635984,-0.2674976071646515,6.7138671875e-06,0.5552360829148089,False,True,True,False
pt022,MR3,059_to_058_warp.nii.gz,0.9558695879017424,1.4564022739432343,7.375827995318953,0.0007553192115691153,0.06783296464323357,0.25851846508027376,3.236209556585638,1.0431108856198508,0.6600466841796931,-0.11155067964990932,6.7138671875e-06,0.519736021384763,False,True,True,False
pt022,MR3,060_to_059_warp.nii.gz,1.034843176610344,1.4437510388753119,7.525076109410876,0.0015113327634300258,0.07757161359174541,0.3730017684991066,3.275992073915984,1.0438799685317102,0.6725767802320995,-0.2800107131838829,1.03759765625e-05,0.5472460002224223,False,True,True,False
pt022,MR3,061_to_060_warp.nii.gz,1.0367842409122539,1.4729271147802898,9.269255070531607,0.0006764926032817949,0.08250140682515986,0.3340346537587472,3.3098770707565817,1.0434327297371666,0.6825751684606186,-1.0091086003508651,7.14111328125e-05,0.5749194614224838,False,True,True,False
pt022,MR3,062_to_061_warp.nii.gz,1.0066450194757472,1.4647478777959815,6.3016924270209165,0.0013168742314481404,0.07705629290438065,0.31555994380241176,3.2766961136764734,1.0438494471288586,0.6715441969270625,-0.0013599641680720465,6.103515625e-07,0.5524103473887134,False,True,True,False
pt022,MR3,063_to_062_warp.nii.gz,0.9488228621922693,1.4577232605613213,7.876527067281653,0.0005580373564779411,0.06793996544677344,0.2523591609597242,3.226540081916824,1.0432069665246848,0.654622987378536,-0.06818152724070525,1.8310546875e-06,0.5156343670445737,False,True,True,False
pt022,MR3,064_to_063_warp.nii.gz,0.9896467519293828,1.4647305642654334,7.401762832646898,0.0007857129550885822,0.07295929233829339,0.3032072135429513,3.2738781212836767,1.0437698671537237,0.6709822008494677,-0.12198388738451851,1.0986328125e-05,0.5423762711200381,False,True,True,False
pt022,MR3,065_to_064_warp.nii.gz,0.9527240259120926,1.4651009751759796,6.800445753462543,0.0011469969421753024,0.06786915321234913,0.25494884223375136,3.2473285949296273,1.0429018505696066,0.6560580353060927,-0.0984701024583084,7.32421875e-06,0.5176333770718621,False,True,True,False
pt022,MR3,066_to_065_warp.nii.gz,1.0138797922678224,1.4603495165612086,6.440121503568924,0.0008395834416339464,0.07661436130006126,0.3471230665991615,3.2927218967845264,1.0417190386709618,0.66685706134369,-0.3003803317057833,4.2724609375e-06,0.5461747351308163,False,True,True,False
pt022,MR3,067_to_066_warp.nii.gz,0.9788017323157098,1.4419538065124133,6.266181697920925,0.0008895076756342377,0.07309284151186381,0.31585719417289565,3.238915325080534,1.043485907622824,0.6613539842310784,0.009395916237086827,0.0,0.5187137182654211,True,True,True,True
pt022,MR3,068_to_067_warp.nii.gz,0.9324936327010467,1.462073811360721,6.379670330831778,0.0006041955569772445,0.07217547699153297,0.25309527428850154,3.241218086147419,1.043672696291175,0.6487506899036928,-0.2142688158217685,6.103515625e-07,0.5000658819894521,False,True,True,False
pt022,MR3,069_to_068_warp.nii.gz,0.9804181502183841,1.4504354746501968,6.683918822607492,0.00042271429650212833,0.07520314964521942,0.3057120684819552,3.239594527598559,1.0433048015537307,0.6582365015002432,-0.421733397745141,1.03759765625e-05,0.5208227553704351,False,True,True,False
pt022,MR3,070_to_069_warp.nii.gz,1.0036686341216825,1.4622490649425506,8.754964531526763,0.0008694454753720633,0.07428472390021298,0.30708022417109726,3.2893012401032817,1.0432219830194882,0.6664422604763496,0.00525508223205528,0.0,0.5419740952837896,True,True,True,True
pt022,MR3,071_to_070_warp.nii.gz,0.9746087902990204,1.460362432447929,8.136086242461797,0.0008450262911540561,0.07412675671159764,0.28511335317300396,3.2560743643180285,1.0436084653312827,0.6635419677030451,-0.11944162859753364,4.2724609375e-06,0.5342876273922971,False,True,True,False
pt022,MR3,072_to_071_warp.nii.gz,0.9850330208788318,1.4638475233579424,9.14217403417434,0.001525509622429155,0.07644518472081321,0.2933138060072884,3.26516641077409,1.0436886788394728,0.6641365679208026,-0.09330831308016084,3.0517578125e-06,0.5418367329313015,False,True,True,False
pt022,MR3,073_to_072_warp.nii.gz,1.0270410580581204,1.456166586208515,9.600276886325004,0.0018261657452338566,0.08163388708421414,0.3634639967909934,3.279211855168131,1.042606177922767,0.66951218901297,-0.8257380664345904,2.25830078125e-05,0.5619427776154816,False,True,True,False
pt022,MR3,074_to_073_warp.nii.gz,1.015196360184399,1.443591278364207,6.3674390931919564,0.0008154080982799683,0.07758112597905165,0.35413968293424314,3.261295933151175,1.0438489158562254,0.6667351868909224,0.009214986884841453,0.0,0.5332037408832406,True,True,True,True
pt022,MR3,075_to_074_warp.nii.gz,0.9682400589882216,1.4574128880352353,6.354507064544143,0.0008795374336693225,0.07474413779482507,0.2941736045459407,3.2532102893127495,1.0431802640999595,0.6573503238308857,-0.03560223161742179,1.8310546875e-06,0.5177473669942834,False,True,True,False
pt022,MR3,076_to_075_warp.nii.gz,0.9193758266038701,1.4637222603055502,6.355991510016226,0.0008624340324035166,0.06789411588504661,0.2367588441147535,3.235297929400231,1.0439794031676728,0.6485839166891287,0.015059763416596863,0.0,0.4945088880072457,True,True,True,True
pt022,MR3,077_to_076_warp.nii.gz,1.0252042866898547,1.4707946529881184,10.865437299215975,0.0011592809898800943,0.08300588359755656,0.3596527664281083,3.311296240080076,1.0419876458332122,0.6731764540783426,-0.746673587270882,2.8076171875e-05,0.5641242126174728,False,True,True,False
pt022,MR3,078_to_077_warp.nii.gz,1.0521017354449336,1.442503653627031,8.509827776144965,0.0008135162606013507,0.07969547667935085,0.3956287596613296,3.2792541090253686,1.0440421731671297,0.6792961037172238,-0.5116731707524184,2.62451171875e-05,0.5613334517525304,False,True,True,False
pt022,MR3,079_to_078_warp.nii.gz,1.0151560929306644,1.4663421202441667,6.883003723524182,0.0006758790287023117,0.08441922459682397,0.3371200569390979,3.2931797127418743,1.0429270589730137,0.6678472974758268,-0.11037855508837456,3.0517578125e-06,0.5523050203077883,False,True,True,False
pt022,MR3,080_to_079_warp.nii.gz,1.0217286395421963,1.4607156699676138,6.36202554658051,0.0002334252000420101,0.07887048331549452,0.34800120701988513,3.2854464196899387,1.0425654645361708,0.6737198693967198,-0.006828481166823358,6.103515625e-07,0.565607380985887,False,True,True,False
pt022,MR3,081_to_080_warp.nii.gz,0.9494417500457353,1.4555301680774,7.849814096597564,0.0004215665196765539,0.0664929171504783,0.2581281749588942,3.233004685996734,1.0434793067754315,0.6583448136225817,-0.20273894625910116,1.03759765625e-05,0.5198017182332048,False,True,True,False
pt022,MR3,082_to_081_warp.nii.gz,0.9268152636119815,1.468192764216843,7.720409543875554,0.0009656370263270947,0.06585126991602093,0.2302911928416813,3.239646988217803,1.0438158815712046,0.6525655386226464,-0.980464500470994,2.5634765625e-05,0.5069705979370479,False,True,True,False
pt022,MR3,083_to_082_warp.nii.gz,0.9276466429535768,1.4690113115994599,6.731957766098157,0.0009634104671848578,0.06583604582453521,0.23047996150272856,3.243165153782105,1.0438080177662277,0.6505175908122407,-0.0657210591421151,6.103515625e-07,0.5022425380684928,False,True,True,False
pt022,MR3,084_to_083_warp.nii.gz,0.9228038849982706,1.4589033861738165,6.306802294152477,0.0006081281944643132,0.06858695647434247,0.24274463562802023,3.2296727289177123,1.0435489510877491,0.6481992317031379,-0.05360511361558866,1.220703125e-06,0.4949808562353644,False,True,True,False
pt022,MR3,085_to_084_warp.nii.gz,0.9312927999415755,1.4533863314130517,6.277154890790604,0.00044090374343057917,0.07013354007732286,0.2748818785542059,3.2377594503145346,1.0443361977656551,0.6530985634063228,0.006080096944691242,0.0,0.4955848795494761,True,True,True,True
pt022,MR3,086_to_085_warp.nii.gz,0.9009571234858775,1.4611282677171582,6.411083967129255,0.00040719979831598175,0.0677789560620678,0.22649909650596986,3.2263295653453277,1.0433780847738627,0.6422774878063023,0.005587671016859425,0.0,0.479643693247603,True,True,True,True
pt022,MR3,087_to_086_warp.nii.gz,0.9549496677238019,1.4752970948790636,6.831328181881841,0.0008360825232170767,0.0720383188937097,0.25988444421060625,3.2762601776918827,1.0428956467145047,0.6575738356792402,-0.8522846113819663,2.44140625e-06,0.5220724709765338,False,True,True,False
pt022,MR3,088_to_087_warp.nii.gz,0.9916467244704503,1.474330808501233,8.542323673753348,0.0009739721637583366,0.0730021124878409,0.29075751800728855,3.294534406416522,1.0430359132816098,0.6741666329420614,-0.15542181659458973,3.60107421875e-05,0.5493368705545918,False,True,True,False
pt022,MR3,089_to_088_warp.nii.gz,1.0157505162571099,1.4684874956956282,12.683101130324806,0.0012310770402560306,0.07270522305456224,0.3139320418889885,3.3081462338768484,1.0436930256854888,0.6774754831968759,-1.4619205556709385,0.000120849609375,0.5584618475425057,False,True,True,False
pt022,MR3,090_to_089_warp.nii.gz,0.9912399011433108,1.4608253624525,10.069693800009418,0.001194006435397421,0.07464839903274725,0.2950192526900771,3.2559617534289846,1.0433204493702442,0.6632739556271519,-0.2193554024320196,6.7138671875e-06,0.5410651648207397,False,True,True,False
pt022,MR3,091_to_090_warp.nii.gz,1.0039651282973423,1.4686838751610356,6.523783386152153,0.0006975092597561806,0.08434513627142239,0.32792783969701406,3.29517312526516,1.0424409211354169,0.6700336556646801,-0.122747378108061,3.662109375e-06,0.5498540328888833,False,True,True,False
pt022,MR3,092_to_091_warp.nii.gz,0.9929709495863154,1.4403159161752883,6.232153963563339,0.0013146770496663914,0.07495512944008925,0.34136233747074896,3.2468601778535877,1.0437454706139522,0.66445332280648,-0.015461717304513376,3.0517578125e-06,0.5224425177804336,False,True,True,False
pt022,MR3,093_to_092_warp.nii.gz,0.9540367052613847,1.4511369916640848,6.296324874171534,0.001395847746750691,0.07367597468037418,0.2864421519063135,3.2331730948183353,1.0434491304783788,0.6520259700107234,-0.17795794225758868,1.220703125e-06,0.5021900027133303,False,True,True,False
pt022,MR3,094_to_093_warp.nii.gz,0.9359410920184714,1.4637438273167176,6.754302571364391,0.0005888980271754972,0.07163965234694313,0.2604727308871304,3.2559027074134264,1.043962269339578,0.6499703385956056,-0.26558074260259196,1.220703125e-06,0.4994038119470268,False,True,True,False
pt022,MR3,095_to_094_warp.nii.gz,0.9431938833190888,1.4681210129637303,6.431890360929925,0.0009276479540410659,0.06978351926045996,0.2471809758032092,3.2561970493389443,1.043345421629854,0.6574827074111435,-0.10542742145875042,1.3427734375e-05,0.5160996577746233,False,True,True,False
pt022,MR3,096_to_095_warp.nii.gz,0.978939638865383,1.461104229085048,8.676357390228784,0.0008062485097386591,0.07246379716198284,0.2956945119663857,3.261538607153741,1.043589429401449,0.668129178711063,-0.09020325603471635,9.1552734375e-06,0.540332248086736,False,True,True,False
pt022,MR3,097_to_096_warp.nii.gz,1.0188941964097336,1.4564884520426902,6.991629197144633,0.0009109487785630029,0.07509832758276602,0.3476286491574627,3.2905701115301813,1.0420444567333595,0.6728741802392461,-0.13541888408887295,6.103515625e-06,0.5571034641091461,False,True,True,False
pt022,MR3,098_to_097_warp.nii.gz,0.9581455356537524,1.4641813327519941,6.4552548320125736,0.0005879841055023054,0.07128526840821678,0.27512502416155693,3.265676751619753,1.0435831006776588,0.6607213968176908,-0.09942540298971982,2.44140625e-06,0.5246920503781795,False,True,True,False
pt022,MR3,099_to_098_warp.nii.gz,1.0037687571787346,1.4522098912096457,6.798739199266997,0.0007742381506159915,0.07903967068803223,0.33398603559174633,3.2653679490864542,1.0441226199995592,0.6688683737399762,-0.2951746325071831,1.5869140625e-05,0.5465742346541519,False,True,True,False
pt022,MR3,100_to_099_warp.nii.gz,1.0288586060421192,1.4661892153580278,13.006296997538714,0.0012591079592210509,0.08066759551851553,0.3560405209711295,3.315193176213333,1.0432181898365978,0.6807927903176351,-0.6608851076271904,7.14111328125e-05,0.5756706860132835,False,True,True,False
pt022,MR3,101_to_100_warp.nii.gz,1.0588049250652785,1.4468926837987448,7.615435633098268,0.0012483856125500145,0.08252605035588993,0.4273693229037445,3.287330530021715,1.040140198133919,0.6665336308955706,-0.2536079341088123,4.2724609375e-06,0.5485504580114806,False,True,True,False
pt022,MR3,102_to_101_warp.nii.gz,0.9560290844404455,1.4515027236149225,6.288459783540811,0.0008018623745757498,0.07010445802661748,0.2867582237312081,3.2433071090311847,1.0432700502455692,0.655025732472261,0.0023472981143315332,0.0,0.5116076573164212,True,True,True,True
pt022,MR3,103_to_102_warp.nii.gz,0.9036178891784782,1.4534738079588927,6.268578962422528,0.0008059739304190978,0.06494462156075638,0.23026153961642154,3.22459803401579,1.0439593978312216,0.6424322013546904,0.014182091750696972,0.0,0.47735267230255457,True,True,True,True
pt022,MR3,104_to_103_warp.nii.gz,0.9520668389250722,1.4605011312781442,6.349441021288551,0.000716241161612283,0.07649207204840786,0.2881522367866164,3.263176481874535,1.0437720053908737,0.6547526966388475,-0.0008426199725116412,6.103515625e-07,0.5113318206559024,False,True,True,False
pt022,MR3,105_to_104_warp.nii.gz,0.9483366628057875,1.4705553188798488,10.16622185877193,0.0004583994950181691,0.06769657376554145,0.2468535641487091,3.2596600814152867,1.0437445570683952,0.6594599900108642,-0.28099613658521355,9.1552734375e-06,0.5187909237993734,False,True,True,False
pt022,MR3,106_to_105_warp.nii.gz,0.9778608983058434,1.474425014438544,8.425467913474618,0.0008464400976099964,0.07096976794705633,0.28712139385732155,3.286805559295781,1.0440973970757785,0.6626017070454203,-0.5061742203677526,4.0283203125e-05,0.5365829290430785,False,True,True,False
pt022,MR3,107_to_106_warp.nii.gz,0.9570802485818115,1.4650154271009708,6.879808856266694,0.0015813128981844856,0.07163722415321723,0.26429082099482076,3.253918970883243,1.0432424842288592,0.6571597299615579,-0.32536202297908323,7.9345703125e-06,0.5219526675093227,False,True,True,False
pt022,MR3,108_to_107_warp.nii.gz,1.027987427402776,1.5060326554071455,14.612017312665776,0.0008716439060017814,0.0740444916799032,0.2946137984400209,3.3205880735344677,1.0434870104949359,0.6753499065877312,-2.7586892334183686,0.0001934814453125,0.5812267275671147,False,True,True,False
pt022,MR3,109_to_108_warp.nii.gz,0.9848307832233709,1.4694066834009827,10.839692285270306,0.000883429043068975,0.06956358907030027,0.2772284404043044,3.2631346372593035,1.0433100666569617,0.6717587291733703,-0.8345014880133805,6.28662109375e-05,0.5481080509178419,False,True,True,False
pt022,MR3,110_to_109_warp.nii.gz,0.9779376352228129,1.469705493373795,7.473795128541975,0.0008535298771261132,0.0739674533642979,0.2856221909531624,3.2818537833343577,1.043929524260415,0.6614520928432222,-0.20036436110364375,2.25830078125e-05,0.5311767889022729,False,True,True,False
pt022,MR3,111_to_110_warp.nii.gz,1.0365878390465746,1.4489246812541294,6.367701000274504,0.0014324217592185868,0.08443335713224696,0.392053780814487,3.280833866818993,1.0443278166672365,0.6712867188843692,0.007905375739498061,0.0,0.5485167764481076,True,True,True,True
pt022,MR3,112_to_111_warp.nii.gz,0.9875295531882304,1.4750742816294522,6.44976051171477,0.0006167719139955133,0.08557016930696007,0.31919723539308376,3.3031562510233736,1.0425016238912546,0.6618934684331111,0.005561908314893336,0.0,0.535897403413005,True,True,True,True
pt022,MR3,113_to_112_warp.nii.gz,0.9109204643307334,1.4511424744640304,6.0386142726401495,0.0008852261171973973,0.06746705581291898,0.2335109322875692,3.2040077745732436,1.0423412506282466,0.6554599719874532,0.004209365240200418,0.0,0.48449457848514527,True,True,True,True
pt022,MR3,114_to_113_warp.nii.gz,0.9206498643940848,1.4660003989918458,6.3748232630695965,0.0012673033924996801,0.06864220724075527,0.24603534656294157,3.2458461019561926,1.0435678437884364,0.6492860151396461,0.014844724079405063,0.0,0.49434622025776265,True,True,True,True
pt022,MR3,115_to_114_warp.nii.gz,0.9366043958969215,1.47075135685823,6.725105974104539,0.001049235574865046,0.07515322282424398,0.2588263301037459,3.2644096056095924,1.0433284252263975,0.6498347791445064,0.015040161670806799,0.0,0.5038279464414248,True,True,True,True
pt022,MR3,116_to_115_warp.nii.gz,0.9780522596480798,1.4625651160692668,10.330797482559731,0.0005888119393773644,0.07028607379554636,0.27788276422040525,3.2591352743589974,1.0429756767312028,0.6697017871350316,-1.282559020320579,1.52587890625e-05,0.5383506618946808,False,True,True,False
pt022,MR3,117_to_116_warp.nii.gz,1.0094869058728513,1.47603841232668,8.425712083519665,0.0008911472307495603,0.07749935365724524,0.3075121344900301,3.316911638374664,1.0437658985719822,0.6781363248774944,-0.6045206879941184,4.08935546875e-05,0.5679794015511144,False,True,True,False
pt022,MR3,118_to_117_warp.nii.gz,0.965473509354573,1.4646051379563048,6.652360349841333,0.0012156841289021488,0.06847119491381246,0.2614995906512209,3.2538684582161608,1.0436968429473803,0.6618882298654407,-0.30965686843130935,1.0986328125e-05,0.5324508131867184,False,True,True,False
pt022,MR3,119_to_118_warp.nii.gz,0.9691901599685206,1.4577117692371109,7.6784045599550685,0.0009097473674832698,0.07055862815676771,0.2812772822973421,3.24794830016152,1.043490288420705,0.6590031784983227,-0.4407502259560485,1.46484375e-05,0.5281099719907432,False,True,True,False
pt022,MR3,120_to_119_warp.nii.gz,0.9917663696157125,1.4487446424814687,6.82262414552481,0.0012136196583160204,0.07346349391223145,0.32763493088825635,3.253169799210448,1.0423856703313705,0.666103779004161,-0.30048795546299856,4.8828125e-06,0.534433084912862,False,True,True,False
pt022,MR3,121_to_120_warp.nii.gz,0.9715939411973429,1.4733763719033715,6.433775589865147,0.0013273481831543035,0.07845497412081942,0.2834889303068162,3.2891648157472932,1.0431931943025472,0.6591373773471255,0.012379837723530442,0.0,0.5298844727531791,True,True,True,True
pt022,MR3,122_to_121_warp.nii.gz,0.9519811525888171,1.4426013735506653,6.1971421870361585,0.0010147611931749872,0.06965799770310581,0.287837245897301,3.220263665215949,1.042637233791975,0.6562297488392573,-0.024020648605795787,6.103515625e-07,0.5084230418303677,False,True,True,False
pt022,MR3,123_to_122_warp.nii.gz,0.9716468538996866,1.4597537983174804,7.241757630927187,0.0015365718136696204,0.07247347856277644,0.2925057443944761,3.254471984613164,1.0444022485651316,0.6589789100294247,-0.08841956842860267,6.103515625e-07,0.5216160024006985,False,True,True,False
pt022,MR3,124_to_123_warp.nii.gz,1.1076385238977933,1.455571993403914,8.512388124667059,0.0011561199803232789,0.08483924243726598,0.4480218938261157,3.3385195406622237,1.044352110867486,0.6838560860104843,-0.1373409143430098,1.52587890625e-05,0.5760280687767854,False,True,True,False
pt022,MR3,125_to_124_warp.nii.gz,0.9760403419711438,1.4711950012844544,9.745080549859061,0.0009104719412684566,0.07026740883942573,0.2724284874746372,3.2649682105153026,1.043266939730411,0.6628378120987704,-0.24996463618219075,3.47900390625e-05,0.538387399964738,False,True,True,False
pt022,MR3,126_to_125_warp.nii.gz,0.9856672815886148,1.465235835570436,7.658464425646145,0.0007299363618536322,0.07103370409672415,0.2901586869025529,3.2616923432957257,1.043067345375059,0.6620098820049413,-0.526033055051891,2.8076171875e-05,0.5361600890980073,False,True,True,False
pt022,MR3,127_to_126_warp.nii.gz,0.9803434217132321,1.4625155114963089,10.04401394613405,0.0004096622567497914,0.07062898661184192,0.29938092527198534,3.2604389736792947,1.0426080590694242,0.6621186909487241,-0.6597216973339954,1.15966796875e-05,0.5329204555668886,False,True,True,False
pt022,MR3,128_to_127_warp.nii.gz,0.9625523276161617,1.4679464024368523,7.355346134205311,0.0015689184553837297,0.06710682618515736,0.2530912792730534,3.2579658328357572,1.0437314809750442,0.6617879296404933,-0.20358562398864768,1.64794921875e-05,0.528145113643291,False,True,True,False
pt022,MR3,129_to_128_warp.nii.gz,0.9504911658126726,1.474339503638782,8.02940380548671,0.0009985416288515537,0.0685460971532611,0.24155713274533025,3.2680155903080452,1.043434576344396,0.6584897161549503,-0.5035965601582597,9.765625e-06,0.5233437318396654,False,True,True,False
pt022,MR3,130_to_129_warp.nii.gz,0.9484713321281995,1.4536417392630945,6.584989069141948,0.0009026535509181776,0.06881869313071826,0.27199722411616784,3.2397206849969535,1.042709308963986,0.6571379757139202,-0.08084570591644036,1.8310546875e-06,0.5128166830852426,False,True,True,False
pt022,MR3,131_to_130_warp.nii.gz,0.9840058496357272,1.4642242661689733,9.458087439352903,0.0004406033576086049,0.07461714804255562,0.30426396353927687,3.262075131955419,1.0427446936571338,0.6629793206255798,-0.31648126435332724,3.96728515625e-05,0.5360575124174445,False,True,True,False
pt022,MR3,132_to_131_warp.nii.gz,0.969948878143208,1.4718231046143921,8.16537853580388,0.000630494293136402,0.07796886661110472,0.27917846605423186,3.2731711156305807,1.043244661040802,0.6587386742018394,-0.835078169934159,1.708984375e-05,0.5248114234883668,False,True,True,False
pt022,MR3,133_to_132_warp.nii.gz,0.9783524652422702,1.4752522791068454,7.361167759271915,0.001040886282592887,0.07002706187159041,0.26655569628601405,3.279885065437097,1.0437085136748026,0.6640497191769851,-0.25006654859384947,6.7138671875e-06,0.5336596514534235,False,True,True,False
pt022,MR3,134_to_133_warp.nii.gz,0.9382802769149307,1.460738562407677,6.415289073149167,0.0005379022812284057,0.06658464463370728,0.24658531685483948,3.23292705448648,1.0437569949698673,0.6540512273849816,-0.2038515284977064,1.220703125e-06,0.5088557923619192,False,True,True,False
pt022,MR3,135_to_134_warp.nii.gz,0.9647297114459847,1.4556102880616775,7.502260221925371,0.0011876127582804163,0.06867862048435268,0.2728668489248536,3.241065289393429,1.0439569006493203,0.664431305342898,-0.03996825412548034,1.220703125e-06,0.5212925678671606,False,True,True,False
pt022,MR3,136_to_135_warp.nii.gz,1.0752802412321378,1.4659061459802545,7.905334819052096,0.0006173075546603866,0.08428183815298139,0.40627641487875027,3.3204380141179275,1.0413926446970765,0.6793414318962684,-0.2085333430633373,1.3427734375e-05,0.5864746125467122,False,True,True,False
pt022,MR3,137_to_136_warp.nii.gz,1.0255304202380626,1.4652193618560956,10.98222660100468,0.00117642233690532,0.07306232692164366,0.32442083716632464,3.2810989600831797,1.044002510993825,0.6784860481259667,-0.28326040519779694,2.25830078125e-05,0.5715974309982387,False,True,True,False
pt022,MR3,138_to_137_warp.nii.gz,1.0355079133296146,1.4805801855362066,9.726339567777048,0.0012599824460585573,0.07652326620905835,0.319993303650823,3.328152279788499,1.0433037829891727,0.6856627815763058,-1.2420693721389182,4.33349609375e-05,0.5855663174374022,False,True,True,False
pt022,MR3,139_to_138_warp.nii.gz,1.0096472758548363,1.4609910529135788,8.760838152555504,0.0007998553205237209,0.07069802516863591,0.31046468505855374,3.278207028306131,1.043176665991598,0.6745375680535373,-0.5502697755493968,1.8310546875e-05,0.5601987992998281,False,True,True,False
pt022,MR3,140_to_139_warp.nii.gz,1.1008037099928702,1.4483275005301988,8.04220791020448,0.00039342607193215787,0.0788780583339888,0.45537347225569286,3.3168354503720443,1.0443916086546896,0.6875110937548676,-0.10147400196739864,1.28173828125e-05,0.5803377408248519,False,True,True,False
pt022,MR3,141_to_140_warp.nii.gz,0.999229630052703,1.4686402707273154,7.284741766732435,0.0010127710871681956,0.0747926883678675,0.30773814721084475,3.2852676458735544,1.0438986379722528,0.6660914381515071,-0.06731239689907981,4.8828125e-06,0.5465315571793657,False,True,True,False
pt022,MR3,142_to_141_warp.nii.gz,0.9820818952942748,1.4665058505101867,7.271685058974599,0.0012615878715715493,0.07051627607642091,0.27677696843267086,3.263520704066955,1.0432246001557965,0.6664462562989962,-0.12010393461309626,2.44140625e-05,0.5398695875845311,False,True,True,False
pt022,MR3,143_to_142_warp.nii.gz,0.9755003518444836,1.4656612364402317,7.154329130236199,0.0005360028661958913,0.07085391498588561,0.2846202786839156,3.2609140133417673,1.0428548828865576,0.6622327609159987,-0.4549227407894627,1.03759765625e-05,0.534888707877537,False,True,True,False
pt022,MR3,144_to_143_warp.nii.gz,0.9507204809634611,1.4659586799959312,9.467242357071067,0.0007406923791193187,0.06643976698352853,0.24936028427872026,3.2425236313442234,1.0432928042251763,0.656761452160596,-0.300263453458392,5.4931640625e-06,0.5172968815097156,False,True,True,False
pt022,MR3,145_to_144_warp.nii.gz,0.9373022360455616,1.472680032446305,9.765693200140497,0.0008190978152341049,0.06484234024210443,0.2245718907296662,3.2532723413711238,1.0437333885110107,0.6535631177195228,-0.34766198578885443,2.44140625e-06,0.5150353952054103,False,True,True,False
pt022,MR3,146_to_145_warp.nii.gz,0.9749015930608159,1.464489675465768,6.330391811710036,0.0012980212763986291,0.07337792518442146,0.29542534827388356,3.262773841295451,1.0441353246774177,0.6635742794087659,-0.041957370843467866,5.4931640625e-06,0.53144091238712,False,True,True,False
pt022,MR3,147_to_146_warp.nii.gz,0.9649049327955731,1.4648140908573775,8.09198854679676,0.0004147368599706249,0.06837760488392605,0.27226875975690773,3.26095411047429,1.0429832276786462,0.6635415781060905,-0.34176625192819166,1.52587890625e-05,0.5282265150023826,False,True,True,False
pt022,MR3,148_to_147_warp.nii.gz,1.0159561687184313,1.461631812349685,7.523182909861681,0.0008507023539976931,0.07852717181687034,0.34996252168529585,3.2921117372718367,1.0442558989601092,0.6692422715231598,-0.31384988547547277,1.15966796875e-05,0.5445330492881998,False,True,True,False
pt022,MR3,149_to_148_warp.nii.gz,0.9948555896456903,1.4564832822006555,7.618449163780489,0.0010942156265941441,0.07236056143394046,0.31777612366126096,3.2557332719650827,1.0427314202309579,0.6663087133341762,-0.7035247112567572,7.32421875e-06,0.535517191661313,False,True,True,False
pt022,MR3,150_to_149_warp.nii.gz,1.1105294542409339,1.4390656161440356,10.265630724301298,0.00043632879206414077,0.08103133830508198,0.48622875505642615,3.2885451563387957,1.0384014464412026,0.6742397639570532,-2.082397181984208,1.15966796875e-05,0.5690249242028024,False,True,True,False
pt022,MR3,151_to_150_warp.nii.gz,1.0071878851326215,1.4656743445147369,7.794927281658454,0.0009154412512600534,0.08228425869707887,0.32643376070732266,3.2940703336987482,1.0436243266485403,0.6701841726373671,-0.026564972617202077,6.103515625e-07,0.5511800600064972,False,True,True,False
pt022,MR3,152_to_151_warp.nii.gz,0.9711272417222483,1.46204599039907,6.990879081728434,0.0014186616104179413,0.06935294656464738,0.2744007575178271,3.258579975131115,1.0437191317765384,0.6696386946119806,-0.11549122708037861,3.0517578125e-06,0.5406995002431286,False,True,True,False
pt022,MR3,153_to_152_warp.nii.gz,0.958425746394154,1.4638274685384705,8.745291620083842,0.0007249264265609321,0.0678659480937054,0.2593625701831189,3.2481858700806843,1.0438199432109203,0.659599253042677,-0.18083031429377758,7.32421875e-06,0.5268802635296845,False,True,True,False
pt022,MR3,154_to_153_warp.nii.gz,0.9854306187257085,1.4568515576655774,6.291087539361467,0.0011442757519426084,0.07270027297971005,0.32105762980300045,3.26691688036484,1.044112085366537,0.6615456214001498,-0.05955238570000173,2.44140625e-06,0.5248590074200078,False,True,True,False
pt022,MR3,155_to_154_warp.nii.gz,1.0393230071464017,1.4508420316989383,7.318544072626064,0.0010223534164201331,0.07380425305209763,0.38033096647895603,3.2973220798117566,1.0441822902339404,0.6763327893846796,-0.39111121101207785,2.01416015625e-05,0.5549624883626633,False,True,True,False
pt022,MR3,156_to_155_warp.nii.gz,1.1797762143680162,1.482215700418155,13.152346337799557,0.0013068102487942452,0.0849864435744674,0.5214018592625664,3.403116403617378,1.0382124312682484,0.6980190339877825,-0.8186746502116602,0.0001348876953125,0.6463455738985056,False,True,True,False
pt022,MR3,157_to_156_warp.nii.gz,1.0737252593288447,1.4741009010445938,8.143178778870457,0.0009423006372341718,0.07637353240957646,0.362432613930072,3.3186896715832517,1.043019263138681,0.6986103820669521,-0.5167369601245326,2.99072265625e-05,0.6000547132133013,False,True,True,False
pt022,MR3,158_to_157_warp.nii.gz,1.0244233699161116,1.4635026431212173,7.154460974585956,0.0012564291719018683,0.0700354451522496,0.30938553322441664,3.2733679765576933,1.0435809095683048,0.6767857275849539,-0.5841394535889126,2.197265625e-05,0.5677410203766055,False,True,True,False
pt022,MR3,159_to_158_warp.nii.gz,0.9702003290496732,1.4671232175129028,6.798345038799641,0.0016081874578201887,0.07126542757338163,0.26825021821017025,3.2635184024090296,1.043667758500326,0.6649118994063545,-0.11020968069302087,1.3427734375e-05,0.537037556017237,False,True,True,False
pt022,MR3,160_to_159_warp.nii.gz,0.9547665662587123,1.4716192915593393,7.344900185120389,0.0013856435927328042,0.06951510844029664,0.2519452587262918,3.2659762672342922,1.044020233663595,0.6592849451432347,0.00033215471154905826,0.0,0.5220470223425414,True,True,True,True
