Patient,Session,File,Motion Mean,Motion Std,Motion Max,Motion Min,Motion P10,Motion P50,Motion P90,Jacobian Mean,Jacobian Std,Jacobian Min,Jacobian Max,JAC0%,JAC2%,μHE,QA_JAC0,QA_JAC2,QA_HE,QA_Passed
pt011,MR1,002_to_001_warp.nii.gz,0.363472509077912,0.441189924849956,9.561985220778203,0.0015507315852188682,0.08282750973940488,0.22378870257068254,0.776503600008145,0.9980038291707437,0.2543982170212007,-0.3378474642261052,11.365419032974142,0.003359375,0.588359375,0.15011678382045135,True,True,True,True
pt011,MR1,003_to_002_warp.nii.gz,0.34789251911500546,0.4304040354874713,9.85246001761767,0.0013627960646694153,0.07829606023028869,0.21604649644162743,0.7345784789394566,0.9976212618229703,0.2327636770572304,-0.4162440493997754,10.118238650183656,0.00734375,0.513125,0.1400072295850749,True,True,True,True
pt011,MR1,004_to_003_warp.nii.gz,0.34771541429244895,0.42117628127055545,7.6708561927605565,0.0009887168087734288,0.0772692438975298,0.212490467863912,0.7459732514311731,1.0008221965074426,0.24784149787099177,-0.14916609292465424,14.56745240720953,0.003203125,0.57921875,0.13590626225647334,True,True,True,True
pt011,MR1,005_to_004_warp.nii.gz,0.40082857789706283,0.5084302077290517,10.08768752093675,0.0008607582495392221,0.08223731264478364,0.23723795613615697,0.8781879962403387,0.9978517728150628,0.27718135441692554,-2.6034975804133462,18.068373361110606,0.015,0.619609375,0.17575666399836984,True,True,True,True
pt011,MR1,006_to_005_warp.nii.gz,0.3300718207968312,0.41589553179519095,10.608526778755468,0.0007239167091482927,0.07658620931246428,0.20797610832726365,0.6766772347750551,1.0000947674179341,0.23140985802056036,-1.8589252686315303,17.526372087803523,0.0109375,0.462578125,0.12950170705224892,True,True,True,True
pt011,MR1,007_to_006_warp.nii.gz,0.3751067527242749,0.43715716632039486,8.88339346170143,0.001267876949138048,0.08397131371446097,0.24135703871419623,0.7946980436257346,0.9967791527213918,0.2552853162811385,-0.419103029332927,15.363505854719671,0.003984375,0.476171875,0.151339606738855,True,True,True,True
pt011,MR1,008_to_007_warp.nii.gz,0.34275173084439486,0.4227560513921224,8.05638648829946,0.0007619331487258217,0.07507109497453326,0.20926906616325108,0.7298766967256247,1.0001620814151588,0.22678856564064664,-0.11570248741065542,11.596452059931035,0.00203125,0.441953125,0.12469158329978364,True,True,True,True
pt011,MR1,009_to_008_warp.nii.gz,0.3451141315796184,0.45551642828685524,7.564361856971063,0.0015314408734603026,0.07483946559519548,0.20142045085569077,0.731675157926624,0.998624554876977,0.2487831825048872,-0.38872226431398205,17.139052402193258,0.005546875,0.610703125,0.14616982148093455,True,True,True,True
pt011,MR1,010_to_009_warp.nii.gz,0.340667136712041,0.4278758173997219,8.392795386978872,0.0008978445282036337,0.0765934245541259,0.20931430438226098,0.7117479471964884,0.9978037568404481,0.241686855389965,-0.2210491564802551,13.447027282893961,0.005703125,0.526875,0.14028715887661825,True,True,True,True
pt011,MR1,011_to_010_warp.nii.gz,0.37174670322393105,0.4764471541864395,9.890380686542171,0.0019797915774175164,0.07777869553417287,0.2210584077913808,0.7984268952128598,1.0002278350432627,0.25481372453641604,-3.219732046783605,19.68451186546017,0.00609375,0.574296875,0.14962648303344672,True,True,True,True
pt011,MR1,012_to_011_warp.nii.gz,0.3572839655770494,0.44073776855119856,9.446875529893001,0.0011581116245476721,0.07778996178519908,0.21863271460372957,0.7582050016344526,0.9965307252204589,0.25617670496849737,-0.3587359006579473,19.04070920538773,0.0040625,0.58109375,0.14523000842664804,True,True,True,True
pt011,MR1,013_to_012_warp.nii.gz,0.39081658122391694,0.4784357233564378,9.930146024191261,0.0011117642132952516,0.07867305334390774,0.22834893221971145,0.8879296659826944,0.9987765657647113,0.2539458473811335,-0.25147305180076235,17.087490605774907,0.004296875,0.534453125,0.15532395409508298,True,True,True,True
pt011,MR1,014_to_013_warp.nii.gz,0.47834697889551736,0.5501951082383439,8.788192226414182,0.001198859751498893,0.08661816506563981,0.27087601077109585,1.17575118587379,1.0024727086727572,0.29050410873914545,-1.2011674925221025,13.51826813114647,0.004609375,1.018203125,0.19155088272208992,True,True,True,True
pt011,MR1,015_to_014_warp.nii.gz,0.3872514608349639,0.4769152352872546,10.560679071856867,0.001388128685018162,0.08290203459760571,0.235768669732775,0.8343825593303325,0.9955385750423819,0.28130318909109203,-0.2593174139666829,17.197106157136474,0.00234375,0.621328125,0.1705781800363244,True,True,True,True
pt011,MR1,016_to_015_warp.nii.gz,0.4132708706138421,0.4656692303398378,6.760505509043156,0.0015875728028167159,0.08661008875300637,0.25007914312955104,0.9383624967647519,1.002150643341208,0.290207811682912,-0.2602510986922791,18.711004910734722,0.00109375,0.9571875,0.17613893377547402,True,True,True,True
pt011,MR1,017_to_016_warp.nii.gz,0.3983803006937623,0.4858641720197575,7.407655263037185,0.001407864297278784,0.08146067867642812,0.23539305110170616,0.8834472630063239,0.9976854097223773,0.2826895448467694,-0.8609354096298922,24.919472043857652,0.00359375,0.768828125,0.17550999238270037,True,True,True,True
pt011,MR1,018_to_017_warp.nii.gz,0.36695879058187647,0.47614562639108393,7.461009637551507,0.0014741710299063238,0.0766854163476386,0.21326812245808857,0.7907555972917534,0.9996612940451156,0.269014786864361,-1.0302705954111813,13.135878732180176,0.010859375,0.71984375,0.16786119295897567,True,True,True,True
pt011,MR1,019_to_018_warp.nii.gz,0.48974582941663336,0.5784196902745175,8.204292697134745,0.0012361349645949407,0.08346596131721395,0.2642970319457003,1.2384406893227367,0.9999821956021547,0.32248982681203625,-2.081957755853982,22.127427128643347,0.010078125,1.121328125,0.21849453829217527,True,True,True,True
pt011,MR1,020_to_019_warp.nii.gz,0.42977007871555095,0.5235185545846412,8.186530235722023,0.0011198657756901177,0.07906806077819004,0.23752529527936514,1.0438669036032637,0.9992829456093164,0.2977325712392733,-0.5883177702382508,17.915393553531676,0.007578125,0.76984375,0.17832194725490833,True,True,True,True
pt011,MR1,021_to_020_warp.nii.gz,0.3755456863272702,0.45447590296114354,7.757710810009037,0.0015762595780928988,0.07813296794996842,0.22268306111249594,0.8516709129089406,0.9980159154408564,0.24784701661058597,-2.4549334863629326,15.654931502778437,0.010234375,0.50953125,0.145018628552026,True,True,True,True
pt011,MR1,022_to_021_warp.nii.gz,0.4672589141254303,0.48258623600494277,6.995401812884514,0.0014491059420388714,0.09657905918146545,0.3046418276048727,1.0418828124265342,0.9941989464408509,0.3048435916378279,-0.40401348433174306,16.33605925009318,0.001875,0.915390625,0.21709574541308557,True,True,True,True
pt011,MR1,023_to_022_warp.nii.gz,0.3094340019241643,0.3359623936837231,7.442258237969215,0.0013072444100541921,0.0761806179839734,0.20702821185748171,0.6432670419422568,0.9970663580286069,0.194362084815641,-0.014559569765307298,7.114804903921666,0.000625,0.297578125,0.09874390678710018,True,True,True,True
pt011,MR1,024_to_023_warp.nii.gz,0.41766433840109674,0.46661787467128174,8.904343373439312,0.0022372881299733242,0.08447889699605271,0.251602571237363,0.9722841631535418,0.9974184587482489,0.2521993119070946,-1.2902768180875783,14.46268151103018,0.003203125,0.509765625,0.1586111382776302,True,True,True,True
pt011,MR1,025_to_024_warp.nii.gz,0.29592086744358315,0.3562049888160004,7.739003183488862,0.0012743901174911971,0.07281778647402962,0.19339578253298417,0.594599969926774,0.9994863148673636,0.20074033763600416,-0.865180665940603,15.425299000587207,0.00375,0.32296875,0.10271211286728499,True,True,True,True
pt011,MR1,026_to_025_warp.nii.gz,0.38399137340220024,0.4538368484782048,9.478589932156885,0.0003049173390945535,0.08032395901689279,0.23119426066792012,0.8592303328689054,0.9974176810953952,0.24308487143763693,-0.5256756442498371,11.340530670747107,0.0025,0.491796875,0.1513150667926427,True,True,True,True
pt011,MR1,027_to_026_warp.nii.gz,0.4056360073775019,0.4696367178729329,7.881002841043687,0.0017083542071765583,0.08360341917154611,0.24478891292484123,0.904827768774502,1.0019076164918017,0.278602924561689,-0.4714865638841248,19.349154483382634,0.003515625,0.808046875,0.1618884227509056,True,True,True,True
pt011,MR1,028_to_027_warp.nii.gz,0.3443903374349393,0.41848378059973645,7.528913532953464,0.0008741637589863713,0.07893450077854136,0.21644046601031602,0.7120627078004508,0.9962458433325586,0.2445396202014594,-0.19346714202908646,14.209132539398343,0.000859375,0.495234375,0.14020902724589138,True,True,True,True
pt011,MR1,029_to_028_warp.nii.gz,0.32009443843629753,0.41961308912569184,8.306669501183173,0.0010341112789115927,0.07292872063402778,0.1929786179754998,0.6578331885964772,0.9985137116182994,0.2376724698234919,-1.0352330051539493,19.99580860175345,0.004375,0.51953125,0.13010099037159342,True,True,True,True
pt011,MR1,030_to_029_warp.nii.gz,0.34027506460690504,0.4506173595811264,7.977437141203867,0.0015209837787390189,0.07346217534787489,0.1981718183199593,0.7269647436229839,0.9997670787653237,0.253221548915878,-1.6003022055647647,19.526554363049375,0.003515625,0.5653125,0.13936075482474705,True,True,True,True
pt011,MR1,031_to_030_warp.nii.gz,0.3293204848720547,0.412108619758437,7.756401646989498,0.000781624857960853,0.07403755192124424,0.1971061637338462,0.7095471999727138,0.998788324027612,0.22915526378457524,-0.3304281685943586,12.406744488789595,0.001171875,0.49921875,0.125490138008135,True,True,True,True
pt011,MR1,032_to_031_warp.nii.gz,0.3726340102868086,0.4513592494174338,7.202450276061795,0.0006324509810552253,0.08102663074644344,0.226008274321581,0.8074747807283785,0.9973869574016173,0.2612861657029356,-0.4889720509179883,14.371079986761636,0.00359375,0.616328125,0.15611219006746324,True,True,True,True
pt011,MR1,033_to_032_warp.nii.gz,0.37520573355532044,0.4628709168370676,7.422907970012222,0.0012504026279183344,0.07977502781849953,0.2211832767758492,0.8313927138868191,1.0010433655660924,0.2749814789279728,-1.4581406387979798,22.27109745941378,0.005703125,0.753515625,0.163422883418792,True,True,True,True
pt011,MR1,034_to_033_warp.nii.gz,0.382577671878028,0.47192791878885143,9.778068616390463,0.0006901777931280307,0.08332476731819066,0.23388049202008868,0.8223590160857956,0.9967152852064121,0.2677634458806694,-0.6614380639179674,16.275089562467986,0.006484375,0.633203125,0.16489560609959011,True,True,True,True
pt011,MR1,035_to_034_warp.nii.gz,0.38902804633519966,0.4782423621548265,7.984006198732918,0.0003204745332068485,0.07895916556893301,0.22991260763977495,0.8578644368216823,1.0005847566255524,0.2547049153082008,-0.4112063709732315,15.273564279319324,0.00203125,0.6046875,0.15570188728744172,True,True,True,True
pt011,MR1,036_to_035_warp.nii.gz,0.3756756456043469,0.4509533515227896,8.660616013393444,0.0011678016774213848,0.08084641470438218,0.22870107245746193,0.8150028225389488,1.000393954073128,0.26151174773664176,-0.3273657653259324,17.5029180385074,0.003046875,0.6271875,0.1549007678484184,True,True,True,True
pt011,MR1,037_to_036_warp.nii.gz,0.4929944066910382,0.5430888892777616,7.762997130405647,0.0010853798828312521,0.08648440229323949,0.2850493777083959,1.2151176122021357,0.9998691585456261,0.3137835004843291,-0.9922107102929416,24.150360504643363,0.005390625,0.975703125,0.20111885696906845,True,True,True,True
pt011,MR1,038_to_037_warp.nii.gz,0.4699194888079008,0.5497934179238598,9.086451671979079,0.0019488702399656063,0.08574356611080125,0.26281045193198593,1.1664532924961788,0.9973970521119593,0.2941934762497395,-0.25380380123521323,11.547178090762843,0.00296875,0.9965625,0.19847618856507435,True,True,True,True
pt011,MR1,039_to_038_warp.nii.gz,0.4043992417487867,0.4867875181709139,8.284401325197532,0.0017458339492485157,0.08633977464554198,0.2534766934816034,0.856570124214494,0.9971318367304617,0.2779819935546085,-0.6189496249848003,18.484228857933044,0.0040625,0.61859375,0.17767916583916232,True,True,True,True
pt011,MR1,040_to_039_warp.nii.gz,0.5225692111080823,0.6519317743223066,8.606062470650118,0.0009447486292489176,0.08659880288897052,0.2699932926843608,1.3293806749706631,0.998477165337999,0.31295554086849836,-0.8633490292634213,27.450290696024,0.007578125,1.0684375,0.2239984461128944,True,True,True,True
pt011,MR1,041_to_040_warp.nii.gz,0.5381179953118226,0.6535847247667477,11.003508508414425,0.0009567426664355475,0.0900536548132523,0.28837734030346307,1.348163066578193,0.9961136099647252,0.3179018227286685,-1.9468702475003214,13.215674761059894,0.013671875,1.03578125,0.24370445811500285,True,True,True,True
pt011,MR1,042_to_041_warp.nii.gz,0.4320651763401085,0.5265977556834602,7.902907342779842,0.001963098819869734,0.0856404597346728,0.2532682571397331,0.9779264314266161,1.001845788604842,0.31246700818493967,-0.3494392135398516,23.732555086895037,0.00828125,1.00703125,0.19163049926396947,True,True,True,True
pt011,MR1,043_to_042_warp.nii.gz,0.3585705591003411,0.45687627352486054,9.86975978604739,0.001241322903955609,0.07805798137694528,0.21712332454405608,0.7552549995093001,0.9973911770420247,0.2604351470704639,-0.9551892119009218,31.310160233844787,0.006640625,0.523125,0.1477770746527341,True,True,True,True
pt011,MR1,044_to_043_warp.nii.gz,0.3673383208658095,0.493327144028835,8.849468487548677,0.001366385203546712,0.07571894469163222,0.20795273523449462,0.8074794646395786,0.9991310899019732,0.26969977116882027,-1.0499877976570047,16.628759220497383,0.007265625,0.67234375,0.1648020252417664,True,True,True,True
pt011,MR1,045_to_044_warp.nii.gz,0.34139358473038744,0.46188677151836527,7.62012192118277,0.0016842957768099646,0.07441469080686337,0.19706341849784045,0.7160130680665286,0.9990189512051962,0.26984042019813115,-0.1922556412689388,28.460633660290586,0.004765625,0.599609375,0.1461616443587328,True,True,True,True
pt011,MR1,046_to_045_warp.nii.gz,0.3596186482937287,0.4654839475483045,7.247237738349583,0.0005720945673152655,0.07631316792338971,0.2105754834405526,0.7759784200548632,0.9996822735193991,0.2621290552578016,-0.2755589264467789,19.17984030053676,0.00328125,0.6621875,0.15284825365796187,True,True,True,True
pt011,MR1,047_to_046_warp.nii.gz,0.3545105920983905,0.49656749300484443,10.495872920146892,0.0020796196166523407,0.07520560838925258,0.2029210029348177,0.7410899631786537,0.9987022215170366,0.2699743350789611,-0.8324007506887474,22.603107908618647,0.00765625,0.651875,0.1628415853767875,True,True,True,True
pt011,MR1,048_to_047_warp.nii.gz,0.8119934206495445,1.0632277292990155,9.616125824309975,0.0011318287521955306,0.10357303670742242,0.37895751015401496,2.1902975721157505,0.9952885472184374,0.5049334271220344,-1.9910600127213496,32.23370456644368,0.039296875,2.400859375,0.43411666822979766,True,True,True,True
pt011,MR1,049_to_048_warp.nii.gz,0.3850091880212261,0.5107985953158615,10.50676952338719,0.0014451201927744683,0.08082099379804539,0.2301191023865657,0.8090079103885214,0.9977396484919278,0.2637914987182938,-0.6812550537269915,16.142199530714475,0.01453125,0.604140625,0.17325069890740302,True,True,True,True
pt011,MR1,050_to_049_warp.nii.gz,0.32380554232553477,0.37499292460359496,6.507127571296234,0.002043137859461791,0.07583740535536929,0.2084201990190612,0.6686946082229203,0.9996362534401545,0.22431410293841092,-0.2395456937092777,13.593560253588466,0.001015625,0.433515625,0.11536827015220784,True,True,True,True
pt011,MR1,051_to_050_warp.nii.gz,0.3581340626079789,0.39295527919829676,6.690613019901594,0.0013200655552575704,0.07853816655633322,0.22459468194338722,0.8061868636224631,0.999664121554347,0.2231117141746046,-0.8314532431026688,11.080324320954247,0.00328125,0.45171875,0.11861077311119361,True,True,True,True
pt011,MR1,052_to_051_warp.nii.gz,0.30779920069139305,0.3634065019393431,6.819575425139478,0.000954523329638724,0.07513036153608581,0.20320694265513245,0.6151947023100245,0.9987346430234119,0.20296280145146212,-0.33382153932378394,14.385652858202713,0.003046875,0.311796875,0.1039513718376155,True,True,True,True
pt011,MR1,053_to_052_warp.nii.gz,0.48964893826708983,0.5286170465959537,9.10344157210788,0.0011168349814471622,0.09834501624887024,0.30699730782468165,1.1206706861281732,0.9948390516477151,0.2996280885464365,-1.2178692393501434,10.998532080392662,0.0034375,0.84109375,0.21713987831950762,True,True,True,True
pt011,MR1,054_to_053_warp.nii.gz,0.451599843285105,0.5376652545783152,7.127214535148666,0.0013787046816225654,0.08221350529635327,0.24783041932250288,1.1301712166287576,0.9995322026689133,0.26713897742938,-0.767276489959597,12.921215165898364,0.003203125,0.709375,0.17141595728078068,True,True,True,True
pt011,MR1,055_to_054_warp.nii.gz,0.3960219160448958,0.44955678645339736,7.416337224699235,0.0009729284677336849,0.08171373142193636,0.2362597697366795,0.9226123200923853,0.998997681535433,0.23458289052864903,-0.5040389188344133,10.622046780588205,0.00125,0.454296875,0.13763058702454356,True,True,True,True
pt011,MR1,056_to_055_warp.nii.gz,0.3734071881739876,0.40467776894351926,8.335209464256698,0.0010706547535372834,0.08201827175736372,0.23741909500407266,0.832928765098392,1.0002176588509428,0.2281205557244009,-1.716316058679865,15.510452541028696,0.001796875,0.39078125,0.12588834682990196,True,True,True,True
pt011,MR1,057_to_056_warp.nii.gz,0.31892384955579983,0.34319835864723197,6.4086915997444045,0.0011131205138703213,0.07788892322987209,0.21402241517585768,0.6611612445308596,0.9998354135267989,0.21693521484527287,-0.4556605322480542,22.234473080843866,0.001171875,0.3359375,0.1093430529715572,True,True,True,True
pt011,MR1,058_to_057_warp.nii.gz,0.30987293040587144,0.33202776331392986,7.288642683864557,0.001842323992422205,0.07681155945821715,0.20978645698831716,0.6413792232539806,1.0003230053195398,0.20064963891509022,-0.12162224508259409,8.894143769318628,0.000390625,0.310703125,0.10055065272489544,True,True,True,True
pt011,MR1,059_to_058_warp.nii.gz,0.3117663023373481,0.3630381328816523,8.561132429270016,0.0008555073645141368,0.07663824643289457,0.20561594148978912,0.6342097206737108,0.9995547700510562,0.21193317138147597,-0.6624547608704786,17.464255814720563,0.002578125,0.348359375,0.11075113872429174,True,True,True,True
pt011,MR1,060_to_059_warp.nii.gz,0.32754928792666416,0.38183116246818083,8.08453258934078,0.001942738614526006,0.07816043241209866,0.21230653318213488,0.675072376191079,0.9979366128270954,0.22347485370316653,-0.46099910143507367,15.385915777764463,0.004609375,0.386640625,0.12372080999497878,True,True,True,True
pt011,MR1,061_to_060_warp.nii.gz,0.35717390127341486,0.41784102005630713,8.014141609781568,0.0013136087718093206,0.08081168363936991,0.22700384450467417,0.755737104500647,0.9977565582662699,0.24322747709297285,-0.1753377246173115,15.853391603884322,0.002109375,0.511328125,0.14274205322587286,True,True,True,True
pt011,MR1,062_to_061_warp.nii.gz,0.40406777800154936,0.47858464198021083,9.011844386306551,0.0009848810563385347,0.08025389713960664,0.23729209652812736,0.9263418599396316,0.999233293859692,0.2701876209804396,-0.630248277556705,19.05049134037231,0.00875,0.6984375,0.16158132379023046,True,True,True,True
pt011,MR1,063_to_062_warp.nii.gz,0.3914687490580746,0.4494167063292251,9.400194176308906,0.0006077723231269561,0.08039713208345414,0.23729520425028355,0.887881509147834,0.9982412955246913,0.25904409411885637,-0.30660668985456835,13.0994407961884,0.002578125,0.640703125,0.1578357379134169,True,True,True,True
pt011,MR1,064_to_063_warp.nii.gz,0.41594770685139604,0.44543747020165125,7.583512908515197,0.0016555584039130101,0.08765794077813842,0.2644733878126234,0.9244519229525292,1.0021673017442032,0.28390052141697647,-0.36870797481915984,12.77684204578081,0.000703125,0.89515625,0.17036339288408356,True,True,True,True
pt011,MR1,065_to_064_warp.nii.gz,0.45693312425369775,0.5221551896002633,7.773224381276661,0.00016042970537122778,0.09012094030542181,0.27506583843962823,1.039723632717429,0.9949109648201263,0.31097746639209306,-0.08273666452716183,19.63437561235005,0.003828125,0.901015625,0.21203067352245825,True,True,True,True
pt011,MR1,066_to_065_warp.nii.gz,0.37440177868533286,0.49187435408716235,8.52409332173272,0.001956408161187746,0.08026547236400461,0.22213047441118233,0.7880668017289402,0.9971139335955856,0.2720851326694903,-0.5635609929673555,16.08461122899115,0.0075,0.60765625,0.16938011973819797,True,True,True,True
pt011,MR1,067_to_066_warp.nii.gz,0.36263421926515227,0.4768105454370637,9.566261686179853,0.0016765500924221875,0.077099612424133,0.21292804276335503,0.7766800467747903,0.9990093831095168,0.26678438730077425,-0.9798459951575962,13.677339246671352,0.005,0.646953125,0.15745294752721498,True,True,True,True
pt011,MR1,068_to_067_warp.nii.gz,0.4363339040933708,0.51649541326483,9.942125131915393,0.0015616068789062489,0.08740801631810795,0.2607291197563081,0.9872366541026548,0.9964315107477447,0.3073794924296676,-0.40552090004533875,21.30609555012605,0.00375,0.86171875,0.21214040529271389,True,True,True,True
pt011,MR1,069_to_068_warp.nii.gz,0.46273377918426356,0.567101730594598,10.364763071340269,0.000673225637007178,0.08211252469574765,0.24893312039968377,1.13983500025118,1.0005805896065452,0.3071249887921657,-0.7713674953379982,22.72633710664568,0.00734375,0.9290625,0.20343757359779896,True,True,True,True
pt011,MR1,070_to_069_warp.nii.gz,0.4634135960547551,0.5493877683784346,8.357566722501439,0.000875384211124809,0.08502631238855711,0.2600816456318186,1.1153161724793546,0.9975077562940684,0.30608763102967906,-0.5423743646956156,23.145093958508134,0.008046875,0.7809375,0.2020962916896005,True,True,True,True
pt011,MR1,071_to_070_warp.nii.gz,0.42499244400240604,0.5293275066525998,8.71263253813181,0.0005046558242194904,0.08121434701462346,0.2417403201341767,0.9742380946582718,1.000190171389723,0.2905580493495321,-0.634542985322666,15.624709869567202,0.006796875,0.82578125,0.18908715619244057,True,True,True,True
pt011,MR1,072_to_071_warp.nii.gz,0.43178037103311373,0.5217315881717464,8.373785068446981,0.0016858467260222306,0.08481765509487568,0.25426383241858963,0.9709750736855873,1.0009073676343863,0.31875330654877193,-0.7754695062504849,20.348042152229,0.0084375,0.933359375,0.2045721661045039,True,True,True,True
pt011,MR1,073_to_072_warp.nii.gz,0.36413468810644556,0.48926158595463953,9.185049179075326,0.0007487635840895298,0.07674229104996691,0.21109617626812135,0.7736639481828366,0.9989467493998991,0.2758816277624404,-0.45861969630074667,15.840396935914512,0.004140625,0.70390625,0.16131968267791758,True,True,True,True
pt011,MR1,074_to_073_warp.nii.gz,0.36561489263183233,0.46961025560884995,7.993562603642251,0.0011963519137647306,0.08021325840135084,0.21985449847243826,0.7672799767395837,0.9976562416086765,0.271802816586397,-0.4734617724900839,18.297051206292128,0.00578125,0.661953125,0.1622768820231283,True,True,True,True
pt011,MR1,075_to_074_warp.nii.gz,0.37543708833089734,0.4725058630399507,8.15941485310904,0.0020563588026873787,0.07826679990102861,0.21872771542339947,0.8319979366161337,1.0003846028865246,0.27405860181239966,-1.144561513548417,14.57899915192408,0.005078125,0.75171875,0.1618526915264747,True,True,True,True
pt011,MR1,076_to_075_warp.nii.gz,0.3902453939975335,0.47578935387341414,9.506281650843183,0.0013767996798853788,0.08087758958288864,0.23408565005065962,0.8647775525133307,0.9977112919944655,0.26272476281974855,-0.5757187388002325,11.487800729934316,0.00515625,0.7121875,0.1676915938472153,True,True,True,True
pt011,MR1,077_to_076_warp.nii.gz,0.4887012164624347,0.5570433944544889,7.830399329197003,0.0010475918657193485,0.08791638492227781,0.2761544512678369,1.2053331013587367,0.9967771744830894,0.3094172807937448,-0.3074943270052082,16.033684337808086,0.003828125,1.038671875,0.2062124933044304,True,True,True,True
pt011,MR1,078_to_077_warp.nii.gz,0.33889976998966614,0.427658268979524,7.730983625067469,0.001633377743542247,0.07579908806141199,0.2059620335823923,0.7165161143302253,0.9991075691741184,0.24167634879440963,-0.08241282956798975,13.73230731942288,0.003828125,0.548671875,0.13098623483259195,True,True,True,True
pt011,MR1,079_to_078_warp.nii.gz,0.3975635866652382,0.43538703892948044,7.785258695571199,0.0005827964969856893,0.08507255438071,0.252800404990871,0.8836618806437389,0.9960772823601023,0.2570879309837279,-0.5783965514831191,19.963563587196617,0.0040625,0.50703125,0.14648534089267268,True,True,True,True
pt011,MR1,080_to_079_warp.nii.gz,0.345399897498868,0.41173143552452357,8.252138672551595,0.0008758470138353108,0.07817619418217762,0.21707538268432397,0.7332799955120641,0.9974801070937951,0.22571569685543352,-0.2715319473625171,9.685382178162753,0.001875,0.459921875,0.12783808632076402,True,True,True,True
pt011,MR1,081_to_080_warp.nii.gz,0.4409253012784368,0.5418978338145967,8.86090883915909,0.0013943201540911059,0.08102430004374786,0.24164788588937866,1.0763761013855935,0.9995450247310973,0.26582531057283054,-0.17981947789704625,17.218486093109416,0.00078125,0.636640625,0.16887168263717034,True,True,True,True
pt011,MR1,082_to_081_warp.nii.gz,0.35193167187006136,0.4213697280642485,9.556169488415424,0.0012924693875242543,0.07733906975109608,0.2138635756388314,0.778150574723131,0.9982762864424547,0.2359389646483739,-0.28628224322839385,12.37248713097207,0.003359375,0.4728125,0.13470163771142327,True,True,True,True
pt011,MR1,083_to_082_warp.nii.gz,0.46254806846505125,0.5323977346619191,8.855456022701693,0.0011472222395002695,0.0875432694079766,0.2700919629509187,1.0874797956894173,1.0019126111624714,0.31230086381587274,-0.3592277313646374,21.45233172127643,0.002578125,1.135703125,0.2054429355410296,True,True,True,True
pt011,MR1,084_to_083_warp.nii.gz,0.36620244649388234,0.4494045565267864,8.956021662448128,0.0007888722604592584,0.07966043273091784,0.22246180286649664,0.792824631065761,0.9962884445227393,0.26387194619525745,-0.45614791249878867,16.863337679318764,0.003046875,0.595234375,0.15736291308612194,True,True,True,True
pt011,MR1,085_to_084_warp.nii.gz,0.35527418662561155,0.4741984434840396,8.86528934201901,0.0019927107710269727,0.07609803166463694,0.2069339679361465,0.7501635345520874,0.9989220591527946,0.285494061009931,-0.8168059914117832,35.08918309383663,0.009765625,0.689453125,0.16166310792645586,True,True,True,True
pt011,MR1,086_to_085_warp.nii.gz,0.3816619068808132,0.4895204092251121,7.90146046182936,0.0014179001545610523,0.0783878763812466,0.21795794849330302,0.8583117846741671,0.9971312318332002,0.2857160912061204,-0.4065208817418071,15.320187061704317,0.004609375,0.74859375,0.17603139032956483,True,True,True,True
pt011,MR1,087_to_086_warp.nii.gz,0.4093056485276768,0.507483515169384,10.103737089532085,0.00031281538104280883,0.08145983853185075,0.2371190337861033,0.9330302291011259,1.0015492604597114,0.30168104918803074,-0.3340986037166245,20.626271692345465,0.006328125,0.946484375,0.187123682803597,True,True,True,True
pt011,MR1,088_to_087_warp.nii.gz,0.353822647206279,0.46713764258958085,7.378068007032192,0.0012197193214166589,0.07507531107917917,0.20443388821532724,0.7596762015708648,0.9986272135162715,0.2839085410271462,-0.241418290300406,18.116544010332586,0.00703125,0.690859375,0.16315068873859423,True,True,True,True
pt011,MR1,089_to_088_warp.nii.gz,0.466126993178738,0.5544993592528493,8.108680828946465,0.0011156516821207725,0.08203415006019558,0.2565782440504575,1.1332755649258004,0.9999712373536671,0.3132999948583874,-0.9502224950257514,20.48140999286801,0.008671875,0.983359375,0.20557761382585385,True,True,True,True
pt011,MR1,090_to_089_warp.nii.gz,0.336678350861121,0.40185500983985667,7.349678888104267,0.001556259987987002,0.07625750718172235,0.20795976571094457,0.7234993708008445,0.9999506877615295,0.23156193722870333,-0.7291626600643522,15.20655096152617,0.003671875,0.488515625,0.1310214516665408,True,True,True,True
pt011,MR1,091_to_090_warp.nii.gz,0.33008047849151384,0.3770521834075695,7.824176670938789,0.0008830285751250444,0.07630793308742868,0.21155518830921266,0.6980293846994415,0.9974729133680564,0.2209092541211557,-0.5074237648395679,15.95661228128276,0.003359375,0.3778125,0.12364584801888973,True,True,True,True
pt011,MR1,092_to_091_warp.nii.gz,0.3654938553540555,0.40723543819265695,9.347632225062318,0.001250189602314788,0.07827551251306494,0.22320021896267145,0.8470698242772772,0.9978077038451202,0.22563393023328276,-0.0822448132386912,10.06416201464618,0.001953125,0.43234375,0.12434372182749359,True,True,True,True
pt011,MR1,093_to_092_warp.nii.gz,0.32853313821444213,0.3727218863625631,7.61190847706038,0.0012266097374430472,0.07847503552703701,0.2158773176795476,0.6863234360096971,0.9967536335643523,0.22434517920116245,-0.36260072794645976,11.066459868005541,0.000546875,0.399296875,0.12251153935444975,True,True,True,True
pt011,MR1,094_to_093_warp.nii.gz,0.27995433521910074,0.3155283019454994,6.96197459194031,0.0017793297686570053,0.07390635008655218,0.19139960209277534,0.5522786007445601,0.9986934950207836,0.18880445181231617,-0.06006479784700777,14.13253301177754,0.000234375,0.254921875,0.0878734889569876,True,True,True,True
pt011,MR1,095_to_094_warp.nii.gz,0.32413324032672874,0.4023378108576529,7.486366537440556,0.0012496831084576557,0.07537010767513173,0.2023870008682473,0.6704994864303668,0.9978447161565335,0.2208826504044299,-0.3051114347383515,11.070728810791897,0.00234375,0.407109375,0.12422690295110744,True,True,True,True
pt011,MR1,096_to_095_warp.nii.gz,0.3442529431700595,0.41804024564599,9.095096574498255,0.0006237634246357667,0.07836894902149603,0.2141428474579078,0.7230947585117148,0.9969092437780288,0.24380815639399323,-0.16690244855730438,16.86131199702683,0.00234375,0.4975,0.1349913451700498,True,True,True,True
pt011,MR1,097_to_096_warp.nii.gz,0.6310585021348483,0.747377082900323,9.434003728276188,0.0009487063600101394,0.09667205174059344,0.3231754598251966,1.6632050250285815,1.0034376310327526,0.37436561762319076,-0.9639015439349566,17.76590620169688,0.0090625,1.75703125,0.27663646168026784,True,True,True,True
pt011,MR1,098_to_097_warp.nii.gz,0.5043909359761104,0.5666051456971584,10.25066113048133,0.0016383024592724403,0.09573343409154804,0.3057272121139014,1.1533029895152238,0.9952434204261447,0.35681407885490346,-0.4808741041522675,26.364561928469364,0.011328125,1.167265625,0.2506906967980405,True,True,True,True
pt011,MR1,099_to_098_warp.nii.gz,0.4825113164729859,0.5926625281994355,9.15319228072504,0.0010931574663611847,0.08455229395033352,0.2664100217396266,1.1384640514221234,1.0008494263161114,0.35694576416514284,-2.42591574714967,36.45604846461806,0.01296875,1.159296875,0.2388666963850815,True,True,True,True
pt011,MR1,100_to_099_warp.nii.gz,0.41662968530196176,0.5557384377154189,8.646304584649307,0.0009201469937217294,0.0825132326749271,0.2331336312694644,0.9267614324631939,0.996257746209283,0.32091659658634436,-0.6435421119143137,21.756326738847573,0.00921875,0.866640625,0.21275721768562159,True,True,True,True
pt011,MR1,101_to_100_warp.nii.gz,0.38144854457361815,0.5337007201347319,9.433993850196588,0.0011299133501079272,0.07376604678900615,0.20520860220900783,0.8494502776766357,0.9994769093521845,0.29708632033430715,-0.4074308629050809,17.176048880204583,0.007890625,0.7884375,0.18284956882583214,True,True,True,True
pt011,MR1,102_to_101_warp.nii.gz,0.35884235042569934,0.48552956757981947,7.748217443692623,0.0008443225153015075,0.07395923268998876,0.20128419301525635,0.7851268765180968,0.9997707670702308,0.2741364338739261,-0.526492364116018,19.689437858332827,0.006796875,0.709921875,0.1646042572299122,True,True,True,True
pt011,MR1,103_to_102_warp.nii.gz,0.35392887708321974,0.4436896569899393,8.100060085579127,0.000741022179133534,0.07672140141037788,0.21113246360451365,0.763552098729212,0.9997819062827299,0.2596225697706048,-0.252811783349634,15.770057471831974,0.0034375,0.620859375,0.15008606609410158,True,True,True,True
pt011,MR1,104_to_103_warp.nii.gz,0.3189675256021822,0.4177468716800341,7.142585720614031,0.0006387925652136035,0.07371007327449113,0.1939779279690541,0.6506526156737484,0.9982584033313767,0.23450008551643026,-0.08319471444264201,16.729905696629555,0.001953125,0.459609375,0.1282714933527141,True,True,True,True
pt011,MR1,105_to_104_warp.nii.gz,0.36949447357598075,0.4096774745474004,7.616329473378134,0.0007866854420877777,0.08109501390911335,0.23472579533606422,0.8090755650503353,0.9964988465015813,0.2394894721155647,-0.09108797368352649,13.366604760454457,0.0028125,0.455,0.13467177905614638,True,True,True,True
pt011,MR1,106_to_105_warp.nii.gz,0.30520150946255,0.33174921559911186,6.697714542620151,0.0008035147065969848,0.07555867759563868,0.20384357098475875,0.6314410865782488,1.0000176440271054,0.19881981704148008,-0.09366973317320228,10.075700329225503,0.000625,0.29828125,0.10062920805602828,True,True,True,True
pt011,MR1,107_to_106_warp.nii.gz,0.3360462311785434,0.3563878992032554,6.667152179388347,0.0015891844014741699,0.07708359785194152,0.21592034731199888,0.7521035142758071,0.9988295605465084,0.21406881119711213,-0.32681868861488983,12.488529927068518,0.002109375,0.354296875,0.11183063319537341,True,True,True,True
pt011,MR1,108_to_107_warp.nii.gz,0.3554779216619457,0.37606983823336065,9.269624542273302,0.0008632337103362931,0.08350907745113623,0.23895119055330177,0.7648219228437343,0.9956080682827054,0.2328642937918559,-0.8849251247704231,10.337903149509913,0.00484375,0.38125,0.13266320364818707,True,True,True,True
pt011,MR1,109_to_108_warp.nii.gz,0.37214188617852995,0.43301904731506763,8.706644984469335,0.0015341578283332752,0.08198615362991636,0.23633654456166586,0.7908158536863291,0.9970515405458585,0.24006097341254645,-0.45220203958509886,15.351151476907123,0.003046875,0.445,0.14296284981204918,True,True,True,True
pt011,MR1,110_to_109_warp.nii.gz,0.29986995995136656,0.3084784737954813,6.736924726591171,0.0005978438672903678,0.07527847961624418,0.20669762495937238,0.6211340819571932,0.9994514973499219,0.18217027137365108,-0.15150055231823306,7.733104750284537,0.00015625,0.19859375,0.0888102688957242,True,True,True,True
pt011,MR1,111_to_110_warp.nii.gz,0.403208886164824,0.46380912868565455,8.366183124462882,0.001036662763560584,0.07929682903076399,0.23569136410864483,0.9633156257869858,0.9983966408145305,0.2241535361161006,-0.2083183176637262,8.605470817677867,0.000859375,0.39609375,0.13072710123711623,True,True,True,True
pt011,MR1,112_to_111_warp.nii.gz,0.3451147658244261,0.3946191778276617,9.531264429725157,0.0020279230877257633,0.08017865850020542,0.22262287000939324,0.7434573474865003,0.9975163939895468,0.22247901656618543,-0.8662914242134779,18.701002561501312,0.0015625,0.359921875,0.11592009446766777,True,True,True,True
pt011,MR1,113_to_112_warp.nii.gz,0.3299678044797787,0.4033920220672854,8.020916682800044,0.0010195453953751106,0.07534204950063898,0.20362693250146097,0.6923239994131978,0.9997387741800816,0.23672778082664309,-0.3203639390747928,26.554906529083812,0.0015625,0.45765625,0.12156761936217195,True,True,True,True
pt011,MR1,114_to_113_warp.nii.gz,0.3447599678611206,0.42301438390672275,7.375722383605371,0.0014396470224723379,0.07830542528985049,0.21371353526816209,0.7174458176874654,0.9982413576080553,0.2470880742301134,-0.5805892588519153,22.729624933443706,0.00546875,0.54953125,0.14126615180936827,True,True,True,True
pt011,MR1,115_to_114_warp.nii.gz,0.4429089912632904,0.5115174033902258,7.80666731414439,0.000858892729310874,0.08795031031156456,0.26788285189161903,0.9952416366107797,0.9953436014077879,0.30096902150899885,-0.43704579865101384,21.93682356880178,0.00453125,0.7515625,0.1936819672240766,True,True,True,True
pt011,MR1,116_to_115_warp.nii.gz,0.3881343792793114,0.4745493194660455,8.096042661664578,0.0010481833662842842,0.08017368019161882,0.2319670464363737,0.8589766441445124,1.0010653928315452,0.2658637385585932,-0.6191915863166352,12.385457786559776,0.0046875,0.715078125,0.16026080828018402,True,True,True,True
pt011,MR1,117_to_116_warp.nii.gz,0.3411851148483195,0.4553471480596668,9.887699054524356,0.001102285729851086,0.0739600364848405,0.19931087632043157,0.7260660301379,0.998212347342656,0.2647549523670791,-0.5275256070428823,27.672778936651195,0.008046875,0.593125,0.14733573210064232,True,True,True,True
pt011,MR1,118_to_117_warp.nii.gz,0.35465672380441543,0.4780174638087261,8.233546751482345,0.0011408206619703952,0.07435278822351461,0.20608574947556477,0.7393435623080044,0.9980346043298723,0.26751693230226115,-0.3908216608100592,17.836262734676406,0.004921875,0.635234375,0.15262445293477608,True,True,True,True
pt011,MR1,119_to_118_warp.nii.gz,0.35628152669915614,0.49881283633598833,8.12640229108465,0.0016384582923433064,0.07443023507607957,0.19937672574448473,0.7555834749480792,0.9978397940034871,0.2866646141711766,-0.22568122411436786,22.287820092173884,0.003671875,0.6578125,0.16715097189432354,True,True,True,True
pt011,MR1,120_to_119_warp.nii.gz,0.4085567297080502,0.5522874054297435,8.257848887528464,0.0016206245639343556,0.07803018051238345,0.22436269106788614,0.9268194497563307,0.9998662303018944,0.3324962494660861,-1.688409337247171,25.15236806733469,0.01390625,0.986953125,0.2109412949696774,True,True,True,True
pt011,MR1,121_to_120_warp.nii.gz,0.5092092418436348,0.588838372831385,7.6056950099580805,0.001077153127550725,0.09116140320593896,0.2952231447183879,1.1893880347287182,1.0017402954632315,0.3853105631348187,-0.5524429190071541,31.706620043355876,0.009453125,1.496953125,0.2623546214474045,True,True,True,True
pt011,MR1,122_to_121_warp.nii.gz,0.4344955165732599,0.5695012775102137,11.86045016439688,0.0009214709238834505,0.08377697082885617,0.24470560277818676,0.9744276614596679,0.9961829269574386,0.31153192991621664,-0.8039454839389089,15.65106632381642,0.014296875,0.95078125,0.21825208760952278,True,True,True,True
pt011,MR1,123_to_122_warp.nii.gz,0.40398989388483875,0.5422724860980104,8.056371607149186,0.0008163062255663663,0.07870544765614298,0.22689196521696497,0.8794489429188778,1.000241297682973,0.31504905235886677,-1.8067619646436002,26.18589366724636,0.01140625,0.8496875,0.19663381815875558,True,True,True,True
pt011,MR1,124_to_123_warp.nii.gz,0.3597248380963421,0.48447128603909984,8.556447807069228,0.0011806405946150139,0.07609353726495424,0.20657952751811773,0.7611833402755407,0.9987183101662449,0.26291435476279146,-0.21472316350099735,19.70758845550807,0.004921875,0.692578125,0.15926973779868664,True,True,True,True
pt011,MR1,125_to_124_warp.nii.gz,0.4282805722176103,0.503301681610572,7.377967068189272,0.0014120863960531541,0.08238053727330456,0.2523874594212382,0.9834961505874013,0.9987207674954776,0.29858425642086545,-1.0223482906560755,21.335616652976153,0.0053125,0.804921875,0.18661324562467457,True,True,True,True
pt011,MR1,126_to_125_warp.nii.gz,0.4700913954100859,0.5664690247931529,8.58461645886539,0.0016017827072889736,0.0835094273801151,0.25671449825884285,1.1726105836598617,0.997814657565778,0.3024853147421454,-1.3055030757209003,19.144881163405433,0.010390625,0.932265625,0.20523857510051186,True,True,True,True
pt011,MR1,127_to_126_warp.nii.gz,0.4029530989370911,0.4579147036801051,8.251523320121423,0.0008300317272595333,0.08295303977894032,0.24318465962416264,0.9317195516462751,0.996826703944781,0.2742189212688445,-1.035414061842971,18.352494842647193,0.005546875,0.595859375,0.15757987983998314,True,True,True,True
pt011,MR1,128_to_127_warp.nii.gz,0.3650349115798466,0.38105993022011736,7.96369845360247,0.0010676114752531495,0.08405016077425054,0.24225045556942099,0.7918267853675955,0.9959179623038453,0.2391123718102342,-0.4149843471416386,12.445343123495483,0.003515625,0.429296875,0.13431452107103864,True,True,True,True
pt011,MR1,129_to_128_warp.nii.gz,0.3054634860158687,0.313776824813733,7.612208262348763,0.0017039703640653763,0.0772990923036502,0.2116987660450882,0.6292886968951741,0.9982516781740307,0.18896776540362203,-0.3891358202292426,9.289595278030248,0.000234375,0.2128125,0.09360121632408608,True,True,True,True
pt011,MR1,130_to_129_warp.nii.gz,0.3636541474023337,0.3898486874711144,7.646671227714428,0.0009389602055903547,0.08285258138255884,0.23646551401379926,0.7859750396315899,0.9975232065350105,0.23698965628089338,-0.03922023511643696,21.702475210819202,0.00078125,0.4184375,0.13318929234349994,True,True,True,True
pt011,MR1,131_to_130_warp.nii.gz,0.4450610147755101,0.5266206906801784,6.9073569121807905,0.001013758889620178,0.0825834398716521,0.24579820742252717,1.104325486673501,1.0007873334176312,0.25272198419028896,-0.18217604541164364,8.206735796449305,0.000390625,0.702578125,0.14904192403553945,True,True,True,True
pt011,MR1,132_to_131_warp.nii.gz,0.3946310535649111,0.4475538813082471,6.22715501368247,0.00034313134585945907,0.0791930009647583,0.22769807217665153,0.964579057511443,0.9987695678005398,0.2101697164815706,-0.2419949129653671,7.816800903512958,0.000625,0.300859375,0.11913379132843097,True,True,True,True
pt011,MR1,133_to_132_warp.nii.gz,0.3300853362122444,0.3588017195891481,6.877480787004875,0.0017631923723971518,0.07894456098341877,0.2208543755841847,0.6936342849600522,0.9974106658543497,0.2028377928189152,-0.18164324252027622,9.296796573910296,0.001171875,0.272734375,0.10892802821891402,True,True,True,True
pt011,MR1,134_to_133_warp.nii.gz,0.3503221433313748,0.44360766628896653,9.620232917640656,0.0012715407301869901,0.07726567512748946,0.2138072538667069,0.7358669685162345,0.9983030897731185,0.2492426342576051,-1.058609649210916,22.262665881112397,0.003515625,0.466328125,0.13950650534264522,True,True,True,True
pt011,MR1,135_to_134_warp.nii.gz,0.36549598614447926,0.436639052719303,9.31778226999039,0.0008379925278022224,0.08052889370393924,0.22656261575695058,0.7930530236771473,1.0008243754934925,0.2650965515913484,-0.9264471827994606,25.283601501296296,0.01109375,0.608671875,0.14308666550752033,True,True,True,True
pt011,MR1,136_to_135_warp.nii.gz,0.3412286045459955,0.41803083471917796,7.310456888254872,0.0012462851358416096,0.07905861347158175,0.2134491010502375,0.7078095043799029,0.9984032627180837,0.23100975195865053,-0.15158689329612193,16.365198914351673,0.00078125,0.46328125,0.12997194488703767,True,True,True,True
pt011,MR1,137_to_136_warp.nii.gz,0.3674874019219904,0.4372647710278423,9.47454847825377,0.0009854404108372776,0.0814916150172475,0.22533100265865816,0.8052245176635335,0.9986256246807623,0.2397352971184637,-0.11190897211660311,14.466497064047516,0.0009375,0.51375,0.144015248966506,True,True,True,True
pt011,MR1,138_to_137_warp.nii.gz,0.49535063493746345,0.5136760627515946,8.55562529190765,0.0012775234245584026,0.09654366630745842,0.3129174360640237,1.1364254085042342,1.0028804284753359,0.3266924375364661,-0.7511120971728854,14.883400542073062,0.00390625,1.299609375,0.21856837377352223,True,True,True,True
pt011,MR1,139_to_138_warp.nii.gz,0.5540851939310579,0.635436035724799,9.228012767566732,0.0018164776019224597,0.09517898257632357,0.31543225645025497,1.343534638524786,0.9953632267675346,0.35661705519508263,-1.9624652507730145,18.313665359440183,0.01140625,1.331796875,0.2661785708816997,True,True,True,True
pt011,MR1,140_to_139_warp.nii.gz,0.6887159398183794,0.7533938134856101,8.312165407274554,0.0011625075301263544,0.1080200562327124,0.4002649960309775,1.6974232349510991,0.9935429492787967,0.4235462244688552,-0.5182072393789466,32.489701839867685,0.0096875,2.07875,0.3646951276804873,True,True,True,True
pt011,MR1,141_to_140_warp.nii.gz,0.5234750280816828,0.5564392023393763,9.078815078190503,0.0010855518341352946,0.09131045855001434,0.31593154842723203,1.2447452749448347,0.9998434900917215,0.28823387167657616,-0.35944030875909344,13.7595538181462,0.003125,0.831796875,0.19658079449676225,True,True,True,True
pt011,MR1,142_to_141_warp.nii.gz,0.61854224859851,0.6917916362441747,9.555713509189262,0.0008240827877915236,0.0951608388318859,0.34219633338720556,1.5578228904649474,0.9984602773925315,0.3310332339317,-0.32759486070777805,11.86032486424755,0.004609375,1.3328125,0.25450680351637,True,True,True,True
pt011,MR1,143_to_142_warp.nii.gz,0.4457269899013172,0.44438528907019464,7.116263984602414,0.0007471369378498765,0.08731893283630945,0.28212399879614514,1.0522360645978714,0.999859303959358,0.24835761613830182,-0.3535373637376223,9.512873686170856,0.00171875,0.62046875,0.14659167060407505,True,True,True,True
pt011,MR1,144_to_143_warp.nii.gz,0.37556833409765106,0.41016374566125136,9.125187105772676,0.0009011212237752907,0.08429366910085785,0.24552405911756786,0.8085559662571394,0.998058108859806,0.2315201218203177,-0.546965133302347,10.835763428284345,0.006875,0.411875,0.1339892560085166,True,True,True,True
pt011,MR1,145_to_144_warp.nii.gz,0.3810958329517986,0.44879160451242883,10.656446632856978,0.0013545556033933042,0.08370501194579033,0.23998435088255876,0.8232114717431483,0.9999329704234826,0.2610499657202791,-1.5801237134194484,23.14278313610804,0.004609375,0.6096875,0.1536627174530409,True,True,True,True
pt011,MR1,146_to_145_warp.nii.gz,0.46522761686158975,0.5450558152234874,9.39321232550545,0.0012426246234628101,0.08621098267669947,0.27020840636118626,1.0909430765607466,1.0000160515938292,0.31036885938902037,-0.8578897507075963,18.956289964813912,0.01078125,0.991640625,0.2044327691341323,True,True,True,True
pt011,MR1,147_to_146_warp.nii.gz,0.4191596538958609,0.5091644189047805,9.113395277382098,0.0011907015280125716,0.08083295568189,0.24058524888402,0.9587745431723501,0.9999281001220621,0.2886944580662102,-0.4765788879074556,15.469493698062811,0.00484375,0.850390625,0.1821969001664121,True,True,True,True
pt011,MR1,148_to_147_warp.nii.gz,0.3687300824710327,0.4782271221670059,8.16142360433153,0.0004812253879488312,0.07619396116565084,0.21199215869090338,0.8135482415715065,0.9985878890580967,0.2678380886325323,-2.880871661289615,15.966765474419262,0.00703125,0.7221875,0.1684477515984114,True,True,True,True
pt011,MR1,149_to_148_warp.nii.gz,0.4062967468260519,0.47717600659842335,11.034907279090968,0.001074523542652165,0.08496562767254978,0.2544586263684805,0.8853543406523816,0.9963913071775685,0.27595990419341143,-0.2907053346013462,19.02709064157707,0.003671875,0.655,0.17605392160599168,True,True,True,True
pt011,MR1,150_to_149_warp.nii.gz,0.38700690284987493,0.4756076619349878,8.62123945629562,0.0015890069447571644,0.0793829542745939,0.22552912008284237,0.8716974169336179,0.9982727518070725,0.25510178140632467,-0.5322631408892106,14.427475630751017,0.005859375,0.603828125,0.15485648588538695,True,True,True,True
pt011,MR1,151_to_150_warp.nii.gz,0.43547061334998377,0.5205524152731554,7.9846583704435945,0.001355707971002758,0.08310306428123429,0.24977070410274438,1.0200806426682474,0.9976551762056508,0.2879782229004642,-0.8022086525116967,15.036409532609989,0.0053125,0.810703125,0.182366820438971,True,True,True,True
pt011,MR1,152_to_151_warp.nii.gz,0.5708488677085259,0.6779110987338125,8.779324105128415,0.0009826193735200514,0.08854427102630799,0.29061163932455,1.516062503685207,1.0008397895738521,0.3446954415086972,-3.1072719221138874,18.323193375283097,0.010859375,1.26046875,0.243603070822667,True,True,True,True
pt011,MR1,153_to_152_warp.nii.gz,0.4158052316620631,0.4894058837405566,7.741497758899125,0.0011984852013934093,0.08127331623780143,0.2386883977034011,0.9863425643548023,0.998355967526926,0.27194645851285326,-0.30870995923848243,12.583908815890874,0.004609375,0.787265625,0.16837307197842324,True,True,True,True
pt011,MR1,154_to_153_warp.nii.gz,0.3600951598084728,0.4325374671769309,8.136355087702215,0.0013647317490151237,0.07936856708984015,0.2246337119981962,0.756398194072839,1.0005498454599675,0.2455674143793525,-0.423557264985559,15.526958506512074,0.002578125,0.550390625,0.13503579912910485,True,True,True,True
pt011,MR1,155_to_154_warp.nii.gz,0.4300656392675772,0.5185170277824832,9.229972315610718,0.0016031005616606287,0.08226683582365944,0.24492851265949384,1.0319755899446075,0.9968945996513922,0.282554035059803,-0.7181098009237731,19.81770480902215,0.007109375,0.7578125,0.17587444151071838,True,True,True,True
pt011,MR1,156_to_155_warp.nii.gz,0.3389535822344007,0.4642641241832281,9.451870613884171,0.0014792184242446015,0.07567865457587454,0.19975201932422132,0.7057957126404039,0.9984466821964743,0.24300638228951504,-0.403231178113057,14.069457784665607,0.006328125,0.541171875,0.14248644938196767,True,True,True,True
pt011,MR1,157_to_156_warp.nii.gz,0.3388228867343295,0.44505207405373776,9.323269492497193,0.0014416993324886582,0.07654353837169782,0.20541427195640352,0.6995799827916884,0.9983471193729921,0.2362897739502962,-0.3663213326429973,15.418701809597655,0.008359375,0.506953125,0.13638680578522652,True,True,True,True
pt011,MR1,158_to_157_warp.nii.gz,0.3134299964425775,0.4133245537109194,9.295813705294519,0.00044313958044260495,0.07449544911480202,0.1978603465120543,0.6216227846007003,0.9988072524846291,0.22274947225737923,-0.41885821264090245,14.092838467118034,0.006328125,0.41421875,0.11779987649745945,True,True,True,True
pt011,MR1,159_to_158_warp.nii.gz,0.48166663005703214,0.511763855654967,8.22481040518855,0.000529463876398598,0.09782185304212042,0.30437700868637996,1.1008217307642822,0.9934987248749391,0.308772555408889,-0.2459916440959496,13.36442769663844,0.00203125,0.929140625,0.21290131849730734,True,True,True,True
pt011,MR1,160_to_159_warp.nii.gz,0.4683937036745985,0.5701342727361274,9.242978138479918,0.0014018533506600342,0.08163881428245832,0.24716588939268572,1.1942040992743739,0.9999488148859442,0.2887478037019889,-0.30199026424083697,16.27666155245953,0.004453125,0.935234375,0.19532393975257029,True,True,True,True
pt011,MR2,002_to_001_warp.nii.gz,0.79375818686346,0.9225172454233321,9.357771617391652,0.0029666945285934444,0.15130113149410687,0.48562331219816607,1.7523616275371163,1.0077298665359666,0.5271540483518752,-0.34604729445529897,23.058749987315704,0.00796875,3.63390625,0.4554550005727281,True,True,True,True
pt011,MR2,003_to_002_warp.nii.gz,0.35712383666642505,0.3818065358839626,10.077943631874312,0.0008327216037867087,0.08185502250319324,0.23707276977197278,0.7636788615477021,0.9992480533425129,0.22819897711658363,-0.49731327300813977,18.706138375138654,0.003046875,0.38859375,0.12579997086104835,True,True,True,True
pt011,MR2,004_to_003_warp.nii.gz,0.5960564907231275,0.5801160687522895,6.603377497333437,0.001759885497275573,0.1126570659021271,0.40491807657815737,1.3361631998957897,0.991485401389947,0.33368558289127953,-0.02835315421433378,7.591241319410408,0.00015625,1.075546875,0.26266446747013283,True,True,True,True
pt011,MR2,005_to_004_warp.nii.gz,0.9374758745604551,1.156124226857654,12.09850124305165,0.0034620019668721103,0.1761238298128695,0.5368755703608601,2.129524869475952,1.0102770014428444,0.643776681033874,-2.0662072870887793,33.60944897543388,0.032265625,4.656796875,0.614466699068803,True,True,True,True
pt011,MR2,006_to_005_warp.nii.gz,1.1683109238534837,1.5012801114460137,14.215675365322918,0.0015715515541321647,0.16768963715415766,0.6419713541850078,2.7625997624534815,0.9816063718330028,0.5619660105511792,-1.691896240782882,22.605560442631088,0.052265625,3.505078125,0.7567356862239151,True,True,True,True
pt011,MR2,007_to_006_warp.nii.gz,0.4695981153842391,0.4520804464153171,7.457099961817272,0.0006668535282200402,0.09693157114977277,0.31750432274701457,1.042038840044069,0.9952484812068698,0.2727606612179715,-1.7236937002667565,8.61602933337735,0.001015625,0.62640625,0.18293777674945177,True,True,True,True
pt011,MR2,008_to_007_warp.nii.gz,0.45663994997469415,0.4398299189729535,6.072250597156639,0.0011253216356695852,0.08966495910769057,0.30747386281054756,1.00969589686235,1.0011343429876738,0.26278523142720095,-0.04156850811124384,10.62186573474684,0.00015625,0.7096875,0.16145431102681718,True,True,True,True
pt011,MR2,009_to_008_warp.nii.gz,1.5132365283530804,2.09637892116119,17.96311109104716,0.0016824903419729348,0.20446633193679983,0.7577790445610888,3.8051405379956207,0.9754772500776177,0.6863857899277886,-5.63737809962195,42.435102423429846,0.15359375,4.246171875,1.1375324555989361,True,True,True,True
pt011,MR2,010_to_009_warp.nii.gz,0.9351065569770263,1.2202507837302865,14.088123318254294,0.001474327097790764,0.17722331638180458,0.5076479116706895,2.135912967604082,1.0101240969784941,0.666646708753771,-1.862893832171844,44.152775495649834,0.046015625,4.69375,0.6253581828049668,True,True,True,True
pt011,MR2,011_to_010_warp.nii.gz,0.7471443047729138,0.7529939311266373,6.572399804290614,0.0012085559080257046,0.1153630932796861,0.4592710065532216,1.853470421860942,1.0023460994396687,0.41021528545938957,-0.2431249833355162,21.426744964139168,0.00375,2.22875,0.30767393763308937,True,True,True,True
pt011,MR2,012_to_011_warp.nii.gz,1.6225398509239908,1.8890888722358625,20.559603533274437,0.0030085854612716596,0.20949032956492084,0.9669108953626415,3.8057675177966335,0.980124612857315,0.661881989449594,-3.8760034872701676,38.40655582497443,0.157265625,4.793671875,1.087319613770366,True,True,True,True
pt011,MR2,013_to_012_warp.nii.gz,1.157743437383053,1.169195040574337,10.546758815181047,0.0026945066140674685,0.16559864800618562,0.7200632810272222,2.8816961917610167,1.0024511226111423,0.6181750545793823,-3.1004306175256953,22.815927318876952,0.0434375,4.560078125,0.6214535108865619,True,True,True,True
pt011,MR2,014_to_013_warp.nii.gz,2.3929380294859195,3.4640809460921034,26.796488369469206,0.002480292557395926,0.2864995210538674,1.0473665259789375,6.412499035028041,0.9650765812014411,0.9231731272736429,-26.73022208323014,50.921414364464496,0.819140625,6.77890625,2.3662010601478993,True,False,True,False
pt011,MR2,015_to_014_warp.nii.gz,1.3917584460533001,1.9521851279535836,21.743748364992367,0.006892097278663967,0.25398640068197464,0.7537662953187134,3.008466409793492,1.0155511284657033,0.9766774237008216,-3.1931219806713083,46.39511323576715,0.143046875,6.85328125,1.1345795572628785,True,False,True,False
pt011,MR2,016_to_015_warp.nii.gz,0.8399053510646891,0.9416612638293095,9.75593518412608,0.001041197883034097,0.16441974823339914,0.5336965711145054,1.8021097301764946,1.008464829787166,0.5536154075350889,-2.1180842493753276,25.625454225298377,0.0096875,3.916328125,0.4785703162656522,True,True,True,True
pt011,MR2,017_to_016_warp.nii.gz,0.6787733309332618,0.7081061025611236,6.861981791393716,0.001995561180279804,0.11396271196836925,0.40194037873058985,1.6780007084121944,1.0056794892083045,0.3937769296951574,-0.17112975916503395,12.07387847672087,0.001875,2.23328125,0.2874038396619972,True,True,True,True
pt011,MR2,018_to_017_warp.nii.gz,2.1768201689710827,3.1672324643198433,26.686469130105053,0.00414686253014881,0.25697991114362706,0.9445865429116481,5.819688034065134,0.9680704284591993,0.8975301385738353,-19.991080083952912,124.95741876721259,0.66140625,6.1628125,2.084242370173477,True,False,True,False
pt011,MR2,019_to_018_warp.nii.gz,1.2811773098796089,1.726592216224784,16.335388211657758,0.0034380456035393576,0.2271559810896858,0.7057692001042486,2.7949482489556234,1.014085222384771,0.87963137435958,-4.827083688765632,47.17853420499498,0.11734375,6.19984375,0.9882279621043941,True,False,True,False
pt011,MR2,020_to_019_warp.nii.gz,0.9243489023822674,1.0857657883129734,13.533164490920326,0.0016984257824208294,0.11700228435487153,0.4844284363034025,2.4358137035080656,0.9909286413111132,0.45437775671282177,-2.7162090371401075,21.447153992403372,0.019609375,2.250390625,0.44703258505884713,True,True,True,True
pt011,MR2,021_to_020_warp.nii.gz,0.558096114576031,0.5994208584251667,6.5822372667957625,0.00133130442686153,0.1015797246520507,0.32957923735296163,1.3571660102299958,1.005226263221202,0.3409876658399189,-0.3598628395121624,9.863859024729942,0.000625,1.67859375,0.222733183084328,True,True,True,True
pt011,MR2,022_to_021_warp.nii.gz,0.32446993806110075,0.2963866780601228,5.758170110858525,0.0007118415903154195,0.08054020203414415,0.22886632678738378,0.6882628036250661,0.9954638187710861,0.1931702437168468,0.008496159471312359,9.047436743262836,0.0,0.15390625,0.09073918732947414,True,True,True,True
pt011,MR2,023_to_022_warp.nii.gz,0.41720581703583404,0.44404794123952895,7.492942537586687,0.0015014184496587168,0.09011415091382666,0.27272964066287775,0.9123534731704867,0.9924561187781388,0.2500126308352356,-0.12723211055420156,7.256854055398027,0.000703125,0.401328125,0.14634939643006495,True,True,True,True
pt011,MR2,024_to_023_warp.nii.gz,0.28205970943458997,0.2726491903417627,4.188607928173135,0.0013755193619412473,0.07487406256585617,0.1983312435888271,0.5787695622494219,0.9972698458490434,0.17843565610217516,0.025045216500708543,8.35135510513779,0.0,0.18234375,0.07947186981929935,True,True,True,True
pt011,MR2,025_to_024_warp.nii.gz,0.26936974301300787,0.2545179799943758,4.65449552578656,0.0013847645472629818,0.07458997492922288,0.19490729131297863,0.5378566578381012,0.9986680730765094,0.16644610374682398,0.0038415270258130327,5.624690776507892,0.0,0.1365625,0.07422066118969128,True,True,True,True
pt011,MR2,026_to_025_warp.nii.gz,0.45363714449883036,0.4625510223633863,5.742445569056054,0.0010870650142143226,0.08765217967735706,0.28022137388219603,1.0933996806935762,1.0018793178033916,0.2685237156123857,-0.5785323016172239,8.828797917406092,0.00015625,0.797890625,0.1630414734825964,True,True,True,True
pt011,MR2,027_to_026_warp.nii.gz,0.5875252090763599,0.5826675334645558,7.298262149205326,0.0015086735810357053,0.10653502013646038,0.37868588855022567,1.339952775816106,1.0041371080271226,0.3516598648253133,-0.11522923568815188,11.29607326269945,0.000546875,1.735390625,0.24746826786071816,True,True,True,True
pt011,MR2,028_to_027_warp.nii.gz,1.5340896889461628,2.0648330132726245,17.030645354643212,0.0026782585782997178,0.19980655423745922,0.77120754638232,3.8537012945644107,0.976128616391459,0.7115215965792063,-17.544150071625157,40.39437265900267,0.17203125,4.47328125,1.2015612146346453,True,True,True,True
pt011,MR2,029_to_028_warp.nii.gz,0.7344532756646508,0.8325258593668347,10.399161093340421,0.0015548226115711895,0.13492309189502352,0.43934714055964985,1.6916466108275412,1.0069907593276142,0.4757698613786048,-0.7067792641112828,16.15289592336239,0.007734375,3.08390625,0.3885442994880812,True,True,True,True
pt011,MR2,030_to_029_warp.nii.gz,0.5161721551422955,0.514438816030996,7.286669858710164,0.0008894005324100964,0.10242651124476114,0.3376280923403704,1.1680827042240787,0.9926662099452224,0.2984931817186309,-0.01609967547564026,19.168710195084245,0.0003125,0.748359375,0.20288666959737542,True,True,True,True
pt011,MR2,031_to_030_warp.nii.gz,0.3986460963962638,0.39555294564565596,6.5416923015975925,0.00044583626995575774,0.08740328335737241,0.2627289323439702,0.8884307636712568,1.0010255176792517,0.2366683355747732,-0.06042074197943432,9.701664631199469,0.000234375,0.5059375,0.12959806134941268,True,True,True,True
pt011,MR2,032_to_031_warp.nii.gz,0.5071236622663433,0.5047186140810069,5.976009896337953,0.0012189503724340188,0.10259810891080275,0.338636454246242,1.1278383165066315,1.001971255371051,0.30943411887831257,-0.13829395432576122,11.871104514964824,0.00046875,1.204921875,0.20200362614766595,True,True,True,True
pt011,MR2,033_to_032_warp.nii.gz,0.6217047596131722,0.6512902627244695,6.9460729500736536,0.0022300400077985604,0.09321207786336479,0.34780790288110863,1.6116575404545133,0.9976968304107091,0.3138620122447276,-0.5783493623061964,14.123340826752909,0.002109375,1.1121875,0.2220195026997348,True,True,True,True
pt011,MR2,034_to_033_warp.nii.gz,0.6036985543865927,0.7059687508085797,10.568395395911878,0.002988497481473988,0.11545596318285188,0.37760378889739443,1.307340316006369,0.9890589895237637,0.3477483804554912,-0.05166256524395517,11.753631015923308,0.000703125,1.0815625,0.2798037414049393,True,True,True,True
pt011,MR2,035_to_034_warp.nii.gz,0.7425250911583583,0.8818215796264948,10.511903526729782,0.0013031304576478075,0.13803935209572596,0.44490092632215567,1.640026497016555,1.007673589030407,0.4922393170087777,-0.6105707179415554,16.699044994175786,0.005625,3.368671875,0.4051876250427281,True,True,True,True
pt011,MR2,036_to_035_warp.nii.gz,0.3729158517844396,0.353556032220428,5.592571360749993,0.0008845219243617506,0.08414183454992742,0.25808775020614194,0.7994026461212573,0.9955575257795263,0.2190395891838305,-0.07885311660258515,6.370499406876816,0.00015625,0.309140625,0.12363832021984497,True,True,True,True
pt011,MR2,037_to_036_warp.nii.gz,0.34631317957789925,0.32643670487380844,5.543417284581593,0.0010367170987646867,0.08329749975521708,0.2412716756606056,0.7424571839617131,0.9950132402320394,0.20923962771697538,-0.05455608190376664,5.776503773415238,0.000859375,0.234921875,0.11204363160484113,True,True,True,True
pt011,MR2,038_to_037_warp.nii.gz,0.6095612282358581,0.6922859152867817,8.498357491970266,0.0015651862172125742,0.11207577383480556,0.3712592319552309,1.383745300143807,0.9889203014908108,0.3591900192906778,-0.3220840121239835,9.762574905117795,0.001484375,1.274921875,0.2912039238696291,True,True,True,True
pt011,MR2,039_to_038_warp.nii.gz,0.774026126338091,0.8342466897763919,8.126003428978343,0.0009823679747461606,0.10074352329616354,0.41994605171385424,2.019751858759295,0.9961748544390286,0.3957132293584976,-0.6901183228266136,20.92730757078912,0.010859375,1.951875,0.3447006226103346,True,True,True,True
pt011,MR2,040_to_039_warp.nii.gz,0.9506827516743471,0.9426283715145121,9.38751801845185,0.002593588600939336,0.15272416707757433,0.6147006807913754,2.2365072179995162,1.0064190571680476,0.5387547761924095,-1.735905805957991,39.880780014513455,0.0184375,3.698984375,0.4833760232476754,True,True,True,True
pt011,MR2,041_to_040_warp.nii.gz,0.9034300575015796,1.138148349563392,13.51063144468852,0.0015932656839319854,0.14454062141595894,0.5153614486717869,2.072667795945475,0.985401712366568,0.4754652820136374,-0.6886167843668055,23.63691773308233,0.0171875,2.36359375,0.5203232061027715,True,True,True,True
pt011,MR2,042_to_041_warp.nii.gz,0.6657373968671941,0.7611481386686558,7.63942342880951,0.0018534958817299969,0.13250174976592663,0.3972795115244193,1.5205659817053063,1.0073892991082387,0.45939845794261613,-0.7741902639687024,14.012285651127957,0.002421875,2.954765625,0.35374730588238756,True,True,True,True
pt011,MR2,043_to_042_warp.nii.gz,0.3845857100353169,0.3998888943373015,7.621755436392282,0.0009024693279920777,0.08713977324896455,0.26067985750584505,0.8071496548241544,1.0001834996083805,0.2293845037680207,-0.16456645386188795,9.81751076804986,0.0021875,0.465703125,0.12220706544670261,True,True,True,True
pt011,MR2,044_to_043_warp.nii.gz,0.6936427394231448,0.8391491493195642,9.169861406784827,0.0010699970289025783,0.12069174311358061,0.4016858222836683,1.6060207124540518,0.9876077910027523,0.39075611875671623,-0.322126549682062,9.809187753558925,0.003671875,1.56296875,0.3556051288264184,True,True,True,True
pt011,MR2,045_to_044_warp.nii.gz,0.35592487097725045,0.3361555421296948,5.632545918154875,0.0017737009932521626,0.08428840674565063,0.24400826408393342,0.7716748597941465,1.0005289345006505,0.21355745510938795,-0.14419836889386659,8.30600964527799,0.0003125,0.35609375,0.10787655833100883,True,True,True,True
pt011,MR2,046_to_045_warp.nii.gz,0.5596752854494315,0.5913069578111887,7.490293585451449,0.001376127065780811,0.09383217183564836,0.32096923286485196,1.429888852855239,1.001510135666058,0.2930385438318647,-0.24915870378416793,12.037601909585707,0.000703125,0.981328125,0.18589396815103873,True,True,True,True
pt011,MR2,047_to_046_warp.nii.gz,1.3955357799996677,1.699349105119928,24.308012546385267,0.003439424281057902,0.16952256592028792,0.7980688451465523,3.3859855691176963,0.9886090457302691,0.7055685844242372,-8.962167232010792,40.93261801211206,0.21703125,4.533359375,0.9834642595382956,True,True,True,True
pt011,MR2,048_to_047_warp.nii.gz,1.0842576816768876,1.2107502773565273,12.981976906830766,0.0009049702379535225,0.13742325279608544,0.615929325087228,2.7000312382487035,0.9902465115606008,0.5477255712985423,-4.128537667273371,21.78913825398397,0.096015625,3.426640625,0.624817335449194,True,True,True,True
pt011,MR2,049_to_048_warp.nii.gz,0.7803129464845918,0.914979491096894,8.661194430288084,0.003996244185622247,0.14727630132566266,0.4564730434054902,1.7900852909022902,1.0079020634616895,0.5305898865667527,-1.3449216868270284,16.582937536829096,0.008515625,3.612890625,0.4525380331830256,True,True,True,True
pt011,MR2,050_to_049_warp.nii.gz,0.4901202416405029,0.5012733425497562,6.215824556351898,0.0017048812004870784,0.09462209728440803,0.3201751189082528,1.0931245577570337,0.99283574106068,0.29236049745486387,-0.010696949521272226,9.274221305621602,7.8125e-05,0.767578125,0.1999853476506386,True,True,True,True
pt011,MR2,051_to_050_warp.nii.gz,0.35384783653305407,0.3813867108418774,6.177844675176321,0.0006751996080692791,0.07955471890611343,0.2300062196223613,0.7611440867291315,0.9990690460524667,0.24423032954502258,-0.277070970527391,18.438248001251775,0.001328125,0.466484375,0.1308880522879884,True,True,True,True
pt011,MR2,052_to_051_warp.nii.gz,0.45223803132798557,0.4777397861986748,9.002285343104395,0.001628065187416573,0.09301857369478035,0.2856948691677624,1.016645996313333,1.0023217522531882,0.29107769986779763,-0.12478914547571361,21.607482698450625,0.001015625,0.922421875,0.17511437911971026,True,True,True,True
pt011,MR2,053_to_052_warp.nii.gz,0.41055430898575196,0.4327827238782601,5.939341006491681,0.0011807574045251024,0.0827762187737802,0.24985244407726714,0.9651639183609747,1.0007288168963837,0.24871190307882374,-0.26910192039598496,7.855629288490323,0.00046875,0.618828125,0.1461927124148399,True,True,True,True
pt011,MR2,054_to_053_warp.nii.gz,0.2660251996411374,0.25246299026130187,4.559914310591101,0.0010841996286371637,0.07336086396595441,0.18861754745634124,0.5408844001211037,0.997016356734591,0.16501733012883726,0.018913857702837322,5.931138149798078,0.0,0.128203125,0.07291527669723465,True,True,True,True
pt011,MR2,055_to_054_warp.nii.gz,0.3687231188216602,0.34781069928703195,6.870618934179878,0.0013002928243641466,0.08615356022071285,0.25557731271424355,0.7963853198798673,0.995184692818698,0.23189937106175817,-0.25166843941139505,6.517258701155482,0.001171875,0.39875,0.1349541004542682,True,True,True,True
pt011,MR2,056_to_055_warp.nii.gz,0.40881538900164105,0.3927946883805512,5.930548761368934,0.0014021197390821829,0.088260251445704,0.2768261505681552,0.9022085337563547,1.0008217109645474,0.24613420002167063,0.01468177052637919,9.574618977909635,0.0,0.5925,0.14905417059387646,True,True,True,True
pt011,MR2,057_to_056_warp.nii.gz,0.2742829018998922,0.28077525285597726,6.8383113119802,0.0016080674389972553,0.07418763343652647,0.19269161556128628,0.5481052586693288,0.9984711043290283,0.178869556761627,-0.379935716031144,18.11987500964564,0.00078125,0.19609375,0.07805384121859966,True,True,True,True
pt011,MR2,058_to_057_warp.nii.gz,0.8288648938685305,1.0250348764015962,11.365576363646174,0.0021105838748748666,0.1346926131821743,0.48802043358993547,1.8589187040618822,0.986011231449677,0.45295835117322053,-0.7202665722163331,16.5234549460367,0.011484375,2.19890625,0.4736766316562971,True,True,True,True
pt011,MR2,059_to_058_warp.nii.gz,0.37113418266317805,0.35498644678801594,5.0238961174300405,0.0008824374142757905,0.08916008695615373,0.2561811539119062,0.7945817616951035,0.9938905922756599,0.23731782180762537,0.008488450525354626,12.178003099604465,0.0,0.32984375,0.12830066834805653,True,True,True,True
pt011,MR2,060_to_059_warp.nii.gz,0.36632969017156186,0.349782689628255,5.538748637333788,0.0008669458600887662,0.08704929321539381,0.24959996636607734,0.7987256057881149,1.001426507084302,0.22917245033401115,0.007871691970448215,8.212098625253958,0.0,0.466640625,0.11786275439386432,True,True,True,True
pt011,MR2,061_to_060_warp.nii.gz,0.6058829184935937,0.6095791807828866,7.665755702444533,0.00022869840990360672,0.11043107038777734,0.3975001220874941,1.3761476321152972,1.0039246758622964,0.37821850695836273,-0.3346901846816106,14.02619606274031,0.00125,1.997109375,0.2893377393048734,True,True,True,True
pt011,MR2,062_to_061_warp.nii.gz,0.41136394515371083,0.4087929655124527,5.862111082145841,0.0015174256049287256,0.08362706384846252,0.26199614834222207,0.9416459872438658,0.9986713923970341,0.22793874024933353,-0.030040365304157,6.722013779145739,0.00015625,0.433984375,0.13702678503610013,True,True,True,True
pt011,MR2,063_to_062_warp.nii.gz,0.31131057815215935,0.3269108588203929,6.672402273459675,0.0012651400651796816,0.07657750781917529,0.20762557049271496,0.659524819212339,0.9984812246895761,0.20161804761360358,-0.12655012868321638,19.832103069770756,0.00015625,0.264921875,0.09619164598794962,True,True,True,True
pt011,MR2,064_to_063_warp.nii.gz,0.8754549770869667,1.0895985939923862,11.178987477804485,0.0016425680229271219,0.13713605983443508,0.4857589237655548,2.0712132380467496,0.985103206787765,0.4700697367514313,-1.2014134871069693,17.28534072035349,0.01,2.195390625,0.4960880682994625,True,True,True,True
pt011,MR2,065_to_064_warp.nii.gz,0.4140232121658596,0.4348152745691822,6.137072293110023,0.0019167384309891366,0.09023661096600893,0.27078212327372414,0.9078936941041852,1.0011684121022408,0.2622169816575258,-1.2928606160064358,21.950832777631053,0.0015625,0.6678125,0.1471442674954099,True,True,True,True
pt011,MR2,066_to_065_warp.nii.gz,0.47743004793738547,0.4886474934780237,8.091916000510688,0.0019268698591298821,0.09721229336318904,0.3091726170126283,1.079190785662125,1.002721400966739,0.2988087478101719,-0.11758424808480353,13.526032042758933,0.000546875,1.059765625,0.18558187625058128,True,True,True,True
pt011,MR2,067_to_066_warp.nii.gz,0.3907034883618762,0.40672361698524434,7.889123819899348,0.0007591991287165548,0.08455902320049888,0.25118751123832406,0.8774365110789518,0.9999350091513785,0.237752642367689,-0.020852372003209416,25.06728633450106,0.000234375,0.458203125,0.12927851008690455,True,True,True,True
pt011,MR2,068_to_067_warp.nii.gz,2.3832932244837686,3.39134232521351,26.39776495537355,0.0033624450687798064,0.2719570964370958,1.0395693280003582,6.491417706871788,0.9675037890743804,0.9221836170933848,-15.429822755431038,55.74792291311239,0.799765625,6.7303125,2.3502411307667326,True,False,True,False
pt011,MR2,069_to_068_warp.nii.gz,1.1010998922675228,1.4161182147485083,15.541780815611729,0.002095195072468936,0.20818651236126134,0.6316107015350874,2.409596410324283,1.0120218498812465,0.7576476273423611,-1.519709803028683,40.660990459041,0.049375,5.546796875,0.7635871999385341,True,False,True,False
pt011,MR2,070_to_069_warp.nii.gz,0.41042440075109526,0.38824526144393257,4.63866536129389,0.002191691925364952,0.08965679991084607,0.28086471698806204,0.9051694193553718,1.0015478062713694,0.24042374160684374,-0.11826796155063442,6.504000078518111,0.000390625,0.52921875,0.13621092552518327,True,True,True,True
pt011,MR2,071_to_070_warp.nii.gz,0.418338458434044,0.3889977067917168,4.708757878364892,0.0012665326437818604,0.08712671161139018,0.2808423932791416,0.9592849747239416,1.0007900041664917,0.23458367316211587,0.022167337928293594,7.764868224466975,0.0,0.495546875,0.12914325701536022,True,True,True,True
pt011,MR2,072_to_071_warp.nii.gz,1.6622460278672155,1.977043670616413,26.680096331387098,0.004476650849817717,0.1975944205179118,0.9679349296800202,4.081559805358,0.9815543965052804,0.6688864388571398,-4.843708399571876,26.18516404287572,0.174609375,5.011328125,1.1459303808780672,True,False,True,False
pt011,MR2,073_to_072_warp.nii.gz,1.3047667680710684,1.3684208590223932,11.56521575358933,0.0029790278166661405,0.1848807016409009,0.7791369861312712,3.24808334312904,1.0081829037619296,0.7670511974974702,-2.1492167935724438,36.015217005116305,0.10140625,5.731484375,0.8360613997978249,True,False,True,False
pt011,MR2,074_to_073_warp.nii.gz,0.2982124530427223,0.2940141417370115,4.912021770660256,0.000817826399742742,0.07687010304273362,0.20654391554588683,0.618220495297353,0.9984436181827973,0.18566034784636412,0.006375480511683527,13.637243265335258,0.0,0.218515625,0.08816397533558976,True,True,True,True
pt011,MR2,075_to_074_warp.nii.gz,1.700255669962102,2.4324110233016545,21.857970183278773,0.0030142857754364948,0.2107462336890479,0.7771231365648363,4.494498438172158,0.9748394375382974,0.7600834065689369,-8.128248621105335,60.76763629004637,0.311796875,4.714765625,1.4119272835375003,True,True,True,True
pt011,MR2,076_to_075_warp.nii.gz,1.1801922423174436,1.585538664173404,19.481641294590634,0.004643163145250524,0.21040385208944906,0.6377258133576441,2.6981552621619445,1.0128757442894936,0.8291592590148777,-2.3053926949695103,50.873532677739014,0.09890625,5.794296875,0.8916644494016329,True,False,True,False
pt011,MR2,077_to_076_warp.nii.gz,1.174124691517178,1.5197178443367387,13.728336168608127,0.0028872066450797555,0.16791631164181617,0.6316710485609924,2.803774132780739,0.9811888035104728,0.5723921739825096,-2.08050028016348,33.21846569189032,0.05328125,3.31875,0.7740176942544094,True,True,True,True
pt011,MR2,078_to_077_warp.nii.gz,0.9594191898964922,1.1347238715788694,11.129605690605011,0.001608690445519763,0.16944912647032684,0.5629010227559019,2.168621378828302,1.010326647224354,0.6390080633398358,-1.0659240499203173,21.648120775218135,0.033671875,4.75,0.6117593352319435,True,True,True,True
pt011,MR2,079_to_078_warp.nii.gz,0.4252731236963399,0.3984306350695979,5.578571113402648,0.001637059618764409,0.09343768604938714,0.2988458076049694,0.9211929286660802,0.9944480073143328,0.2584753290983624,0.020348264953488335,7.497684188063679,0.0,0.53796875,0.1648053263710882,True,True,True,True
pt011,MR2,080_to_079_warp.nii.gz,1.3507846297719517,1.8980685278613325,15.737671536947868,0.002802663538427265,0.18345074180584914,0.6411503754184913,3.456997376231081,0.9776541975515267,0.6487549369996282,-6.99968031361679,33.24196488127259,0.107109375,3.7021875,0.9981037881990853,True,True,True,True
pt011,MR2,081_to_080_warp.nii.gz,1.3722586107608663,1.8517665991255494,18.563597389767054,0.005835108934006786,0.24202563761016505,0.7605228175824007,3.0074077798264787,1.0155750487851025,0.9390265923216552,-5.778173138088088,36.47813980264378,0.171953125,6.51734375,1.1020765598561684,True,False,True,False
pt011,MR2,082_to_081_warp.nii.gz,0.853831402610329,0.9499967673730606,9.488804125908167,0.0022195461641636104,0.12582948906229108,0.5014560572551696,2.0568108874961832,0.9872077743544116,0.4443471774833457,-1.4399989847198547,14.925529958667193,0.00546875,2.304453125,0.44298562776304007,True,True,True,True
pt011,MR2,083_to_082_warp.nii.gz,0.4707648333287651,0.4765417481460401,5.674578905693092,0.0007718868955931036,0.08931011614506022,0.2939145888998185,1.1254099733888692,1.0011359875777068,0.2839447836284347,0.0025285937454143518,9.897884554045884,0.0,0.964453125,0.18505853592763555,True,True,True,True
pt011,MR2,084_to_083_warp.nii.gz,0.5271401279342682,0.5079077719439486,5.889947197479499,0.0007856275846820232,0.093582000149049,0.3372438804685992,1.2429149615106783,1.0015665156403981,0.2994116147959004,-0.16623731743466894,25.33970198272231,0.000625,0.9553125,0.19348885398220528,True,True,True,True
pt011,MR2,085_to_084_warp.nii.gz,0.6492404557329094,0.7167782005285268,9.148071113263233,0.0016005106217845295,0.11725775488568671,0.40855203093126147,1.4642833461933502,0.9897362997130563,0.37282019800006033,-0.23771763566193888,12.10532418130282,0.00375,1.435390625,0.31361566341005903,True,True,True,True
pt011,MR2,086_to_085_warp.nii.gz,0.7238581691408073,0.7956704066772149,7.958170560539814,0.002230811396288996,0.13490901086096926,0.44461839148413174,1.6603709696543159,1.0064743566602607,0.4777378525014263,-0.6162477870454455,16.49989766005417,0.00453125,3.0915625,0.3922330787562151,True,True,True,True
pt011,MR2,087_to_086_warp.nii.gz,1.5407811054762148,2.1506786244962175,19.517238505975676,0.0026537003454380386,0.20310201327713218,0.7408067069309732,3.929477195909619,0.9761142704488172,0.7125411246528315,-7.470164977145636,39.58408528363401,0.20375,4.34453125,1.2345613610295936,True,True,True,True
pt011,MR2,088_to_087_warp.nii.gz,0.7406709313319241,0.8598914302179644,8.388312364984408,0.003334787866706604,0.14253858477777684,0.4395298883611306,1.6837452070910057,1.0078713069686196,0.5035105684302683,-1.0043068258350842,18.19885718920571,0.00703125,3.418515625,0.4119159291314423,True,True,True,True
pt011,MR2,089_to_088_warp.nii.gz,0.69204694585247,0.7029147730630062,7.489187550550505,0.0014869318387864892,0.12711624933871374,0.4520541225270275,1.5426058546438057,1.0058178260245054,0.42203181357058905,-0.39793363335271925,16.403109243305106,0.00046875,2.520625,0.327241709959184,True,True,True,True
pt011,MR2,090_to_089_warp.nii.gz,0.3456505797655892,0.3789926509465665,9.199314446352675,0.0009861808956203335,0.07865457928081909,0.22676175812185778,0.7304343080896185,0.997716060965221,0.21309343518794543,-0.20404458710020193,9.791132596391876,0.00328125,0.362421875,0.11574922220775845,True,True,True,True
pt011,MR2,091_to_090_warp.nii.gz,1.00902896823318,1.19933348388186,10.34102494067422,0.002673221045926545,0.14982640377711542,0.5749744037882518,2.4140499196777614,0.9837757551561442,0.5162396936156461,-0.7322467597718387,18.11602385336976,0.024609375,3.018359375,0.6108171848194542,True,True,True,True
pt011,MR2,092_to_091_warp.nii.gz,0.6562899178860144,0.7147256502663161,7.482064443323511,0.0029442106289238345,0.11650981188466975,0.399603054155916,1.5261630124166095,1.0061286972807282,0.4132963395382074,-0.19370980438260446,14.000116446040673,0.004609375,2.4721875,0.31258837678867546,True,True,True,True
pt011,MR2,093_to_092_warp.nii.gz,0.611237355578463,0.6523027345010332,9.4177069558782,0.0021028147435416173,0.11155406969144709,0.3918949901261639,1.3601854146833425,0.9909295244257608,0.342724169891563,-0.5373654825593275,9.203338575530084,0.000625,1.1840625,0.272228532509755,True,True,True,True
pt011,MR2,094_to_093_warp.nii.gz,0.3926017686404902,0.37333732849626855,6.3710378857227745,0.0013289314555066046,0.08752602209148891,0.27462470999117883,0.844042452162968,1.0003474839122104,0.2430809254466889,-0.0661285717474122,11.682176584855931,7.8125e-05,0.55234375,0.1393080363751776,True,True,True,True
pt011,MR2,095_to_094_warp.nii.gz,1.676918781898437,2.2969505246701813,19.565128745993473,0.004342303744018861,0.21790691693374176,0.8095929492742038,4.357961802909455,0.9745614259448381,0.7423948947449645,-6.134980617354618,40.68677905906195,0.252578125,4.811328125,1.3506694958033132,True,True,True,True
pt011,MR2,096_to_095_warp.nii.gz,0.7266337962427893,0.7952210664100142,10.276405494902288,0.0009361124447474102,0.12377745699073793,0.4770477345301164,1.5994595048204894,0.9907350730333756,0.4002401154989169,-0.1921578602925472,15.548264450490617,0.001015625,1.719375,0.3634975923119932,True,True,True,True
pt011,MR2,097_to_096_warp.nii.gz,0.5056726811700807,0.5356172158805306,12.286419537903502,0.0015595640113703485,0.09710445268983874,0.3355399656213318,1.1118320857577857,1.0009532206241345,0.30623680270839587,-0.9440615102086175,14.679738166310536,0.007421875,1.023984375,0.21540631587640918,True,True,True,True
pt011,MR2,098_to_097_warp.nii.gz,0.9387144439736114,1.16431009331409,11.770596352678487,0.0034685769335897026,0.16867720370525152,0.5258512713592012,2.1566906178345677,1.0096733520043728,0.6442907717225915,-1.071401339092445,24.2388315961426,0.0309375,4.759453125,0.6153270930637643,True,True,True,True
pt011,MR2,099_to_098_warp.nii.gz,1.0000947061759329,1.1868032530098698,10.48529049298088,0.002700134002903283,0.14754264738005327,0.5850261933336457,2.3531217570370937,0.9857669958570876,0.5026539470163258,-0.5510299336833653,14.938714654115447,0.01296875,2.903828125,0.5955226211424403,True,True,True,True
pt011,MR2,100_to_099_warp.nii.gz,1.021461738812869,1.2881983463029936,13.59040659511225,0.002857352976980471,0.19321338141990801,0.5812637459564127,2.2823940785598293,1.0111804464347587,0.7059496455628329,-1.5327718455647936,32.11851618497989,0.036640625,5.293515625,0.6881192596144913,True,False,True,False
pt011,MR2,101_to_100_warp.nii.gz,0.4693654392996757,0.4697535864850644,6.858130646043897,0.00023699736602748658,0.09236752798341903,0.3061723536630837,1.061822039881478,1.002052797575887,0.2941619081540865,-0.2172729612912422,9.372102600992271,0.00109375,1.01703125,0.1968123446387792,True,True,True,True
pt011,MR2,102_to_101_warp.nii.gz,0.5046418620000851,0.4976465187649264,7.518740946666231,0.001258767844021174,0.09491156420164382,0.3277962515487699,1.1636327245543379,0.9956931013036437,0.29544270699250313,-0.29808136573602256,20.575018836249534,0.00203125,0.76140625,0.1927929599470333,True,True,True,True
pt011,MR2,103_to_102_warp.nii.gz,0.4954790899173925,0.5339455558801647,12.720171696523245,0.0006911111408429904,0.08801500222938616,0.3058440737558217,1.1286553539374709,0.9982046516594429,0.27255193686091084,-0.6980008569658307,18.11271828981539,0.004453125,0.710546875,0.17585365213050927,True,True,True,True
pt011,MR2,104_to_103_warp.nii.gz,0.6552635181796842,0.7081423314123616,10.190025854087743,0.0011740535759521935,0.11467904617731346,0.40913304986571064,1.5072076815058917,0.9895063588043403,0.368701057521328,-0.964048782685468,9.165644822973848,0.001171875,1.461640625,0.3173718806584722,True,True,True,True
pt011,MR2,105_to_104_warp.nii.gz,0.8693041222860532,1.00683393085754,10.031550430982179,0.0023861662000046113,0.15810820646641763,0.5205590580476065,1.9907146747966926,1.0091442129463992,0.5789136092383604,-1.8210566697997415,24.767702442180106,0.019921875,4.317578125,0.5384691079604543,True,True,True,True
pt011,MR2,106_to_105_warp.nii.gz,0.705166447401427,0.6990578738617214,8.951721663255563,0.0019281864595972651,0.11364696762590398,0.4545050657370959,1.6467880545505922,0.9917940861646721,0.37088204646390344,-0.3260818194859644,22.65289372675321,0.005,1.586875,0.3096464134429416,True,True,True,True
pt011,MR2,107_to_106_warp.nii.gz,0.7971586578081611,1.0264464238671485,9.939708761319407,0.002101127995123834,0.13178298304269231,0.4340479391294379,1.862119569028175,0.9855951106438134,0.4417215963824557,-1.098152275831196,14.47625992958274,0.009453125,1.91875,0.4363261584552816,True,True,True,True
pt011,MR2,108_to_107_warp.nii.gz,0.6125642869806276,0.7083236818401052,8.577684320918014,0.0016797520198037845,0.12287915816456742,0.3614431876176603,1.3919896045270241,1.0062512638351182,0.42239830652262456,-0.17697454042898442,17.30157007245959,0.0009375,2.515546875,0.30077811881660765,True,True,True,True
pt011,MR2,109_to_108_warp.nii.gz,0.2799357217760396,0.2786180455034617,5.233066605968497,0.0013112797640621027,0.0750871621595183,0.19575171420623744,0.5696516583838633,0.9970325643480089,0.17167445148495455,0.03130775720887116,6.966833422197133,0.0,0.163828125,0.07593274520628326,True,True,True,True
pt011,MR2,110_to_109_warp.nii.gz,0.3861664772626782,0.4143770514250393,9.26656914582528,0.0012746369075172937,0.08828260955037888,0.2599480984018508,0.8183515670022655,0.9944409677157715,0.24154281058420746,-0.1496532566273325,15.90445014891821,0.0003125,0.368125,0.1340853207744636,True,True,True,True
pt011,MR2,111_to_110_warp.nii.gz,0.41517345684439344,0.511653632091247,13.739090597264505,0.0019728522033178406,0.0865046520717115,0.2605837045088465,0.9018422605495109,1.0011635532401104,0.2667984918658307,-0.8208105507974361,13.929184831814293,0.0128125,0.638984375,0.15828110952612548,True,True,True,True
pt011,MR2,112_to_111_warp.nii.gz,0.44568572891299435,0.4794660660047086,8.053879049917692,0.0013220558266987643,0.09288861716088581,0.28751089304891514,0.9852574619557346,1.0016932098479652,0.27897588772168586,-0.160517230230183,13.788349089803866,0.000625,0.801484375,0.1722093472689005,True,True,True,True
pt011,MR2,113_to_112_warp.nii.gz,0.47269436269735404,0.4660859407954752,8.491836507582972,0.0023730414292207572,0.0893093348668746,0.3092898213177847,1.0790473378253056,1.0000201058642804,0.2633978374167604,-0.22799954605550113,14.525055005611554,0.0021875,0.666640625,0.1673377145257703,True,True,True,True
pt011,MR2,114_to_113_warp.nii.gz,0.549808829829832,0.533785530072934,7.906528807436181,0.0006592421352113574,0.10248456339456975,0.3777067876967758,1.2026490754122694,0.9939133147177627,0.2978472796112523,-0.4359971090348126,9.396099037199392,0.00109375,0.83828125,0.21473958055707368,True,True,True,True
pt011,MR2,115_to_114_warp.nii.gz,0.3654949915958238,0.3405840399804342,5.043144959487284,0.0020347813656439403,0.08813047965146588,0.25805640256582363,0.7738066074233432,0.9957145167099994,0.21958121224351454,0.04127318408079448,8.452927442078039,0.0,0.288515625,0.12049892825676836,True,True,True,True
pt011,MR2,116_to_115_warp.nii.gz,1.7779338869972872,2.572325965354923,23.85205544862223,0.0023504600810963783,0.2242731314267108,0.8082193357555194,4.663256312440294,0.9735152663340175,0.7692328446677861,-11.999705004644738,31.71220277781919,0.326484375,4.945,1.5021043623586932,True,True,True,True
pt011,MR2,117_to_116_warp.nii.gz,0.5751056457848069,0.6248272723332725,7.032801307873191,0.002018328167803479,0.1160722532475134,0.3672898197158073,1.2624883032832803,1.0050683309764608,0.3767663152304831,-0.08188278133720442,8.733828336391605,7.8125e-05,2.12125,0.26784663064892983,True,True,True,True
pt011,MR2,118_to_117_warp.nii.gz,1.5622582730133507,2.1988415117214983,19.782118338504443,0.0018975928566184914,0.2078440348453138,0.7592276824756974,3.9443361292068526,0.9755730703895328,0.6938355304901134,-5.218524380343526,34.07741621176977,0.21515625,4.4615625,1.2043348231375473,True,True,True,True
pt011,MR2,119_to_118_warp.nii.gz,1.6864059584937947,2.2700099147313915,22.602999387542567,0.0027698826639019577,0.31618094421142967,0.9306490450724144,3.7001810223133322,1.0211164526658876,1.259988106489638,-4.440351092037191,62.122390209662605,0.3378125,8.3359375,1.5136694668741009,True,False,True,False
pt011,MR2,120_to_119_warp.nii.gz,0.4851143137048786,0.5054704583644943,5.766445799831326,0.00205982571701168,0.09874817948236553,0.3079152001120139,1.09434679425077,1.0042058720128322,0.31755545490954684,-0.06725915593756629,8.521452577922759,0.000390625,1.384375,0.20268520942470591,True,True,True,True
pt011,MR2,121_to_120_warp.nii.gz,0.601399184401593,0.6507378035179896,8.487612128522443,0.0015747830895188207,0.11018066053788693,0.3796251036973275,1.3385641121667469,0.9902863988985217,0.34749671113506414,-0.00219639678334345,10.661597460978504,7.8125e-05,1.206953125,0.27624386144623186,True,True,True,True
pt011,MR2,122_to_121_warp.nii.gz,0.92606538333475,1.1126380386094175,10.15803732420237,0.0030950665998267343,0.1463213194413894,0.5361878323622058,2.157993270755882,0.9857608380760617,0.49201058478605514,-0.7705577760401933,15.262406453428067,0.0125,2.660859375,0.5488630825374446,True,True,True,True
pt011,MR2,123_to_122_warp.nii.gz,0.6398345697368998,0.7437319752218443,8.13584764680499,0.001979625873209952,0.12453634392332878,0.3786929145952972,1.457730424233497,1.0060420284078226,0.42929431291137804,-1.1845726372420025,14.197648716252504,0.001484375,2.680859375,0.3234392504455168,True,True,True,True
pt011,MR2,124_to_123_warp.nii.gz,0.604810063758928,0.6516679359203289,7.615561882149174,0.0019701022932669984,0.1182764090324267,0.38043530713484114,1.3671988068571863,1.0058268475665408,0.4089576198043382,-0.12545362071433808,21.5658647895465,0.000390625,2.300234375,0.29617674086776613,True,True,True,True
pt011,MR2,125_to_124_warp.nii.gz,1.7857124182740953,2.446919099535621,20.511117376645377,0.0025159500792479596,0.2232283201062806,0.8591275993626422,4.609084011179911,0.9735684317034871,0.7639237411169116,-9.577373758941004,53.36015253492495,0.35671875,5.405234375,1.470263636644111,True,False,True,False
pt011,MR2,126_to_125_warp.nii.gz,1.0067908599678888,1.2913420941033247,12.392584429527314,0.0018507226733737322,0.18282700373491592,0.5566747337297846,2.2872340160820905,1.0116223963730748,0.6943111160402347,-2.79834368799641,28.591173282809002,0.046015625,5.008203125,0.6789997071943713,True,False,True,False
pt011,MR2,127_to_126_warp.nii.gz,0.4475612514313383,0.4372309707195849,6.033620171328128,0.00201225990902472,0.08677810600309763,0.2883364032531125,1.0438907376056856,1.0003601871004737,0.25194585967395067,0.009597080890700764,10.770332656602331,0.0,0.622578125,0.15385691271756746,True,True,True,True
pt011,MR2,128_to_127_warp.nii.gz,0.5311590634887757,0.5470223887836991,6.585256628592098,0.0014423172902109066,0.10329806433022223,0.3463754795574183,1.195657990834807,0.9914784787200374,0.32132198118551125,-0.5720619217338774,8.907891193153091,0.00015625,1.00640625,0.23229016033568514,True,True,True,True
pt011,MR2,129_to_128_warp.nii.gz,1.5378301968150099,2.189485706476569,20.088023650524157,0.0025142153640825477,0.2042563519559302,0.7170498368716105,3.9168640661878964,0.9763280386573757,0.7111782088741433,-22.647971446348482,44.573117619014184,0.228359375,4.293984375,1.1931886704332473,True,True,True,True
pt011,MR2,130_to_129_warp.nii.gz,0.9935653888856283,1.220120729923802,12.170818548962012,0.0014624433161033194,0.18432661193177538,0.575650415967893,2.2301400095543595,1.01022591138219,0.6855971131488248,-1.4641144320763522,37.64404583375322,0.040078125,4.895859375,0.6587935281000253,True,True,True,True
pt011,MR2,131_to_130_warp.nii.gz,0.5061182358512724,0.5166605316181346,5.848268628208063,0.001076933431092097,0.09556847192027665,0.3229987411740223,1.180294353378078,1.0013739144122662,0.30977171157650635,5.6826779828643136e-05,19.66055621508031,0.0,1.201953125,0.19719094118700406,True,True,True,True
pt011,MR2,132_to_131_warp.nii.gz,0.7202001276109289,0.7753265104222674,8.142672726799441,0.0031917290647214625,0.12151645780350245,0.4414925194525893,1.6865562085505006,1.0062698558184906,0.44949094036880743,-1.344757850555443,14.188771956637739,0.00578125,2.900078125,0.36009237547402406,True,True,True,True
pt011,MR2,133_to_132_warp.nii.gz,0.9703862440353214,1.233173151037027,12.101044877341453,0.0022862570655774093,0.15059746325809373,0.5392137990125585,2.2614467311390523,0.9844697210072336,0.5115034660195876,-0.9402630855615086,17.745844659855702,0.02484375,2.666796875,0.5991272710109371,True,True,True,True
pt011,MR2,134_to_133_warp.nii.gz,0.3668433146759732,0.35481316299073906,4.822252909454591,0.00047490553308076575,0.08535976634640995,0.2539247829699399,0.7836586196979841,0.9969641694211943,0.21973337909943844,0.030121992998546083,9.746248626317843,0.0,0.324921875,0.1252996524218267,True,True,True,True
pt011,MR2,135_to_134_warp.nii.gz,2.6452597586276196,3.92574533516186,31.73904916843622,0.005645700072716131,0.29604776707626024,1.1177519148893413,7.015043714240122,0.9629408103118494,0.9659781485566618,-26.620156833385696,79.02587478766316,0.961953125,7.150234375,2.8144169723899335,True,False,True,False
pt011,MR2,136_to_135_warp.nii.gz,1.8338082352117522,2.402862953058177,22.784068784405694,0.005422337120761352,0.3459442967696664,1.0323766380471269,4.0624828534481825,1.022195378334738,1.3558752553236557,-3.805873941786935,83.32912638371256,0.47578125,8.79953125,1.6826455937317355,True,False,True,False
pt011,MR2,137_to_136_warp.nii.gz,1.2951107985880221,1.804952150381264,15.729706000452321,0.002955522330193432,0.18031239400321197,0.6278309967680675,3.217579547886503,0.9782377169528669,0.6345401382561203,-5.969302435984418,38.80060935916926,0.118359375,3.617265625,0.9332878438647957,True,True,True,True
pt011,MR2,138_to_137_warp.nii.gz,1.3663242349100715,1.7514613140144548,20.355891749210308,0.0031696607147235403,0.238425589200828,0.7822097415178529,3.046747698478652,1.0149502523954799,0.9247109812764363,-4.899789157170545,51.09490225430569,0.13390625,6.647421875,1.0558656470211283,True,False,True,False
pt011,MR2,139_to_138_warp.nii.gz,0.7435074587618353,0.8676621895858257,11.728552521928489,0.0029583227570401855,0.12756102464867353,0.45598068358644817,1.661736946219842,0.9874564647586395,0.4118069354615564,-0.4287828608877742,12.004944406378483,0.001328125,1.787265625,0.38201767752459886,True,True,True,True
pt011,MR2,140_to_139_warp.nii.gz,2.727270736440348,3.993530143859418,31.524035903586682,0.0065706794351597176,0.30981203025418613,1.1682529761532932,7.36673513852158,0.9628738637970955,0.9689761838332793,-21.587784869185267,54.35024810307139,0.996875,7.42078125,2.9097102082033843,True,False,True,False
pt011,MR2,141_to_140_warp.nii.gz,1.6209682270242023,2.2274718808680154,22.446648229698596,0.005353496748969004,0.3011570487808991,0.8730760879646816,3.6301090483594156,1.0201634893999736,1.1953120277769902,-2.827172887188174,47.80218989569655,0.288046875,7.970546875,1.4227157995883888,True,False,True,False
pt011,MR2,142_to_141_warp.nii.gz,0.9893321410432738,1.229417023463159,12.074505850861007,0.0021179556122909336,0.1575587019439225,0.561989600249561,2.2492357151972886,0.9851771310411134,0.5072039137090304,-1.0794496681878998,19.05531446466582,0.029609375,2.71828125,0.6011300219333577,True,True,True,True
pt011,MR2,143_to_142_warp.nii.gz,0.6754801994439374,0.7080500665729036,7.642412638308428,0.0019578115226009,0.13265073688194545,0.4454138995558996,1.4859451479272985,1.006417516395431,0.4346612677302447,-0.3147181805308952,18.105887208602578,0.001484375,2.767578125,0.3334161288852139,True,True,True,True
pt011,MR2,144_to_143_warp.nii.gz,0.5885799858953764,0.6627632572749989,14.872129578002438,0.00164668367203399,0.09316340310846494,0.3357512480594077,1.475520925817133,0.9969392392544539,0.332502105002289,-2.889206586735862,24.21135442260268,0.00578125,1.125390625,0.2360405907053173,True,True,True,True
pt011,MR2,145_to_144_warp.nii.gz,0.7707435801662964,0.7891932576001095,7.510519020529522,0.0014060279306383782,0.12256266677135942,0.4805582554587895,1.859620735592846,1.0057540754052456,0.4341831606919273,-0.22586770129053907,13.984130218762939,0.00234375,2.683671875,0.32963844580915136,True,True,True,True
pt011,MR2,146_to_145_warp.nii.gz,0.48979678425558143,0.5315731964509001,7.765433653561897,0.0015570048172162364,0.101601832543001,0.31562054947678353,1.0743001223857105,0.9922799442863434,0.2976904166243669,-1.2570048971623082,11.007911761931151,0.003125,0.756875,0.2026991606639778,True,True,True,True
pt011,MR2,147_to_146_warp.nii.gz,0.509823060986807,0.5406116397859556,7.30539590644139,0.0010074545101364189,0.10342320244435266,0.32788007409577785,1.1368310440961997,1.0038126205722233,0.3229915832790451,-0.06741841918994688,14.590804546134253,0.00015625,1.36109375,0.2094980344022381,True,True,True,True
pt011,MR2,148_to_147_warp.nii.gz,0.3893759465416552,0.3588932825315196,5.88706547384921,0.0004996898961874693,0.0882831909041996,0.2731586370432583,0.8386411572849867,0.9956526505471882,0.2370902824263425,-0.07654279454061476,12.58739158058439,7.8125e-05,0.36140625,0.1308417647867995,True,True,True,True
pt011,MR2,149_to_148_warp.nii.gz,0.36789523489310616,0.36028385795555995,7.1704939736310065,0.0014313571213013456,0.08305963468790971,0.2501742081578069,0.7949522757737336,0.9959936351619859,0.2281490054192706,-0.11589986844673474,10.158972681915657,0.000625,0.389296875,0.12754522381173816,True,True,True,True
pt011,MR2,150_to_149_warp.nii.gz,0.6407819387925848,0.775421719099432,10.119948008165654,0.0008235451414278048,0.11243726584201766,0.3711203223866265,1.487560612368117,0.9884127485163812,0.3728390537966939,-0.19867457002795488,11.9972300768329,0.0009375,1.4109375,0.30734538713312815,True,True,True,True
pt011,MR2,151_to_150_warp.nii.gz,0.8381970222823641,1.055490235122688,12.000281565304288,0.001372336152588053,0.14689296733549614,0.46812865179410335,1.901898862394781,1.008323307161819,0.5626322667872573,-4.2937543115363574,23.674219957771736,0.02890625,3.990234375,0.49976448882498636,True,True,True,True
pt011,MR2,152_to_151_warp.nii.gz,0.7069404908395291,0.8064082161151945,9.376249042823657,0.0013037343204985131,0.12506475496974173,0.43868051576132666,1.5755885705571278,0.9887422066598359,0.39683433073401564,-0.06743144994781966,12.722847780425548,0.000234375,1.684296875,0.35536861019567667,True,True,True,True
pt011,MR2,153_to_152_warp.nii.gz,0.674658507543298,0.7654280734185497,9.420192004610433,0.001598596633424637,0.11968722907830151,0.41715270928346004,1.5239370598800182,0.9887331295864605,0.38871366056570594,-0.4175857324326288,10.978519689221686,0.001015625,1.6471875,0.33538931839100794,True,True,True,True
pt011,MR2,154_to_153_warp.nii.gz,1.1682920609339227,1.563845195656058,17.757513344082795,0.0027445766129589816,0.20748415081084084,0.6252875468651998,2.6747736214490816,1.0132509456072707,0.8244793112079176,-7.330554278091752,47.75474984713546,0.11671875,5.895078125,0.88611321150562,True,False,True,False
pt011,MR2,155_to_154_warp.nii.gz,0.48204821596933345,0.505544581791053,8.8050481072993,0.0017039106195850364,0.08634669182692575,0.2899525105651468,1.187414406065461,0.9969787428957283,0.2835805175121948,-1.9836115697138397,15.561352506748632,0.001171875,0.8090625,0.18840386888678148,True,True,True,True
pt011,MR2,156_to_155_warp.nii.gz,0.649088910836663,0.7527253142813848,8.261673499829774,0.0018175053173931576,0.11889581534950125,0.38295982400040024,1.498862851431786,0.9881964115790459,0.38353232124621456,-0.2785016469321964,11.06321660326532,0.00203125,1.4915625,0.3273669692825359,True,True,True,True
pt011,MR2,157_to_156_warp.nii.gz,0.43209462892848677,0.4346703545556172,6.906237794936556,0.0007775825035096166,0.08512597430875779,0.28050460996871507,0.9735366929470747,0.9986421021660487,0.2561098911519499,-0.19263239853946382,9.392531664585116,0.000703125,0.64765625,0.16604935197452575,True,True,True,True
pt011,MR2,158_to_157_warp.nii.gz,0.5807004043271211,0.6343735232776601,7.710567815918927,0.0028582240442063616,0.11351240695456583,0.37154923320932753,1.2756661823854316,1.0039584186502988,0.36110926231687734,-0.829833060006093,12.664627665916449,0.000625,1.90359375,0.2544180616154135,True,True,True,True
pt011,MR2,159_to_158_warp.nii.gz,0.42280341017518447,0.430938211558094,5.774952206462031,0.0024921749369807224,0.09299384021838278,0.28121071279223653,0.9207996344924912,0.9935691629615024,0.26523458445221365,-0.007445107656674128,11.717249464769598,7.8125e-05,0.520703125,0.16123415433383392,True,True,True,True
pt011,MR2,160_to_159_warp.nii.gz,1.027807913817062,1.266538886738383,12.43092899280375,0.0034248623738343175,0.15504397160937536,0.5993199515672494,2.3484494116394865,0.9856383710889047,0.5132545901458028,-1.4610127935143733,23.455097642741176,0.035703125,2.80828125,0.6141521666375562,True,True,True,True
pt022,MR1,002_to_001_warp.nii.gz,0.7270860030294105,0.8492767310942593,11.787685575987876,0.0020076675321672884,0.11222031691193843,0.4018337478504215,1.7671697432800533,0.9985714243804159,0.4490663783580697,-0.5242526051280947,16.8959794169182,0.031875,2.5959375,0.4811857142002653,True,True,True,True
pt022,MR1,003_to_002_warp.nii.gz,0.8163772706326424,0.8201457181715411,9.178290454836178,0.0033564315509001484,0.1555982801065691,0.513442795008402,1.8946103429867893,1.0057094384948242,0.5729348406706686,-0.688106296987527,25.059011443433914,0.021015625,3.7771875,0.5123895267879192,True,True,True,True
pt022,MR1,004_to_003_warp.nii.gz,0.7884146013216722,0.8903500450906725,11.253417444194104,0.0014823866812727798,0.10216446202283015,0.4353479243105494,1.949179639342267,1.0005339899799846,0.5177146651146546,-1.6507531416927694,25.71447266814681,0.0228125,2.960390625,0.4984601362832736,True,True,True,True
pt022,MR1,005_to_004_warp.nii.gz,0.8624392723091189,0.8630802070903796,10.244731226130506,0.0020103515155438386,0.1560597932883782,0.5571366097472492,1.9862487774714264,1.0038603572552778,0.6276024864831548,-1.54640309358278,37.07902855359,0.029375,4.110390625,0.5703928391046431,True,True,True,True
pt022,MR1,006_to_005_warp.nii.gz,0.8345827891916202,0.8807939036875952,9.753360073511013,0.002085612232695082,0.11782122390522368,0.4855945316791955,2.0730295479478396,0.9991028659123409,0.5311051032306632,-1.2997872443865355,26.090717138427035,0.02125,3.391328125,0.5229561838486,True,True,True,True
pt022,MR1,007_to_006_warp.nii.gz,0.7383543145817582,0.848982545694494,10.851149803340439,0.0020187953190844384,0.10226391160530159,0.4143596841644115,1.7986103604497654,0.9960264852539358,0.465351213984806,-1.6821521881687198,16.041579788902123,0.03046875,2.733515625,0.49818876019799446,True,True,True,True
pt022,MR1,008_to_007_warp.nii.gz,0.670484394678481,0.7708855515761125,10.174528634839929,0.0009079497527098923,0.10107125946465192,0.3693747663152438,1.6454252674305638,1.0007346488663251,0.47118353623906994,-1.5732928066550602,18.49783683609572,0.027578125,2.437890625,0.42852836205595074,True,True,True,True
pt022,MR1,009_to_008_warp.nii.gz,0.668546639000522,0.7351920528181821,9.572407929621578,0.0023098778361383514,0.10948149518559881,0.3843167177305242,1.6318136725709023,1.0030660271536014,0.476360817555702,-1.2450032232340298,23.35828185729903,0.02328125,2.4740625,0.40914496824252267,True,True,True,True
pt022,MR1,010_to_009_warp.nii.gz,0.8295527931018248,0.8459187350273711,8.952712963496667,0.0013837464875707329,0.12841591469668218,0.5028837607186736,1.9877366067732263,1.0038191031955204,0.5566043068048019,-1.2879130088569573,22.086547478770992,0.0365625,3.563984375,0.5294127782823718,True,True,True,True
pt022,MR1,011_to_010_warp.nii.gz,0.8024473956321345,0.8773163987846404,10.539037930984888,0.0023497060098569954,0.13255894824555123,0.4801952082369997,1.9069298241451706,0.9908187911165849,0.4868944919306577,-1.7523937827631284,19.88070665429597,0.023046875,2.937265625,0.5519692635132404,True,True,True,True
pt022,MR1,012_to_011_warp.nii.gz,0.625474477977781,0.7279120688355293,10.48531202397814,0.0010200340560754214,0.09980023560959267,0.3509259590615794,1.5250241267674285,1.0014992535125649,0.428579998540881,-1.210460014445142,28.66714447992058,0.017734375,2.124140625,0.37698228836121916,True,True,True,True
pt022,MR1,013_to_012_warp.nii.gz,0.7733064284688549,0.8642892503896653,12.678280738805318,0.0018881959926582118,0.11665902333867587,0.45600171624199715,1.8258449891426145,0.9944616094206569,0.4488515153724161,-0.6240337242779733,15.24863781103302,0.0378125,2.3590625,0.48532004243921045,True,True,True,True
pt022,MR1,014_to_013_warp.nii.gz,0.7418940295708034,0.826043149033476,11.600171442705411,0.0009947645415435563,0.13042020810551352,0.45314598693840097,1.7198017639149072,0.9918892618792805,0.46941580329136945,-2.470477431083009,20.781756902578387,0.02984375,2.45203125,0.5053335663631333,True,True,True,True
pt022,MR1,015_to_014_warp.nii.gz,1.5663566457622726,1.787271528277583,22.432631431065893,0.0031272288547259386,0.2750834269312113,0.9421968484005816,3.6456903507129557,0.9739658412345138,0.7758100750510964,-4.4903831317766585,69.925090232852,0.493984375,6.14734375,1.5185209811264828,True,False,True,False
pt022,MR1,016_to_015_warp.nii.gz,0.596247102444845,0.696590850844251,10.472080659670878,0.0009774588419068418,0.10239140059278544,0.3326580480208544,1.4403576507516014,1.0012123719678454,0.413499798941826,-1.6786496576109402,25.33106895789635,0.009609375,1.854296875,0.3269404637823705,True,True,True,True
pt022,MR1,017_to_016_warp.nii.gz,1.1583754058569853,1.074500488596061,11.426871240881978,0.0035747714170914287,0.28600575828340175,0.7997713495177268,2.5053136434254464,1.0134716876931391,0.8824319568690963,-7.55555908872567,43.05543072235265,0.062890625,7.3046875,0.8591812838510136,True,False,True,False
pt022,MR1,018_to_017_warp.nii.gz,0.6099527294289171,0.7605112872518173,9.169838722348182,0.0010249292143224536,0.09527694272720622,0.32161753058430376,1.5037680962035014,0.9977183830264726,0.4098947701739089,-1.5528517822532062,29.315917562177816,0.01625,1.868359375,0.3677403817076891,True,True,True,True
pt022,MR1,019_to_018_warp.nii.gz,0.691583697401625,0.7890021663959937,10.100583848623861,0.0010644721654140383,0.11339767307237057,0.40033446826631286,1.6362266514140351,1.0031854547612749,0.5063810822791406,-2.0905619284089556,31.12448651888605,0.0396875,2.584765625,0.4232794404787942,True,True,True,True
pt022,MR1,020_to_019_warp.nii.gz,0.5984630898294337,0.7386373421810687,9.798533573069482,0.001351529755989762,0.09458384083113412,0.31928198761896764,1.4640144552931407,1.0014710617332412,0.44037713115216054,-1.064843179752885,38.52651442496778,0.029375,2.061953125,0.37463750625909004,True,True,True,True
pt022,MR1,021_to_020_warp.nii.gz,1.0488451690385787,1.2137965228227157,17.01304335998829,0.0021894006756050578,0.1704713407902046,0.6340078178728251,2.4121568171253847,0.9844206461886815,0.5997364657698929,-7.102343087035435,21.627049214432027,0.138125,3.888984375,0.8421706506738678,True,True,True,True
pt022,MR1,022_to_021_warp.nii.gz,0.7868652216665191,0.7901377875897739,8.300136400815404,0.0024320547081580035,0.156084254406434,0.4984820406561491,1.8124013086191768,1.0054087883102427,0.5661518575321679,-0.8589324044262726,20.428473513984578,0.0178125,3.78515625,0.5073506070391623,True,True,True,True
pt022,MR1,023_to_022_warp.nii.gz,0.671301864213751,0.7650599662025234,12.335639968286042,0.0012317230630698953,0.09975338070360253,0.3879366581715272,1.6063796755945823,1.0009167655087474,0.45807849933714606,-1.5483340672606645,45.73121109355404,0.045,2.3753125,0.41556524717347293,True,True,True,True
pt022,MR1,024_to_023_warp.nii.gz,1.930251957479513,2.197874404666981,22.0193262657877,0.0049911320705091885,0.3318706511537803,1.1657220877517525,4.4914275238158465,0.9679807323133924,0.8716736633458997,-18.67412596848356,37.912848017889345,0.878984375,7.844375,2.0641314726448696,True,False,True,False
pt022,MR1,025_to_024_warp.nii.gz,0.8349380054695601,0.8135213847419663,8.948036029707916,0.003322185050813297,0.16888981394269217,0.5456352256147317,1.9081776541285533,1.0068521395521681,0.599071392092944,-0.9641625335142336,36.41629663374779,0.018515625,4.1021875,0.5366161586308358,True,True,True,True
pt022,MR1,026_to_025_warp.nii.gz,0.8402105572458312,0.8421078316322894,9.086077499252513,0.002846448171278509,0.14959088598363054,0.5389399357508822,1.9380667108812117,1.005251835289618,0.5834256252845115,-1.9048264285919654,33.37264942393468,0.01875,3.93609375,0.543014296207401,True,True,True,True
pt022,MR1,027_to_026_warp.nii.gz,0.7062846253778688,0.8255165234296138,10.408894018558236,0.0013849357701065967,0.10139288860852194,0.3782704039596565,1.7465317934518818,1.00162341319347,0.4733903305020584,-0.946096366339851,25.008655787660434,0.022578125,2.622265625,0.4543926225818045,True,True,True,True
pt022,MR1,028_to_027_warp.nii.gz,0.7228356106043615,0.8138521001728419,9.380145758244504,0.0007320769032300571,0.10038550988870917,0.3989082276884781,1.7836424584753254,1.000552297077408,0.5056955601774739,-2.5558086392067176,29.207492761235965,0.026171875,2.72984375,0.46836255198610005,True,True,True,True
pt022,MR1,029_to_028_warp.nii.gz,1.2648416175524169,1.427597069733821,15.025655258506356,0.002852169886193838,0.20435968654452907,0.7626730947411309,2.9383976971728587,0.9805185657814701,0.6808099760368536,-6.415681525796815,32.69697810495268,0.296640625,4.8821875,1.1105902247676513,True,True,True,True
pt022,MR1,030_to_029_warp.nii.gz,0.7573541761961208,0.8217852735093997,11.629030641867459,0.0015460652855409838,0.12076341901403516,0.4639283207326863,1.7638239943636995,0.9929794999423696,0.47261985582452265,-0.6094868964394966,22.004812489489236,0.02640625,2.654140625,0.4922906193025969,True,True,True,True
pt022,MR1,031_to_030_warp.nii.gz,0.9089376783369327,0.9132021998460772,10.101091143099337,0.00242668218879944,0.18649187904344514,0.5873154392805486,2.0545652131488668,1.0082223283269507,0.6475350243210335,-1.1802399688783827,24.16676840714198,0.033984375,4.67609375,0.6184041395445301,True,True,True,True
pt022,MR1,032_to_031_warp.nii.gz,0.6458267877658378,0.7068580478795382,8.30776661056047,0.0007475364660514842,0.10062679313220341,0.38222706473474216,1.5355322050082476,0.9978390961509467,0.41596279825055943,-0.9516070923457369,14.57943959976761,0.022421875,2.122890625,0.38790157561806643,True,True,True,True
pt022,MR1,033_to_032_warp.nii.gz,0.7976286562538636,0.8246391026077846,8.975628098200536,0.000990223867358252,0.12340166446863957,0.49049069734421946,1.895800543794361,0.9935132941535376,0.44964608753462004,-0.7944234359926932,20.41339248375343,0.0190625,2.549375,0.4745988062465205,True,True,True,True
pt022,MR1,034_to_033_warp.nii.gz,0.783154365660026,0.8198986338556833,10.464392273442426,0.0021732899096150228,0.1088224507881722,0.4734321443500188,1.8941290121875956,1.001171014917704,0.508435885622606,-1.8652964703002135,28.024847362692267,0.016328125,2.884765625,0.4537588945794716,True,True,True,True
pt022,MR1,035_to_034_warp.nii.gz,0.9954125960842942,0.9280434870219987,9.627543525346901,0.0045412520740558465,0.21781075046012208,0.6773118564169085,2.216332507418718,1.009137503436145,0.7220935723532491,-1.79590651253992,34.162042197325164,0.04421875,5.606015625,0.6874786811394455,True,False,True,False
pt022,MR1,036_to_035_warp.nii.gz,0.664228090658657,0.766720809276098,10.542199348542491,0.001494035899705848,0.10406915160978455,0.3739638251999735,1.6152245374853287,0.9968550400518367,0.439517449042533,-2.282793966456071,24.09405736067909,0.03359375,2.2528125,0.42682963086962383,True,True,True,True
pt022,MR1,037_to_036_warp.nii.gz,0.6209286234142157,0.7074664772475471,9.474000305200102,0.0010195131142697667,0.10181959737547601,0.3541672527447254,1.4996241514102202,0.9965066491868152,0.39869152569738553,-0.7604344143166006,18.203988736017052,0.01171875,1.896015625,0.3670693690117,True,True,True,True
pt022,MR1,038_to_037_warp.nii.gz,0.6081966504020107,0.6887563966754543,9.989866519692043,0.001124319719902484,0.10396236527687949,0.3523391556066139,1.46158560533675,1.0024304914040165,0.42954075875279585,-1.1797189366019223,30.548476396485654,0.01359375,2.148125,0.35871248662476535,True,True,True,True
pt022,MR1,039_to_038_warp.nii.gz,0.6726185588886127,0.703816484627552,8.0684787666496,0.0010225105538154966,0.11319650567939324,0.4122197320607444,1.5787450268720797,1.0026883397950175,0.44581276502768274,-2.2001384354118447,23.838837067805468,0.0175,2.356015625,0.3793417196923132,True,True,True,True
pt022,MR1,040_to_039_warp.nii.gz,0.6236292500697342,0.7489897300686983,10.434329157259889,0.0012974419029143768,0.09606295743369797,0.33963967937109685,1.5082292817729759,0.9976754581154222,0.41112267346140646,-0.7664717227284957,18.5257718091968,0.024921875,1.982578125,0.3867203199087009,True,True,True,True
pt022,MR1,041_to_040_warp.nii.gz,1.659611279298495,1.8272101555063611,20.214011394456033,0.005981406975125498,0.2921707470503741,1.0236333338342196,3.8592900875113383,0.9732578641019827,0.8142998680564595,-4.700487946861544,35.26027486413935,0.5321875,6.91515625,1.6529911633134522,True,False,True,False
pt022,MR1,042_to_041_warp.nii.gz,0.836766959797926,0.8997213472154079,9.570525829128098,0.0021246577138417586,0.14472127567212528,0.5268415803328322,1.9088564105984447,0.9904637396339642,0.5017933430823,-1.724401632011735,21.72904188986949,0.0296875,2.9303125,0.572897269130784,True,True,True,True
pt022,MR1,043_to_042_warp.nii.gz,0.5944038277742192,0.6626047650583465,8.703954167287728,0.0013817822920226411,0.10588068209137595,0.36329531683776795,1.3578220473174332,1.0004279485008267,0.43001947482671116,-1.0986633173156153,50.68918799809265,0.01546875,1.85171875,0.3323050675770121,True,True,True,True
pt022,MR1,044_to_043_warp.nii.gz,0.7014545057616177,0.7734805848401993,10.823681981822075,0.0026794877739548814,0.13410857645124155,0.44400490230265777,1.5675077463856542,0.9907531893768877,0.4212154128585,-1.0837130066620726,16.560462037150312,0.02328125,1.98765625,0.42528728170015284,True,True,True,True
pt022,MR1,045_to_044_warp.nii.gz,0.9737081406334648,0.9343920284084289,10.171713519881779,0.005271337582293874,0.23645008439521029,0.6618701354413605,2.1011806408874554,1.0111362145761216,0.7412851438266107,-2.6791708390175693,33.33395324539658,0.060703125,5.95265625,0.6817100928083337,True,False,True,False
pt022,MR1,046_to_045_warp.nii.gz,0.7271550954932756,0.7539767619435609,10.076890382122048,0.0019462752602314238,0.13699663448312438,0.4572086053040007,1.6772324960168892,1.004788591014522,0.49625743890485335,-0.622334334808258,28.834817272137922,0.013984375,3.090546875,0.4276854698894509,True,True,True,True
pt022,MR1,047_to_046_warp.nii.gz,0.6467453976814638,0.7385675242059523,9.657899466454984,0.0013263306522738512,0.09910185950852624,0.36799912996512507,1.5691467430890433,1.0010455311186615,0.42724900305335306,-0.9948946501679204,18.813566702585472,0.023203125,2.173046875,0.3800487319470729,True,True,True,True
pt022,MR1,048_to_047_warp.nii.gz,0.7103942407131916,0.797898961650715,9.754920529441693,0.0019503572059608458,0.101272300212906,0.3966384936003494,1.7524376924280516,1.0011604637465463,0.49091253163401877,-0.9858381086188887,25.302123464520957,0.04109375,2.681875,0.45186714862262417,True,True,True,True
pt022,MR1,049_to_048_warp.nii.gz,0.7839374203958996,0.8645560801932529,10.957313451931789,0.0015131869269438493,0.1201648279975567,0.4579301936058161,1.890616568290382,0.9916671844237753,0.49127342481479186,-1.5616485407432088,19.621744929684162,0.02234375,2.99140625,0.5518818465802929,True,True,True,True
pt022,MR1,050_to_049_warp.nii.gz,0.671415886772942,0.7560607893701798,9.899700995025944,0.0010681035024904726,0.10454981174643946,0.3870261217523845,1.6247681453136127,1.0028971994065117,0.46864427406703213,-0.7452599571123626,16.01321621827538,0.019140625,2.59734375,0.423258914081763,True,True,True,True
pt022,MR1,051_to_050_warp.nii.gz,0.6831347930174482,0.7345737873446806,9.321632240410912,0.0011307593045359657,0.1195384124431376,0.40220878005516947,1.6432004846341655,1.0029930742828927,0.4858110593578949,-1.6519424308843307,22.874641420538275,0.015390625,2.791015625,0.42345315668823225,True,True,True,True
pt022,MR1,052_to_051_warp.nii.gz,0.7581290878323752,0.855893365318,9.509589137816796,0.0028017418977226813,0.11322746989232567,0.4305071002678035,1.848545950511875,0.9927501161305836,0.4737077473838853,-1.2731710392386266,27.613391572137765,0.038046875,2.619296875,0.5070189347965326,True,True,True,True
pt022,MR1,053_to_052_warp.nii.gz,0.6921739327377311,0.8187199469578391,10.594775899119307,0.0022786545872506016,0.09829466578073665,0.3742942716059774,1.7082274031378815,0.9984003991609276,0.4703629699325032,-1.8329883656505674,27.40755682731531,0.039609375,2.44734375,0.45546622337634146,True,True,True,True
pt022,MR1,054_to_053_warp.nii.gz,0.5898576458763196,0.7271052415643169,8.658123279521561,0.0015253892548966895,0.09218447440400751,0.3043615373493835,1.4794622714856709,0.9980684919989652,0.41620892926944125,-1.349635901950057,17.37018654906515,0.0253125,1.966015625,0.36432492470027944,True,True,True,True
pt022,MR1,055_to_054_warp.nii.gz,0.7397176307285828,0.8573879555523386,13.095783690232242,0.0022696906254092036,0.11211051019108649,0.422188525255769,1.7783804520709094,0.9924117132919499,0.4532375044628487,-1.6295273214314963,21.444224129384168,0.02921875,2.420546875,0.4718964276165295,True,True,True,True
pt022,MR1,056_to_055_warp.nii.gz,0.7638829761439836,0.8215328991872668,9.315114045830809,0.0023216006496971707,0.12317872839882245,0.4601939668481484,1.8025993045476536,0.9925729897212834,0.44492682919236803,-0.38571841956774117,16.8823980544475,0.016640625,2.343984375,0.4654520645364379,True,True,True,True
pt022,MR1,057_to_056_warp.nii.gz,0.7102859832056901,0.7555710586173836,9.614761128570372,0.0013089322923490344,0.11905857292958087,0.42246271551294384,1.6892067021610295,1.003024982984819,0.48289080202310175,-0.684774923286607,26.501608216595056,0.01,2.67796875,0.41155219929978376,True,True,True,True
pt022,MR1,058_to_057_warp.nii.gz,2.2971305977438607,2.639927228209955,25.465096994928853,0.004393251890971225,0.3903231102396069,1.350850010146294,5.397255262328821,0.9608760582741132,1.0209623699240344,-22.78835156474942,88.82282795428486,1.40375,9.044609375,2.738669688119682,True,False,True,False
pt022,MR1,059_to_058_warp.nii.gz,1.2040714310028373,1.0392221026055406,10.72263207460499,0.006076708209771785,0.30524145400049424,0.8726106526771646,2.5466859278616703,1.0126980272033093,0.9524942948609949,-2.1436563502466246,34.11078740596011,0.088046875,7.77390625,0.9396667808739192,True,False,True,False
pt022,MR1,060_to_059_warp.nii.gz,0.9682610976692682,0.9089609417838915,8.972601632739842,0.001378653159440236,0.2070578912563192,0.6501551429963507,2.17362553717015,1.007388282508667,0.6903858008948889,-2.8674740800415823,39.36115002909798,0.019296875,5.310078125,0.6460591047528196,True,False,True,False
pt022,MR1,061_to_060_warp.nii.gz,0.6161884262388504,0.7079622739361787,9.58321729256441,0.0021614886993682005,0.0962010383951641,0.34187289795868575,1.5181645875459744,1.001678831943385,0.434112999122161,-0.7109965946934089,28.31546656243337,0.010859375,2.129765625,0.36255001811705534,True,True,True,True
pt022,MR1,062_to_061_warp.nii.gz,0.6211185183118131,0.750452888437417,10.624448273144193,0.0018427880956586227,0.09574065186272618,0.3346430423056463,1.5331406762547612,0.9973930955463735,0.42164526795094853,-0.7086225744041974,24.023429301783565,0.016875,2.021640625,0.38836115934172594,True,True,True,True
pt022,MR1,063_to_062_warp.nii.gz,0.6725498138468358,0.7772516352839492,10.479630541120152,0.002624759845205463,0.09910108822499789,0.377695469439485,1.6443426569732313,1.0015147133133577,0.45035219480746,-0.6124447288974859,24.52692021244449,0.032109375,2.379609375,0.4129464819773702,True,True,True,True
pt022,MR1,064_to_063_warp.nii.gz,0.8179625161189772,0.9240502608927238,13.883904804388923,0.0015164519866675875,0.1354218632187176,0.4801618053144991,1.94701429619878,0.9899067045730784,0.4843809409083661,-0.7020589399006443,13.51610312282954,0.046328125,2.773828125,0.5591081537613407,True,True,True,True
pt022,MR1,065_to_064_warp.nii.gz,0.6161994059522412,0.688490591170608,8.784582956618944,0.0012506925180756432,0.10789318043047583,0.35419623972354664,1.4898709553221383,1.0028036371641564,0.43726305958696643,-0.4106965172382469,20.862585343405783,0.011015625,2.18546875,0.3585496025562572,True,True,True,True
pt022,MR1,066_to_065_warp.nii.gz,2.324325923569934,2.646408812979878,29.14656895411296,0.007729453555407264,0.3987750664908568,1.398593481031487,5.3830011084875125,0.9600095115528134,1.041618325098358,-24.48844867831649,100.55806887508285,1.451015625,9.34015625,2.827357401361964,True,False,True,False
pt022,MR1,067_to_066_warp.nii.gz,1.4472319853821876,1.2499945170168099,14.101329099549746,0.0043603711182883705,0.394057935651396,1.0457665767650064,3.0345417619756168,1.017335870833198,1.1748306407667035,-3.2130664352812723,68.08249498826278,0.2078125,9.455,1.2381518442714496,True,False,True,False
pt022,MR1,068_to_067_warp.nii.gz,1.2502308892318261,1.4609553279603904,14.153471489256443,0.0043683735440355935,0.21052985469071467,0.7473881520535504,2.881061446237025,0.9803062828271617,0.6428729495928723,-7.7222959680593535,23.041470152103344,0.30109375,4.702109375,1.0620769347157104,True,True,True,True
pt022,MR1,069_to_068_warp.nii.gz,0.7637820061849107,0.8464477882623819,9.737128405123148,0.001826888206817077,0.10792074683436487,0.4312128354214228,1.8882381676637399,0.9969125922523686,0.4791860699706351,-1.709510133982399,37.16453992711128,0.014375,2.58078125,0.45529444874573527,True,True,True,True
pt022,MR1,070_to_069_warp.nii.gz,0.7505299505724821,0.8510743857458157,10.940272600788663,0.0011656892723284026,0.12505519671687215,0.4421216224947494,1.7676905683291342,0.9934747088651195,0.4721484621490624,-0.8490159673287866,29.195838699228442,0.034765625,2.57734375,0.5061653556910455,True,True,True,True
pt022,MR1,071_to_070_warp.nii.gz,1.405379016887648,1.2192485564305324,14.041062306731463,0.011796185654539845,0.3828059745543447,1.0187636577736767,2.9285402827331706,1.0162289791892931,1.145664997672063,-5.8378452630859154,72.8031260938326,0.2328125,9.297421875,1.2070402365073536,True,False,True,False
pt022,MR1,072_to_071_warp.nii.gz,0.8462595121792886,0.9937408753105296,15.592713965857428,0.001530651377659328,0.1257079378755093,0.48199907010415066,2.018855915160649,0.9906802165560764,0.5130471557771786,-4.315815424394702,22.619575408226403,0.0728125,3.024609375,0.6062534185849703,True,True,True,True
pt022,MR1,073_to_072_warp.nii.gz,2.015106144036379,2.357449877916876,25.393128862146504,0.001707846486644134,0.34101620707037267,1.1909316183439331,4.667714857785452,0.9638988590203131,0.9251971894261287,-26.380780260292852,43.46628818875485,0.978125,7.921484375,2.2392166534714697,True,False,True,False
pt022,MR1,074_to_073_warp.nii.gz,1.3166086959958612,1.19322762542703,13.28463226777898,0.004838719587020261,0.3368873296771717,0.9243314635642796,2.807458657505628,1.0159673307287298,1.059413239717052,-4.358867372132265,55.934825629034776,0.208046875,8.357265625,1.1033190908225012,True,False,True,False
pt022,MR1,075_to_074_warp.nii.gz,0.6799301856060812,0.7903779755444522,10.766640855440162,0.0022165917033421575,0.1064824539718656,0.3804501291638089,1.6504488402066348,0.9958674219724098,0.4466716167314162,-1.3407932255713755,24.033049237043276,0.021484375,2.31640625,0.44252487615845637,True,True,True,True
pt022,MR1,076_to_075_warp.nii.gz,0.6621205269286278,0.7380521312276753,10.529565951214432,0.0023939280822539454,0.1108932367704586,0.38040072820545523,1.5953327928332972,1.0017974161642484,0.4553107043231122,-0.7019407836358873,21.92132539183856,0.016484375,2.46125,0.39868923482989277,True,True,True,True
pt022,MR1,077_to_076_warp.nii.gz,0.5127024574895976,0.6119313567942828,7.468069933136285,0.000669994804038223,0.0888672594962218,0.2814713565341619,1.249406185137027,0.999854459828518,0.3599917465612863,-1.2626291110279206,20.36241969740016,0.01234375,1.474453125,0.27556096264240176,True,True,True,True
pt022,MR1,078_to_077_warp.nii.gz,0.5839849372741414,0.7148007920839842,10.533990808650694,0.0023394414429366286,0.09880604397332128,0.3192953075512155,1.4019334998633266,0.9962573241919759,0.38640060417466293,-0.5967728416768993,22.668918971274902,0.015078125,1.674921875,0.3448808411079778,True,True,True,True
pt022,MR1,079_to_078_warp.nii.gz,0.5510365860808084,0.6437005705913997,8.625761199241852,0.0011619378296979582,0.0984530121459272,0.30837898930469104,1.3392165128183324,1.00159717832358,0.4080807761267198,-0.5360794852699448,28.435232901886295,0.014453125,1.733203125,0.3053428916718618,True,True,True,True
pt022,MR1,080_to_079_warp.nii.gz,0.5361811712398398,0.6720042911121138,8.26053692378739,0.0008438857343264648,0.08964061603731305,0.28699905442414975,1.310892601451832,0.9992315482893928,0.3889104703897872,-0.5298899083685252,20.408483355126346,0.012421875,1.620625,0.3146235891107413,True,True,True,True
pt022,MR1,081_to_080_warp.nii.gz,0.5346682804019071,0.6603139583213459,8.20285836455607,0.0012238196908321006,0.09167964195278824,0.29517541982560747,1.2743345952735936,0.9985705906823028,0.3802732936102034,-0.7296865380106807,24.253046861424817,0.01140625,1.4840625,0.31096560855428623,True,True,True,True
pt022,MR1,082_to_081_warp.nii.gz,0.574787206802005,0.6971060056365526,9.380114989953624,0.0018063999740881604,0.09486434185435376,0.3186553505600057,1.3713382012145696,0.998660052136046,0.3867708497429298,-1.1268825202751496,14.730151663356878,0.022109375,1.74109375,0.34008890017025134,True,True,True,True
pt022,MR1,083_to_082_warp.nii.gz,1.3375611487250605,1.5523715969126697,23.893394384915304,0.002403465881335128,0.1504406866073441,0.7551681016886562,3.314922826902626,0.988792798951457,0.781815618885009,-14.958652136235957,57.98241082457543,0.4278125,5.325390625,1.0897516058786818,True,False,True,False
pt022,MR1,084_to_083_warp.nii.gz,1.410085468231156,1.2416590534654492,12.126253167398133,0.004642443450503534,0.30114164858678555,1.002873754600751,3.1146351426331558,1.0005739102151519,0.9542663752588508,-3.3127775981755696,43.935362532002934,0.151796875,7.6865625,1.062685778049205,True,False,True,False
pt022,MR1,085_to_084_warp.nii.gz,2.842805921805211,2.9410861974916,30.560157466233406,0.00606313396670408,0.532661289199648,1.8799932094850897,6.3015618402577,0.9547369776921117,1.2194332776376213,-33.39830314244753,74.8486155430244,2.310078125,11.261171875,3.8263381962643006,True,False,True,False
pt022,MR1,086_to_085_warp.nii.gz,1.5929324323562628,1.2696897738057678,11.83572265452817,0.008243082056128049,0.44680448225464947,1.2113828452485462,3.2575115525457243,1.0190257541859298,1.2923846191842099,-12.68235326965032,81.20977123003982,0.39,10.252265625,1.4569684160437981,True,False,True,False
pt022,MR1,087_to_086_warp.nii.gz,1.4913301489484563,1.6659430191556213,25.365804343489092,0.004468565330793804,0.2501487218621669,0.9387620528376107,3.3700745485956927,0.9731784305882775,0.7713379891290985,-7.936855216843772,78.7964312868102,0.455859375,5.90109375,1.4558223046494685,True,False,True,False
pt022,MR1,088_to_087_warp.nii.gz,1.4817756423730495,1.7168825956104432,18.949657318510837,0.004987610891655121,0.2580955443411161,0.8909949615463699,3.395956369796319,0.9750320405763266,0.7507148559066171,-11.337115358165175,26.62867769677979,0.480859375,5.864609375,1.385905866913098,True,False,True,False
pt022,MR1,089_to_088_warp.nii.gz,1.2252894645574763,1.0463274696091414,10.12688565025837,0.0064476446612969675,0.28967496092657685,0.8881787212137824,2.6360974938172523,1.0122823596098298,0.9239604514136782,-3.5359216609469777,46.61713516901599,0.13375,7.54078125,0.9464729171618778,True,False,True,False
pt022,MR1,090_to_089_warp.nii.gz,0.9030162627870891,0.8726927311632193,9.75667392384746,0.0017994156489040815,0.16205691459188096,0.5884604601329416,2.082096005803172,1.0019223320908257,0.5970973127365267,-0.6833787436918171,49.3903473890866,0.020546875,3.91640625,0.5299112545478325,True,True,True,True
pt022,MR1,091_to_090_warp.nii.gz,0.6237031067707322,0.7777411553370656,11.479618861411813,0.0015716246760864429,0.09539587134789772,0.3401215467991546,1.4899875828071525,0.9980431741207174,0.4310904824780967,-1.4542384382850195,44.02428020216909,0.0246875,1.931640625,0.38337940710678914,True,True,True,True
pt022,MR1,092_to_091_warp.nii.gz,0.7262159871019344,0.8289625229315969,11.203785891502102,0.0012337235641145291,0.10075495700075303,0.40589517872342235,1.7753374596471048,0.9936640611412264,0.43377664018945217,-0.8278466619580709,17.38076452956118,0.020625,2.3803125,0.4403639128956009,True,True,True,True
pt022,MR1,093_to_092_warp.nii.gz,0.5890070426156871,0.6874280077234833,9.133541791769343,0.0008350908102041902,0.0918994976621977,0.32088854358125163,1.441912502625277,0.9988820884372211,0.3830015839822994,-0.9855249016214492,18.59339455964057,0.012109375,1.763203125,0.3313851926378178,True,True,True,True
pt022,MR1,094_to_093_warp.nii.gz,0.5991471497504095,0.7462097340576582,11.196688749693216,0.0016097118882701814,0.09122980952261282,0.30998621412912286,1.499127201164061,0.9982249273515763,0.3966030014859331,-0.9533386917825081,19.259531506634463,0.021328125,1.879296875,0.3579954724102445,True,True,True,True
pt022,MR1,095_to_094_warp.nii.gz,0.6633314764619056,0.7595582730673468,8.31588855191456,0.0013336725495964154,0.0935832468730049,0.3511983423699906,1.694636276218706,1.0012039140892244,0.4386625514209624,-1.2577837818696738,28.542010212343424,0.014296875,2.408125,0.4027293561962311,True,True,True,True
pt022,MR1,096_to_095_warp.nii.gz,0.7121425952065165,0.7975266660539799,10.709857886208598,0.001389120399681192,0.10255438006908942,0.393571199242154,1.768483240894733,1.0020799778439655,0.5025270615877976,-1.1842877487250163,36.76401609944925,0.0234375,2.635,0.4367248172827843,True,True,True,True
pt022,MR1,097_to_096_warp.nii.gz,0.7076300911605298,0.7893029661239286,9.729075530489784,0.0020241932055113767,0.10749691073933787,0.40276068691091504,1.7381068882448996,1.001260561076403,0.4810819775971657,-2.14309973668536,23.439585550687188,0.01984375,2.745390625,0.4550933938882135,True,True,True,True
pt022,MR1,098_to_097_warp.nii.gz,0.6975401117941926,0.8141095844896978,10.758212699728931,0.0009861234975265393,0.09534845924977826,0.37061091279252234,1.7415347600630793,1.000323897745529,0.4872584271049191,-4.88416238184627,39.05782517506878,0.025625,2.63640625,0.4514912717557617,True,True,True,True
pt022,MR1,099_to_098_warp.nii.gz,0.5932412909290253,0.7331026971803768,8.305384989718632,0.0017068014681312928,0.09146558362323416,0.3033652035070324,1.5096378479570838,0.9984506470143686,0.42109117523142253,-0.6569646293005401,40.96165590884056,0.02015625,1.861484375,0.36295105858189236,True,True,True,True
pt022,MR1,100_to_099_warp.nii.gz,0.8424323087922565,0.9292796683438798,10.206631379930736,0.002708749079808106,0.1397526494444951,0.5103969184890385,1.9682595421073446,0.9894019023146193,0.4982767260156198,-1.0448092634503476,18.784308649986585,0.032890625,2.93921875,0.5920880625682196,True,True,True,True
pt022,MR1,101_to_100_warp.nii.gz,0.5772332537619899,0.6750879041074149,8.761530346883841,0.002097194361100808,0.09499689435373274,0.32287560422684886,1.3892452972984415,1.0011910763414311,0.407210064164335,-0.4666356512268578,21.265764155522593,0.010546875,1.835,0.32760712096918526,True,True,True,True
pt022,MR1,102_to_101_warp.nii.gz,0.5780791665937656,0.7204276807662834,9.21264319120209,0.0009245109076905247,0.0916857553182479,0.30702380891407693,1.4128298645721038,0.9983786637498681,0.3951884853731143,-0.6667071098466406,19.296055042360823,0.0184375,1.707890625,0.34350025126073225,True,True,True,True
pt022,MR1,103_to_102_warp.nii.gz,0.7567731363957466,0.8808968581197514,13.151233343090697,0.0014608674956587404,0.1247768536525455,0.445171030498022,1.7562178348728328,0.9918386317960952,0.459656398227857,-1.3969165868778621,13.912156697677908,0.0440625,2.553203125,0.5167754268131053,True,True,True,True
pt022,MR1,104_to_103_warp.nii.gz,0.5922361546161113,0.664242845313272,9.296972373482197,0.002197264672652386,0.10414163765377427,0.34534006916376786,1.4065496452774955,1.0016465288947656,0.4243714359456848,-0.199993405709723,31.292091538239063,0.005546875,1.99453125,0.3367337513704137,True,True,True,True
pt022,MR1,105_to_104_warp.nii.gz,0.5625589397852506,0.6839983906093735,10.051231186593258,0.001206762322144095,0.09254050508533368,0.3118173538004986,1.3384742671520369,0.9980945451223415,0.37212946044295075,-2.329033750774207,21.130377481716852,0.015,1.615703125,0.3119765100743333,True,True,True,True
pt022,MR1,106_to_105_warp.nii.gz,0.5781017342100533,0.6987052628230167,8.88964899492972,0.0018842110110355846,0.0909040240097134,0.31100473263652695,1.4087951055651324,0.9995786996049452,0.37083831006054946,-0.9435008185974115,20.747895368046958,0.0090625,1.592109375,0.30665214541185976,True,True,True,True
pt022,MR1,107_to_106_warp.nii.gz,0.6914348089528438,0.7374971844197045,8.039217298246005,0.0012566466538513955,0.11112577118531217,0.4241612874062458,1.6192869298542965,0.9960261911165368,0.44058557889442107,-2.0093610600803693,19.18310715389545,0.02390625,2.289609375,0.43024553220628703,True,True,True,True
pt022,MR1,108_to_107_warp.nii.gz,0.5781169514302293,0.6612208352873138,9.098273738286617,0.0018038944029415067,0.09663020063301889,0.33949091728555103,1.3483234007357672,1.0008263996406987,0.38087961221632416,-0.6896301771863798,24.59999526880258,0.008359375,1.657734375,0.31622088966078543,True,True,True,True
pt022,MR1,109_to_108_warp.nii.gz,0.9703463478004656,1.0967056898807388,12.01690009671511,0.0018805159634874302,0.17120657195096808,0.5965284077287036,2.1898760573825546,0.9850565277741673,0.5548176417518325,-2.437083923625767,18.60400659635406,0.104296875,3.45296875,0.7286490055562054,True,True,True,True
pt022,MR1,110_to_109_warp.nii.gz,0.7632727599683703,0.7577094910501793,8.037849422655743,0.002155406846399296,0.163478202495424,0.5094775894579006,1.676011193774686,1.0068663370214705,0.5374523164000562,-0.6508362118188716,45.04852575672062,0.007578125,3.748125,0.4515255147907508,True,True,True,True
pt022,MR1,111_to_110_warp.nii.gz,0.6156369163689682,0.6680681142680348,10.221786993597592,0.001515327517107379,0.11306777311012133,0.3819631762497854,1.4124187476496761,0.993696476756855,0.390264046399765,-0.491038059196371,17.872853936558734,0.01203125,1.64796875,0.3461564498185096,True,True,True,True
pt022,MR1,112_to_111_warp.nii.gz,0.7250830844992673,0.7536931143511841,10.400973345614135,0.0035766021188728195,0.14906291502453028,0.4593460875520038,1.643530492636605,1.0050736370766487,0.5063440867814335,-0.6752155760029253,30.562106294366206,0.02171875,3.355859375,0.4445920863173962,True,True,True,True
pt022,MR1,113_to_112_warp.nii.gz,0.5418130145707181,0.6384193118180973,9.29448086204109,0.002023292612630268,0.09321843841227581,0.3197209176759803,1.2485640196675376,0.9992154010701132,0.34169521857775487,-0.8055754781358222,17.813025793511773,0.01,1.3415625,0.27561805186086547,True,True,True,True
pt022,MR1,114_to_113_warp.nii.gz,0.617417377515781,0.6744771622887735,7.680247185041641,0.00137063485676642,0.09568350414556041,0.36944518383048075,1.4479539451774979,1.000700122313887,0.40037295641675064,-0.37902061726131,20.633922367993375,0.01015625,1.914140625,0.3490740726658454,True,True,True,True
pt022,MR1,115_to_114_warp.nii.gz,0.5496179547883249,0.632402631283575,7.724977193834445,0.0023699352494617686,0.09366871683648721,0.32326188807936906,1.2799462597436766,0.9991064381244125,0.36452932345520844,-0.9014035306730037,24.586359100736658,0.010625,1.578046875,0.30402153069567134,True,True,True,True
pt022,MR1,116_to_115_warp.nii.gz,0.707284881679919,0.7554144282089718,11.334283549569534,0.0017991627826697768,0.13408434817049625,0.4285218513207555,1.6413430015338153,1.004542738502026,0.47939572152118876,-0.655931736305691,20.574753233068137,0.009765625,2.991796875,0.41577215117482064,True,True,True,True
pt022,MR1,117_to_116_warp.nii.gz,0.5475161405656273,0.6423234374494892,8.001118777901253,0.0015911394723949817,0.09146791663506983,0.3011350664331328,1.3327885467493932,1.0005312695258206,0.378407523438232,-0.5342739412734779,28.92545940457775,0.01234375,1.564765625,0.2932857707701002,True,True,True,True
pt022,MR1,118_to_117_warp.nii.gz,0.5142606742182314,0.6219951298728629,8.897936291601509,0.0012639033428697606,0.08802830877010931,0.2832122319129206,1.2326167627924753,1.0004603059809118,0.3510989930549497,-0.2894764404538255,20.973809157484734,0.006171875,1.356953125,0.2654491169320248,True,True,True,True
pt022,MR1,119_to_118_warp.nii.gz,0.8157661656395419,0.93841712693023,11.155296701422662,0.0013754443747966783,0.14226673000906537,0.48884567245537697,1.8703243258245401,0.9867660013509835,0.4908849345842109,-1.8526888325950306,29.833651947168025,0.052734375,2.690703125,0.5731630486349352,True,True,True,True
pt022,MR1,120_to_119_warp.nii.gz,0.9268325438344588,1.0627171466948115,12.642742819505205,0.002027833943459202,0.1619804155316408,0.5487666778580533,2.1561373373125834,0.9856036934781086,0.5261351383917708,-2.5133965586713356,18.481152292976898,0.084765625,3.14859375,0.6603831184090792,True,True,True,True
pt022,MR1,121_to_120_warp.nii.gz,0.9508273323512911,0.9734072072647224,10.815763360358046,0.003423854431605092,0.21098200569849432,0.6157417538649004,2.1127548202877304,1.0105217061110399,0.7254249432573506,-1.1834524660408403,31.06880582342297,0.043671875,5.440859375,0.6749283011272568,True,False,True,False
pt022,MR1,122_to_121_warp.nii.gz,0.7310497717522271,0.8410944361351768,12.789281687834913,0.0006571317382988762,0.10341436443128262,0.4174421305155146,1.7660464628332255,1.0022428212134304,0.48628761210938315,-0.9632029729510763,33.23687280671731,0.03609375,2.66578125,0.44768506089416726,True,True,True,True
pt022,MR1,123_to_122_warp.nii.gz,0.9172319949989683,0.9710305459837301,12.074302574794006,0.003225378075439685,0.15088178184138423,0.5689146850888405,2.156641619625794,0.9898333796646761,0.5149684795937902,-1.3934615232013576,22.61985274383664,0.043515625,3.379609375,0.6130800987248344,True,True,True,True
pt022,MR1,124_to_123_warp.nii.gz,0.8004819864551571,0.8644411322741626,9.155753099821457,0.001352919393521555,0.10218522336097856,0.4536517604786806,2.012100515570829,0.9960921739991212,0.47662532772624755,-2.5283443721899426,24.25039437297334,0.02984375,2.984609375,0.48874822881205626,True,True,True,True
pt022,MR1,125_to_124_warp.nii.gz,1.0289050214905036,1.1459808336065505,11.67458937763541,0.002097247566978111,0.17376448771211972,0.6260327507459309,2.374374393591821,0.9848102066624972,0.587851980543913,-1.7678193006290341,21.062711963224583,0.138125,3.868046875,0.8105731172800632,True,True,True,True
pt022,MR1,126_to_125_warp.nii.gz,0.6667334176597491,0.716176770464509,8.94587705706474,0.001469021573115474,0.10469100304200982,0.39340933184103716,1.5997396284735141,0.9996191303927011,0.4442672218722041,-0.5527187945939358,18.723927259028443,0.009375,2.322265625,0.3846576753022802,True,True,True,True
pt022,MR1,127_to_126_warp.nii.gz,0.6940412491952325,0.7429633105067464,10.708190063281895,0.0015307624306330585,0.12060920366293382,0.41064579837564785,1.6575685313247646,1.0026984132241528,0.48270018536453874,-1.1210036655043238,29.87445038586462,0.01109375,2.711484375,0.4119411055911618,True,True,True,True
pt022,MR1,128_to_127_warp.nii.gz,0.6389953930477751,0.7466381686608284,8.877936595730363,0.0017243267084784224,0.09662954461267023,0.3443344696539682,1.595711561223646,0.9999033375920328,0.4222416148598944,-0.5339352199843631,18.3886056664339,0.011953125,2.128984375,0.3794311374703513,True,True,True,True
pt022,MR1,129_to_128_warp.nii.gz,0.622005230527136,0.7523723804647161,9.270323259652589,0.0025098828657166583,0.09237561204450602,0.3196830227905493,1.5783459680260206,0.9995225499223847,0.4330019746467222,-1.989110483475718,20.22591092787614,0.0228125,2.13640625,0.38836979291630613,True,True,True,True
pt022,MR1,130_to_129_warp.nii.gz,0.5953294532043876,0.7234674662956239,9.498494694738284,0.0008119159477885901,0.09106744911546279,0.3033414818782194,1.5233872154441905,0.9986898098300168,0.42214495525858386,-1.7597561846953629,22.490631356882623,0.016015625,2.06125,0.3617654431071955,True,True,True,True
pt022,MR1,131_to_130_warp.nii.gz,0.6339582527880562,0.7076501306009441,9.107656091525707,0.0009647106307065061,0.10738536761991473,0.36081649520279624,1.5336533999505981,1.001746875458803,0.4361761058440119,-0.636517767322041,21.96629658119149,0.016484375,2.2009375,0.3605331239614391,True,True,True,True
pt022,MR1,132_to_131_warp.nii.gz,0.5408925296842311,0.66357044018728,8.664746014198439,0.0010329831295124812,0.08784181554665191,0.2863709743242343,1.3239825706854231,0.9999176754580421,0.3671755600756297,-0.38891992490327715,15.65256651720702,0.00921875,1.585703125,0.29856835802720705,True,True,True,True
pt022,MR1,133_to_132_warp.nii.gz,0.6136456711079823,0.7084383479886993,10.631936965865062,0.0029639039735808084,0.1079235316726833,0.3594113552185612,1.4314109626706764,0.9946724037837901,0.3885943498583826,-0.5151169650595194,17.15720507344677,0.026796875,1.76796875,0.3647291709481522,True,True,True,True
pt022,MR1,134_to_133_warp.nii.gz,0.6204583255841962,0.7043361536201236,9.297442375032455,0.0021308545909977275,0.10561728909066759,0.3723542664746202,1.4274185030257882,0.99620591401062,0.4144876281745355,-1.114867033741048,22.784685796819407,0.020078125,1.9615625,0.37483706949212875,True,True,True,True
pt022,MR1,135_to_134_warp.nii.gz,0.8096402161673767,0.8562800267609876,10.157185465752436,0.002121736131360902,0.10418024616163889,0.47580839473669323,1.9845429970396662,0.9998098261986798,0.49063289879212435,-3.1386568277283184,35.60051383669491,0.03203125,2.82078125,0.4673237624082753,True,True,True,True
pt022,MR1,136_to_135_warp.nii.gz,0.8747435451126825,0.9111961509110743,12.646352789548814,0.0019123275058986267,0.1259585414986071,0.5396091276156951,2.106545920865,0.9944070264170125,0.4565434085415038,-2.120575612355285,17.21883831044003,0.035234375,2.518125,0.4787848263978579,True,True,True,True
pt022,MR1,137_to_136_warp.nii.gz,0.7448880168092608,0.7800429754433031,9.749970766770925,0.00140719408546892,0.12360612122637211,0.4693663882906722,1.720828946103991,0.9926686182348049,0.456835145845371,-2.6955329777775234,18.7175837250617,0.01609375,2.61265625,0.45698069829875587,True,True,True,True
pt022,MR1,138_to_137_warp.nii.gz,0.6788190727905036,0.7208393186113375,11.293400334973224,0.000906941063333324,0.10578448078451762,0.40662537744462013,1.6382811184182704,1.0000507209963945,0.4126048010715512,-0.525347063287179,36.8225443836071,0.007890625,2.184609375,0.34465128074144935,True,True,True,True
pt022,MR1,139_to_138_warp.nii.gz,0.676695574528243,0.65997004964624,7.945950365490733,0.0022643127250134235,0.12432533914828672,0.4426852964804521,1.5389322711432716,1.0024475192470599,0.39761280508355507,-0.31606696098397635,17.641605290564392,0.008515625,2.013984375,0.3112568397551164,True,True,True,True
pt022,MR1,140_to_139_warp.nii.gz,0.6037642689624929,0.6248034432952818,10.185700768935195,0.0016402098497930154,0.11611274421302639,0.3841568998995784,1.3610807164987722,1.0023700408745853,0.4053637034419687,-0.6970311290603729,20.812521241078297,0.01046875,1.819296875,0.30406258921677326,True,True,True,True
pt022,MR1,141_to_140_warp.nii.gz,0.6126625876299536,0.674047297266827,11.34018452721547,0.0011740674816218197,0.10793845993398452,0.3863174847498547,1.3705986719192496,0.9939651697899099,0.3922780275174642,-0.9400760565711365,18.686572262905724,0.022265625,1.69421875,0.3412308677687311,True,True,True,True
pt022,MR1,142_to_141_warp.nii.gz,0.49899105341882166,0.615414951443671,9.35209312859071,0.0012838325721714224,0.09283544145701433,0.2910707778171471,1.1315587245088166,1.0007460312745233,0.3615896768280043,-0.9034730969890464,28.133724648407433,0.01375,1.311953125,0.26477853177137006,True,True,True,True
pt022,MR1,143_to_142_warp.nii.gz,0.5562676161483553,0.614480479585365,10.694651881874616,0.002273355983245881,0.11123406023317588,0.34392988489781773,1.259745923276481,1.0024115526166681,0.37900337119432753,-0.4483067618502283,17.254851789345018,0.008984375,1.71203125,0.2870734270448401,True,True,True,True
pt022,MR1,144_to_143_warp.nii.gz,0.6323804534862723,0.6533240034785682,8.95719323197056,0.002805868318660928,0.12573143574940013,0.4107885713898197,1.4114037260790502,1.0042760183511892,0.43507150661067556,-0.6302503770010999,22.265523393823557,0.013359375,2.420234375,0.34353367113902444,True,True,True,True
pt022,MR1,145_to_144_warp.nii.gz,0.595613518886904,0.6830279438762721,10.937597274171395,0.0004960049498940552,0.10101452721669918,0.35036849304193,1.4049154447606125,0.996990949004903,0.38135195204169586,-1.9503928741042857,34.23516726156129,0.0209375,1.646171875,0.32180638339816175,True,True,True,True
pt022,MR1,146_to_145_warp.nii.gz,0.5733843006218764,0.6853976017463868,12.463142041288505,0.0007313053838050922,0.09456625775865918,0.3289763294215928,1.3421807557585292,0.9976909165237295,0.37769422473217124,-1.21079010112916,20.385734911133795,0.02609375,1.69671875,0.3296601367876162,True,True,True,True
pt022,MR1,147_to_146_warp.nii.gz,0.6335145769931307,0.7294583737064442,10.95986392486484,0.0012760144524588555,0.10684441922470074,0.3727719101267992,1.47260604641736,0.9946165575554201,0.4208152302927213,-3.48575650694465,29.04848782383788,0.020390625,1.881875,0.3766278562520839,True,True,True,True
pt022,MR1,148_to_147_warp.nii.gz,0.5117382940296251,0.660885984368933,9.12830881259219,0.0015577147970440004,0.08897196277484917,0.2771585504719762,1.2181850991623224,0.9994489241545261,0.3603101857673528,-0.6917429545685521,20.283423490703026,0.0084375,1.4103125,0.27560214966443,True,True,True,True
pt022,MR1,149_to_148_warp.nii.gz,0.6104288308918286,0.7314456928877447,14.049202167846017,0.001539857970292057,0.09600821923303207,0.35106283790065695,1.4143350538629302,0.9962082168805749,0.38827031565964537,-1.7456732379603683,31.424076522140655,0.03265625,1.59546875,0.3432687124352626,True,True,True,True
pt022,MR1,150_to_149_warp.nii.gz,0.7248971559936199,0.7565254515945499,10.81468336685156,0.0024900380260797035,0.1273200309976742,0.4723832442197627,1.6341729888425478,0.9943748638236508,0.4267504920455851,-0.8517909689068371,23.64573487405053,0.019609375,2.100859375,0.41630263190356437,True,True,True,True
pt022,MR1,151_to_150_warp.nii.gz,0.7220054375955205,0.7748385889483913,11.722646522781238,0.0004309255239316032,0.13718148453905718,0.43869890537544254,1.6838251477303925,1.0048099016252354,0.5115108416806701,-0.817695497937726,23.803871339760754,0.016953125,3.06421875,0.4325391330853134,True,True,True,True
pt022,MR1,152_to_151_warp.nii.gz,1.7684706811707285,1.874027386113681,18.597390232153234,0.004509410904773134,0.2857674724901976,1.1062047736699487,4.1769233265193195,0.9766563441519267,0.8089491668791042,-4.4718034453346736,54.69859626348185,0.4515625,6.9815625,1.5316055346342163,True,False,True,False
pt022,MR1,153_to_152_warp.nii.gz,0.7503193634535051,0.8179749643782337,8.16539657907578,0.00239783839417696,0.10554129774000648,0.4296446666590332,1.8436476664659591,0.9998919876778857,0.4664329366843183,-1.1984220917281063,29.28176733249626,0.027890625,2.80671875,0.44961322413846955,True,True,True,True
pt022,MR1,154_to_153_warp.nii.gz,0.8120225979432557,0.8175036043947991,9.634085805146636,0.0022755029829062685,0.14304663383735794,0.511141179873023,1.910335148201643,1.0028202038912142,0.553334405491604,-1.0385253017889988,32.92065058367899,0.0165625,3.43953125,0.49096278740027427,True,True,True,True
pt022,MR1,155_to_154_warp.nii.gz,0.8356184297548583,0.8739935104039928,10.542614939686999,0.002338810477153023,0.15187181420957127,0.5180227117307962,1.9438673728704845,1.006660101508885,0.5951542995779775,-0.8036679601071002,40.82540830412318,0.040625,3.989765625,0.5434010102190494,True,True,True,True
pt022,MR1,156_to_155_warp.nii.gz,0.7715054632131944,0.8232965354378237,9.792542056816611,0.0018818928337233155,0.12397179191149693,0.454327033390699,1.853126180722055,1.0041425734835276,0.5323636436863289,-2.0325617982122286,25.732709594754535,0.0440625,3.074375,0.47043271952519455,True,True,True,True
pt022,MR1,157_to_156_warp.nii.gz,2.0592821699380677,2.2734945782198532,21.78649118733548,0.003457293003884213,0.35901025144522847,1.275686127753914,4.761010699718834,0.9682326689204414,0.9070979382167511,-8.990896679106319,33.14487320888937,0.923828125,8.56,2.1535807262622018,True,False,True,False
pt022,MR1,158_to_157_warp.nii.gz,0.9169533282294183,0.9423238074219059,9.254950078935256,0.0016646075705113808,0.15810756675205362,0.5540393631772081,2.2218410810533755,1.003782891894054,0.5929728836723696,-0.9178121366792656,30.691900771142183,0.01765625,4.31453125,0.559619198854095,True,True,True,True
pt022,MR1,159_to_158_warp.nii.gz,0.6211217936996414,0.6977973308532118,10.701155508330384,0.0018800962045966104,0.09969283546563967,0.3584534194787083,1.492741622717597,0.9978904062810904,0.4001405870620489,-2.0297986063081908,20.587914914933986,0.012421875,1.891328125,0.35833266207054437,True,True,True,True
pt022,MR1,160_to_159_warp.nii.gz,1.0173191083183726,0.9784934226879162,11.112351325007483,0.001827059226668471,0.2341684081900827,0.6837711797832313,2.228758395719004,1.0116216628661059,0.7829370052858955,-1.2618467404287608,38.433165292613914,0.066015625,6.1140625,0.7352250235631131,True,False,True,False
pt022,MR2,002_to_001_warp.nii.gz,1.582160262687347,1.834269001079482,18.51549133737096,0.008845263661607853,0.32704719406370353,0.9645842120073695,3.481902221643982,1.0162006537490589,1.129556513225547,-7.785277972812599,46.72356235116381,0.229921875,8.596953125,1.2917589278136592,True,False,True,False
pt022,MR2,003_to_002_warp.nii.gz,0.5320494208553687,0.7031374070545232,13.012029357073585,0.0010921325813452927,0.09362119366571385,0.2811418388318584,1.2746824918108899,0.9968545618774423,0.36062292344472874,-1.153770966921081,17.264092481867912,0.014296875,1.458671875,0.2910961780044682,True,True,True,True
pt022,MR2,004_to_003_warp.nii.gz,0.9823982284350213,1.5237794851935154,20.898016044188296,0.0012081676392415206,0.16477656788996348,0.5266340099454188,2.0747976326085915,0.9901745628139285,0.6623602280172473,-4.461769362771227,65.82771959541613,0.070703125,2.917890625,0.7491319488863173,True,True,True,True
pt022,MR2,005_to_004_warp.nii.gz,0.8837974109924603,1.2508882123697593,16.0387181227153,0.0021420997036940338,0.18399649414013683,0.5020123795485334,1.8340803680613427,1.0074617871946574,0.6091002740640161,-0.5440190256643594,23.150243219166903,0.010625,4.32671875,0.5456131229277027,True,True,True,True
pt022,MR2,006_to_005_warp.nii.gz,2.6897614806339813,3.3419330145284407,29.191286302200233,0.004580319995789402,0.38573396734882853,1.3924209188156615,6.747004558316357,0.9708647740500043,1.226981577807346,-21.745471898027727,136.65870165558226,1.968515625,9.4728125,3.1456613647563687,True,False,True,False
pt022,MR2,007_to_006_warp.nii.gz,1.9441339635309471,2.1159752691826266,19.508465932889287,0.0062195197888181425,0.47723084929409254,1.2636414502656286,4.02776199969577,1.0198939824937667,1.4614902277792243,-12.64220368822935,68.76461969609008,0.542578125,10.526484375,1.7386925935894022,True,False,True,False
pt022,MR2,008_to_007_warp.nii.gz,0.426860043411501,0.5694134889846197,9.091471165018717,0.0007364780689392333,0.08041566164017011,0.22445856019463145,1.02284603524332,1.000298380351296,0.32626389898863933,-1.2915894408913304,22.85688634661033,0.01234375,1.091953125,0.2132082143321966,True,True,True,True
pt022,MR2,009_to_008_warp.nii.gz,0.44617880259513204,0.6077085700149166,9.68806926793738,0.00051802323893954,0.0845572017253162,0.2367887385598343,1.0476408915868543,0.9989943921014685,0.3185200983573627,-0.705746522923365,27.885353206115724,0.010859375,1.125234375,0.23277666297210867,True,True,True,True
pt022,MR2,010_to_009_warp.nii.gz,0.6996608199997612,0.9330915885608336,13.488041431028403,0.0018275830484950559,0.11364737490560392,0.3651343493513677,1.6531659691175355,0.9958188225380709,0.45874426626586806,-3.446321560061998,40.073084461512174,0.0484375,1.99203125,0.4302989760525659,True,True,True,True
pt022,MR2,011_to_010_warp.nii.gz,0.6050712245110919,0.8465977494071877,18.61634212151652,0.0013863549208302202,0.08962168131827226,0.2855961656685368,1.473562638895854,0.9982027796711651,0.45033463736821955,-4.959675217705236,52.95850287389112,0.05515625,1.6603125,0.3683812630417182,True,True,True,True
pt022,MR2,012_to_011_warp.nii.gz,1.1150472402654998,1.4585944750745263,17.86375159641392,0.0011566630381664542,0.15185735354474877,0.5989069638777476,2.604051398220603,0.9939369869979023,0.5913284283193009,-1.799404047222661,38.30153115989084,0.0859375,3.23796875,0.7065141983421386,True,True,True,True
pt022,MR2,013_to_012_warp.nii.gz,0.6507264201335794,0.7771625039903847,8.363757264549356,0.0007728796812959865,0.11839289476763341,0.3575231393201593,1.5361335338308584,1.0034560968106976,0.4189872768871273,-0.8347691589274022,32.55664057034163,0.00828125,2.1165625,0.32462679870566835,True,True,True,True
pt022,MR2,014_to_013_warp.nii.gz,0.7435020376231324,0.9346620835293322,9.548096321333054,0.001422892528820887,0.12393211230117727,0.4084633383438825,1.7245736407281167,0.9947545512196877,0.44129429885329474,-1.0424740979045133,15.479683125709455,0.016015625,2.055078125,0.4088841340359158,True,True,True,True
pt022,MR2,015_to_014_warp.nii.gz,0.5182692539015721,0.6265625087634787,9.289508022130523,0.0024212357342300846,0.10455180288622733,0.3040951521135542,1.16878955163576,0.9971840167157857,0.32781512592069534,-0.6707370561636085,24.711504571393682,0.008046875,1.07140625,0.2442275540349727,True,True,True,True
pt022,MR2,016_to_015_warp.nii.gz,0.5053720331927012,0.624758303345561,8.302913300413001,0.0024183467382540304,0.11286657643587207,0.2973209820656706,1.101434273413328,1.004398074907367,0.3390955304119318,-0.3405844052828033,16.2327696430315,0.00640625,1.4034375,0.22321312147723232,True,True,True,True
pt022,MR2,017_to_016_warp.nii.gz,0.5324534505777229,0.6808629329637841,13.22460756850234,0.0008356788056515453,0.10238601129703748,0.29789244663045394,1.2372177744287758,1.0015918121753313,0.3652155621652419,-1.286531455170395,22.168410437683416,0.00890625,1.353203125,0.254331719659862,True,True,True,True
pt022,MR2,018_to_017_warp.nii.gz,0.4791821353352155,0.6169316232589435,11.016061063437633,0.0011055541593543976,0.10009074280139628,0.27090534613127704,1.0862663176598566,1.002687566132563,0.3434553459476195,-0.70738211570122,26.576101772923906,0.013515625,1.14796875,0.21793319978000159,True,True,True,True
pt022,MR2,019_to_018_warp.nii.gz,0.7328980928894051,1.1154088467866676,13.32422417421639,0.002619114469513254,0.13383401584739393,0.38812569534688124,1.5561644320766832,1.0049544089367568,0.47253929090200375,-1.9340801472035791,20.345941441398786,0.010859375,2.6734375,0.39841879182058915,True,True,True,True
pt022,MR2,020_to_019_warp.nii.gz,0.5457841848398837,0.6890822124094932,10.689742757145051,0.0017774093998197728,0.09334639528957994,0.2909747287278037,1.2928478443102154,0.9991225621017961,0.3457413907487692,-1.1364679464234042,18.744839785991132,0.01421875,1.35375,0.27363079118510786,True,True,True,True
pt022,MR2,021_to_020_warp.nii.gz,0.6744660642146225,0.8279368941132385,12.354081165702095,0.0030891120304676546,0.11629722486920673,0.38083404254333586,1.5284918597708919,0.9917171738115292,0.4317909346945367,-3.7381173809192996,27.109631611455992,0.038671875,1.643125,0.36941187307882895,True,True,True,True
pt022,MR2,022_to_021_warp.nii.gz,0.7571585580742866,0.9101962810913219,10.137083637556636,0.00318167328317577,0.12134704128675929,0.41192837917513137,1.8028846677222792,0.9970865043665533,0.4461483041122512,-1.3242707424103237,30.0740655032441,0.021484375,1.888984375,0.3907849068109322,True,True,True,True
pt022,MR2,023_to_022_warp.nii.gz,0.9684837160674921,1.34669757878008,14.53657471263209,0.0008650582541983583,0.17579495731946976,0.5343347802587481,2.0902222412333535,1.005661768550988,0.6598918387087654,-2.482123144926108,39.08221647561011,0.039765625,4.390625,0.6074063968263279,True,True,True,True
pt022,MR2,024_to_023_warp.nii.gz,0.6378652016498945,0.8744581989931967,12.214028526336858,0.002094165385433155,0.11574589989635278,0.3449004719839801,1.436622751551572,0.9950089166404982,0.43907251573971345,-3.0340262020245388,20.438676212810748,0.0471875,1.731015625,0.39784066563079024,True,True,True,True
pt022,MR2,025_to_024_warp.nii.gz,0.45636264831722584,0.699673616598537,10.318949646613628,0.0019877876572351677,0.0806669985833982,0.21721045339382983,1.0936689316833181,0.999385870329072,0.38208731578958577,-4.944694577027619,58.995553833304,0.04359375,1.325703125,0.2728759780279382,True,True,True,True
pt022,MR2,026_to_025_warp.nii.gz,0.6710098722173385,0.914472992467008,10.356109620652852,0.000610295218212912,0.12368534905475634,0.37231638677559087,1.460414051205617,0.9942756644576557,0.43461136520392807,-1.3450162898512503,26.234646534327712,0.024375,1.698984375,0.3933647955022614,True,True,True,True
pt022,MR2,027_to_026_warp.nii.gz,0.48274208661681167,0.6908290439016647,10.46923099439166,0.001310420645096276,0.09033230901298928,0.24523446350117972,1.155666893560615,0.9983668070346513,0.3598920637048324,-1.60100585109799,31.537210321895433,0.021875,1.256015625,0.26276195606145064,True,True,True,True
pt022,MR2,028_to_027_warp.nii.gz,0.6942098115169545,0.9756798001673277,11.640823084247016,0.0020740890470517677,0.13704589766443037,0.37309085074898346,1.5300338318603706,1.0051046675748292,0.508427012249593,-3.6997121204274213,39.80722282721748,0.024375,2.771640625,0.39787179838961767,True,True,True,True
pt022,MR2,029_to_028_warp.nii.gz,0.5026429205739693,0.6999811258093009,10.288280188140602,0.0012365392573409168,0.0940862011223405,0.261317809702716,1.1942455547022388,1.0028316707640221,0.3703382537857539,-0.9042959205700015,18.397233015495413,0.029921875,1.49484375,0.26740678359101805,True,True,True,True
pt022,MR2,030_to_029_warp.nii.gz,0.5806991687746709,0.7806033520652067,10.187738661335342,0.0017608215448154942,0.10130826441721448,0.30181084925373336,1.3994222634352889,1.003686582905252,0.4570183657621916,-3.5581964165599054,76.56602772367674,0.0440625,1.800625,0.33508499971105693,True,True,True,True
pt022,MR2,031_to_030_warp.nii.gz,0.49785324771360817,0.6988489946975903,11.129847655105804,0.0015049220584925041,0.08494343991127604,0.2558455360513673,1.1597004519584835,0.9989708612591014,0.3761088270751145,-1.528170481286707,38.75146689382039,0.03203125,1.404453125,0.2836231556321849,True,True,True,True
pt022,MR2,032_to_031_warp.nii.gz,2.1142487722050287,2.9115375234048364,27.666033849879483,0.006989094026471104,0.3002724588995063,1.047126581995135,5.0951663578847395,0.9757908243308013,1.0702354671787122,-16.063610489085715,137.1057509611909,1.114765625,7.328671875,2.344866075554934,True,False,True,False
pt022,MR2,033_to_032_warp.nii.gz,1.3592784700712326,1.7732975461957767,20.55215282052269,0.003853109388575836,0.3044012245121453,0.7955390916002398,2.8824857553108014,1.014012340082267,1.0080368830662467,-7.467481630591605,50.40387975456859,0.15359375,7.7934375,1.0991493862423143,True,False,True,False
pt022,MR2,034_to_033_warp.nii.gz,1.005617462988612,1.568181211635654,19.769728993820003,0.003030104579349752,0.17246816525789066,0.531750170221492,2.1354183999624774,0.9894753895634558,0.7359289010411085,-2.6930000481349587,114.878182909588,0.0678125,2.838359375,0.7588496706693638,True,True,True,True
pt022,MR2,035_to_034_warp.nii.gz,0.49984465830876906,0.6186661664046076,8.004147829692753,0.0020364877398403626,0.1108177505257792,0.29543006950853967,1.0876094695154241,1.0040057800355833,0.3402486545691889,-0.25454678530797475,30.803816903206393,0.003125,1.304375,0.2115844718940222,True,True,True,True
pt022,MR2,036_to_035_warp.nii.gz,0.518396928753883,0.6934264036217486,8.896808439349863,0.002900862050591724,0.10665876334367069,0.29644356312427994,1.1113866444740836,1.0034114325293995,0.3464295448970411,-0.5812092375605828,32.322704860131374,0.0046875,1.347734375,0.23230095917924873,True,True,True,True
pt022,MR2,037_to_036_warp.nii.gz,0.43502006424432255,0.5698015611825232,11.554929004353093,0.0008059108126129271,0.08618131125095248,0.24545679996590453,0.9822970658307556,1.0004264113155577,0.30682509517715534,-1.7124968667227913,16.34239896242279,0.017109375,1.04453125,0.21572642296787067,True,True,True,True
pt022,MR2,038_to_037_warp.nii.gz,0.3903424997575928,0.5239600803953524,9.962344264454858,0.0012665665260013252,0.08151304828456776,0.2164669618437314,0.8851639811362747,1.0010643271306525,0.2862014517437089,-0.6174550336466637,19.922250669198288,0.00625,0.878984375,0.18004535376922665,True,True,True,True
pt022,MR2,039_to_038_warp.nii.gz,0.770544075525418,1.0346168419248196,12.150263484487526,0.0023816229447378456,0.1393629843909349,0.4454193175950216,1.6559676231957046,0.9919456664874371,0.49122438521844275,-1.8485022104132702,24.950355347555863,0.0215625,2.135234375,0.4819581656708153,True,True,True,True
pt022,MR2,040_to_039_warp.nii.gz,0.47660308264056556,0.5883252392207876,9.357411130579978,0.0012525374158973092,0.09732111438417491,0.2696381756867937,1.122186460152574,1.002748655673297,0.3409820516521309,-1.258931098058507,20.676463342945844,0.018125,1.230546875,0.22575005072173318,True,True,True,True
pt022,MR2,041_to_040_warp.nii.gz,0.43465371306982126,0.6004810963645005,11.206198316932309,0.0006537758957558421,0.08573381329121442,0.2351533254417375,1.0038802270254052,0.9995457705344625,0.3214191811478787,-1.6914427660452225,21.136840659134755,0.013984375,1.110703125,0.2279790924409092,True,True,True,True
pt022,MR2,042_to_041_warp.nii.gz,0.7645838536781826,1.0329474137713819,11.730138085768543,0.0024048131759193654,0.14045459067974578,0.4382704518474181,1.6317623643950352,0.9939852459419708,0.4822397529915326,-0.5145700564633043,40.74126809237157,0.015859375,2.045703125,0.46278509583946814,True,True,True,True
pt022,MR2,043_to_042_warp.nii.gz,1.3063062767277787,1.6821512599063833,18.645383385420903,0.004009035614293436,0.28301282652383475,0.7869529671284228,2.736907037360383,1.0128396012333947,0.9405189899934651,-4.803024021051029,37.02306413066439,0.130625,7.39,1.0427019737267906,True,False,True,False
pt022,MR2,044_to_043_warp.nii.gz,0.9807034641661072,1.3491292825765377,15.936137661620544,0.003183767143548949,0.15382841617866705,0.5289196564481071,2.216141898303901,0.9915335413485247,0.6250579599141752,-6.1000120357119165,65.39334702693394,0.053984375,3.12203125,0.7222446434646835,True,True,True,True
pt022,MR2,045_to_044_warp.nii.gz,0.4492584693758423,0.6470705820969525,12.033825055447098,0.0014455709866445534,0.08248620384837672,0.22999655171281064,1.0559073200474183,0.999682548801875,0.33289956177963803,-0.9425236586529863,17.86212130411362,0.019296875,1.218203125,0.24719808010488173,True,True,True,True
pt022,MR2,046_to_045_warp.nii.gz,0.4675221643391148,0.6538908565379655,13.398415942960197,0.0014436747487247307,0.08900464728140677,0.2541082006378572,1.0531188076577718,0.9987680474155172,0.33821915281612946,-3.6576382755177974,21.789452079499803,0.021640625,1.1234375,0.25221578338023626,True,True,True,True
pt022,MR2,047_to_046_warp.nii.gz,0.7209303744724697,0.9928113034918513,11.054329109717964,0.0015133829273215548,0.1368463819740137,0.39721816640302143,1.5654228293273718,1.0046147809514019,0.4917703150486979,-1.032087710417511,36.61193859116842,0.015703125,2.58640625,0.3741973442142957,True,True,True,True
pt022,MR2,048_to_047_warp.nii.gz,0.41745137098710156,0.5663544350020202,10.756867027230664,0.0016889234392073865,0.08496696747126448,0.22865409100991346,0.9724178408454428,0.9985576382212829,0.30961934561784554,-0.9056670655569,19.923013710139134,0.02078125,1.00046875,0.21310013897110902,True,True,True,True
pt022,MR2,049_to_048_warp.nii.gz,0.4783855532016297,0.6940147176695749,13.188752124634426,0.0012388563777985142,0.08714691523270238,0.24017939520861534,1.140576416244918,0.9980032360662808,0.3469561528634102,-2.152763738100402,21.20634689567054,0.0146875,1.24484375,0.2591740122800415,True,True,True,True
pt022,MR2,050_to_049_warp.nii.gz,0.9249309408191022,1.2745368022736518,13.66438220189444,0.0019521857825809945,0.15842787179014167,0.5033954839863795,2.046270505099425,0.9905830834333837,0.6152477358472701,-1.5444871304211891,60.856012830553865,0.05015625,2.844453125,0.6577304618420584,True,True,True,True
pt022,MR2,051_to_050_warp.nii.gz,0.9655205603556951,1.436795553784613,15.940700689742938,0.0024290491134349606,0.1932923590805229,0.5278864533462531,2.0168940312764243,1.00832629335671,0.6745306432731671,-1.2426890223788243,33.41031582499304,0.035625,4.7871875,0.6452601934149687,True,True,True,True
pt022,MR2,052_to_051_warp.nii.gz,0.5137707425569764,0.6432458726673668,10.375031387049903,0.0007075385892026305,0.09399916311241378,0.28003649688021115,1.207603419261085,1.0033420300711515,0.3725306706234732,-4.162458691937553,26.169600614625235,0.02625,1.492109375,0.273455023964537,True,True,True,True
pt022,MR2,053_to_052_warp.nii.gz,0.3743874695665309,0.5144183512432806,8.648512707162997,0.001001891444120077,0.07671464036139346,0.20597172790481832,0.8359374007613857,1.000435771218978,0.29481004898263624,-2.1226688143230743,27.19519772999829,0.0128125,0.841484375,0.18058856222175487,True,True,True,True
pt022,MR2,054_to_053_warp.nii.gz,0.3692413377061494,0.5043286714669291,7.7389029365439,0.0009906787135766657,0.07738335468127638,0.20564464207114852,0.8191548503250204,1.0010386251214447,0.2776722719472929,-0.7102144487807296,21.457944098250252,0.008671875,0.83203125,0.17074268745889126,True,True,True,True
pt022,MR2,055_to_054_warp.nii.gz,0.818998637339311,1.2404628450321784,16.589207648121697,0.0016058094429022827,0.14331170684682817,0.45128644843172694,1.708927230309451,0.9905765003842334,0.5706374958667608,-0.6771634464929976,79.89745692690255,0.0165625,2.210234375,0.5286900861099492,True,True,True,True
pt022,MR2,056_to_055_warp.nii.gz,1.3053360823223206,1.884672494899301,22.876845890962922,0.005051952265606328,0.20823529275708813,0.6727699245662035,2.965755917637855,0.9860900223550054,0.7851821970442537,-19.194790907471237,77.57188426681537,0.16390625,4.234453125,1.1076709763149009,True,True,True,True
pt022,MR2,057_to_056_warp.nii.gz,1.3937572554581403,1.8238599622799638,21.831322689479226,0.005439603524290862,0.3151554812885228,0.8264650925474579,2.8937431897018095,1.0148837186593762,1.0303097275180255,-9.999911428240168,43.62997645144707,0.17015625,8.123046875,1.13931394377679,True,False,True,False
pt022,MR2,058_to_057_warp.nii.gz,0.4518782616442898,0.6067180185885953,11.838315508315077,0.0010882452116283425,0.09012074669741249,0.2508757876783638,1.046347466788425,0.9979869671712224,0.318855102434877,-1.1968946050438996,24.759784840769743,0.017265625,1.009140625,0.23023505880084605,True,True,True,True
pt022,MR2,059_to_058_warp.nii.gz,0.5147938136890076,0.6179559069964188,10.375804470929761,0.0010657216609404692,0.09840094324346584,0.29021131269864753,1.198043165756931,1.0006657463552826,0.32520207171608667,-0.8882223990338068,17.03990479104143,0.01109375,1.2340625,0.2239056992097756,True,True,True,True
pt022,MR2,060_to_059_warp.nii.gz,0.3807989030777072,0.484827271077899,7.592790126404925,0.0011668061265541494,0.08280988100917545,0.2187784991808696,0.8601351310892261,0.9983726743131996,0.28096761270971177,-0.23119204531401572,15.729619154628026,0.003515625,0.802421875,0.16880723526030214,True,True,True,True
pt022,MR2,061_to_060_warp.nii.gz,0.4611341311811743,0.5759501659182161,8.77833734639559,0.00097376830429275,0.08951164659780493,0.25750935389103763,1.0677115030976407,1.0022283945629291,0.3474801149839824,-1.6283890660056777,52.92472404109806,0.0059375,1.1446875,0.21339780817519008,True,True,True,True
pt022,MR2,062_to_061_warp.nii.gz,0.7971175937555869,1.1634744404567092,14.74323483581626,0.0031352355345018036,0.13493764110565928,0.4306302977576094,1.7084566359618423,0.9937801078262711,0.5382887543652105,-1.7323679005149983,59.35915354939064,0.022421875,2.075078125,0.4992946275023714,True,True,True,True
pt022,MR2,063_to_062_warp.nii.gz,0.6872894270296267,0.9073627815106953,10.112626016360991,0.0013514416692002088,0.12249335418119511,0.3788887892081291,1.5353874290978191,0.9932395786771471,0.4357949957873574,-0.5348311316644316,27.303284324656097,0.02109375,1.76625,0.39604309455277464,True,True,True,True
pt022,MR2,064_to_063_warp.nii.gz,1.0096137468967676,1.475923438823405,17.09745317115358,0.003024082382041188,0.2035702689567785,0.561606795703671,2.096306007073776,1.007867079691753,0.7054469756236608,-2.4276500860364516,35.20597051851101,0.03296875,5.053125,0.6719913974641949,True,False,True,False
pt022,MR2,065_to_064_warp.nii.gz,0.8416090704054661,1.1301911078762221,13.566247364021331,0.0028699051130400407,0.13196039229028783,0.4476966384097504,1.9183100321698452,0.9950399579032541,0.5032857018659506,-1.457541096111955,45.26451105703069,0.0403125,2.12515625,0.48621723290489866,True,True,True,True
pt022,MR2,066_to_065_warp.nii.gz,1.2077669861501814,1.824698465139358,23.859150921537857,0.0030573681205518827,0.19635624527862525,0.6561664656299624,2.5501460921295442,0.9852410172885053,0.6884507800473252,-4.16618352209873,52.41165419511538,0.176015625,4.000390625,1.0000284019327281,True,True,True,True
pt022,MR2,067_to_066_warp.nii.gz,1.2124273612152197,1.6492570269292572,17.31401693453915,0.0057417817661337064,0.2524731058343441,0.6905678605432619,2.557509128605146,1.011089371519604,0.875213628361344,-3.927262374652192,49.779962647020284,0.09171875,6.557890625,0.920296890466831,True,False,True,False
pt022,MR2,068_to_067_warp.nii.gz,0.480488876268924,0.6549828249425874,9.027083862755902,0.001640877696289163,0.0907360267270268,0.2479161581736713,1.1611748641415793,1.0017360834373468,0.36540748696872777,-1.9582275777313891,35.53022908673233,0.028515625,1.292421875,0.24028998848078295,True,True,True,True
pt022,MR2,069_to_068_warp.nii.gz,0.5580623963698907,0.7394272189107398,10.33505399470802,0.0016761530954819159,0.10440146411416985,0.3067843813396077,1.2645223520584015,0.996040323177178,0.397080473018276,-1.1862400997283271,29.645520880160085,0.01484375,1.44921875,0.3086030422199802,True,True,True,True
pt022,MR2,070_to_069_warp.nii.gz,0.4625372931269644,0.640816233076129,12.081130451484114,0.000233640744995274,0.08991976083600117,0.24250465081406725,1.1035267836285396,1.0026895426001272,0.35742737032273203,-0.6094396880436393,21.8228384265834,0.01375,1.299453125,0.24509767402724061,True,True,True,True
pt022,MR2,071_to_070_warp.nii.gz,0.5636984469432137,0.7659148960952175,12.875152138173876,0.002211135490005988,0.10850265094244795,0.30378242534288846,1.276852400739768,1.0037727764956843,0.40760967527127406,-2.5357549951221787,44.34747228725678,0.01890625,1.752734375,0.2923495539018789,True,True,True,True
pt022,MR2,072_to_071_warp.nii.gz,0.4180360505795282,0.6256747136157907,12.922442427913724,0.0012307001289380802,0.07730161529644868,0.2075336618599378,1.0073945654100862,0.9992091940752572,0.3320298317938122,-0.9465635290222775,22.39087741190561,0.015859375,1.180859375,0.2286247375318896,True,True,True,True
pt022,MR2,073_to_072_warp.nii.gz,0.6129505367751282,0.8298143117358826,9.327467998008053,0.0022061564900677645,0.1132008120021388,0.33733670714756914,1.3603138669758337,0.9953476244562572,0.4223247243492487,-0.8435471273760374,26.376590119372437,0.010078125,1.511484375,0.33363325309777137,True,True,True,True
pt022,MR2,074_to_073_warp.nii.gz,0.8692330940721491,1.1734519407282928,12.413313467104194,0.001715069852333118,0.1377128682626222,0.46326498058304316,1.9773580433783922,0.9941340482790025,0.5275687486793571,-1.8092420598192043,45.00058143778666,0.034140625,2.176171875,0.505810947179067,True,True,True,True
pt022,MR2,075_to_074_warp.nii.gz,0.9342738567798468,1.3443369972147259,15.53436179435779,0.0015999758481768866,0.1848475461465406,0.5169213446380285,1.966651221543796,1.008458176850269,0.6490137916352687,-1.5430383946245252,41.117966194310185,0.033671875,4.775625,0.6057824542227317,True,True,True,True
pt022,MR2,076_to_075_warp.nii.gz,0.5606158835437594,0.7366170618589746,13.786875861455796,0.001627167403955294,0.09367869678041396,0.2868281424819123,1.3214432867564971,0.9968219246842175,0.3784047465526942,-2.744102321444696,32.670036530796686,0.04640625,1.278828125,0.2915244324852784,True,True,True,True
pt022,MR2,077_to_076_warp.nii.gz,0.506933430920231,0.714951362060115,9.282026426442629,0.0010070158595096637,0.09008933539482006,0.2574731047023958,1.2088328586247272,1.002369310321154,0.38976352678739845,-5.275105302155007,28.12689845591904,0.0421875,1.437890625,0.28838203621930597,True,True,True,True
pt022,MR2,078_to_077_warp.nii.gz,0.560428967177462,0.7670237808786667,11.350642713328067,0.0006949564461690807,0.10219666974567902,0.2957009882736493,1.309563733212683,0.996452713813577,0.42844700231809496,-2.801427616133705,44.50628101870511,0.040234375,1.48109375,0.32993781958599355,True,True,True,True
pt022,MR2,079_to_078_warp.nii.gz,0.4643802408917608,0.6685154150524442,11.807805464527418,0.0012373796692890023,0.08843948362970805,0.24336251063932968,1.0683433855933777,1.0019189621285332,0.384107924571862,-1.5046202740248458,45.99672821132378,0.024296875,1.1915625,0.2420191361562019,True,True,True,True
pt022,MR2,080_to_079_warp.nii.gz,0.4612472847245146,0.6356538810273084,11.13213378997799,0.0019252902054135998,0.09195658653296343,0.25186752595076456,1.0451953344299916,1.0025086511398356,0.385787028368572,-2.1179122100089156,48.332299737900215,0.021875,1.1653125,0.23044388070744753,True,True,True,True
pt022,MR2,081_to_080_warp.nii.gz,1.1761404791142493,1.7634545065807168,22.08147813276204,0.0019372252503200853,0.18281894980527144,0.6038327415837963,2.618282344023916,0.9882369738572675,0.7419856958701619,-9.348445970610191,91.44275624065429,0.195390625,3.7875,1.0090424806082328,True,True,True,True
pt022,MR2,082_to_081_warp.nii.gz,0.9574416231956143,1.3497163253834918,16.281067662001785,0.0003262040384898589,0.19341331534001918,0.5321718092382108,2.024855147839317,1.0085158107484424,0.6806124952068275,-1.4562762655557764,29.60001047289659,0.039296875,4.908828125,0.6550652203955873,True,True,True,True
pt022,MR2,083_to_082_warp.nii.gz,0.9071114438209954,1.3491201948772755,17.509399708585164,0.002177272187675946,0.14925593502596857,0.4726535444777016,1.977303046155337,0.9918706863152201,0.6345074965399478,-3.381008280788827,86.65602111767615,0.076015625,2.6703125,0.647710501020235,True,True,True,True
pt022,MR2,084_to_083_warp.nii.gz,0.7708660064120734,1.056625775056444,15.136735117467106,0.0015816481427807882,0.15582691718622502,0.42791671673585396,1.679668624424008,1.0068214588736806,0.5329733252650577,-1.7189418239585517,31.4325174293378,0.018828125,3.476171875,0.4616323239729354,True,True,True,True
pt022,MR2,085_to_084_warp.nii.gz,0.9687115999493899,1.4766974242067255,18.436083994683106,0.0011101516013804218,0.15396583812014897,0.493943431548425,2.1191273965855837,0.991708895755659,0.6348913086266389,-2.9510944803023422,74.9196807318213,0.08109375,2.84875,0.7046377110881261,True,True,True,True
pt022,MR2,086_to_085_warp.nii.gz,0.5175869497861415,0.6410542937389607,10.335619782309209,0.001967068560246504,0.1020727130570827,0.2873190040129576,1.219409532880347,1.002103975774136,0.3695913667468112,-0.20790767651601744,26.251648388933642,0.009921875,1.521953125,0.24410581962275646,True,True,True,True
pt022,MR2,087_to_086_warp.nii.gz,1.262403449223123,1.8578954703416077,23.124056265455675,0.0017228523487448273,0.19884010336602634,0.6428615113546132,2.855826649468769,0.9857991918039808,0.7455494249465926,-13.408207497455379,72.09960622740175,0.187265625,4.1590625,1.0646245147384208,True,True,True,True
pt022,MR2,088_to_087_warp.nii.gz,1.4105989212629686,1.7733621970456568,19.980235340343647,0.006497266273457302,0.31750342680867366,0.8366893894476894,2.990847255987476,1.014600560291788,1.0482730865922707,-10.200494451030623,54.84239002245616,0.199375,8.1246875,1.1454394535248218,True,False,True,False
pt022,MR2,089_to_088_warp.nii.gz,0.41528805378445166,0.6233046575583848,10.752652248761592,0.0013686327187874855,0.07696128221891019,0.20888443517573496,0.9642785101752404,0.9998627497102774,0.3271741208107298,-2.5325401175183226,22.58594936518249,0.029921875,1.085859375,0.22910994810111487,True,True,True,True
pt022,MR2,090_to_089_warp.nii.gz,0.48530117964322256,0.626937938847445,11.452420321393218,0.0004777029977513289,0.08448776941415392,0.25380177927222225,1.1335695607308935,1.0012931636436981,0.3371953321743354,-1.8706110946545256,20.641207951001846,0.024140625,1.184296875,0.22927017909762634,True,True,True,True
pt022,MR2,091_to_090_warp.nii.gz,0.8152334222081592,1.0317395286904936,11.695532007760207,0.0014652720808456818,0.1419951258437149,0.4795856812512995,1.7434750492482116,0.9890098690015673,0.5047008823865197,-0.6494317834813841,37.151333879381056,0.023984375,2.10390625,0.4874220739484981,True,True,True,True
pt022,MR2,092_to_091_warp.nii.gz,0.4363071452656367,0.5254241059620085,9.390810260694458,0.001027525078761425,0.0943241214607296,0.2558783677138494,1.0010304026721397,1.0021633316771785,0.3021459769282378,-1.1723154052512776,16.609327629415542,0.00609375,1.00921875,0.1949113082380971,True,True,True,True
pt022,MR2,093_to_092_warp.nii.gz,0.8561083700821939,1.214311858147084,16.143118702591188,0.001995132467688343,0.14650655539352223,0.47362970920609027,1.8234671153014863,0.9933733416248531,0.543106469396123,-3.6884714735853614,45.676492488069535,0.06671875,2.280078125,0.5589575921800973,True,True,True,True
pt022,MR2,094_to_093_warp.nii.gz,0.5329368718955829,0.6045974950600699,8.705367143639645,0.0009899058280837193,0.10019758959993094,0.29670279327488175,1.3197572778653468,1.0028231700034462,0.3345308570598072,-0.5083387473758264,27.751255268048066,0.005625,1.19625,0.22025298606332802,True,True,True,True
pt022,MR2,095_to_094_warp.nii.gz,0.4719468013539138,0.6581836422949366,13.43601692795174,0.001339358930136128,0.09391513494547182,0.25953820874675615,1.054302832456427,0.9977929745920717,0.33418780060170744,-1.8517999988122027,26.184165049009366,0.02046875,1.14265625,0.24749929707613774,True,True,True,True
pt022,MR2,096_to_095_warp.nii.gz,0.6954533683944952,0.9463400571019179,10.086685508558256,0.0008641527525410752,0.12952615045347293,0.3758009656940214,1.5412520674547607,1.0050119146825733,0.4508769710708044,-1.0403297114264118,30.97229940197557,0.010234375,2.467890625,0.35079859840565103,True,True,True,True
pt022,MR2,097_to_096_warp.nii.gz,0.5027573593106474,0.6369500298089413,10.829218647189355,0.0017753773449707036,0.09255654602803086,0.2684178586187088,1.1856452668383841,1.000041817061411,0.37080641570010675,-1.6892306988467742,25.617530821849275,0.0159375,1.183359375,0.2432530978846219,True,True,True,True
pt022,MR2,098_to_097_warp.nii.gz,0.42254659413312345,0.6355129666583612,17.04488828994133,0.0006588358402115991,0.08422026786454478,0.22645065171127207,0.9484903407018324,0.9982277749216144,0.31348946959490437,-1.4877932918314407,16.54763474217229,0.030625,1.02640625,0.2214204986162206,True,True,True,True
pt022,MR2,099_to_098_warp.nii.gz,0.37625668587822975,0.5454294426474223,10.110157315357169,0.0016840785032205686,0.07739790190076104,0.20058539624715127,0.8369981668696852,0.9999455153611283,0.2833314813289652,-0.54143433023648,14.24319374212814,0.00859375,0.88640625,0.184259767677266,True,True,True,True
pt022,MR2,100_to_099_warp.nii.gz,0.3780867362482879,0.5406234108251671,10.117370454879323,0.0009823987557837787,0.07836410510813202,0.2037773538183031,0.8418160045490082,0.9998025167205266,0.29071871701596264,-0.39789975203100153,23.47100538732063,0.005234375,0.91234375,0.18776445144845355,True,True,True,True
pt022,MR2,101_to_100_warp.nii.gz,0.5311836891894782,0.7330079433016066,12.164644516134874,0.0013553840268697673,0.09915640483307629,0.2839041875827708,1.2162938568601371,0.9971132582468254,0.3906183715520584,-1.873011590036674,36.30774456866728,0.022890625,1.27703125,0.28311998836164726,True,True,True,True
pt022,MR2,102_to_101_warp.nii.gz,0.7439529085978608,1.0729004920494005,12.568699523711347,0.002478017206814971,0.13585867068753998,0.4160718043845076,1.5370776820922405,1.006421097358245,0.47995605441722733,-1.8897741500728968,26.32016742379642,0.022578125,2.84015625,0.4054603322371718,True,True,True,True
pt022,MR2,103_to_102_warp.nii.gz,0.6499099475619674,0.8412496731556801,10.008827021375973,0.001128542705396882,0.12011281743483844,0.37436480403985206,1.4073283941254378,0.9934074520984761,0.43341562858464405,-1.6246648682327371,28.56427791767908,0.015859375,1.588359375,0.36375125409494513,True,True,True,True
pt022,MR2,104_to_103_warp.nii.gz,0.8503741083331695,1.2050157503811905,14.471339967322555,0.0022157386502639634,0.1521229144972995,0.4656763179347319,1.8360247492307684,0.991604532953195,0.577739544458415,-1.1844288411718509,68.92523342578316,0.023828125,2.28171875,0.5509416484561787,True,True,True,True
pt022,MR2,105_to_104_warp.nii.gz,1.0670047724392264,1.5184083451040267,15.796228127030435,0.0042934168651798,0.21967460772693115,0.5933826527911672,2.23366054556651,1.0093156752575299,0.7522342928283207,-5.552492612053275,36.35244891272266,0.029609375,5.668046875,0.7403117095502206,True,False,True,False
pt022,MR2,106_to_105_warp.nii.gz,0.5126520276652681,0.6522760202999864,10.52836684173142,0.0018148986003489092,0.10341282373812118,0.29676355692649353,1.1334391930654584,0.9964728100525766,0.3371501963342005,-0.4132424869019319,10.865030510588168,0.0134375,1.226796875,0.2576744856067052,True,True,True,True
pt022,MR2,107_to_106_warp.nii.gz,0.9605858092560103,1.3615381506274018,17.417093499314202,0.004606429762059784,0.1699573132697375,0.5256605791170124,2.0735103551455087,0.9893221963878246,0.6225087344324571,-3.7130181101927398,69.93556399433345,0.06828125,2.9415625,0.6829567407127489,True,True,True,True
pt022,MR2,108_to_107_warp.nii.gz,0.9573914714778288,1.3454763668347534,14.357667236955606,0.0032890789442152307,0.19798864338826838,0.5293174944239223,2.020788198177382,1.0084546134595556,0.6667184561800361,-3.2958492043641554,51.88881752006071,0.034296875,4.791015625,0.6118252021627004,True,True,True,True
pt022,MR2,109_to_108_warp.nii.gz,0.722654138579041,1.0134950511201803,10.947252456845302,0.0018259962019114959,0.1353656668583424,0.3949802396665244,1.5705119771950382,1.0058861538505046,0.4887268461636976,-1.1356628466632472,29.54172433535224,0.02109375,2.8425,0.417280586377862,True,True,True,True
pt022,MR2,110_to_109_warp.nii.gz,0.4509668192661004,0.6343616081434963,10.821706339056416,0.0017566674774807671,0.08216631858719696,0.23535925667853622,1.060116938484997,0.9996466666519833,0.337683373442499,-5.075163463676483,22.667723855393014,0.03484375,1.21265625,0.2523592112068023,True,True,True,True
pt022,MR2,111_to_110_warp.nii.gz,0.6507453340629388,0.8635863462598478,10.374490717896965,0.002762117326175909,0.11406712863711412,0.35110723909613295,1.4846584703648198,0.9955817298135127,0.449565144749392,-0.8184309215388452,29.182170738537447,0.021875,1.64984375,0.37026338562723643,True,True,True,True
pt022,MR2,112_to_111_warp.nii.gz,0.4756187405486631,0.6498857193352184,12.705341704330637,0.0017938529281332262,0.08962203773349743,0.2529118977399561,1.1020735181915648,1.0011588853307412,0.37518847565700764,-2.00757873196957,28.772482806144392,0.0275,1.33953125,0.2600658479771127,True,True,True,True
pt022,MR2,113_to_112_warp.nii.gz,0.5104722821308195,0.6774416939053813,10.351028774566975,0.0015948642017101708,0.10040896798902194,0.27277375323353675,1.2082607375627805,1.0029223029503347,0.3971460438206179,-1.9201246024683796,33.6169255485415,0.029765625,1.497734375,0.26850201306679894,True,True,True,True
pt022,MR2,114_to_113_warp.nii.gz,0.7242285340551861,0.9579456895441869,13.145051257239647,0.0016101275798477476,0.12005051854590108,0.39948685290904695,1.6140367634542747,0.9959695565939332,0.45978578194264247,-1.4097055743430411,46.32351051768031,0.020703125,1.76875,0.4066686048072004,True,True,True,True
pt022,MR2,115_to_114_warp.nii.gz,0.44428244724753074,0.6242599140966824,13.805597958513056,0.0015653421678269483,0.08387707259733992,0.23618759170476994,1.0090569790259591,0.9995056153601507,0.2967565399081842,-1.4482702203852695,19.774095786871644,0.022578125,0.885390625,0.2042248407526367,True,True,True,True
pt022,MR2,116_to_115_warp.nii.gz,0.8301241101892476,1.1358960602157835,14.405663877913714,0.002486341214412572,0.150518395034587,0.487290835819841,1.7248249590482057,0.9894300002682137,0.5720946419821756,-2.0475039445062504,79.19562429592978,0.032265625,2.2678125,0.5305929882446307,True,True,True,True
pt022,MR2,117_to_116_warp.nii.gz,0.7512127281321618,0.954270887913768,10.542685316615305,0.0017993111764381129,0.1420004183886067,0.4308045879773397,1.6037953262828797,1.0060732031719946,0.48776808208795386,-2.29897382931489,45.907634126464835,0.029375,2.81734375,0.39930551183206875,True,True,True,True
pt022,MR2,118_to_117_warp.nii.gz,0.9102839200661803,1.327931632711681,15.869949263971264,0.0022646814619144686,0.15514120824322017,0.48587095356189636,1.9652363527517747,0.9907118823700027,0.6061931871293763,-4.0897559586937815,84.12301506584588,0.044765625,2.59578125,0.6308454432510371,True,True,True,True
pt022,MR2,119_to_118_warp.nii.gz,0.5908496623833941,0.7698667574630761,13.948334835491616,0.001136725067245907,0.10398689082237574,0.3046374910452579,1.4368702235785218,1.0023252012073047,0.4172371699956344,-1.158721068740397,34.37400366902745,0.031640625,1.710703125,0.31776619945394324,True,True,True,True
pt022,MR2,120_to_119_warp.nii.gz,0.8134796946553366,1.1298005475809536,11.78439031431595,0.001698866493371821,0.1527042237548024,0.44085096693598713,1.768457431343481,1.0044089665319142,0.5457009713372402,-2.736959010653275,34.35364046115829,0.02484375,3.18296875,0.45525024442880385,True,True,True,True
pt022,MR2,121_to_120_warp.nii.gz,0.4162751168563097,0.5614394599006313,10.712325623881553,0.0012756680514221103,0.08497536709774868,0.23092940067687934,0.9437151723385142,1.0020858062678215,0.31405514575284316,-0.6384956711054587,18.453314826629217,0.013984375,1.0634375,0.21319904621293864,True,True,True,True
pt022,MR2,122_to_121_warp.nii.gz,1.5936957940752896,2.2174811640542047,24.73860260196454,0.003170823240336006,0.23616550879498224,0.8333653673337719,3.7020507040738053,0.9843453522631813,0.8613927808134567,-10.776940915703324,96.55363952922572,0.32546875,5.356171875,1.4721778408041113,True,False,True,False
pt022,MR2,123_to_122_warp.nii.gz,0.539196791873719,0.6976551809931799,14.769627643890999,0.0020698952376079324,0.10876612414318475,0.29748239602689447,1.2563633589082779,1.003076951025148,0.3667496827322031,-0.7975470521596731,25.231736511554693,0.016484375,1.573828125,0.2725031346796719,True,True,True,True
pt022,MR2,124_to_123_warp.nii.gz,0.8015456637739452,1.1742534266271807,12.247071099173251,0.0036287885719385286,0.15003296054884263,0.42119545353490023,1.729307535240556,1.0059713638094143,0.5318559873961618,-4.090431946348696,26.032255581249956,0.025546875,3.313203125,0.45356222627361903,True,True,True,True
pt022,MR2,125_to_124_warp.nii.gz,0.5753393109116883,0.7690525844396319,12.97262648413314,0.0009026806238432279,0.10804423055585816,0.3173139917195722,1.3060188184642685,0.9956006168180255,0.37415259401956347,-0.5662329799165963,12.750467430880944,0.01578125,1.466328125,0.31063406445132735,True,True,True,True
pt022,MR2,126_to_125_warp.nii.gz,0.7598052706164997,1.1547660452919313,12.855901924830064,0.002815369538335086,0.13781082605414438,0.3891740809192639,1.6398759831160852,1.0047390934879212,0.5301432031341744,-6.252848967243675,43.43708476338769,0.02859375,2.90515625,0.4231358054214999,True,True,True,True
pt022,MR2,127_to_126_warp.nii.gz,0.45792161742739335,0.6207560361943399,9.574279750005891,0.0022533476931192423,0.09033597383553225,0.2431837848520021,1.0811381921761083,1.0017505677634517,0.363320546818973,-3.713954436166409,28.89054337338586,0.0121875,1.21609375,0.2402787723932383,True,True,True,True
pt022,MR2,128_to_127_warp.nii.gz,1.2949304139123887,2.1408271414206186,25.704959153213085,0.002913302151794673,0.19184492731756767,0.6369451653250259,2.754364989131607,0.9873616766797877,0.8385558421532393,-10.245810025689169,104.49423232967735,0.24,4.043515625,1.2283966505745616,True,True,True,True
pt022,MR2,129_to_128_warp.nii.gz,0.6763747420036194,0.9140379300919288,10.30461281787244,0.0010852964059426924,0.1235115063720372,0.36541798519682844,1.5197360578876864,0.9944793080729086,0.43498037519195415,-1.2150262259507316,17.625982847179717,0.047109375,1.78765625,0.3985412669402731,True,True,True,True
pt022,MR2,130_to_129_warp.nii.gz,0.7201753395161422,1.0095242799218296,11.90390666927473,0.002659047077296477,0.14331090818860173,0.39234448599503713,1.5620762118633544,1.0057930549410943,0.49530669612449896,-1.5351252726983555,30.98487442177426,0.0221875,2.6340625,0.39170184614295667,True,True,True,True
pt022,MR2,131_to_130_warp.nii.gz,0.47402582095635115,0.7236480984306785,12.630233798308065,0.0009670622682498522,0.08816747412897476,0.23979650876803663,1.080830217226208,1.0014786529959607,0.3963751312057974,-7.684047959193998,33.761203923884274,0.045078125,1.27390625,0.2734715459852406,True,True,True,True
pt022,MR2,132_to_131_warp.nii.gz,0.6547777515524542,0.9072163996884254,11.212974712939854,0.0025000688090175676,0.11852394527957819,0.3388896148782744,1.5064331414874543,1.0030647045642196,0.4716543675549152,-2.5614314012450667,38.587883898912224,0.0425,2.19359375,0.37483307289256534,True,True,True,True
pt022,MR2,133_to_132_warp.nii.gz,0.552910352256018,0.8278658823971867,11.337765738326924,0.001803912224901259,0.09121745247915622,0.2635627643139584,1.330378198372674,0.9991199042802639,0.48442692338727417,-10.974392742445499,53.64115791296003,0.059140625,1.484140625,0.3371868177268804,True,True,True,True
pt022,MR2,134_to_133_warp.nii.gz,0.759658031297423,1.00431793289613,21.674526413182097,0.0033808741061663915,0.15024868713851885,0.42082971596698515,1.7229277629556037,1.0062792398169786,0.5587070531787288,-4.51991355201377,44.83869295649835,0.0715625,3.3303125,0.5108282333192549,True,True,True,True
pt022,MR2,135_to_134_warp.nii.gz,0.6406400076115981,0.9223865947903152,11.685327659399082,0.001601481227271223,0.10950771551846145,0.3209895424900068,1.4708581242869807,1.003186675936813,0.44523458018318024,-2.546764464715252,25.17509166095793,0.033515625,2.161484375,0.371071277130518,True,True,True,True
pt022,MR2,136_to_135_warp.nii.gz,1.6187153106823817,2.2624446901804123,26.54115735388836,0.003701397185861298,0.24302106782540986,0.8460881167429593,3.758949907214926,0.9827891329284572,0.9628481850910358,-15.050266034072834,156.36237232076635,0.44,5.851640625,1.6246859023305027,True,False,True,False
pt022,MR2,137_to_136_warp.nii.gz,0.9051703035811299,1.0563990252470163,9.81082320138932,0.002449409093119331,0.11087027772078034,0.4327058772418929,2.3927240717343183,1.0002933591683787,0.5352961383249493,-2.720268876786332,35.104385157204824,0.050078125,2.88390625,0.503582947088745,True,True,True,True
pt022,MR2,138_to_137_warp.nii.gz,0.8475371800526729,1.0181459107276143,12.246519275487866,0.0009672828747438071,0.1087576208327756,0.3959086068356107,2.2269444417810274,0.9936385161174911,0.4900789320703057,-2.698160528561666,30.10981260154745,0.06546875,2.509609375,0.473822982613945,True,True,True,True
pt022,MR2,139_to_138_warp.nii.gz,0.9594345906658734,1.4017252303035832,15.457061932093827,0.0042198820051603594,0.17314599890235666,0.5060623791966696,2.0694063521686905,1.0066961799460905,0.680428679684576,-2.4875134382949295,69.90785671642622,0.03234375,4.230234375,0.6017963036992032,True,True,True,True
pt022,MR2,140_to_139_warp.nii.gz,0.5663017781016255,0.7796014098804209,12.803467354849106,0.001075549480365168,0.09781626573751386,0.2848906717766966,1.3966339898728732,0.99764802070756,0.39332384063194903,-2.446725204176475,21.137487420525776,0.03015625,1.571484375,0.32226858627863075,True,True,True,True
pt022,MR2,141_to_140_warp.nii.gz,0.47881026246357367,0.6471570543349202,14.085953302508043,0.0011958942991794298,0.09081889034104157,0.2538973464083004,1.1449116697782247,1.0010490077950396,0.33668769087506,-0.8790039692877997,18.641332712059185,0.004375,1.250234375,0.24284441027205866,True,True,True,True
pt022,MR2,142_to_141_warp.nii.gz,0.4436534434240939,0.6109163529550595,10.841914156084627,0.00076635786679834,0.08337745129141075,0.2277578075077391,1.0744754112682677,0.9988908998635343,0.33491775196770934,-0.5456645194646063,22.468852009060125,0.006796875,1.145703125,0.23140529687479994,True,True,True,True
pt022,MR2,143_to_142_warp.nii.gz,0.47111306174937945,0.6995591170799375,11.532097876017637,0.001299379309525862,0.08366789134016332,0.2286852951264957,1.137210545136588,0.9990711622238517,0.35385607508865335,-0.8141907641264835,22.593306417539846,0.022109375,1.3303125,0.2702162342814821,True,True,True,True
pt022,MR2,144_to_143_warp.nii.gz,0.48865916308788526,0.658017797461127,11.747584193436689,0.0006548942465024313,0.08607231080663377,0.25577030706355547,1.1549806602950774,0.9999090022696945,0.34541885465296224,-1.2321727834346883,36.55468105231004,0.01234375,1.193671875,0.2498506187259023,True,True,True,True
pt022,MR2,145_to_144_warp.nii.gz,0.44049197350031416,0.6188486958826868,10.455116545268128,0.001124418461050797,0.08562917359491874,0.23454708433990007,1.0105379723292613,0.9988605936720131,0.31899982448884556,-0.5101912831423911,24.066978190983118,0.00828125,1.06234375,0.22515649865661816,True,True,True,True
pt022,MR2,146_to_145_warp.nii.gz,0.5855143694742139,0.7933221370562615,11.435607848583667,0.001393446392799048,0.11349372422822303,0.3126139293395346,1.3290360065425582,1.0033258414091157,0.4030873466005041,-1.258347313272511,26.775463423801003,0.029453125,1.7415625,0.31002067169128794,True,True,True,True
pt022,MR2,147_to_146_warp.nii.gz,0.42747498884231544,0.5627283802718163,9.798828940795802,0.001078225249741218,0.08408314425391554,0.23727808602341202,0.9772030107361062,1.000259827350199,0.3205863324468565,-1.8533533075730446,25.96572226718123,0.01609375,1.029453125,0.21126508558066606,True,True,True,True
pt022,MR2,148_to_147_warp.nii.gz,1.3666666337950266,1.9076461422983337,23.117485556214195,0.002658121521580133,0.22128015833793727,0.7397060101337607,3.090287163905627,0.9841441667017158,0.8218225431123282,-5.931125347227315,144.82601231968593,0.23265625,4.85984375,1.2525866999821078,True,True,True,True
pt022,MR2,149_to_148_warp.nii.gz,1.241688686377731,1.7951978758273328,19.29539060417256,0.0017061650866003167,0.20514648592237228,0.6627335056001985,2.7029366449913748,0.9864822573310256,0.7198652209689588,-8.137271964106937,60.95202593732071,0.148515625,4.040078125,0.9757312620474607,True,True,True,True
pt022,MR2,150_to_149_warp.nii.gz,1.5894571475783232,1.8346057709402728,18.409380751624152,0.0023023183520631597,0.3690405730154125,1.0391323996734187,3.213332733006798,1.0165607216303867,1.1653986394889708,-23.87378034898019,80.10833267105454,0.233984375,9.08296875,1.3177837132741257,True,False,True,False
pt022,MR2,151_to_150_warp.nii.gz,0.5630380518213924,0.7104203447412043,10.353585338539617,0.0021911847895558314,0.09608556171477574,0.2962136861757978,1.3462942501006245,1.0018774716375751,0.4307652596908249,-1.0025012800013005,34.258093279764445,0.018515625,1.63921875,0.3054281650635428,True,True,True,True
pt022,MR2,152_to_151_warp.nii.gz,0.6907748269641697,0.806027561596379,13.604959493471618,0.0012987519806837377,0.12298438670615845,0.4075376173649833,1.5847502472292185,0.993830138327529,0.4374649588491805,-1.227840944527864,22.48575448843954,0.02546875,2.021328125,0.40482327508940996,True,True,True,True
pt022,MR2,153_to_152_warp.nii.gz,0.6794823413484946,0.8271247288507074,7.794124589460276,0.0012904988764099118,0.12795246245492675,0.3896861175723447,1.5540978973933268,1.0049796594111249,0.4624845536686301,-0.7438407476001203,29.964947795678455,0.010390625,2.364453125,0.3628976212435778,True,True,True,True
pt022,MR2,154_to_153_warp.nii.gz,0.5680619853737944,0.7054062570699632,9.992590082599582,0.0016212929042125,0.09733981074425523,0.31230296658685053,1.337803229329032,0.9985284199323059,0.36634579598976597,-1.339742255460419,23.808676254236374,0.018828125,1.5371875,0.30980005708755737,True,True,True,True
pt022,MR2,155_to_154_warp.nii.gz,0.6139018592719427,0.706897894059543,9.632927371980449,0.0015535465671986544,0.10322717857164632,0.33482843492965575,1.4907250303688964,1.0010731445131575,0.4170787013657264,-1.0881614435480937,29.149503320885255,0.013515625,1.715703125,0.30703855672957525,True,True,True,True
pt022,MR2,156_to_155_warp.nii.gz,0.6522979886970489,0.8431701264287298,16.799571341428546,0.001689783671034737,0.11545287256953397,0.36256841680788177,1.535066433562982,0.995028352965195,0.41332226370547875,-3.09492612062923,25.784282599315105,0.0440625,1.740546875,0.3886539591829048,True,True,True,True
pt022,MR2,157_to_156_warp.nii.gz,0.9194933063872739,1.2007509577601967,14.693344662511798,0.002890880093643931,0.15491914689207018,0.5139943062340734,2.0586273245631834,0.9929366293436899,0.5644891717015131,-2.0927164351230556,31.71490952131446,0.039765625,2.820234375,0.6232348679245421,True,True,True,True
pt022,MR2,158_to_157_warp.nii.gz,0.947139375807029,1.3782465818306753,17.144664978397476,0.001630314023216874,0.17696842506991145,0.5203348683833674,1.982587804961353,1.0056125779661107,0.6478556982337261,-3.6182156415464837,43.74377470159357,0.041875,4.0621875,0.5774612107359695,True,True,True,True
pt022,MR2,159_to_158_warp.nii.gz,1.0457924856508263,1.4639091796503314,15.914594347179067,0.0018026258452751944,0.15866994691527117,0.5688375391552282,2.3267371462823365,0.9931998207197532,0.5947186416920738,-1.2386343993873457,36.58489934398624,0.058203125,3.057109375,0.7114942614935826,True,True,True,True
pt022,MR2,160_to_159_warp.nii.gz,1.3097285411380815,1.7027229178705507,17.528703071783436,0.0019191020680047446,0.25604176072458446,0.7644540047706873,2.8068545849242605,1.0102799607137702,0.9387723201829891,-9.960559912409048,81.47717557147979,0.112265625,6.969140625,1.0266381444530321,True,False,True,False
pt022,MR3,002_to_001_warp.nii.gz,0.533956684041278,0.5818869663096998,9.431029217822607,0.0011746168306290194,0.12058453829928271,0.3314265732341827,1.197238164650079,1.002590792617214,0.37629847200311356,-1.1871260742946468,21.684472746397304,0.01609375,1.69234375,0.2819438123710741,True,True,True,True
pt022,MR3,003_to_002_warp.nii.gz,0.3773409078113268,0.49790298101678965,10.059605501348305,0.0019018946704404513,0.08173933775941976,0.21706209877948135,0.8230043275793149,0.9983382604010655,0.27415612287149843,-0.9924966436889213,21.54133345026653,0.00734375,0.76609375,0.17132242340646084,True,True,True,True
pt022,MR3,004_to_003_warp.nii.gz,0.38974658633723924,0.4430831896105507,7.159325819603877,0.001371581679268923,0.09187278659860029,0.25172541955259853,0.8117080761436463,0.9973218011409315,0.27696509423394616,-2.039768962737658,29.054025981283914,0.006171875,0.64953125,0.16569630736024202,True,True,True,True
pt022,MR3,005_to_004_warp.nii.gz,0.3263988794809421,0.4225867894369611,8.761553431147545,0.0012598064030337995,0.07907574994776558,0.2026358457238751,0.6548058227291569,0.9991121335580614,0.23734025539086812,-1.4678889533856414,13.767603605013887,0.00421875,0.57234375,0.1334594562822821,True,True,True,True
pt022,MR3,006_to_005_warp.nii.gz,0.3479976545578792,0.449417878976885,7.825742499729896,0.0008853826569007626,0.08038613498055903,0.20928852549779225,0.7293273667275216,0.9985972417045785,0.2596965536800413,-1.1460565399707634,13.133546227110878,0.005,0.65109375,0.15068337144748317,True,True,True,True
pt022,MR3,007_to_006_warp.nii.gz,0.37695565899691025,0.42029602237311453,6.544574038601735,0.0006945863556665018,0.08650080344303802,0.24132865538565215,0.804643354037446,0.9995135416955085,0.2550535143084188,-0.24272088112928358,16.31446089539902,0.002421875,0.66203125,0.15042929352585624,True,True,True,True
pt022,MR3,008_to_007_warp.nii.gz,0.3749030960607969,0.4582748957157246,11.216558885068036,0.0008563523518712405,0.0862033237353622,0.23345529727293587,0.7948207634912533,0.9976414957771454,0.258070407927627,-0.47250440245741265,13.863545289005263,0.004921875,0.644921875,0.15868279052118792,True,True,True,True
pt022,MR3,009_to_008_warp.nii.gz,0.4172564864622962,0.532623157719345,11.668874263072789,0.0010384482330827128,0.08607575355187977,0.23838028811680045,0.9441729513528876,0.9978625402503914,0.2974733881590859,-0.885382571824841,15.516279104922935,0.006484375,0.888984375,0.1961898514791244,True,True,True,True
pt022,MR3,010_to_009_warp.nii.gz,0.46002619328300104,0.5346565703952331,9.209202517292505,0.0013520093616176967,0.09984967451992151,0.2895660148593631,0.9901529718988352,0.9956034916885464,0.3066692626749632,-1.0384374292208907,13.234437054497837,0.007109375,0.96859375,0.22617808054405156,True,True,True,True
pt022,MR3,011_to_010_warp.nii.gz,0.41161945227922836,0.5302639159827689,9.934541802365601,0.0018483943789422465,0.08484795801111739,0.23488281338330697,0.9194066241623783,0.9996795907327957,0.3146691639732622,-0.7334936436078952,20.231713402184162,0.0103125,1.040859375,0.19987558863151886,True,True,True,True
pt022,MR3,012_to_011_warp.nii.gz,0.4226405183418832,0.5523309034053189,10.41624093677324,0.0012556383404684656,0.0883969268524966,0.24519131824564017,0.9198496876786081,0.9972886213173148,0.3104255578287206,-1.9198461119584838,24.363095431418383,0.008359375,0.968515625,0.21388514833912572,True,True,True,True
pt022,MR3,013_to_012_warp.nii.gz,0.5934844443297559,0.6401301364349726,10.593615098599692,0.0005740062632132135,0.13535051123833727,0.3670197098209025,1.344998160104214,1.0044956652538808,0.43878052910868104,-1.0810383887163537,26.54855499389253,0.010390625,2.50734375,0.3247135668642244,True,True,True,True
pt022,MR3,014_to_013_warp.nii.gz,0.4256314119113574,0.48861939200581456,8.172505823230214,0.0007535258092648448,0.09656560943300825,0.2698039874658854,0.9080208274725113,0.9962928789914147,0.29884363227001465,-1.0665159278320577,17.881399221613,0.00578125,0.839921875,0.19871619106462599,True,True,True,True
pt022,MR3,015_to_014_warp.nii.gz,0.3477071381567685,0.41819920623357537,6.925860999917566,0.001885618357523637,0.08275550355407002,0.2170723805089152,0.7277999603094802,0.999863686495214,0.2580728356618425,-0.24293703822746887,16.683084364273643,0.0034375,0.6409375,0.14387604475173948,True,True,True,True
pt022,MR3,016_to_015_warp.nii.gz,0.34197903594293705,0.38945924876642934,7.8870595880056324,0.0013966420370831157,0.08300883529467037,0.22135049172791896,0.7125140262134813,0.9997965686665984,0.24461713134800733,-0.5026750668037545,26.274956489958925,0.00171875,0.521953125,0.12769664807718867,True,True,True,True
pt022,MR3,017_to_016_warp.nii.gz,0.4140973394911717,0.47300819213435236,9.621798628090456,0.0007045420958684015,0.09404218772042162,0.2640700037917781,0.8833172689814062,0.9981177698282225,0.26775532981297967,-0.43145714950245534,13.491831962553347,0.003828125,0.670234375,0.17522220123627313,True,True,True,True
pt022,MR3,018_to_017_warp.nii.gz,0.3766357106564311,0.4764085402066485,8.431937559459586,0.0008771718906421962,0.08507368650169662,0.22708065328585517,0.8025726556328658,0.9982922483086081,0.27248398563787896,-0.5956993599842135,23.380553649055752,0.00390625,0.728671875,0.1625700934419077,True,True,True,True
pt022,MR3,019_to_018_warp.nii.gz,0.4081104834557117,0.4872215361873182,7.616793947545674,0.0008802801526514567,0.08870754706939638,0.24377746596133348,0.9061293323516104,0.9995685685640918,0.30324984327414356,-0.3002678683976074,22.025765726436994,0.004140625,0.927578125,0.18394084876133662,True,True,True,True
pt022,MR3,020_to_019_warp.nii.gz,0.5282728441250282,0.6017930393357163,8.675907819181162,0.0017517784922980349,0.10855555508940834,0.32049703887326364,1.1966504011408026,0.994468995521007,0.3598957036163439,-0.41767586599941053,16.053345163265387,0.00765625,1.3478125,0.28394467952179764,True,True,True,True
pt022,MR3,021_to_020_warp.nii.gz,0.46482134743114123,0.5109947781994939,7.634665633713365,0.0014901384040900151,0.09846780331532472,0.293601796033029,1.0244508730554158,1.0018276540200657,0.3244508298194844,-0.5185217612317582,18.119959790257003,0.005703125,1.12109375,0.21680217199444957,True,True,True,True
pt022,MR3,022_to_021_warp.nii.gz,0.4211918818664497,0.5372768048188146,10.089033790860933,0.0008585276068146651,0.08779257985163634,0.2462295488433202,0.9188149577995806,1.0002634733876132,0.33107968405260135,-1.1721205463408353,28.267101399574663,0.009375,0.945078125,0.20476603603539928,True,True,True,True
pt022,MR3,023_to_022_warp.nii.gz,0.47132067535566974,0.5267567360988603,9.803890146887147,0.0014559334187165963,0.10539563665006231,0.3023023577668814,1.0138606757535422,0.9939143528051745,0.3179750102541537,-1.0136109789059042,14.601527294386598,0.006796875,0.9215625,0.227681829471253,True,True,True,True
pt022,MR3,024_to_023_warp.nii.gz,0.3234886804271233,0.39040118281302394,7.2677716328236555,0.001472301689305962,0.07981800920422999,0.20488471026735144,0.6584725391480302,1.0002022193792504,0.23176332054376655,-0.2863906978611509,16.018171637535968,0.001328125,0.518515625,0.11885907207899316,True,True,True,True
pt022,MR3,025_to_024_warp.nii.gz,0.4108559549771247,0.4243968479649582,6.0355759949963605,0.0004580182624502748,0.10042764105576649,0.2771578667805316,0.8629444568041083,0.9945219009175366,0.27707153429631054,-0.12073708287630962,11.250605881908285,0.00359375,0.64328125,0.17652184050712508,True,True,True,True
pt022,MR3,026_to_025_warp.nii.gz,0.36284108897276063,0.4708582523666504,8.300038334685778,0.0011233881330744463,0.08050403287724622,0.21564480582329695,0.7738783425741239,0.9984849288744501,0.25528758367798143,-0.30848387186186926,11.516355283783769,0.005,0.6909375,0.15071906741248012,True,True,True,True
pt022,MR3,027_to_026_warp.nii.gz,0.6727554825193635,0.6949719165633178,8.014393940300147,0.0023808247818459553,0.15721312031976803,0.42464566248601776,1.5173840150466098,1.0058722190610072,0.5043162221478809,-1.7902083836909555,22.96820361361543,0.008828125,3.32078125,0.39346914409023886,True,True,True,True
pt022,MR3,028_to_027_warp.nii.gz,0.3637802617703434,0.4333855470419836,6.779636520393602,0.0003591751788926508,0.08316794326208332,0.2224094258949521,0.7919571681929543,0.9987359060062924,0.25472630120130746,-0.2948120949737117,13.1209287459573,0.00125,0.675859375,0.1522231558057817,True,True,True,True
pt022,MR3,029_to_028_warp.nii.gz,0.3870101978340132,0.46080408369244985,7.490213482349567,0.0017036886543165825,0.08961320599364497,0.24114256048994626,0.8148982903901357,0.9972446890226243,0.26392951092566197,-0.35016822561099054,11.44492015288371,0.001328125,0.697265625,0.1688883887655264,True,True,True,True
pt022,MR3,030_to_029_warp.nii.gz,0.35880486740718404,0.3931331786809722,8.028508626695618,0.0010609675726588324,0.08662950577674706,0.2358514168112522,0.7538171589907631,0.9987311357307536,0.24077908575052837,-0.18180018343265433,10.4640011507557,0.000390625,0.541953125,0.1380371357112676,True,True,True,True
pt022,MR3,031_to_030_warp.nii.gz,0.3576838137431676,0.3521947113616417,6.3410696712167045,0.0016382800507680937,0.09109257346562853,0.2497631748817748,0.7340219403597036,0.9979872384049416,0.23715702299574282,-0.0023880643687424633,23.946400789881892,0.000234375,0.416171875,0.12523831103693717,True,True,True,True
pt022,MR3,032_to_031_warp.nii.gz,0.5781313247541104,0.592777440577094,6.295630512244484,0.0013515268529062886,0.13043542465047164,0.3810585188651988,1.2680949579953327,0.990216456676772,0.3687895395258875,-0.2906274105018948,10.240216392411051,0.0034375,1.370859375,0.30657335253383017,True,True,True,True
pt022,MR3,033_to_032_warp.nii.gz,0.33629024973432703,0.3133331410395658,4.933261031431035,0.0015542911235099763,0.09327798577085644,0.24214083908852158,0.6788856921177214,1.0008999842165616,0.22256864267483223,0.03914707312728844,15.695839986820843,0.0,0.376796875,0.10507950216291621,True,True,True,True
pt022,MR3,034_to_033_warp.nii.gz,0.39267579699254856,0.386726306674013,6.990385441497687,0.0018821112303634509,0.10397223503060361,0.2703160449534817,0.8205270528063783,1.002355655097226,0.27323925138534394,0.0014294262202597366,14.957917437741166,0.0,0.767578125,0.14431731019421096,True,True,True,True
pt022,MR3,035_to_034_warp.nii.gz,0.5000597802797112,0.5158431614087651,8.830445392998385,0.002807108767002352,0.11643636013389995,0.33247529285979627,1.0805142998451356,0.9932924261268232,0.32287219557739905,-0.1440503053786571,16.974073872885587,0.0028125,0.984921875,0.23455646035622826,True,True,True,True
pt022,MR3,036_to_035_warp.nii.gz,0.43831571402419667,0.553603883318909,13.822044585501382,0.0021891802341211376,0.0951052339296824,0.2602860670432051,0.955605593397712,1.0006667146353416,0.3221067919258265,-1.581345144446293,40.88344795699783,0.020625,0.942421875,0.19674496179476353,True,True,True,True
pt022,MR3,037_to_036_warp.nii.gz,0.5541561485753126,0.5724197377763222,8.45490786481853,0.002073252636032525,0.12336884648065367,0.35289324634140357,1.248855107008849,1.0036448498297728,0.39740096264209873,-0.5509268148913209,23.321502883134503,0.00453125,1.9378125,0.2810036744634272,True,True,True,True
pt022,MR3,038_to_037_warp.nii.gz,0.3825306151738582,0.47031571383413306,7.082762352006194,0.0009121059210365211,0.08307690967765698,0.22269856227420026,0.8643803170074175,0.9991041729535062,0.2728450574522125,-0.14009350723198408,20.00741440492576,0.000859375,0.7746875,0.16413032127105823,True,True,True,True
pt022,MR3,039_to_038_warp.nii.gz,0.425139006979024,0.4917305005662287,8.118137570721426,0.0006348793200618046,0.09744020254286052,0.2719627513602144,0.893412619200269,0.9958866188081269,0.28190657939744324,-1.623503709643917,14.83897334486764,0.003125,0.73109375,0.18941503441216,True,True,True,True
pt022,MR3,040_to_039_warp.nii.gz,0.37470896931807063,0.3966362816800824,8.060502612910021,0.0010398905632324359,0.08945659002360017,0.24877913093748896,0.7942960248766637,1.000311964080205,0.24397612683766254,-0.29687395713765374,9.961063768183564,0.0015625,0.5759375,0.13983565055829378,True,True,True,True
pt022,MR3,041_to_040_warp.nii.gz,0.3304626506172487,0.38053256988316375,9.15178455332523,0.0011497324896304606,0.08349065555444568,0.21884089185242186,0.6652843175706521,0.9976176301797955,0.22097342613403242,-0.11644811260019805,9.458945006641994,0.00078125,0.42515625,0.12064441153980524,True,True,True,True
pt022,MR3,042_to_041_warp.nii.gz,0.3090035854075443,0.3744075822175041,7.3210026962565715,0.0012792441568479553,0.0794283580521253,0.2025589317868271,0.6048547246916162,0.9993368725976494,0.22257164568369053,-0.5101039100105563,13.949374573468669,0.0021875,0.463828125,0.11387900278738179,True,True,True,True
pt022,MR3,043_to_042_warp.nii.gz,0.3862132356372686,0.4584069874953869,8.035857820665672,0.0018748432887768173,0.08574226649718175,0.23870409994316605,0.8326875278791828,0.9988249482315356,0.253804665980253,-0.23356819511698665,13.89375092913658,0.002578125,0.67984375,0.15578186944022665,True,True,True,True
pt022,MR3,044_to_043_warp.nii.gz,0.50364853893547,0.5918458511059514,10.479524835475234,0.0020549428985241025,0.10586445982510348,0.3117480792657333,1.1011428009636006,0.9945942007873176,0.3345695846075382,-0.6309809143421157,18.029782143811072,0.0046875,1.08515625,0.2570251245832141,True,True,True,True
pt022,MR3,045_to_044_warp.nii.gz,0.4089819164138539,0.4892281202083753,6.779170226238519,0.0009002059459258483,0.08597912866537175,0.24223031206349677,0.926212781302063,0.9985420198860445,0.27518043190503044,-0.23585059843394934,14.115909459569547,0.001015625,0.81765625,0.17727231685494577,True,True,True,True
pt022,MR3,046_to_045_warp.nii.gz,0.39229052479536186,0.45598002151305805,6.969984872471763,0.0019021899721691684,0.09057504846065478,0.24446392812389614,0.8449800361329203,1.0009360987363463,0.28977746544918365,-0.794526432440552,29.99731443731294,0.00140625,0.799453125,0.16108498676888142,True,True,True,True
pt022,MR3,047_to_046_warp.nii.gz,0.3369477618202947,0.38973203605762574,7.293446453984953,0.00040804579885528493,0.08237468233029795,0.2163792111481152,0.6977654662963169,0.9987987422905664,0.23151898360820555,-0.12444478284454366,10.602832642829256,0.00125,0.53578125,0.12580546734005515,True,True,True,True
pt022,MR3,048_to_047_warp.nii.gz,0.3552423506612071,0.429049805811675,7.035238491108361,0.0020000151083505208,0.08349323085831731,0.22128945311066836,0.7391002329680157,0.9997628341786416,0.2457066872735207,-0.9165641742838001,21.897682466397647,0.001640625,0.59265625,0.136141350619296,True,True,True,True
pt022,MR3,049_to_048_warp.nii.gz,0.4976180430970861,0.5161223947099182,8.535994821498829,0.0016512036391344751,0.11150244804756285,0.3294802988109199,1.081890863793175,0.9946997750928158,0.3253913956267538,-0.4016274948447078,29.124504025274003,0.001796875,0.9384375,0.22490610292089333,True,True,True,True
pt022,MR3,050_to_049_warp.nii.gz,0.5146355244531875,0.5368174455608256,8.001914623179134,0.0007946980334252896,0.12200862053920486,0.33040995058808326,1.1394325802615535,1.003066543060248,0.35979333129231994,-0.45315864694983093,14.411784026843677,0.00375,1.663828125,0.23946925728372503,True,True,True,True
pt022,MR3,051_to_050_warp.nii.gz,0.3450211422034342,0.42113290636599743,8.27631279543007,0.0014421463598499437,0.08124172463764325,0.21370915766123222,0.7283937096065418,0.9996701678808818,0.24565186711190679,-0.13225189397970505,13.474180754891641,0.002421875,0.566484375,0.13439818225691852,True,True,True,True
pt022,MR3,052_to_051_warp.nii.gz,0.3385081025741097,0.40564331267222964,8.149542477767133,0.0006776808042824794,0.08110147667645023,0.21310529560166896,0.7063199086895063,0.99837405235587,0.23914364328819396,-0.297114424462382,24.858846134427527,0.002109375,0.491875,0.1266945119929161,True,True,True,True
pt022,MR3,053_to_052_warp.nii.gz,0.3965446316004911,0.42976176602700705,6.773706957523845,0.0005861874939544222,0.09391738363712979,0.25960251169451565,0.8397865243264298,0.996812672677169,0.26885937140417265,-2.149586010971843,15.997935356832683,0.0015625,0.6625,0.1672017730549486,True,True,True,True
pt022,MR3,054_to_053_warp.nii.gz,0.45229657639825827,0.49666208702860126,7.472339728697519,0.0016527165254554253,0.10100190315631642,0.2893852656273891,0.9853839033992599,0.9965731167622996,0.2931643722597321,-1.0969524932721808,11.526829641128135,0.004921875,0.8546875,0.20904841103841887,True,True,True,True
pt022,MR3,055_to_054_warp.nii.gz,0.45100696837554194,0.548787102492465,8.538281178078474,0.0014031066611765249,0.0900873851839491,0.26602276604318453,1.0075243753658853,0.9988301544617867,0.3171470540490639,-0.3105211741153034,14.048021091885548,0.008828125,1.06484375,0.20838862205342237,True,True,True,True
pt022,MR3,056_to_055_warp.nii.gz,0.41723649150282993,0.4857242624781048,7.686868616646173,0.0016106012626483936,0.08798601535780576,0.25765619577057675,0.9150644356218129,0.9994341203862337,0.29228019552747214,-0.9992249671425908,26.153218944548186,0.0028125,0.861171875,0.17547242551997955,True,True,True,True
pt022,MR3,057_to_056_warp.nii.gz,0.36897591490611575,0.40806518325331065,6.8137653870331745,0.002501858205691697,0.08896267553984487,0.23979359331869796,0.7740105420114175,1.0002348250138506,0.2545300235459194,-0.9591460362000771,14.481447946497106,0.00203125,0.656171875,0.14456527641815883,True,True,True,True
pt022,MR3,058_to_057_warp.nii.gz,0.6360536143403175,0.6512386118853638,9.032874929006427,0.0012390545107608352,0.1352268116865784,0.4147266927004064,1.4259358983000037,0.9906660443190735,0.38924197342942307,-0.1767876555701542,10.430982326380109,0.005859375,1.66453125,0.35145418408829243,True,True,True,True
pt022,MR3,059_to_058_warp.nii.gz,0.4632645622545395,0.4863886722777551,7.9947061456700546,0.0007848630875210224,0.11039042367415554,0.2968236222066337,1.0218735911897396,1.0021623807709765,0.32763252956234085,-0.041842540165699715,15.770573542655798,0.000703125,1.29984375,0.20149957523236775,True,True,True,True
pt022,MR3,060_to_059_warp.nii.gz,0.4809875824502429,0.48934033311972386,6.894518236128476,0.0018215392577933752,0.10597652467260682,0.32008029145232275,1.0431177028237693,1.0021134569862038,0.32110186107244854,-0.23132292389787218,14.813082737381567,0.002734375,1.159453125,0.20208963284112322,True,True,True,True
pt022,MR3,061_to_060_warp.nii.gz,0.4996608730230304,0.5711524616159485,10.02544105507918,0.0021256798860024998,0.10952221852672951,0.31931069629103626,1.0678917077876073,0.9954957357966745,0.3515494007156112,-2.062872336974637,49.86176814160537,0.01703125,1.00890625,0.2474328512397381,True,True,True,True
pt022,MR3,062_to_061_warp.nii.gz,0.42816535636136305,0.4813083984463997,6.547643953574398,0.0015413583283876882,0.09462697532474523,0.27326926795448003,0.9148145556875498,0.9970154417313318,0.2909574198508142,-0.1858934569739211,18.254898946002246,0.00140625,0.803125,0.1831435250628658,True,True,True,True
pt022,MR3,063_to_062_warp.nii.gz,0.3743115830360183,0.4194500915351186,7.415718823586729,0.0015286988336160403,0.09136330710031802,0.2438563771537557,0.7741734649791883,1.0007328839738374,0.25481605692790266,-0.1547156618714374,16.35032592621844,0.00046875,0.655078125,0.1434832736840454,True,True,True,True
pt022,MR3,064_to_063_warp.nii.gz,0.4054539794727299,0.4625172004762422,9.052292928857582,0.0011909868210873264,0.0914982246063458,0.2591921686832058,0.8626774655847592,0.9980486020183753,0.30016509489891874,-4.486441344354221,47.492611905228365,0.002578125,0.66703125,0.17213201759518146,True,True,True,True
pt022,MR3,065_to_064_warp.nii.gz,0.34052582225149325,0.40826254497804565,7.091923806565597,0.0014492215573676053,0.08120025385721592,0.21469918831116164,0.7091096807086584,0.998464069926581,0.23561460167652928,-0.8359820764332867,11.120103474509685,0.003125,0.581796875,0.12956723143136048,True,True,True,True
pt022,MR3,066_to_065_warp.nii.gz,0.41920180474389546,0.43798182629849974,6.849029986461979,0.0011464114594647995,0.09402492573064851,0.27517414786104805,0.9051960003410843,0.9959713293869634,0.26251600888204657,-0.11007346005641815,19.016013437755582,0.001015625,0.5915625,0.16495422883059263,True,True,True,True
pt022,MR3,067_to_066_warp.nii.gz,0.4782724104311339,0.44659771596592096,6.248221633818631,0.0015364918204967763,0.11766367565454916,0.3326517435589026,1.029056344055209,1.0026692229255296,0.32299938794739563,-0.02684334223618455,10.852444093713785,0.000234375,1.329609375,0.20146012097071544,True,True,True,True
pt022,MR3,068_to_067_warp.nii.gz,0.32667705399529434,0.3326579451690026,7.238964019821617,0.0020064002919683212,0.089517248029074,0.23196560867301025,0.6432102852840991,0.9973750826852782,0.2092595639323314,0.0026126166421737364,7.946072830435902,0.0,0.295078125,0.1109505894312814,True,True,True,True
pt022,MR3,069_to_068_warp.nii.gz,0.3731652766432525,0.3930092214237434,6.871060477039431,0.0016740085260877882,0.09005471329185104,0.24522913983388023,0.8030043164475987,0.9996087293842231,0.22726174273192065,-0.24788752533640301,13.684517451285213,0.001015625,0.436328125,0.12919877355784476,True,True,True,True
pt022,MR3,070_to_069_warp.nii.gz,0.3974937260936154,0.4641536827601681,8.00257774474417,0.0011889563824693016,0.0861505437309675,0.23963655805807726,0.8979175154911551,0.9982380553163788,0.26632242208241474,-0.22168171945390977,12.037460016988637,0.00109375,0.7434375,0.1627768462374796,True,True,True,True
pt022,MR3,071_to_070_warp.nii.gz,0.3678615618163382,0.46545108399630436,10.37024304631086,0.0007447201371704651,0.08544682860077342,0.22909014813331455,0.7642818646351872,0.9988259693010874,0.25787682141213847,-2.0366629856004472,17.377596510073722,0.002890625,0.653828125,0.1529915934562221,True,True,True,True
pt022,MR3,072_to_071_warp.nii.gz,0.38539162280322137,0.45712226427308766,8.585532272553184,0.0022344811534308596,0.09083204835777296,0.24461483938215373,0.8042271583040044,0.9977984721312548,0.2659390666625505,-0.44204966674025364,14.7479944075469,0.001875,0.67671875,0.1630180644253683,True,True,True,True
pt022,MR3,073_to_072_warp.nii.gz,0.453121148002034,0.46862993341516723,9.791132991618499,0.0008559428974229501,0.10287849201490452,0.3063561000666658,0.9616423359463585,0.995919180871071,0.2904314177551671,-0.22622377682789824,18.8761134699187,0.003359375,0.73515625,0.200106080264887,True,True,True,True
pt022,MR3,074_to_073_warp.nii.gz,0.43812910999581645,0.43036763640965514,5.997093616327593,0.001975164427611464,0.10024064206174323,0.2972073486351359,0.9400206164977473,1.0011787802959682,0.28036179995507104,-0.03523419230591798,11.588201376444534,0.00015625,0.8615625,0.1705148160322142,True,True,True,True
pt022,MR3,075_to_074_warp.nii.gz,0.3498510582349044,0.3850489557245415,7.955637968387662,0.001522224888169901,0.0871434878809592,0.23321046615625346,0.7157183668120253,0.9980685198388224,0.22495225794709836,-0.12519281471745208,13.803973216710753,0.0003125,0.433046875,0.12278763140717108,True,True,True,True
pt022,MR3,076_to_075_warp.nii.gz,0.2973644587027633,0.3197391578625754,5.811905123350819,0.0009991589144575702,0.08060751042451923,0.20538906964080034,0.5839263849952281,0.9989807744942264,0.19604719407220106,-0.02677766139214515,12.608823044643295,0.00015625,0.30125,0.09540799268262967,True,True,True,True
pt022,MR3,077_to_076_warp.nii.gz,0.5018320280321231,0.528740123317473,10.545205865855795,0.0016333244013510754,0.11255111125033691,0.3421890380231502,1.0499096871856493,0.993651387510936,0.33835865236927914,-1.5286971655138197,35.576948959268776,0.00953125,0.914609375,0.23634875730599425,True,True,True,True
pt022,MR3,078_to_077_warp.nii.gz,0.5084373217910475,0.5080699678355254,10.05315237607961,0.001556940681084509,0.1109448865784837,0.3410438170187872,1.0945207953363605,1.0022456205032602,0.344731133617464,-4.106091195527818,24.554148699588428,0.005546875,1.27265625,0.22078287064520663,True,True,True,True
pt022,MR3,079_to_078_warp.nii.gz,0.47027710458988603,0.48237081262154363,8.010616159665137,0.0015465872188729906,0.11031939572388538,0.3197307491921935,0.987257711060444,0.9948795349296552,0.30127024963597243,-0.39114527030049157,13.059277366756296,0.00296875,0.839765625,0.2103176360874027,True,True,True,True
pt022,MR3,080_to_079_warp.nii.gz,0.4171863753046346,0.45990521885812485,7.6673017958618646,0.001071057097525506,0.09395710272089579,0.2693327335788,0.8944265936635563,0.9971904236089958,0.2740434748744217,-0.202946500314745,15.846580537291624,0.0021875,0.7528125,0.1797968714481445,True,True,True,True
pt022,MR3,081_to_080_warp.nii.gz,0.4069915636354791,0.44246403767155423,8.665176388845467,0.001862192395654742,0.09996520908153149,0.26677415235678575,0.8646277622126626,1.0016593878055824,0.28795633045170016,-0.7177653313093701,14.962773286156992,0.006015625,0.817734375,0.1684942866165145,True,True,True,True
pt022,MR3,082_to_081_warp.nii.gz,0.31505175595123835,0.39303633568999347,7.404439764540079,0.0009866950226603821,0.0808226211465046,0.2046046821901289,0.6077407620050661,0.9994154460808039,0.23044326654042516,-1.1384813964893299,13.889186709535068,0.004453125,0.506953125,0.11927838398984063,True,True,True,True
pt022,MR3,083_to_082_warp.nii.gz,0.3145132950820432,0.38688020969061077,10.225629302099415,0.0013298926327339016,0.07963640665910007,0.20472036236230848,0.6190702825584812,0.9985518128440437,0.2184796623357836,-0.15047672163246498,15.485458597482138,0.00171875,0.44265625,0.11349135566322836,True,True,True,True
pt022,MR3,084_to_083_warp.nii.gz,0.3026921411823693,0.3286888815691534,5.779964199530355,0.0017756833587073844,0.08035945250611302,0.20696966841732803,0.598622532312506,0.9988233513601653,0.20272961119694094,0.00879943128307956,9.619759289359772,0.0,0.3428125,0.09923880945677975,True,True,True,True
pt022,MR3,085_to_084_warp.nii.gz,0.32334453885618597,0.3115782086569834,5.038028082926232,0.000968491233690818,0.0857710535530853,0.23267348955093553,0.6415967057662222,1.000516737331052,0.21498031537633888,0.016949897431441936,14.51468076175996,0.0,0.332734375,0.1016863898119219,True,True,True,True
pt022,MR3,086_to_085_warp.nii.gz,0.28090822324528264,0.2919599009949477,5.726710409512494,0.0007188468049481323,0.08036443868967695,0.20112036095449082,0.5340504027634247,0.99953463276038,0.1855344721495708,-0.025191952467382612,10.103487438803212,7.8125e-05,0.26078125,0.0840311758932822,True,True,True,True
pt022,MR3,087_to_086_warp.nii.gz,0.3840912272417095,0.4389962364866528,8.306308706462106,0.0011438797403340005,0.0932811023003108,0.25318627685127937,0.7839723149213659,0.9955820374052872,0.25700560751106555,-0.2270473133643667,11.206260201313016,0.00109375,0.56609375,0.1575803954065459,True,True,True,True
pt022,MR3,088_to_087_warp.nii.gz,0.3851184087374448,0.49852708032398224,9.910210143275119,0.0014245895478894734,0.08492548950271167,0.23246622197362143,0.8141215033081236,0.9974707243856401,0.3042392089893486,-0.7356389710930747,30.306411845604178,0.005625,0.7171875,0.1684656915582592,True,True,True,True
pt022,MR3,089_to_088_warp.nii.gz,0.4471176870433955,0.5096485653461877,8.24289597578522,0.0019446965033516827,0.09910443090565235,0.2851487229469152,0.9593562752901501,1.0012290269242046,0.3308138384147202,-1.2049494692336244,39.23730399977936,0.00953125,0.937109375,0.19655829822818974,True,True,True,True
pt022,MR3,090_to_089_warp.nii.gz,0.38762750184600525,0.46814750660364074,10.677457795630044,0.0014809232993194523,0.08765687576794935,0.23631627160254037,0.8470352864009643,0.9986881924302298,0.2648236295245763,-0.371470001591199,19.877893375103014,0.003828125,0.668125,0.16085834954313824,True,True,True,True
pt022,MR3,091_to_090_warp.nii.gz,0.5854354240910259,0.5893368180003463,6.945187704734915,0.002235175699726325,0.12765510375147696,0.3863098949580275,1.2969969635101193,0.991494975510902,0.3816438735048768,-0.4113658426745442,27.118656305639302,0.0034375,1.4234375,0.30869591555227316,True,True,True,True
pt022,MR3,092_to_091_warp.nii.gz,0.4671674826792346,0.44340898339680324,9.179672810098324,0.001329577444912437,0.11355199861017326,0.3288076210402829,0.9776174998678329,1.0023808152521716,0.3099484412280149,-0.046175281256962596,13.291689851428528,0.000234375,1.158828125,0.18843930898991967,True,True,True,True
pt022,MR3,093_to_092_warp.nii.gz,0.3432281870246108,0.3437320000835925,7.0343426816837615,0.0015376649958955557,0.08916700203092852,0.23904400865359082,0.7030627825605477,0.9995187596559734,0.2100740461648037,-0.2541853394183632,8.159518421202304,0.00015625,0.36359375,0.10911131439889182,True,True,True,True
pt022,MR3,094_to_093_warp.nii.gz,0.32676864008008016,0.34569217647648737,7.205538198577049,0.0017518728806277812,0.08616720922304642,0.22975354099881262,0.6402449589436594,0.9980354348461298,0.21342914988899447,-0.6445333013782668,11.52056316395438,0.0003125,0.351640625,0.10848480603513254,True,True,True,True
pt022,MR3,095_to_094_warp.nii.gz,0.3307778161736371,0.41868561757957073,9.988887189018527,0.0012024920636903081,0.08204710940641562,0.21143672622961723,0.6535482851372482,0.9982189604936228,0.24356558398383843,-2.161528501625748,19.43718230164256,0.005,0.525703125,0.1296396289470512,True,True,True,True
pt022,MR3,096_to_095_warp.nii.gz,0.3707580970455196,0.45642653536194094,9.68654315800422,0.0008298685246624248,0.08557092683904652,0.23515192357642983,0.7583486584097604,0.9990380092101594,0.2679913118721844,-0.23022269805513249,18.954927081927572,0.003046875,0.655625,0.15870503902386973,True,True,True,True
pt022,MR3,097_to_096_warp.nii.gz,0.42713018395741564,0.4876687190104091,8.099253814887938,0.0017641290780696676,0.09069696039467147,0.2676613306249298,0.9181085145208764,0.9984668739904119,0.2837769755627731,-0.7231083750740153,17.975632188443168,0.00734375,0.78,0.1800766586728923,True,True,True,True
pt022,MR3,098_to_097_warp.nii.gz,0.3450375044744707,0.3813945669762213,6.153152344942404,0.0011622646891283452,0.08379076567329538,0.22611284876439713,0.71764233419313,0.9984547880611512,0.2440246215463783,-0.2034287560863836,19.219404774090865,0.000859375,0.536953125,0.13304109184054855,True,True,True,True
pt022,MR3,099_to_098_warp.nii.gz,0.39087033496139484,0.4170401886001833,8.20030201204661,0.0005531891702299469,0.0899668232462008,0.2514574597699539,0.8558315244511423,0.9997555504674479,0.2580929942002587,-0.17020877113880514,12.519022074914814,0.004296875,0.6334375,0.1570988417496405,True,True,True,True
pt022,MR3,100_to_099_warp.nii.gz,0.41170418002372045,0.4982214324026764,14.24807416156516,0.0009108254490832194,0.09361387140414731,0.26283854766580217,0.8776734833750083,0.999143438453943,0.27659689440162033,-0.25929655533606627,18.443340558358408,0.0040625,0.78515625,0.18503205469594336,True,True,True,True
pt022,MR3,101_to_100_warp.nii.gz,0.4699193830753892,0.4579429521289008,8.038317236250748,0.0013868924866947262,0.10124804814883684,0.3149012960674752,1.0272293700271398,0.995270920607042,0.27157710872474344,-0.6007466456984094,9.867066528417574,0.00125,0.6328125,0.17923181037314845,True,True,True,True
pt022,MR3,102_to_101_warp.nii.gz,0.35221236026755015,0.35901768121262423,5.617784462671499,0.001475384652779304,0.08900836412780258,0.23985585591583528,0.7331494224840254,0.9998132943023229,0.2294289992101128,-0.01729101698018445,13.112650291127013,0.00015625,0.44765625,0.12423776261679077,True,True,True,True
pt022,MR3,103_to_102_warp.nii.gz,0.3107012105801344,0.3003947182644745,5.94510361486461,0.001698713705089551,0.08466351167980748,0.220262574214733,0.6306068904365094,1.0006828960988143,0.20447176595584798,0.029640727986132202,9.208673708785238,0.0,0.29,0.0948524778545104,True,True,True,True
pt022,MR3,104_to_103_warp.nii.gz,0.3923882680115394,0.3580876051770616,7.667909126868048,0.0020166441708003775,0.10172398296047465,0.2849952187105963,0.8057109165161447,0.9959480148413652,0.24916636777001677,0.0020810735207907292,12.101523922394167,0.0,0.4246875,0.1456824709770311,True,True,True,True
pt022,MR3,105_to_104_warp.nii.gz,0.34121447148719886,0.44739408529805597,9.888853945347082,0.0012189136569489857,0.0831277892254987,0.2141981391109964,0.6811553857032057,0.9995823959641126,0.2641562028332323,-2.012066234997309,35.06989798390841,0.00765625,0.52953125,0.13501603134550363,True,True,True,True
pt022,MR3,106_to_105_warp.nii.gz,0.374592369875357,0.4788694018832434,9.973673595873933,0.0019193713587777933,0.08572892623066194,0.23808634189045128,0.7436182374938615,0.998528740192372,0.2645009950931972,-1.4081263177776537,18.812224928256303,0.0125,0.659140625,0.15496563848616213,True,True,True,True
pt022,MR3,107_to_106_warp.nii.gz,0.3421839257147796,0.4006321284747206,8.374362189258699,0.001852878677819453,0.08430858835657125,0.22113531013638285,0.7029052273309605,0.9975803874438168,0.23981973543937393,-0.8404551899714636,14.95519539153841,0.00140625,0.511484375,0.13473813708204216,True,True,True,True
pt022,MR3,108_to_107_warp.nii.gz,0.4766316369743282,0.7125092950442846,16.966858670510657,0.0011864011382308661,0.09554057958859286,0.27259547197031175,1.0110959560108583,0.9964853591940471,0.3137584903185855,-1.839040605737158,25.346785404998474,0.030390625,0.92171875,0.24192205372792358,True,True,True,True
pt022,MR3,109_to_108_warp.nii.gz,0.44724286551416337,0.5312025122935907,11.319334374399734,0.0008741808293088733,0.10061790618418728,0.27833385898991625,0.9641319031303291,1.0008537502624206,0.3339212175692618,-0.577395838852449,33.23320763825441,0.013671875,0.9709375,0.2014565274357712,True,True,True,True
pt022,MR3,110_to_109_warp.nii.gz,0.408388742514306,0.44253965975451554,8.235233933620904,0.001225174489950398,0.09608051077069052,0.2723039361717493,0.8568060445354679,0.9966497321082616,0.270957402495516,-0.4600447085166943,14.745906979604719,0.00859375,0.603125,0.16484492483753785,True,True,True,True
pt022,MR3,111_to_110_warp.nii.gz,0.5312382978993568,0.4861704651559568,6.976569279654376,0.001977412583347752,0.11353629297428953,0.37489884663439976,1.1554753899578616,0.9962374690269771,0.30755318679742893,-0.29185232420582735,10.399089691345647,0.0003125,0.85703125,0.21519033144459526,True,True,True,True
pt022,MR3,112_to_111_warp.nii.gz,0.6218425437823851,0.6274313119470433,8.581972137997713,0.0012319963128358128,0.14126312216035028,0.41647314689980186,1.3494352330969301,0.9902610397979582,0.3903279473908046,-1.0044984095485596,11.913753544217537,0.004921875,1.49296875,0.33729055388018303,True,True,True,True
pt022,MR3,113_to_112_warp.nii.gz,0.8872104710216907,1.0193502457707662,13.201529924507774,0.0053810211012741685,0.21457188173417982,0.5509752312690255,1.9133697301937755,1.0090254236594352,0.6750196099011253,-2.2561805133281982,28.589811665199075,0.0328125,5.100703125,0.5887172503898187,True,False,True,False
pt022,MR3,114_to_113_warp.nii.gz,0.3006767070981015,0.30944810519952254,5.90403882504009,0.0014457385349352977,0.08154760197987344,0.21199055954870213,0.5918692978543738,0.9979661537845074,0.1973001252507139,-0.042688640714274445,9.311949137249012,0.000234375,0.291015625,0.09632967098890798,True,True,True,True
pt022,MR3,115_to_114_warp.nii.gz,0.4293547823951295,0.41374630978969523,6.856880862560671,0.0033706539778632976,0.10784505016218997,0.29861031253261233,0.9056768498472482,0.9943980708050291,0.28020255356781804,0.00918638881316662,10.092279646806322,0.0,0.609375,0.17459660664320667,True,True,True,True
pt022,MR3,116_to_115_warp.nii.gz,0.6042213237154945,0.6407351944753283,9.10851907270913,0.0036043948480467647,0.13972555587813393,0.3815566313969392,1.3538796344028514,1.0046834857853648,0.4289020938529412,-0.4229909643761341,14.842750842645103,0.004296875,2.65625,0.322037116133382,True,True,True,True
pt022,MR3,117_to_116_warp.nii.gz,0.4748851936149391,0.5533441863384301,10.293232471718024,0.001743278689254716,0.10223788464236581,0.299768267647219,1.0153015912984666,0.9957984702113961,0.3199880483509267,-0.9838766747917728,13.460241141495453,0.01171875,1.02640625,0.23212119439785775,True,True,True,True
pt022,MR3,118_to_117_warp.nii.gz,0.3618241448112867,0.4472079131686467,7.393307385203284,0.0019515733061744554,0.08258225822456731,0.21922100123363147,0.7745100116935151,0.9987759130384897,0.2639657845136438,-0.1698219160432088,18.11027525956966,0.002421875,0.746328125,0.15449236518010193,True,True,True,True
pt022,MR3,119_to_118_warp.nii.gz,0.3622288948992108,0.4301687194942035,8.311573387812965,0.0019177744910540068,0.08586320486408537,0.228961229624559,0.7602559556714525,0.9996900809008455,0.2497415640829353,-0.6309921281104973,11.287271591092285,0.003359375,0.62421875,0.1468092572956236,True,True,True,True
pt022,MR3,120_to_119_warp.nii.gz,0.4264204449349478,0.4421209196737553,6.371471100181467,0.0017547916770416863,0.09651789585065942,0.2813080191340702,0.9085976932408916,1.000031967437805,0.28189951976249705,-0.44500967067279007,20.159210945015033,0.002734375,0.745703125,0.1675885312205094,True,True,True,True
pt022,MR3,121_to_120_warp.nii.gz,0.48192340694985897,0.46946134944385454,6.63462469377203,0.0023177587075959433,0.11335313021931967,0.32913219543003264,1.0395608308378625,0.9934596138527678,0.30916623905260776,-0.015609352081126461,12.195222183115767,0.000625,0.89359375,0.21742552650665156,True,True,True,True
pt022,MR3,122_to_121_warp.nii.gz,0.47261381352618964,0.45018360503377186,5.931804146148621,0.00231610684300284,0.1155977345448236,0.32069610750990324,1.0276158790759735,1.0023358317981246,0.3157375072620117,-0.14535759199023143,18.20039283415114,0.00015625,1.194296875,0.19438739353308607,True,True,True,True
pt022,MR3,123_to_122_warp.nii.gz,0.36413755086328403,0.41697435300783636,8.188746500043719,0.0007817310957735699,0.08568239531804472,0.23713943445951058,0.7407802482032886,0.999244690975137,0.2435064152487827,-0.5678962504357764,18.64830558257126,0.00109375,0.53828125,0.13418816899033642,True,True,True,True
pt022,MR3,124_to_123_warp.nii.gz,0.6186538793875516,0.6174189024893659,9.078690912530831,0.0013246759527413597,0.11272592881542132,0.3954643180911024,1.4401704515460836,0.9963593174576634,0.3413031457646116,-0.29987249954238143,14.62217370000749,0.003828125,1.221953125,0.2595744333139061,True,True,True,True
pt022,MR3,125_to_124_warp.nii.gz,0.36751895212296254,0.47910459881128936,9.654379327010984,0.0015381352419350529,0.08284552682930389,0.22136942653981365,0.7720954180625479,0.9982844900430892,0.2597709873749068,-0.24182726948626687,14.380217350142312,0.00734375,0.659140625,0.15472642690546928,True,True,True,True
pt022,MR3,126_to_125_warp.nii.gz,0.37720043863790775,0.4711053035227902,8.50495070393858,0.002005555373112211,0.0839278147457573,0.23033804393730123,0.7977216834982854,0.9986191723598303,0.261317950383589,-0.3628624674838934,12.385522388613204,0.004453125,0.67453125,0.15651192627149607,True,True,True,True
pt022,MR3,127_to_126_warp.nii.gz,0.3725115998597395,0.443614570501331,9.679171785456607,0.0011400625609591963,0.08385472555044389,0.23502052039328586,0.7795634994415609,0.9983213110399883,0.255855428283221,-1.0151240542562234,20.25347412594039,0.004296875,0.6396875,0.1490352248053,True,True,True,True
pt022,MR3,128_to_127_warp.nii.gz,0.3604926410521245,0.44379941581238447,7.938580088256986,0.0005872418278694076,0.08301433431225178,0.2199099007598671,0.7718067663275385,0.999617137966346,0.2576513763048585,-0.7646139677277457,17.75495689494131,0.003125,0.659140625,0.14568216507938775,True,True,True,True
pt022,MR3,129_to_128_warp.nii.gz,0.3422050862314049,0.4192201924355729,7.680175643079893,0.0008879584515851149,0.08241289326363527,0.21327215003037392,0.7105714027238197,0.997631435338508,0.2377809703043688,-0.3303139139927142,10.27703376913114,0.001640625,0.548359375,0.1359774675986048,True,True,True,True
pt022,MR3,130_to_129_warp.nii.gz,0.4032539576322732,0.4120558965338968,8.365245687943606,0.001358242383338195,0.0973136293260246,0.2706124114784887,0.8565143637467191,1.0009733457622396,0.2708021438117902,-0.28265744681539556,17.247276860179507,0.002578125,0.715625,0.15472900371149317,True,True,True,True
pt022,MR3,131_to_130_warp.nii.gz,0.375815592264246,0.45889167650861484,10.118051417746896,0.0013657761770728201,0.0865445108424208,0.24018133656167623,0.7789480566667285,0.9969371311612564,0.25099454553791656,-0.32924041841602625,13.60158362768479,0.00484375,0.566640625,0.15262961588780594,True,True,True,True
pt022,MR3,132_to_131_warp.nii.gz,0.469353996008285,0.4804839195617979,8.069869339653556,0.0019407615493733101,0.10958614294464573,0.3160702888916632,1.002808551481785,0.9938807876965622,0.30767973179496755,-1.2467497481181922,13.444943261591593,0.00328125,0.780234375,0.20472230849836123,True,True,True,True
pt022,MR3,133_to_132_warp.nii.gz,0.3734452380330918,0.46876309551361084,9.111695558705332,0.0016177124469669503,0.08322137195475186,0.22364152996075162,0.8025263227040353,0.9979606314385019,0.2676700309293994,-0.2725831837804872,28.73792906852846,0.003515625,0.647890625,0.1524018696218569,True,True,True,True
pt022,MR3,134_to_133_warp.nii.gz,0.34036146893600644,0.37568543758346745,6.5191135882646325,0.0011528468920985937,0.08424970245394159,0.22261261554039452,0.7100569926133036,1.0002928581526527,0.23080861032121483,-0.027625746282185202,9.187117720045007,0.001171875,0.535234375,0.12548672452948467,True,True,True,True
pt022,MR3,135_to_134_warp.nii.gz,0.4398588550096617,0.4541870952530962,7.226624973449852,0.0012920655937130377,0.10328345994771972,0.28897752095355,0.9605316698179025,1.0026798255993292,0.3039899657939229,-0.06761963098796765,22.583833097290302,0.000390625,1.050546875,0.18276028408942424,True,True,True,True
pt022,MR3,136_to_135_warp.nii.gz,0.5845634472633148,0.5981475922416961,7.652751516417074,0.0022083398288793507,0.1180101088184278,0.3873967253840631,1.2903561870716116,0.9925778086768016,0.36237455773576027,-0.3061723888134316,17.51229215265609,0.005078125,1.41109375,0.2946844382424806,True,True,True,True
pt022,MR3,137_to_136_warp.nii.gz,0.4579005027862411,0.5316100011319216,10.577306688450168,0.0010008202543851335,0.09452279732824798,0.277517841740536,1.028203382409587,1.0012933706771763,0.31420170122848623,-0.9272896024348758,17.034057635025363,0.005234375,1.067734375,0.210585844696442,True,True,True,True
pt022,MR3,138_to_137_warp.nii.gz,0.46140364576918874,0.5758670974897856,10.971776334382243,0.0012042450273449825,0.09512189847589604,0.2762524109244304,1.014158514224231,0.996629434951207,0.3349432203199766,-1.113765536082683,47.6454285563612,0.0096875,0.944375,0.22796636071936396,True,True,True,True
pt022,MR3,139_to_138_warp.nii.gz,0.46460216726829995,0.516238307325104,10.347012419385003,0.001561301077938958,0.10247160950477838,0.29176257771251535,1.0260124717971018,1.0012176986120092,0.32173208868227576,-0.5333605015556705,29.435430345564576,0.0075,1.0434375,0.20724919497815386,True,True,True,True
pt022,MR3,140_to_139_warp.nii.gz,0.5080501327432085,0.5221754949511158,7.2523166122779505,0.0015799648064155325,0.09099289969365466,0.30652841604629394,1.1948352018640491,1.0003603354539559,0.30579582531762856,-1.6943022540586765,22.228767636054233,0.003046875,0.971015625,0.1987837126932109,True,True,True,True
pt022,MR3,141_to_140_warp.nii.gz,0.44130984965962206,0.49942482627255536,7.390583886445645,0.0007883570384184085,0.09658819488083302,0.28254654717171435,0.9499289474755995,0.996733920497677,0.27879884472812483,-0.45070512017790243,12.270056130723825,0.0034375,0.76296875,0.19028760394132177,True,True,True,True
pt022,MR3,142_to_141_warp.nii.gz,0.37836074753940174,0.45269713228132036,7.947281896127141,0.002236902272734377,0.08447297352743825,0.2289148856203242,0.8313780522460796,0.9990941507473579,0.27080386256566014,-0.5386212828825925,25.16699920661475,0.00515625,0.744453125,0.1565814530172354,True,True,True,True
pt022,MR3,143_to_142_warp.nii.gz,0.3659643250747599,0.44620383060018853,8.184600659716141,0.0012155555515429997,0.08341146064463519,0.2285119917973962,0.7607120347628447,0.9977042131731291,0.2486747480236114,-0.15792061265049628,9.28579192068531,0.001875,0.67375,0.14980992953635383,True,True,True,True
pt022,MR3,144_to_143_warp.nii.gz,0.3597210472885424,0.4209118698321146,9.086600239734926,0.0015259094034918398,0.08623160113567466,0.22844305303141837,0.7569000511125819,1.0000197573423106,0.24503089829831648,-0.37375178870037273,11.646596711589781,0.00078125,0.594296875,0.13619389540049856,True,True,True,True
pt022,MR3,145_to_144_warp.nii.gz,0.32785682198771676,0.42162484135809813,9.500547384639447,0.0015633983582343373,0.07919162375010316,0.20134935829617562,0.6740977432757222,0.9993090622079731,0.23081964107188763,-0.3347786397128284,10.387154226548779,0.00109375,0.56828125,0.12929208335229356,True,True,True,True
pt022,MR3,146_to_145_warp.nii.gz,0.3978149177541809,0.4279329198626565,7.439664565754019,0.0010768693517478423,0.09354803102467911,0.26683976967433065,0.8226959400732594,0.9975674903409563,0.2640926105800222,-0.5058003008211258,12.71267678908974,0.00265625,0.616484375,0.15861446319041214,True,True,True,True
pt022,MR3,147_to_146_warp.nii.gz,0.3635219220709867,0.4298303399660131,8.251747374710957,0.0006301293475459772,0.08439638886655235,0.2316263304126751,0.7495219011458923,0.9993185974746359,0.25701103225115346,-0.4077600430464319,16.605953731184965,0.001171875,0.579765625,0.143618654297795,True,True,True,True
pt022,MR3,148_to_147_warp.nii.gz,0.4643017549556687,0.4767263327110897,7.640543672744075,0.0014988992814457104,0.10094323923188192,0.309351547980796,1.0024802056238293,0.9971082488055405,0.28155067383820664,-0.12837577847056608,10.863245363109725,0.0015625,0.740859375,0.18402490281958941,True,True,True,True
pt022,MR3,149_to_148_warp.nii.gz,0.3889592437713784,0.4382221906011295,6.9777314478365815,0.0005160297155073912,0.08937544090556516,0.24860744956509126,0.8370167549864814,0.9991052012819449,0.26304697197496163,-0.08868101586642814,20.300164833246164,0.002109375,0.64265625,0.14832391050948304,True,True,True,True
pt022,MR3,150_to_149_warp.nii.gz,0.5415132743154443,0.5481839346828409,9.357773912120097,0.0012285520909505296,0.09830099327869639,0.3269850848317737,1.2646540135209765,0.9971320739944224,0.2869356805036417,-1.9030968261049659,11.703606111695095,0.00125,0.905546875,0.1960420174845402,True,True,True,True
pt022,MR3,151_to_150_warp.nii.gz,0.5041733418471411,0.4955728978735754,9.399733729147698,0.0026576185606293867,0.1137574148132105,0.34334191031303696,1.091864703143884,0.9946850522754311,0.3198276995616331,-0.12419779977510467,13.303281443513951,0.0009375,0.995546875,0.2336913134681552,True,True,True,True
pt022,MR3,152_to_151_warp.nii.gz,0.35337138147699015,0.4074070155538112,6.855728008644193,0.001232513341116368,0.08232791525324987,0.21992674906873078,0.7726651159294539,0.9990404969772393,0.2565046760363613,-0.11345247186425685,15.599824325879158,0.00078125,0.65390625,0.14639600161409963,True,True,True,True
pt022,MR3,153_to_152_warp.nii.gz,0.35605704077937006,0.4255349048080315,8.68482062942315,0.0003159642574364229,0.08417266212189527,0.22472101839932734,0.7453194240748301,0.9998889461657858,0.24529198907020955,-0.21828367007195384,11.079888751102745,0.00171875,0.627578125,0.1427200338021961,True,True,True,True
pt022,MR3,154_to_153_warp.nii.gz,0.38069430553017675,0.40175475014055895,7.493742874305807,0.0011489768871069735,0.08623031017712951,0.25406991322561506,0.8001065725511715,0.9990988716685161,0.23309501923520445,-0.036229152555129415,14.740832420979839,0.000234375,0.520390625,0.13463559522128207,True,True,True,True
pt022,MR3,155_to_154_warp.nii.gz,0.46322761250203504,0.49050380483042794,8.952802236297227,0.002127066146525885,0.09781336308215746,0.30247995250520393,1.0098370369309309,1.0019884240606085,0.3097505001650872,-1.0027292421094358,16.426437349113506,0.00765625,1.059609375,0.19500197947424702,True,True,True,True
pt022,MR3,156_to_155_warp.nii.gz,0.6395564863575709,0.74348248839353,14.586018878194382,0.0006511556959770181,0.10631265485285521,0.3697025354908577,1.4979385414113517,0.9924825380404216,0.3585504517030908,-1.2847775066664269,20.588157712474466,0.022734375,1.38890625,0.315230573746041,True,True,True,True
pt022,MR3,157_to_156_warp.nii.gz,0.48377529634659705,0.6121143288801214,9.094540509296726,0.0009590958608774119,0.09083273339327495,0.26766463320373524,1.1313448657587197,0.9990841116491611,0.3897301741536506,-0.7747813041791114,53.51858141487883,0.00875,1.173046875,0.2378932453201292,True,True,True,True
pt022,MR3,158_to_157_warp.nii.gz,0.45941698253316693,0.5420706545661849,7.744637179347651,0.0013637315599581898,0.09492988059052496,0.2716782504336738,1.034715244077555,1.0008551307415665,0.3174401412098044,-0.4844161677772437,21.52100636261209,0.005,1.02890625,0.20854567894001722,True,True,True,True
pt022,MR3,159_to_158_warp.nii.gz,0.35475535686339166,0.4379959350266813,7.391181964034767,0.0007893799066309664,0.08170879374253835,0.21512372167559723,0.7600713863547898,0.9983305468254362,0.25301251292153026,-0.1443372564266585,13.975318335007652,0.001953125,0.668125,0.14881142087814014,True,True,True,True
pt022,MR3,160_to_159_warp.nii.gz,0.3645502308979098,0.41853270801356174,7.602917637300099,0.0013194409520708157,0.08742282979090865,0.2333095745048142,0.7677971979704787,0.9976222991480421,0.25038948118357385,-0.02759530947998686,15.173366888657322,0.000390625,0.554375,0.1437146853519075,True,True,True,True
