Patient,Session,File,Motion Mean,Motion Std,Motion Max,Motion Min,Motion P10,Motion P50,Motion P90,Jacobian Mean,Jacobian Std,Jacobian Min,Jacobian % Negative,Harmonic Energy,QA_JAC0,QA_JAC2,QA_HE,QA_Passed
pt002,MR1,DVF_20190503_DBN__P02_MR1_MMT_25_2_S_F100_M101.nii,1.9234373215725409,4.575358780762737,85.45793730814438,0.0008599471713403349,0.13456122348452662,0.6079637874830534,4.513761174881784,0.9930077185768102,5.270342166912184,-889.6424693067465,0.0588296875,2.2208251295160895,False,False,True,False
pt002,MR1,DVF_20190503_DBN__P02_MR1_MMT_25_2_S_F101_M102.nii,1.177361335120003,2.331509882591138,55.671002754594056,0.002070990095720069,0.11753586375295225,0.47630867662849186,2.510465068564594,0.9947346354662006,4.775309994213701,-868.6254086979744,0.0333203125,1.141550130171766,False,False,True,False
pt002,MR1,DVF_20190503_DBN__P02_MR1_MMT_25_2_S_F102_M103.nii,1.375212490945481,3.4265548354435387,39.474471661526955,0.0004406466066017434,0.09084265355325431,0.3884696857090757,2.6960775007370565,0.9751907319257119,3.1418153658985584,-554.181266253471,0.0372171875,1.297730502110741,False,False,True,False
pt002,MR1,DVF_20190503_DBN__P02_MR1_MMT_25_2_S_F103_M104.nii,1.0086660812688641,2.4204197424637455,84.41625858132761,0.0008826932172113583,0.10677708268193913,0.39027104385611777,1.9306131012966903,0.9786992827632283,3.2186245274941454,-766.9018426543466,0.02587421875,0.9386131638448733,False,False,True,False
pt002,MR1,DVF_20190503_DBN__P02_MR1_MMT_25_2_S_F104_M105.nii,1.660247493761709,3.9839623183161526,78.10161583119776,0.0007129899286952003,0.10844387809300256,0.44333229821304454,3.506209518066838,0.9527432206283127,8.464777681982525,-3716.2356269490197,0.04791015625,1.8517534006342586,False,False,True,False
pt002,MR1,DVF_20190503_DBN__P02_MR1_MMT_25_2_S_F105_M106.nii,1.0517585479886664,2.07076411220188,58.81573311809942,0.0016117870242639035,0.12736952680586097,0.48261791877634264,2.5382617791902446,0.9899504924943294,7.117414209537006,-1806.685759694128,0.0221546875,1.0653696026413833,False,False,True,False
pt002,MR1,DVF_20190503_DBN__P02_MR1_MMT_25_2_S_F106_M107.nii,1.1008444199812855,1.52798292506904,84.2875901539041,0.0022517694506768273,0.12194561908159585,0.5535709396219286,2.8177731324074657,0.9926243246181444,5.536247140354396,-1109.8252922119434,0.023175,0.8822053666869002,False,False,True,False
pt002,MR1,DVF_20190503_DBN__P02_MR1_MMT_25_2_S_F107_M108.nii,0.9769493044333656,1.3174932461566038,48.39456212675777,0.0019059610229840201,0.14921136358878961,0.5453768361718367,2.360623272434762,0.9940931246208372,4.69539751754415,-1186.3583349059186,0.020125,0.6887587786101415,False,False,True,False
pt002,MR1,DVF_20190503_DBN__P02_MR1_MMT_25_2_S_F108_M109.nii,0.8845992884906978,1.5374674826810764,49.64375815088714,0.0013189731394569293,0.10912870814554167,0.4381128329061079,1.9681912926783576,0.9908522536007996,4.0115513706528505,-1432.891870738038,0.0182671875,0.6030160517726825,False,True,True,False
pt002,MR1,DVF_20190503_DBN__P02_MR1_MMT_25_2_S_F109_M110.nii,1.7345740123782718,5.204499855458154,73.33135745305948,0.0017559705814682767,0.10734833004957516,0.41703961231144965,3.3074617570600497,0.9630753431312356,4.121139013019845,-646.4592619590018,0.04428671875,1.7228339431308952,False,False,True,False
pt002,MR1,DVF_20190503_DBN__P02_MR1_MMT_25_2_S_F10_M11.nii,1.091216490444546,1.8737967751545288,59.734428074764445,0.0009504376545301631,0.11713519767775987,0.4247207141191637,2.7148249554229777,0.9958009349857766,4.173759613610803,-1104.3281272187778,0.03188125,1.0104119408056813,False,False,True,False
pt002,MR1,DVF_20190503_DBN__P02_MR1_MMT_25_2_S_F110_M111.nii,1.242793293281142,3.22314656023017,49.16871443487244,0.0010541582172460659,0.09537559678339298,0.38156355777934525,2.5939790699430123,0.9705985333249632,3.584734908858936,-663.7824227363261,0.03413359375,1.1754510692980036,False,False,True,False
pt002,MR1,DVF_20190503_DBN__P02_MR1_MMT_25_2_S_F111_M112.nii,1.1346319270456138,2.297022725946382,48.13831474128913,0.0009613412783576531,0.10223371734125386,0.40545143492083213,2.647914597537511,0.9959193450663939,4.022543602525283,-847.9661674181436,0.0349546875,1.1414421800313248,False,False,True,False
pt002,MR1,DVF_20190503_DBN__P02_MR1_MMT_25_2_S_F112_M113.nii,1.368113500876198,2.8343263424755776,44.61361362968318,0.0021807300730195107,0.12327716875794008,0.45030118445231826,3.3258204167501746,0.9841756029493314,5.206547039993077,-1285.4595443495068,0.04702734375,1.4652672211130482,False,False,True,False
pt002,MR1,DVF_20190503_DBN__P02_MR1_MMT_25_2_S_F113_M114.nii,1.0530911537339367,1.8183088933382314,87.20125897581997,0.0006017166754652787,0.10844507416269862,0.3942686489713869,2.7777321091762426,0.9965475826747555,6.101294504684575,-1858.5402287089082,0.0328015625,1.017243958646994,False,False,True,False
pt002,MR1,DVF_20190503_DBN__P02_MR1_MMT_25_2_S_F114_M115.nii,1.2871094204606033,2.2427029350049916,45.38901552867818,0.001140368323064555,0.1121853996949922,0.4487808423984351,3.5248988781149015,0.9968143691038669,2.51254021407697,-642.4412989959986,0.03942734375,1.155190460639885,False,False,True,False
pt002,MR1,DVF_20190503_DBN__P02_MR1_MMT_25_2_S_F115_M116.nii,1.40062802310675,2.958592683627967,76.86638158012859,0.0006094398171805602,0.12366779760430512,0.48277325809128724,3.3718222879393704,0.9746655046843289,7.237290469120534,-1702.4001029453923,0.04405234375,1.643718430176377,False,False,True,False
pt002,MR1,DVF_20190503_DBN__P02_MR1_MMT_25_2_S_F116_M117.nii,1.5982667985004329,2.4227466387720704,69.32018893035367,0.0010244512767714916,0.13926908916999167,0.6153841190697502,4.559062631792129,0.9897349254845645,8.154693310824145,-1217.1672238111912,0.04308359375,1.350154238310176,False,False,True,False
pt002,MR1,DVF_20190503_DBN__P02_MR1_MMT_25_2_S_F117_M118.nii,2.0600827396797383,4.4862291752741665,78.71341059399317,0.0007646602728365197,0.1035075132441654,0.44872490680281607,5.707079335633751,0.9463337046753191,4.029615303490228,-722.9758168208756,0.06382265625,2.130897756982379,False,False,True,False
pt002,MR1,DVF_20190503_DBN__P02_MR1_MMT_25_2_S_F118_M119.nii,1.3305108779136892,2.9180242750095093,64.55375066434529,0.0019229542983641697,0.11724736880495809,0.4444078993634568,3.0347750606371275,1.0090217237993044,3.13356748743398,-711.2379531891979,0.03801171875,1.3740858730304824,False,False,True,False
pt002,MR1,DVF_20190503_DBN__P02_MR1_MMT_25_2_S_F119_M120.nii,1.3086789718892256,2.520462437951335,41.1155742635277,0.0014587833667723943,0.110827711505287,0.47298237535863497,3.377135542264728,0.9918384498577593,3.6574471164252906,-449.9281230765395,0.0375359375,1.1261951864778328,False,False,True,False
pt002,MR1,DVF_20190503_DBN__P02_MR1_MMT_25_2_S_F11_M12.nii,1.6412098287752153,2.335465987370789,80.08174510747813,0.0008892194536379073,0.12532146675215197,0.6854083482774069,4.497068179710819,1.0041906485504024,4.26434226782247,-1201.1634458464139,0.0455234375,1.3543209244627517,False,False,True,False
pt002,MR1,DVF_20190503_DBN__P02_MR1_MMT_25_2_S_F120_M121.nii,1.258659328563071,2.729757972227734,60.93880674054651,0.0017101553863760172,0.10968135506744282,0.44141817649153825,2.9561277571987947,0.9827946345334749,3.2347112398726137,-1149.9226310405243,0.03420625,1.1921325147590494,False,False,True,False
pt002,MR1,DVF_20190503_DBN__P02_MR1_MMT_25_2_S_F121_M122.nii,0.9651774397717522,1.5953377124007344,97.08194723151288,0.0008264112017279492,0.1201811560891824,0.46896018277850016,2.191340495163063,1.0010516046814695,5.967665633149785,-2265.207493476858,0.02517890625,0.9042026890541761,False,False,True,False
pt002,MR1,DVF_20190503_DBN__P02_MR1_MMT_25_2_S_F122_M123.nii,1.1272384076237107,1.873718957252107,68.23135953958756,0.0004282197954095465,0.1368893303311656,0.544544522994244,2.6512816353096715,0.9864469927522368,5.0189744724183365,-786.3603748583049,0.031659375,1.1416677503255854,False,False,True,False
pt002,MR1,DVF_20190503_DBN__P02_MR1_MMT_25_2_S_F123_M124.nii,1.4031939622368506,3.1234429087215485,60.70507814367451,0.0003655307023810082,0.10626511186491465,0.4097019080725802,3.274139271335614,0.985233079576891,4.891499680721149,-793.5591631567105,0.0461984375,1.4555297331798216,False,False,True,False
pt002,MR1,DVF_20190503_DBN__P02_MR1_MMT_25_2_S_F124_M125.nii,1.63840472169017,3.539760526557175,60.92233854718519,0.0008580863255472128,0.1089570667310773,0.4408842413743995,4.155436549847077,0.9795258566225294,4.074745194393924,-868.4631256361602,0.0537796875,1.7157742871693018,False,False,True,False
pt002,MR1,DVF_20190503_DBN__P02_MR1_MMT_25_2_S_F125_M126.nii,1.3795226705162198,2.386374633882797,59.560555765515126,0.00125530706532446,0.1213340017093189,0.5077944387496907,3.6541135596336507,0.9812173830311828,3.5010579854165007,-754.4037925758859,0.0407875,1.168145007356438,False,False,True,False
pt002,MR1,DVF_20190503_DBN__P02_MR1_MMT_25_2_S_F126_M127.nii,1.2988546631646316,2.781364061140713,41.214417651459726,0.0015034212392534072,0.12323457808313586,0.4521933391339933,2.9918803262901625,0.9822543439201301,4.5359257856003365,-916.309920938152,0.04022109375,1.1738012536013998,False,False,True,False
pt002,MR1,DVF_20190503_DBN__P02_MR1_MMT_25_2_S_F127_M128.nii,1.5207594280507697,2.194036817658525,55.309186134699175,0.0015458409784429056,0.13211506332665937,0.5797603619440087,4.33000764918685,0.9907745391806124,6.734236152455581,-2021.7010266117074,0.0457125,1.276954235724769,False,False,True,False
pt002,MR1,DVF_20190503_DBN__P02_MR1_MMT_25_2_S_F128_M129.nii,1.9703524080528314,4.27735551975974,48.28101261948319,0.0016734551918853782,0.11589191756551744,0.5533091291905615,4.9227062798844825,0.9811418935861993,2.865411967276306,-590.1302183872036,0.05628046875,1.7494750184616257,False,False,True,False
pt002,MR1,DVF_20190503_DBN__P02_MR1_MMT_25_2_S_F129_M130.nii,1.235432025661525,2.01366133503283,41.654125580882656,0.0011041018938312414,0.12672204625715613,0.5173801027224276,3.035268112071215,0.9970037679740336,7.32707874087347,-1752.0152565412966,0.0392484375,1.1360140715411096,False,False,True,False
pt002,MR1,DVF_20190503_DBN__P02_MR1_MMT_25_2_S_F12_M13.nii,1.1598021140013621,1.9133234988103913,42.620827061971134,0.0012644594100468685,0.14505068878016028,0.5482846749324629,2.679376488153421,0.9883947352855519,3.5381886769903153,-580.5429674959211,0.0323640625,1.0084190978325946,False,False,True,False
pt002,MR1,DVF_20190503_DBN__P02_MR1_MMT_25_2_S_F130_M131.nii,1.2153502377734142,1.9959008582495754,39.854934173319435,0.0006060404620213793,0.11046271780083164,0.496562422241694,3.1334721544632598,0.9855534691919767,4.415549698213729,-527.1304354773442,0.0389375,1.1810003186180011,False,False,True,False
pt002,MR1,DVF_20190503_DBN__P02_MR1_MMT_25_2_S_F131_M132.nii,1.2515206983383982,2.597365038583335,51.899590314544355,0.001640941009078664,0.12462393734290005,0.4760076388050508,2.8357585756489834,0.9731243467773752,4.687139181762899,-914.0493897221297,0.038109375,1.1899059075851424,False,False,True,False
pt002,MR1,DVF_20190503_DBN__P02_MR1_MMT_25_2_S_F132_M133.nii,1.1535187748426985,2.1480561826310813,50.43621295882504,0.0013284107857836065,0.10984202362559388,0.41755161389450784,2.829256428221486,0.9881748740017247,2.82510132830881,-811.0315889173826,0.0311,0.9312087102614267,False,False,True,False
pt002,MR1,DVF_20190503_DBN__P02_MR1_MMT_25_2_S_F133_M134.nii,1.3092105752608456,2.0938172872409555,50.708371933035245,0.0017078566208999029,0.11133097830840157,0.4849763719015438,3.6535983711441,0.9870174729963604,4.433826180637289,-1014.2064626443278,0.0381515625,1.208345361281753,False,False,True,False
pt002,MR1,DVF_20190503_DBN__P02_MR1_MMT_25_2_S_F134_M135.nii,1.2543605476404385,2.9194952327118853,66.6284454281862,0.00094198735740736,0.11974441486061371,0.5339776346315739,2.4150859517567307,0.9929330297352057,8.613414939296536,-2374.094754558838,0.03270546875,1.3345149006805637,False,False,True,False
pt002,MR1,DVF_20190503_DBN__P02_MR1_MMT_25_2_S_F135_M136.nii,1.2570495260552834,2.874087361274619,79.14856542392249,0.002047145693689886,0.13881277927906216,0.5383299660246328,2.4098812390489077,0.9917840482574886,4.515814917775542,-951.2481134327672,0.02954609375,1.288997154253474,False,False,True,False
pt002,MR1,DVF_20190503_DBN__P02_MR1_MMT_25_2_S_F136_M137.nii,1.0315658191535584,1.8352603798135219,107.93521621291929,0.0016917952972450784,0.11882794400390104,0.4832624483021958,2.2254709610212,0.9948996844705195,5.41062684686695,-831.4881272805848,0.02373046875,0.9401653177962201,False,False,True,False
pt002,MR1,DVF_20190503_DBN__P02_MR1_MMT_25_2_S_F137_M138.nii,1.1231178112196127,1.9186927857119935,71.01907623818042,0.0008711617359431339,0.11386608097813951,0.4991643452233366,2.603214487037341,1.0019864478425453,5.236389752332345,-675.9803538865876,0.023853125,0.945526068435704,False,False,True,False
pt002,MR1,DVF_20190503_DBN__P02_MR1_MMT_25_2_S_F138_M139.nii,1.046193184767341,1.9087613343505134,48.321656124497515,0.0006488050891153786,0.1223185078453624,0.44974939563455707,2.4418912548982985,0.9933275328181522,3.3829486989447144,-810.321757111954,0.02593984375,0.9323048630095294,False,False,True,False
pt002,MR1,DVF_20190503_DBN__P02_MR1_MMT_25_2_S_F139_M140.nii,1.1261515218786176,2.9361801593141017,57.69838524091452,0.0014700843623250632,0.10962326047436637,0.3828462074485121,2.1848068326268755,0.9976419595401743,3.728007346972197,-744.1495584660935,0.02884921875,1.291192099867387,False,False,True,False
pt002,MR1,DVF_20190503_DBN__P02_MR1_MMT_25_2_S_F13_M14.nii,1.3860623834998644,1.8418565781964202,48.19669508471137,0.0015744058826405235,0.14257102394363408,0.6425898283818483,3.7643133254862837,0.9980371038881294,3.129125827699072,-489.500082114636,0.029796875,0.8179761813394509,False,False,True,False
pt002,MR1,DVF_20190503_DBN__P02_MR1_MMT_25_2_S_F140_M141.nii,1.0937575400643125,2.219122553263944,72.56783278036099,0.0016373135624661187,0.12754913375384724,0.5114190139588586,2.2026723913823862,0.9911131180625329,2.4795057085816605,-309.57826628229805,0.02699453125,1.0147425231514662,False,False,True,False
pt002,MR1,DVF_20190503_DBN__P02_MR1_MMT_25_2_S_F141_M142.nii,1.0399397259210659,2.2981852049757228,53.787308369549244,0.002199015313225554,0.1142943024921026,0.43452926788627855,2.107301776478993,0.9939994995702287,2.9881160237255924,-521.5327193297911,0.02317890625,0.8499308675321386,False,False,True,False
pt002,MR1,DVF_20190503_DBN__P02_MR1_MMT_25_2_S_F142_M143.nii,1.1896221014154784,2.6088011902457104,53.08098107460227,0.0020867995176550684,0.12549985963572652,0.5094240620943117,2.4510541219775024,0.9847584307645668,2.162508806535993,-279.92191347994907,0.02871015625,0.9877939172388059,False,False,True,False
pt002,MR1,DVF_20190503_DBN__P02_MR1_MMT_25_2_S_F143_M144.nii,1.1217030571226456,2.1066114647891303,62.29249232794915,0.0016993458766402809,0.12531943342901317,0.5160985532916964,2.4583949883619316,0.9804199355115873,3.1606170520292123,-826.8126519377495,0.024609375,0.9020089915593202,False,False,True,False
pt002,MR1,DVF_20190503_DBN__P02_MR1_MMT_25_2_S_F144_M145.nii,1.1417673466586775,2.340901826258169,106.15326162862677,0.0011044080825713955,0.12570695769949425,0.47414242670174844,2.395560812981499,0.9841480356340376,6.388931049866166,-1809.8211763491006,0.02970546875,1.131217224659465,False,False,True,False
pt002,MR1,DVF_20190503_DBN__P02_MR1_MMT_25_2_S_F145_M146.nii,1.2382151348019341,2.1592215301022426,54.96427352855855,0.001237250013056636,0.12328902812726876,0.4935442414983743,3.154839417822212,0.9759643508350416,5.469402310473027,-1653.3021575029484,0.03700703125,1.2867305409202903,False,False,True,False
pt002,MR1,DVF_20190503_DBN__P02_MR1_MMT_25_2_S_F146_M147.nii,1.1906650420045686,1.9598048361310303,38.188893121656314,0.0015554225826094653,0.1259645414756282,0.5063688647448367,3.003307877489277,0.9955296279349872,2.727483836983552,-412.4941586863946,0.03323515625,1.0275218498023118,False,False,True,False
pt002,MR1,DVF_20190503_DBN__P02_MR1_MMT_25_2_S_F147_M148.nii,1.3712843994653134,2.1743942135782057,65.51713166597965,0.0009585702217484753,0.14792102686275113,0.6577447928612568,3.1121148338892186,1.000635016634132,6.8922618588622395,-1633.7311763590478,0.03769609375,1.1686120044151564,False,False,True,False
pt002,MR1,DVF_20190503_DBN__P02_MR1_MMT_25_2_S_F148_M149.nii,1.3576246623840214,2.2173382005261906,45.07847010418925,0.0013425333258405446,0.1289998458458511,0.5617120592550582,3.4757514156878972,0.9931954088149069,2.4574583486455928,-334.7202511051888,0.0392484375,1.1443358551357097,False,False,True,False
pt002,MR1,DVF_20190503_DBN__P02_MR1_MMT_25_2_S_F149_M150.nii,1.4309056225714731,2.3099613081364736,43.85888271601429,0.0011288970826181604,0.12749315708970174,0.5411737672757116,3.79084943554521,1.022251167943861,3.7489251399535486,-790.2019337812883,0.04193828125,1.2211771283698307,False,False,True,False
pt002,MR1,DVF_20190503_DBN__P02_MR1_MMT_25_2_S_F14_M15.nii,1.1740546958171125,1.901157747946364,43.8871931682189,0.0007380295219130024,0.10754559039198135,0.49045432318901805,3.1859938162299675,0.9878042114382871,3.2979703090690053,-746.649655437841,0.02872109375,0.9516773520261489,False,False,True,False
pt002,MR1,DVF_20190503_DBN__P02_MR1_MMT_25_2_S_F150_M151.nii,1.1433638803749226,1.9774104913685022,67.61569344866925,0.0007372832339584624,0.1074208272683821,0.4587210492695076,2.862844501144303,0.9889999993999059,5.52676893510631,-1116.3627626212683,0.0353640625,1.1035517131742418,False,False,True,False
pt002,MR1,DVF_20190503_DBN__P02_MR1_MMT_25_2_S_F151_M152.nii,1.2640871402645717,2.0207965175729936,97.46725732265233,0.0017814735951393707,0.147180472215438,0.5916287740805216,2.9081682749176347,0.9928806805347842,4.275626276364853,-666.992769315087,0.0379546875,1.154577504462282,False,False,True,False
pt002,MR1,DVF_20190503_DBN__P02_MR1_MMT_25_2_S_F152_M153.nii,1.5822088105173593,2.514198982156547,49.4653032245124,0.001640170413451412,0.13134018051726332,0.6288997106643271,4.278661899964435,1.0004961256303302,5.409560725920702,-677.2467785596742,0.045125,1.4670154542324283,False,False,True,False
pt002,MR1,DVF_20190503_DBN__P02_MR1_MMT_25_2_S_F153_M154.nii,1.3232267948157272,2.2976171824599465,74.43730301359477,0.0022564021163523768,0.13965246591213673,0.603783746961678,3.0375254305767014,0.9992731999535397,4.2632898024319426,-641.420759775276,0.0361109375,1.2959504000990865,False,False,True,False
pt002,MR1,DVF_20190503_DBN__P02_MR1_MMT_25_2_S_F154_M155.nii,1.4851713651645906,3.265737947070898,65.92107809612232,0.001966748944398433,0.10660559272680564,0.41951511476631687,3.4464603033340198,0.9784734122094846,6.628128337010848,-1784.9695679898355,0.0421734375,1.3833115902919209,False,False,True,False
pt002,MR1,DVF_20190503_DBN__P02_MR1_MMT_25_2_S_F155_M156.nii,1.0618336029879412,1.8010003865380135,44.514071780094376,0.002339240655346717,0.13719600896579706,0.5315120366878694,2.2113999327858656,1.0015544078385175,5.9503258590107,-1180.9880078967533,0.0259296875,0.9314547689221642,False,False,True,False
pt002,MR1,DVF_20190503_DBN__P02_MR1_MMT_25_2_S_F156_M157.nii,1.0335747164641413,1.857264811103186,78.90073392291576,0.0010665575342064702,0.11150450919383248,0.4812688046144694,2.2432771625877788,0.9933995188474477,5.433793114292275,-923.1897472371181,0.024421875,0.8988910904920252,False,False,True,False
pt002,MR1,DVF_20190503_DBN__P02_MR1_MMT_25_2_S_F157_M158.nii,1.3006036300251191,3.046449725142748,44.35694256992709,0.000926038969298361,0.11473223394916322,0.479852706236196,2.530371763385069,0.9690546733551937,5.418445708334939,-1242.2489867499614,0.0361484375,1.2041241417862478,False,False,True,False
pt002,MR1,DVF_20190503_DBN__P02_MR1_MMT_25_2_S_F158_M159.nii,1.1637087001873725,2.4242578775277503,58.37641390933168,0.0006226722329184418,0.11445895368982988,0.43388766196515094,2.793260104346596,0.9952414953076597,3.741758479125462,-466.306686982797,0.02821796875,0.9685798227329259,False,False,True,False
pt002,MR1,DVF_20190503_DBN__P02_MR1_MMT_25_2_S_F159_M160.nii,1.6395472403799676,4.248556132204379,57.689510382118584,0.0007919291557776787,0.10717686064494908,0.4785319332323979,3.2162212811064586,0.9816873238539305,2.768885278738086,-715.6794981637534,0.0440703125,1.5699700338408162,False,False,True,False
pt002,MR1,DVF_20190503_DBN__P02_MR1_MMT_25_2_S_F15_M16.nii,1.2767817104655037,1.7039953929852998,33.51480244170732,0.0008731576577384689,0.13339340063388663,0.6000219930868007,3.42526982967391,0.9944241590847654,2.6078760604492324,-797.044718480757,0.03126875,0.829439798125271,False,False,True,False
pt002,MR1,DVF_20190503_DBN__P02_MR1_MMT_25_2_S_F16_M17.nii,1.311904588461673,3.0567955310192882,94.79998347659559,0.001745919694879727,0.12141367527557391,0.5247250898289896,2.5165762246853527,0.9842665527148947,4.653332419489372,-1392.033096502934,0.03336328125,1.3270464657315149,False,False,True,False
pt002,MR1,DVF_20190503_DBN__P02_MR1_MMT_25_2_S_F17_M18.nii,1.410245029935651,3.1311168034983545,89.18272361265515,0.0006298902310748819,0.13393560769448773,0.5239835427255959,2.980638737635409,0.9862482568703075,2.6403101509391025,-781.7213742561453,0.03895234375,1.255016405515959,False,False,True,False
pt002,MR1,DVF_20190503_DBN__P02_MR1_MMT_25_2_S_F18_M19.nii,0.9803038148037624,1.5308522926389032,41.42276654620274,0.0012612328771199927,0.11086843732127967,0.42983879781087475,2.363957499418101,1.000791709547917,1.4718384960131938,-229.05251868844127,0.023834375,0.6819000013503862,False,False,True,False
pt002,MR1,DVF_20190503_DBN__P02_MR1_MMT_25_2_S_F19_M20.nii,1.0042434320903757,1.972581340029343,42.788495968599584,0.0012410551397207406,0.10541623726229508,0.43001319968162627,2.1526419471418548,0.9903237089778543,3.3247692930044086,-1099.8610598669684,0.02831796875,0.9198842290371176,False,False,True,False
pt002,MR1,DVF_20190503_DBN__P02_MR1_MMT_25_2_S_F1_M2.nii,1.2659511939403574,2.0311382373154814,49.360604350152094,0.0027213380115777533,0.1372378266921268,0.5699706788595842,3.240542817623856,0.9914429305786098,2.3258935407319807,-587.9683698101089,0.03648828125,1.0067646001167918,False,False,True,False
pt002,MR1,DVF_20190503_DBN__P02_MR1_MMT_25_2_S_F20_M21.nii,1.2087651549727552,2.049663924656585,43.53955967916233,0.0017030734438153504,0.12557090860622755,0.4886326412769384,3.182481817095467,0.9961216200901927,2.359803250420387,-378.12486808028376,0.03149296875,0.982732233236689,False,False,True,False
pt002,MR1,DVF_20190503_DBN__P02_MR1_MMT_25_2_S_F21_M22.nii,1.1833100034024713,1.6890814603380457,31.621978165210454,0.0008714492934695409,0.12186211102867077,0.5578539803719795,3.0683477280411626,1.0007434793603216,3.6974873974501525,-802.4038762486844,0.02959921875,0.8563972484833346,False,False,True,False
pt002,MR1,DVF_20190503_DBN__P02_MR1_MMT_25_2_S_F22_M23.nii,1.2812793586515137,1.9303613004663935,35.467518063516216,0.0010004360327344568,0.12724761721616396,0.5435325570155152,3.4106317653775036,0.985119037725672,2.521116573585712,-372.3858681805219,0.0338546875,0.9460664028936037,False,False,True,False
pt002,MR1,DVF_20190503_DBN__P02_MR1_MMT_25_2_S_F23_M24.nii,1.0740057234952898,1.6293549995251504,58.739425393671276,0.0007736125111929967,0.10963404895490579,0.5052072878033649,2.6995708774729765,0.9839279518766423,7.9756127520342215,-1928.497232307688,0.02569921875,0.916469201633579,False,False,True,False
pt002,MR1,DVF_20190503_DBN__P02_MR1_MMT_25_2_S_F24_M25.nii,1.073106340623822,2.056647944629549,55.65775170508955,0.0020629314155242856,0.11868397991170157,0.4619372064607621,2.3416539656824216,0.9827630387852503,3.2533538196923217,-1178.4112893889787,0.02813046875,0.8163756031527226,False,False,True,False
pt002,MR1,DVF_20190503_DBN__P02_MR1_MMT_25_2_S_F25_M26.nii,1.086932438989817,1.7057216249694673,43.76385071614021,0.001207600736419672,0.1221224647597524,0.45592626259948243,2.840917930933527,0.9997993321620102,2.8116671125133217,-325.7105683856435,0.0306578125,0.8479974815166857,False,False,True,False
pt002,MR1,DVF_20190503_DBN__P02_MR1_MMT_25_2_S_F26_M27.nii,1.180929853643025,1.9478379583604581,46.625037223814495,0.002383456482387277,0.11123767103496766,0.48776338209771747,3.084446968980641,0.9963749001269876,3.9917468968062146,-871.9800834216669,0.0311859375,1.0310046495576723,False,False,True,False
pt002,MR1,DVF_20190503_DBN__P02_MR1_MMT_25_2_S_F27_M28.nii,1.2801669063266712,2.1179390259273188,50.616621543271556,0.0018607643471504698,0.13216620242420504,0.5892469185571949,3.053952107301601,0.9950407881549379,2.9837040519145783,-357.75085119241817,0.03648984375,1.1936496076764513,False,False,True,False
pt002,MR1,DVF_20190503_DBN__P02_MR1_MMT_25_2_S_F28_M29.nii,1.282153445485204,1.934288816495218,54.93551310650206,0.0013311044358775973,0.12158069138733163,0.5241869708919684,3.428615224450732,1.0095320860616928,2.6432402355385474,-662.5579665947976,0.0345640625,0.9538168383833614,False,False,True,False
pt002,MR1,DVF_20190503_DBN__P02_MR1_MMT_25_2_S_F29_M30.nii,1.3217307498816606,2.438417595035765,43.57786180549033,0.0008366588566867814,0.12216280642117149,0.49304547619683786,3.245739552391956,0.9952258645801532,1.7757083336762507,-320.56904454162077,0.040134375,1.0628226285961482,False,False,True,False
pt002,MR1,DVF_20190503_DBN__P02_MR1_MMT_25_2_S_F2_M3.nii,1.093038690916263,1.8285596847882246,36.50257308898145,0.0010140029436171726,0.10722667620607884,0.4094609042231258,2.91331791253482,0.9957827147288668,3.881819408933811,-1173.6081012933907,0.0330078125,0.9123113105644703,False,False,True,False
pt002,MR1,DVF_20190503_DBN__P02_MR1_MMT_25_2_S_F30_M31.nii,1.44843757010656,2.2291626807466476,51.25374639987039,0.0021055452538397273,0.13221519656126085,0.5655951491361253,4.100353887393761,0.9980752302797898,3.3479211803317273,-862.8220647530836,0.0467953125,1.346774248850651,False,False,True,False
pt002,MR1,DVF_20190503_DBN__P02_MR1_MMT_25_2_S_F31_M32.nii,1.3715424303278034,1.905735371956984,51.1860041946654,0.0018353558066826112,0.13704349258669676,0.625469869371829,3.730071050958655,1.0004988361727094,4.110842079437394,-970.4332470033727,0.04121015625,1.1942455291140412,False,False,True,False
pt002,MR1,DVF_20190503_DBN__P02_MR1_MMT_25_2_S_F32_M33.nii,1.4490116238255075,2.2221581943841566,41.75329695952713,0.0021545587020796843,0.13124235023953523,0.5843406055825174,3.890347883811925,0.9923547211383597,2.9022112425254285,-747.699375590972,0.04834609375,1.2976522750027375,False,False,True,False
pt002,MR1,DVF_20190503_DBN__P02_MR1_MMT_25_2_S_F33_M34.nii,1.352476610375954,2.150666618911453,31.617197177723213,0.0005432371479394297,0.11873552279538366,0.5162310508654746,3.643184622985819,1.0019786824958192,2.021893484976243,-283.2364325906494,0.040578125,1.123403099744284,False,False,True,False
pt002,MR1,DVF_20190503_DBN__P02_MR1_MMT_25_2_S_F34_M35.nii,1.100287791539376,1.9890060664787284,35.93320456984196,0.001057045332263384,0.10428811632890787,0.4184658333907474,2.734946335588056,0.99560089922853,2.1075956258567485,-404.92621177836696,0.0346046875,1.007658897722516,False,False,True,False
pt002,MR1,DVF_20190503_DBN__P02_MR1_MMT_25_2_S_F35_M36.nii,1.236804879534116,2.255976978682397,50.75339597454594,0.0010215922204663541,0.10991392675475704,0.4452856695121806,3.269098841049014,0.9977459772642249,2.913056308499753,-776.9058481851883,0.0383671875,1.2503983355994972,False,False,True,False
pt002,MR1,DVF_20190503_DBN__P02_MR1_MMT_25_2_S_F36_M37.nii,1.470433537563973,2.4621055086502177,77.00227212529764,0.0006944199727877514,0.12804798704574413,0.5080196209645845,4.221160143930045,1.0043335092038888,4.279202932801863,-1077.9761496903477,0.0457375,1.4116003975921798,False,False,True,False
pt002,MR1,DVF_20190503_DBN__P02_MR1_MMT_25_2_S_F37_M38.nii,1.4383534402879938,2.446486011887849,39.21351770637979,0.0009529565213800661,0.12711210401899245,0.5388604843388582,3.7214120436940195,0.9781120485632484,3.4442853727762652,-975.2649320491003,0.044471875,1.3735479483589625,False,False,True,False
pt002,MR1,DVF_20190503_DBN__P02_MR1_MMT_25_2_S_F38_M39.nii,1.3422482555316406,1.9976568014842058,69.00949725403375,0.0011867278100272803,0.11492367791507833,0.5419682819362166,3.687450946419369,0.9895284511822307,4.370596093494475,-1326.5696378827354,0.03849375,1.1495992798502417,False,False,True,False
pt002,MR1,DVF_20190503_DBN__P02_MR1_MMT_25_2_S_F39_M40.nii,1.190269094723028,2.4455681152681596,53.58043954294909,0.0010849148575760698,0.10880018771950377,0.45021763566485345,2.679538119688407,0.9950810866036905,5.420523994533459,-2643.708746567662,0.03415,1.1189452363526102,False,False,True,False
pt002,MR1,DVF_20190503_DBN__P02_MR1_MMT_25_2_S_F3_M4.nii,1.5402835192713242,2.1057955052065047,39.77896965249846,0.00240641609783114,0.12879264770718427,0.6509853459399148,4.175874303471222,0.9898763384783602,2.3049183484300024,-573.607700398749,0.0440125,1.1320328089254927,False,False,True,False
pt002,MR1,DVF_20190503_DBN__P02_MR1_MMT_25_2_S_F40_M41.nii,1.1320151675172458,2.1151653559936254,64.81620170124077,0.002559394492784246,0.13881930604038722,0.5069382164976635,2.3458341847361432,0.9743783528060409,3.373433172333757,-819.074165909248,0.03256796875,0.9682638323440828,False,False,True,False
pt002,MR1,DVF_20190503_DBN__P02_MR1_MMT_25_2_S_F41_M42.nii,1.5049314570367245,2.4145166092013937,51.36799690605081,0.0011050652651926366,0.1205341403879359,0.5915404358580757,4.124885845963018,1.0044586013747043,2.750827478003291,-467.8051331340118,0.0441640625,1.361318507469876,False,False,True,False
pt002,MR1,DVF_20190503_DBN__P02_MR1_MMT_25_2_S_F42_M43.nii,1.374150291724011,2.7594962909817005,50.698164151063736,0.0016200789109852096,0.12418424303393034,0.5881483800031523,2.7645658476643664,0.9939317977853515,2.484624597811147,-477.46141367481647,0.03758125,1.1810916006396044,False,False,True,False
pt002,MR1,DVF_20190503_DBN__P02_MR1_MMT_25_2_S_F43_M44.nii,1.2618938098013626,1.9835862861222953,45.43935675092605,0.0011113537467767496,0.12913725356811476,0.5497520507740301,3.0518552672739596,0.9950331124901802,4.532500231996015,-959.2930500517807,0.03346640625,1.0941306550522372,False,False,True,False
pt002,MR1,DVF_20190503_DBN__P02_MR1_MMT_25_2_S_F44_M45.nii,1.226254638885437,1.8923410832447067,47.03987741777607,0.0011297934021019973,0.11494755160143669,0.5739362006461732,2.886156884956683,0.9892035618872955,3.33010811941032,-709.4493067298993,0.035771875,1.0654496034548566,False,False,True,False
pt002,MR1,DVF_20190503_DBN__P02_MR1_MMT_25_2_S_F45_M46.nii,2.8043272493211577,7.841084421723548,99.46907794748915,0.0016094770081058088,0.11219485846625189,0.44105019331293,6.194534067854003,0.9386100564338858,4.910207542623601,-712.2060115192631,0.06392890625,3.6645068445505014,False,False,True,False
pt002,MR1,DVF_20190503_DBN__P02_MR1_MMT_25_2_S_F46_M47.nii,1.1176364459110077,2.394085674431338,78.6500700775544,0.0014350834031524797,0.11011950450633852,0.4248764634907113,2.3658326436233144,0.9989903684937721,3.91369945749132,-798.8458953090988,0.03165625,1.1329887043236853,False,False,True,False
pt002,MR1,DVF_20190503_DBN__P02_MR1_MMT_25_2_S_F47_M48.nii,1.0322645591068456,1.7007996183229677,38.72988069804458,0.0006143457345048421,0.1303318556513727,0.4929877099781308,2.329729588032625,0.9923758160351419,3.058312563794757,-1000.7924516236155,0.02879765625,0.8938721003486144,False,False,True,False
pt002,MR1,DVF_20190503_DBN__P02_MR1_MMT_25_2_S_F48_M49.nii,1.243199216267326,1.8101013591040898,31.32275533710658,0.0008993178602205418,0.11875227191172674,0.569440627546342,3.2025685986086985,1.0023614718040135,1.8972506699850264,-263.9322942197757,0.02472578125,0.8251039232966221,False,False,True,False
pt002,MR1,DVF_20190503_DBN__P02_MR1_MMT_25_2_S_F49_M50.nii,0.9321842994566619,1.7100330419071443,50.963058749534916,0.0015920547537687894,0.12060922048671897,0.46472236142422046,2.0507000705742793,0.9920651209815875,2.708830362872843,-1083.3994220633085,0.01673984375,0.6185422285619503,False,True,True,False
pt002,MR1,DVF_20190503_DBN__P02_MR1_MMT_25_2_S_F4_M5.nii,1.3721415888032549,2.3773448492273976,43.01414013085087,0.0018417569789702711,0.13171102251844444,0.5288442874170607,3.4154054598784844,0.9995357032211919,2.5172222785951335,-546.7801387240954,0.0430328125,1.2758167008248849,False,False,True,False
pt002,MR1,DVF_20190503_DBN__P02_MR1_MMT_25_2_S_F50_M51.nii,1.0868511357070378,1.5516716809513849,43.0071417476938,0.0023604933168325953,0.13230800517238364,0.5217010326732009,2.8319165174005048,0.9777303289556086,3.375079887743465,-763.7608090023846,0.0252859375,0.81594558674141,False,False,True,False
pt002,MR1,DVF_20190503_DBN__P02_MR1_MMT_25_2_S_F51_M52.nii,0.876367395041025,1.900435932886711,36.800744089958904,0.00019566949007067202,0.09615288617141544,0.3903360317133882,1.7893688878014986,0.9948378797569474,2.972271840470464,-320.76271106385025,0.02098515625,0.6664922327344237,False,False,True,False
pt002,MR1,DVF_20190503_DBN__P02_MR1_MMT_25_2_S_F52_M53.nii,1.0999501859909548,1.7491408110276898,50.81362569112198,0.001533462145249686,0.13488648742341766,0.5141091526294015,2.5592057076286343,0.9925224394246592,4.764322156422377,-1193.3367010138038,0.030284375,0.9621300590221188,False,False,True,False
pt002,MR1,DVF_20190503_DBN__P02_MR1_MMT_25_2_S_F53_M54.nii,1.2168927530684748,1.9056145354831453,40.78965784928954,0.0023391031500344084,0.11937769668610387,0.48058731561699025,3.4045475290299456,0.991700628422427,3.594681074375434,-1150.8453004084317,0.0343375,1.0066777114051852,False,False,True,False
pt002,MR1,DVF_20190503_DBN__P02_MR1_MMT_25_2_S_F54_M55.nii,1.3327693018035167,2.0316844154686096,64.77300157803084,0.0014714418012549018,0.13529385036991617,0.5886318540193991,3.4228521930235445,0.9873012454075383,2.6613772489678906,-601.464080850462,0.03837734375,1.1024962731467425,False,False,True,False
pt002,MR1,DVF_20190503_DBN__P02_MR1_MMT_25_2_S_F55_M56.nii,1.346865120778433,2.194959492049542,73.20706025565589,0.0019320262076650873,0.12980148932501537,0.5347738003584842,3.513132438232232,0.991729738324771,7.6678201937060315,-1694.2277960786066,0.0481828125,1.5235562695098341,False,False,True,False
pt002,MR1,DVF_20190503_DBN__P02_MR1_MMT_25_2_S_F56_M57.nii,1.4962616027080147,2.321945994872523,42.60953056274673,0.0017932942904352698,0.12316113994931478,0.5568689728961105,4.060383841804648,1.0023917723331242,4.783111014947936,-1750.9699200034322,0.04514453125,1.279955829440762,False,False,True,False
pt002,MR1,DVF_20190503_DBN__P02_MR1_MMT_25_2_S_F57_M58.nii,1.5176368038884305,3.0391434074363914,83.88495455584935,0.0010134797249689105,0.12244221168498222,0.5381886627772414,3.6189100473758575,0.9826211828110089,3.1837175772012665,-851.6111770427863,0.04865234375,1.4906171035098477,False,False,True,False
pt002,MR1,DVF_20190503_DBN__P02_MR1_MMT_25_2_S_F58_M59.nii,1.5450842391575788,2.591212029983836,48.529424224042465,0.0019939187166806735,0.11620342453169147,0.5131070443349954,4.383104481594784,1.00050494834389,2.72781423745977,-698.5929418760475,0.04714375,1.3805313133714356,False,False,True,False
pt002,MR1,DVF_20190503_DBN__P02_MR1_MMT_25_2_S_F59_M60.nii,1.316301564100118,2.2703326979997267,42.95271565988106,0.0013854965460624727,0.1285905003007554,0.5525941968390276,3.1219067562274088,1.0005449346574606,5.642012565986663,-1268.5250550803278,0.04461015625,1.3996273921063056,False,False,True,False
pt002,MR1,DVF_20190503_DBN__P02_MR1_MMT_25_2_S_F5_M6.nii,1.5040557986513468,2.2722241341204295,36.934783666857854,0.0008894564934495544,0.1288266499602863,0.5824872668626748,4.239057511210113,0.9989555355412091,2.850654670013963,-730.3712376540558,0.0453421875,1.2436855349040188,False,False,True,False
pt002,MR1,DVF_20190503_DBN__P02_MR1_MMT_25_2_S_F60_M61.nii,1.5520753944040062,2.4364569912793477,35.18039938724278,0.0013160872891611103,0.11861073353768975,0.5619241389379435,4.191526166214712,0.9890296153984708,4.577272807928892,-1570.8377539773937,0.047665625,1.3415178714373661,False,False,True,False
pt002,MR1,DVF_20190503_DBN__P02_MR1_MMT_25_2_S_F61_M62.nii,1.4665458384724388,3.0920807064794067,47.3240006894496,0.0014169670114370018,0.11908683418355696,0.4862697099312288,3.305326533030059,0.9917695882759994,2.4791245409654663,-531.3381597941083,0.04335546875,1.4063192923988546,False,False,True,False
pt002,MR1,DVF_20190503_DBN__P02_MR1_MMT_25_2_S_F62_M63.nii,1.4195446054419851,2.265562350607111,85.12387488391568,0.0013815202874720401,0.12915996391245035,0.5751568619998546,3.6223905054727066,0.9850172005439283,5.3534843345389,-982.6925009441787,0.04017578125,1.327976553724994,False,False,True,False
pt002,MR1,DVF_20190503_DBN__P02_MR1_MMT_25_2_S_F63_M64.nii,1.4404254206014073,2.9494227079019217,39.86969495293027,0.0014229843171613644,0.13542500183734937,0.6011973399237898,3.0151212526439655,0.9944144401418525,3.3493788162457747,-684.867978169403,0.04364921875,1.347239105677755,False,False,True,False
pt002,MR1,DVF_20190503_DBN__P02_MR1_MMT_25_2_S_F64_M65.nii,1.0811152933751116,1.8865840713061404,45.16135243081217,0.0006775191900211405,0.10970509992337851,0.4830423758586896,2.5411962113816084,0.9965016803655838,6.440687361498024,-1632.989111484904,0.026240625,0.9946625696617626,False,False,True,False
pt002,MR1,DVF_20190503_DBN__P02_MR1_MMT_25_2_S_F65_M66.nii,0.9603374953080794,1.7443014336948157,40.31975358777399,0.0023657354393464155,0.11943251180382625,0.445130575776289,1.9660059229656612,0.9753682224875793,3.1590177132088524,-855.3174323482219,0.026171875,0.8865019827742644,False,False,True,False
pt002,MR1,DVF_20190503_DBN__P02_MR1_MMT_25_2_S_F66_M67.nii,1.1554844588988202,1.794413363135989,39.23436099263936,0.0010955092383311059,0.13195249531423878,0.5433889519897971,2.8325318674157325,0.9878481521432106,2.786213144688383,-1082.4659863545141,0.02401796875,0.7418428841193035,False,False,True,False
pt002,MR1,DVF_20190503_DBN__P02_MR1_MMT_25_2_S_F67_M68.nii,1.1209577511556597,1.8897191590534506,40.961530560279066,0.0011121597438784028,0.12164007137008184,0.5095142460224706,2.707661929359234,0.9862866265967909,4.409209165548098,-736.2201857503612,0.0237296875,0.844627079701332,False,False,True,False
pt002,MR1,DVF_20190503_DBN__P02_MR1_MMT_25_2_S_F68_M69.nii,1.110081862674199,1.5044116862344172,48.03416037622869,0.0012964370771047472,0.1258377441288151,0.5587613207557683,2.7932149007317397,0.9977672145109129,2.6019184744680572,-466.1097564711539,0.02499609375,0.714783033909915,False,False,True,False
pt002,MR1,DVF_20190503_DBN__P02_MR1_MMT_25_2_S_F69_M70.nii,1.0178430392271594,1.5759279243809279,48.06172804290132,0.0015930817539456018,0.12279479249928817,0.46468988037052533,2.6087499366663534,0.9991987244972441,2.64908241543676,-837.9374330125419,0.0224359375,0.7036935397368679,False,False,True,False
pt002,MR1,DVF_20190503_DBN__P02_MR1_MMT_25_2_S_F6_M7.nii,2.4151781231748215,5.553625007877355,61.765421909741974,0.0007770941830542742,0.1039892129263826,0.4456323105840218,6.758712848460624,0.9471464671026053,5.058812141925573,-973.9933262656509,0.07139609375,2.573099473089933,False,False,True,False
pt002,MR1,DVF_20190503_DBN__P02_MR1_MMT_25_2_S_F70_M71.nii,1.030047791213613,1.8918003450147205,126.58938992535681,0.0011821242992291192,0.11500499414410349,0.44610760097764235,2.440379566937413,0.9992865313013657,7.7432603359977605,-1933.6145827138673,0.0312109375,1.246143509582603,False,False,True,False
pt002,MR1,DVF_20190503_DBN__P02_MR1_MMT_25_2_S_F71_M72.nii,1.1814624195457923,1.6902073335629864,44.86822610246552,0.0010320206760484141,0.12651409173721187,0.5807391052402879,3.0520745449271414,1.000756748943402,4.476631359945672,-960.4227126297793,0.026815625,0.9299506631424344,False,False,True,False
pt002,MR1,DVF_20190503_DBN__P02_MR1_MMT_25_2_S_F72_M73.nii,1.3010494943251434,2.0134266901783864,54.79700182941615,0.002835675847289054,0.13373009301381766,0.574935513067022,3.3795844919182874,0.979481710937841,6.323656499429943,-1822.0558667940466,0.0386015625,1.214785278246021,False,False,True,False
pt002,MR1,DVF_20190503_DBN__P02_MR1_MMT_25_2_S_F73_M74.nii,1.399186726084203,2.6180032937288784,36.14026964909767,0.0008784186525586881,0.12650055936860355,0.5528924881772264,3.2712644645445583,1.0027410766216354,3.3404079211335542,-850.4984323249781,0.0392265625,1.2222954451071872,False,False,True,False
pt002,MR1,DVF_20190503_DBN__P02_MR1_MMT_25_2_S_F74_M75.nii,1.4382423439760965,3.1587473530869783,55.81536411908401,0.0008856986886741402,0.09973080652910077,0.46640577679554773,3.3707072836849017,0.9888174108373466,2.5178937190185673,-450.2892562678409,0.047025,1.4970894402518822,False,False,True,False
pt002,MR1,DVF_20190503_DBN__P02_MR1_MMT_25_2_S_F75_M76.nii,1.5367061794638384,3.339294408434568,56.417414362178185,0.0008591788363472321,0.11960035119178533,0.4910138664737446,3.5331218874082757,0.9590586792299968,4.712289591449731,-1453.976639440601,0.04715625,1.406801937162415,False,False,True,False
pt002,MR1,DVF_20190503_DBN__P02_MR1_MMT_25_2_S_F76_M77.nii,1.5805760116101737,2.28640175050177,52.41428907226838,0.0012471137424694082,0.13282884295279546,0.6418194589001112,4.539392796667545,0.9944224534366982,5.385414498295413,-1200.0469834966154,0.04897421875,1.443258413372003,False,False,True,False
pt002,MR1,DVF_20190503_DBN__P02_MR1_MMT_25_2_S_F77_M78.nii,1.3890611221009177,2.3719857239761777,38.0830906531523,0.002155274017931275,0.15049870017519434,0.6509238875113317,3.12240793239468,0.9898165389468669,3.0031350371893852,-881.9489786044145,0.04161875,1.1773737795965262,False,False,True,False
pt002,MR1,DVF_20190503_DBN__P02_MR1_MMT_25_2_S_F78_M79.nii,1.4653740521878462,2.4358685347529287,87.4292662733063,0.001330276894501288,0.11623520168563592,0.5356369315062457,3.928657915463246,0.9889957902510973,4.923615558146894,-1208.5891159370185,0.0460453125,1.4512399398224374,False,False,True,False
pt002,MR1,DVF_20190503_DBN__P02_MR1_MMT_25_2_S_F79_M80.nii,1.3871438248272705,2.8460550412659082,73.91955360670468,0.0009287659652130733,0.11357443531490544,0.4974817252758737,3.1954745656047514,0.9865693676303486,3.6547946653687844,-1073.456747681834,0.04472109375,1.4248748000107723,False,False,True,False
pt002,MR1,DVF_20190503_DBN__P02_MR1_MMT_25_2_S_F7_M8.nii,1.3617807971157494,2.204859577091481,38.28568543063452,0.0011295979479987802,0.11880243143492081,0.5336777581006437,3.6459790925789815,0.9913794411023278,3.3623274116216946,-985.027956973921,0.0400578125,1.0895778210558598,False,False,True,False
pt002,MR1,DVF_20190503_DBN__P02_MR1_MMT_25_2_S_F80_M81.nii,1.4649652013586383,2.1911376119280943,61.947857710400314,0.002556327411636967,0.1277872151846795,0.5738808409496787,4.113255951330161,1.000011628315132,7.151583963415466,-3185.0748099618418,0.0418703125,1.2335812553897978,False,False,True,False
pt002,MR1,DVF_20190503_DBN__P02_MR1_MMT_25_2_S_F81_M82.nii,1.2799981895259878,2.0315885231487383,49.179378322805334,0.0019566328006640106,0.14812175655781995,0.6160451739478725,2.854643465502292,0.9968209228866639,3.12412327891972,-581.1278428602687,0.03721875,1.1790662081234002,False,False,True,False
pt002,MR1,DVF_20190503_DBN__P02_MR1_MMT_25_2_S_F82_M83.nii,1.4156181537191785,2.207774849102683,79.1404273421981,0.000919854663378844,0.12243613661685704,0.588779446141596,3.721305779591679,0.9980221179818267,5.229384067410829,-1144.0329873861808,0.04270703125,1.3156275475063044,False,False,True,False
pt002,MR1,DVF_20190503_DBN__P02_MR1_MMT_25_2_S_F83_M84.nii,1.1978344396450515,2.0026981619401543,35.737276988573115,0.0006089731309018057,0.10827232913816749,0.508365652695258,2.874108244763522,1.001266042626701,4.272146018910624,-1099.9901625356952,0.03056015625,0.9762117482680583,False,False,True,False
pt002,MR1,DVF_20190503_DBN__P02_MR1_MMT_25_2_S_F84_M85.nii,1.297530838479636,2.2345432348013485,54.300932259017735,0.0010096189243009874,0.15179639578996704,0.5408562948132996,3.191150256811912,1.0065468898478633,4.4698225130766955,-1178.3835473841957,0.0385015625,1.2264469184886235,False,False,True,False
pt002,MR1,DVF_20190503_DBN__P02_MR1_MMT_25_2_S_F85_M86.nii,1.2685504919577617,2.0627890493534484,41.40188936287682,0.001880575853473615,0.115731392553016,0.49730818171614377,3.254219638662002,1.0061954040008394,3.607122972837481,-606.7828134900901,0.03380703125,1.0654659503141815,False,False,True,False
pt002,MR1,DVF_20190503_DBN__P02_MR1_MMT_25_2_S_F86_M87.nii,1.3228100846563822,2.038230615809653,52.62587147242111,0.0014753019161829414,0.11942744775121872,0.5848032519347901,3.39775902656301,1.0048393313496045,3.462388758524472,-1128.0672717887244,0.03737734375,1.112774338579609,False,False,True,False
pt002,MR1,DVF_20190503_DBN__P02_MR1_MMT_25_2_S_F87_M88.nii,1.2518116682050762,1.9473321298255897,53.155932026562304,0.000725326140222235,0.132290938886524,0.577563195729383,3.0571895253976287,0.9912798427196916,3.7668993655642065,-1241.5786299460942,0.034615625,1.0186721615959693,False,False,True,False
pt002,MR1,DVF_20190503_DBN__P02_MR1_MMT_25_2_S_F88_M89.nii,1.3096010968703597,2.1395328577229336,57.12334323737182,0.00107282027189771,0.12586046897733316,0.5820210152491883,3.2116561756044275,0.9984552459673177,2.2542916252811804,-423.34900982720234,0.035184375,1.0609168738289503,False,False,True,False
pt002,MR1,DVF_20190503_DBN__P02_MR1_MMT_25_2_S_F89_M90.nii,1.2634248947638622,2.7638611829428843,44.29526807229626,0.001992470772897609,0.10948524658167345,0.4570086137951963,2.8651858884194787,0.988726540079706,4.796648445161418,-1929.0150102085024,0.0369828125,1.1831653150915833,False,False,True,False
pt002,MR1,DVF_20190503_DBN__P02_MR1_MMT_25_2_S_F8_M9.nii,1.4001218981211783,3.3350630905680845,76.70529980160455,0.0008520998216841003,0.114884154187559,0.49246391953381985,2.9226399882085485,0.9822862100708395,5.391127439524722,-1356.5467243919834,0.0428078125,1.4214515062715498,False,False,True,False
pt002,MR1,DVF_20190503_DBN__P02_MR1_MMT_25_2_S_F90_M91.nii,1.1636855688299423,2.008157017847734,49.633168408922884,0.0007690515763141692,0.13286308617819592,0.5218341897097061,2.784929739662474,0.9870945522119003,3.827173124193414,-1006.7476935530569,0.03177265625,1.03863516784865,False,False,True,False
pt002,MR1,DVF_20190503_DBN__P02_MR1_MMT_25_2_S_F91_M92.nii,1.1356294663756081,1.8070102691575434,86.02789786045773,0.001436065940409365,0.12400786868475612,0.5234607855288045,2.8303765399429746,0.9918247377212182,3.265876315598667,-568.9220131371294,0.03316171875,1.0632124917716133,False,False,True,False
pt002,MR1,DVF_20190503_DBN__P02_MR1_MMT_25_2_S_F92_M93.nii,1.1143086219761067,1.7634788558574155,66.92597630224851,0.0014677903333140732,0.1245104519350138,0.5511479629438316,2.5758639680059594,0.9995296088397839,4.318873809961744,-1243.4235648530841,0.027515625,0.900680095213644,False,False,True,False
pt002,MR1,DVF_20190503_DBN__P02_MR1_MMT_25_2_S_F93_M94.nii,1.159486788002033,2.1067061916426857,48.57486623914187,0.0007230082371846665,0.10489593517187859,0.41021816804464795,2.895222471411062,0.9944039774061871,1.9887259336417493,-348.62623274599247,0.03577890625,1.0571518971854765,False,False,True,False
pt002,MR1,DVF_20190503_DBN__P02_MR1_MMT_25_2_S_F94_M95.nii,1.284127228568266,2.2524797790205837,57.100728786852486,0.001411124932373903,0.11109381070065681,0.49422127665070015,3.301637047369197,0.9883531814044232,3.6211455066484035,-1138.6533843618963,0.04239609375,1.207099332146665,False,False,True,False
pt002,MR1,DVF_20190503_DBN__P02_MR1_MMT_25_2_S_F95_M96.nii,1.3415800204023716,2.1138526069278347,81.73192009452704,0.0017284188302256539,0.14159690017285598,0.5862012260487084,3.4309611872447023,0.987163430173589,5.207897166686288,-1454.406980518257,0.044378125,1.2623730549334435,False,False,True,False
pt002,MR1,DVF_20190503_DBN__P02_MR1_MMT_25_2_S_F96_M97.nii,1.5317265878831139,2.452628533522895,60.662078868504246,0.0013782897622177535,0.12284870301853647,0.5889261055578598,4.137992088713868,0.9964777362585235,3.308112204568821,-669.0827082956996,0.044903125,1.3577175624037805,False,False,True,False
pt002,MR1,DVF_20190503_DBN__P02_MR1_MMT_25_2_S_F97_M98.nii,1.6892542991200614,3.3820212091300648,44.6841479678095,0.001253159719283309,0.11326452376380897,0.5099021685074252,4.539681480212468,0.9647288322365172,3.6623998847714203,-834.1522614883371,0.0579328125,1.8719542393944022,False,False,True,False
pt002,MR1,DVF_20190503_DBN__P02_MR1_MMT_25_2_S_F98_M99.nii,1.4304329419943698,2.799122420651356,58.27779495493158,0.001689115203962146,0.12845440209574466,0.533118049654056,3.3657603100410163,0.9876044748914407,5.345645983736623,-1774.53488505891,0.0452140625,1.3931524077072486,False,False,True,False
pt002,MR1,DVF_20190503_DBN__P02_MR1_MMT_25_2_S_F99_M100.nii,1.3521758756475846,2.486766038580825,76.26082295649614,0.0006015082649602456,0.1180318661920043,0.4929541587538353,3.2518323778228178,0.9962004395549491,6.194028742448328,-1736.5465428511711,0.04510234375,1.473754467346283,False,False,True,False
pt002,MR1,DVF_20190503_DBN__P02_MR1_MMT_25_2_S_F9_M10.nii,1.2840292839273253,3.025041368278214,81.05201178096665,0.0007582730103523513,0.11986019970266598,0.4455037371449498,2.9544471334767812,0.975143408925731,3.411392902465901,-355.74599749002,0.03920703125,1.3421782605419226,False,False,True,False
pt002,MR2,DVF_20200210_ZKN__P02_MR2_MMT_25_2_S_F100_M99.nii,0.6791687402262873,1.9883428256248008,38.81228232108843,0.001109946674596552,0.08564751234933997,0.2905069829799989,1.051378596365449,0.97191188458512,1.2909496347870435,-128.32551704098708,0.01270546875,0.41815901457533694,False,True,True,False
pt002,MR2,DVF_20200210_ZKN__P02_MR2_MMT_25_2_S_F101_M100.nii,0.7421843147086238,1.6391311160289614,70.2287718524899,0.0007717030851365676,0.08633237631676663,0.3293328949754206,1.6509704219330283,0.9912975963449381,2.0684372121190338,-432.2733496339471,0.0096484375,0.5689937578095117,False,True,True,False
pt002,MR2,DVF_20200210_ZKN__P02_MR2_MMT_25_2_S_F102_M101.nii,0.7946941732494923,1.7155024712593865,51.96898398231045,0.0018336332214281801,0.10344673759448532,0.38193559535287186,1.7500079653756195,0.9900162058774966,0.6892589081919329,-72.4478061714855,0.00619921875,0.37766912905186284,False,True,True,False
pt002,MR2,DVF_20200210_ZKN__P02_MR2_MMT_25_2_S_F103_M102.nii,0.6238860748925437,1.7593173957524406,36.82054536786371,0.0009296865898239402,0.08729319554418825,0.2989517881640431,1.0981275388038538,0.992413792191145,0.6628169868360219,-57.093284388134286,0.00611875,0.3008009059779452,False,True,True,False
pt002,MR2,DVF_20200210_ZKN__P02_MR2_MMT_25_2_S_F104_M103.nii,0.4823183452738521,1.410524663166093,45.5136840851391,0.001458527649498425,0.08032782267297439,0.2522474050360882,0.8399614762496299,1.003443558739737,0.7356981447903539,-98.31258885049097,0.00433671875,0.2889278243848827,False,True,True,False
pt002,MR2,DVF_20200210_ZKN__P02_MR2_MMT_25_2_S_F105_M104.nii,0.6612180592909784,1.283097001549968,52.766991688573064,0.0017965061741254352,0.09628479862641005,0.3481965006727997,1.445859963270633,0.9951977084916689,0.8754843427471642,-114.74397741925833,0.00747109375,0.407828863207988,False,True,True,False
pt002,MR2,DVF_20200210_ZKN__P02_MR2_MMT_25_2_S_F106_M105.nii,0.6181008041575574,1.4232041999834522,41.21877847921628,0.001563320852617091,0.09258281516528473,0.31416234432585743,1.2312503496030411,0.9968884509812386,0.7293603260551155,-52.87124406617966,0.0086640625,0.4424125615974622,False,True,True,False
pt002,MR2,DVF_20200210_ZKN__P02_MR2_MMT_25_2_S_F107_M106.nii,1.0500668293728532,3.7613525240657966,76.2627569004354,0.0008614726049658517,0.08018060325874116,0.26205553878278554,1.2682164093466077,0.9871082563076167,1.535586076047678,-80.49929211701945,0.0210875,1.0911576247273638,False,False,True,False
pt002,MR2,DVF_20200210_ZKN__P02_MR2_MMT_25_2_S_F108_M107.nii,0.6783708827534405,1.4832260341859091,52.484163469784164,0.0010193966767520104,0.08724948999121852,0.3270085236827398,1.5066006564128338,0.9897677830325129,0.6778547739606573,-93.37547209838125,0.00719609375,0.3290767027376885,False,True,True,False
pt002,MR2,DVF_20200210_ZKN__P02_MR2_MMT_25_2_S_F109_M108.nii,0.764156771116813,1.9135788967780263,36.07424601996006,0.001069593589895632,0.10338495531791234,0.36262627546397075,1.4179252421588335,0.9829430028070261,0.9787073977989397,-61.584151206741346,0.01368984375,0.5059179188548811,False,True,True,False
pt002,MR2,DVF_20200210_ZKN__P02_MR2_MMT_25_2_S_F10_M9.nii,0.7166800759827714,2.178930880657021,39.11739763735012,0.001493429297616328,0.0869662690264742,0.2802481444643413,1.1674449014230557,0.9776900888698369,1.056936201435503,-101.83091832733048,0.013084375,0.5221326656043377,False,True,True,False
pt002,MR2,DVF_20200210_ZKN__P02_MR2_MMT_25_2_S_F110_M109.nii,0.5856647060196926,1.5468912707622775,36.26057800316912,0.0017737277833021557,0.09388220235158595,0.31351987080407184,1.0396534061849003,0.991557288251579,0.8781661753753002,-76.0024420095885,0.00801484375,0.37423710008116695,False,True,True,False
pt002,MR2,DVF_20200210_ZKN__P02_MR2_MMT_25_2_S_F111_M110.nii,0.6515768263672616,1.9008789022409478,66.13716394017865,0.0021217333943529086,0.08897517208936624,0.29508116199004,1.2949292531278445,0.9993439646775625,0.8861579716859846,-78.94445470538739,0.0083375,0.4685047809015613,False,True,True,False
pt002,MR2,DVF_20200210_ZKN__P02_MR2_MMT_25_2_S_F112_M111.nii,0.7325693817223309,2.09439205026917,50.93436081857836,0.0012353447750899495,0.0913714521948314,0.3048310290157306,1.26113475782491,0.9858196787096578,1.6016212612630778,-190.82222487317398,0.01036640625,0.5951017889904765,False,True,True,False
pt002,MR2,DVF_20200210_ZKN__P02_MR2_MMT_25_2_S_F113_M112.nii,0.6963823685765723,2.3506508023859296,39.8674344385876,0.0017235616210914146,0.0826130532781138,0.27669591825587914,1.0111268054374307,0.9931714773852937,1.1387799347710044,-133.53350946546266,0.01038125,0.48561073102072205,False,True,True,False
pt002,MR2,DVF_20200210_ZKN__P02_MR2_MMT_25_2_S_F114_M113.nii,0.6558973722288791,1.075736508974217,42.77259417226269,0.0011883492129302101,0.09451142039765464,0.3400009479652013,1.4793692026922356,0.9894366238064899,1.032419001502723,-150.05778108393721,0.0072140625,0.3579619013009741,False,True,True,False
pt002,MR2,DVF_20200210_ZKN__P02_MR2_MMT_25_2_S_F115_M114.nii,0.5829436248424611,1.9172505757332288,42.314819437772634,0.0005345746777851629,0.0848536507189623,0.2678344239115952,0.8710014904470985,0.9843283737312544,1.2461653214711592,-168.6001337552231,0.00917109375,0.4595970592748872,False,True,True,False
pt002,MR2,DVF_20200210_ZKN__P02_MR2_MMT_25_2_S_F116_M115.nii,0.5707789197421289,1.498123520049246,47.221289703577966,0.0011031737777022852,0.0882161882688234,0.2832926478285789,0.9749370444172015,0.9940958379793384,1.4201064638373566,-152.66850342707053,0.00804375,0.44163728824969894,False,True,True,False
pt002,MR2,DVF_20200210_ZKN__P02_MR2_MMT_25_2_S_F117_M116.nii,0.9758384939132737,3.667715227783101,64.52284310772566,0.0008731469067730023,0.08815383854239792,0.3265607614012904,1.2518088695752765,0.9820776225796746,1.6782109456392462,-203.154400440152,0.0139578125,0.775936412374797,False,True,True,False
pt002,MR2,DVF_20200210_ZKN__P02_MR2_MMT_25_2_S_F118_M117.nii,0.7068092553137179,1.5696900270421061,45.299501986020175,0.0008474213357187741,0.10288522849849534,0.3576063486141593,1.318530852242728,0.983101678778665,0.9607857967648528,-134.7094355606012,0.01155,0.500423716444183,False,True,True,False
pt002,MR2,DVF_20200210_ZKN__P02_MR2_MMT_25_2_S_F119_M118.nii,0.7249805449023486,2.002310114014597,58.81192027350415,0.00077493041826984,0.08667838296184568,0.30291644840223964,1.24202016538422,0.987202549624998,1.0045948284836084,-93.14213597207181,0.01245234375,0.5991135116851614,False,True,True,False
pt002,MR2,DVF_20200210_ZKN__P02_MR2_MMT_25_2_S_F11_M10.nii,1.1077642134777619,3.2514908301356003,41.53071425877721,0.0009105070565626036,0.09633847793110376,0.3451431586788586,1.6357166989720537,0.974750696213439,1.1582679638664146,-87.1922079984792,0.02243828125,0.8314728761365506,False,False,True,False
pt002,MR2,DVF_20200210_ZKN__P02_MR2_MMT_25_2_S_F120_M119.nii,0.6069165116450557,1.6381629333645138,81.17053254873159,0.0009482401901911636,0.08825584990963466,0.29692880804421484,1.1593391443544576,0.9917643922870922,1.2682241990023415,-211.25342936570908,0.01008359375,0.6859875402955306,False,True,True,False
pt002,MR2,DVF_20200210_ZKN__P02_MR2_MMT_25_2_S_F121_M120.nii,0.714189445170462,1.5604125012767462,46.522175293011465,0.0005118761383134995,0.08944409980731909,0.35070990172491895,1.5748912537481112,0.9895995830424074,0.8329721484657385,-70.61171099826032,0.006653125,0.39869395833289517,False,True,True,False
pt002,MR2,DVF_20200210_ZKN__P02_MR2_MMT_25_2_S_F122_M121.nii,0.6373503228669015,1.9161685040552783,50.82115263423754,0.0012161704708114247,0.08521663571916994,0.27317055672311535,1.0578950287735551,0.9827277603370498,1.7185219895477317,-165.95404509661304,0.014153125,0.702805609008029,False,True,True,False
pt002,MR2,DVF_20200210_ZKN__P02_MR2_MMT_25_2_S_F123_M122.nii,0.7139870368726814,2.298658137642558,42.25952967054692,0.0007265631349881503,0.08494482410243469,0.29276033609711266,1.0984925325634807,0.9905523031803058,1.3189394405095742,-253.8539845788852,0.01184921875,0.5657076101301933,False,True,True,False
pt002,MR2,DVF_20200210_ZKN__P02_MR2_MMT_25_2_S_F124_M123.nii,0.7527928075995024,1.3530442660437898,40.44729001715827,0.001862176337647672,0.1101876988417456,0.38694289686408134,1.6604662938152963,0.9908771869792585,0.6804844892525966,-60.402407448185876,0.00945859375,0.369763599648494,False,True,True,False
pt002,MR2,DVF_20200210_ZKN__P02_MR2_MMT_25_2_S_F125_M124.nii,0.6644005619161292,2.209852604488072,48.75269068699014,0.0007242033099762461,0.0796575920989032,0.2670791344702119,1.0416558477551998,0.9929730489281652,1.249868259827002,-96.81781241912651,0.01205625,0.5397967524084168,False,True,True,False
pt002,MR2,DVF_20200210_ZKN__P02_MR2_MMT_25_2_S_F126_M125.nii,0.6005517180373249,1.4036113683716487,39.403840397884096,0.00015520831765368758,0.09596798353537593,0.29847628733982035,1.097054563803471,0.9925218275451858,0.9189636025401072,-164.71584235065504,0.00907265625,0.4324805330501191,False,True,True,False
pt002,MR2,DVF_20200210_ZKN__P02_MR2_MMT_25_2_S_F127_M126.nii,0.5710600216460392,2.4135227666502517,67.39475023627551,0.0010609195374088084,0.07068353276915255,0.22991359599001876,0.8243917314957726,0.9904487709622559,1.7427488192776914,-392.51797118028793,0.008103125,0.494633131588749,False,True,True,False
pt002,MR2,DVF_20200210_ZKN__P02_MR2_MMT_25_2_S_F128_M127.nii,0.5682861276614066,1.924631570338135,37.69504711002522,0.0010273841827658236,0.07655190293003789,0.2461786645466476,0.8894911020194384,0.9898717304841385,0.6638565358348817,-124.30235381103341,0.00694296875,0.28926532330778393,False,True,True,False
pt002,MR2,DVF_20200210_ZKN__P02_MR2_MMT_25_2_S_F129_M128.nii,0.6283368424962907,1.8276502018552505,39.62617191266044,0.0014931204405792574,0.0870684092181876,0.2638634576270875,0.9909227086230187,0.9824930897912129,1.0294987299430443,-139.41716366852927,0.00959375,0.3964242523997609,False,True,True,False
pt002,MR2,DVF_20200210_ZKN__P02_MR2_MMT_25_2_S_F12_M11.nii,0.5540750890716617,1.410366135002059,37.17772374810645,0.0006604154945171605,0.07133851624460413,0.25501219733721936,1.0649027619398925,0.9959465304946028,1.1021174359850776,-140.3387125620045,0.00924140625,0.4647031223035364,False,True,True,False
pt002,MR2,DVF_20200210_ZKN__P02_MR2_MMT_25_2_S_F130_M129.nii,0.5199460343743824,1.1032386629969533,39.23909128776268,0.0014824501037040323,0.0811438393081166,0.2600856591958465,1.0340511103245096,1.001509730273173,1.0413955739719367,-104.96033091786367,0.00603984375,0.29639228497000447,False,True,True,False
pt002,MR2,DVF_20200210_ZKN__P02_MR2_MMT_25_2_S_F131_M130.nii,0.6545134414272363,2.152928489488561,37.79080313951696,0.001459933230517499,0.08166082425115742,0.27023210944107345,1.053932389581191,0.9885933886461701,1.16468496425331,-99.34426270887029,0.01002421875,0.40583346160860395,False,True,True,False
pt002,MR2,DVF_20200210_ZKN__P02_MR2_MMT_25_2_S_F132_M131.nii,0.7906597366148419,2.9828260688867236,54.99645534735254,0.0005432235052361219,0.07694995609767587,0.2495911168320297,1.0159449201121442,0.9758830802689726,1.7286848358585953,-279.19773370829495,0.01348671875,0.5518387661749592,False,True,True,False
pt002,MR2,DVF_20200210_ZKN__P02_MR2_MMT_25_2_S_F133_M132.nii,0.9890300755935566,3.6168150720706533,71.03435353795818,0.0005013150504283275,0.08312088699542076,0.2765112350721126,1.1951266772363263,0.9819584824482402,2.187102608490103,-254.64901523121384,0.01719765625,0.9859771687103625,False,True,True,False
pt002,MR2,DVF_20200210_ZKN__P02_MR2_MMT_25_2_S_F134_M133.nii,0.6047083190691891,1.8177936680566107,54.962258258612444,0.0015367635844982905,0.08531412113676644,0.271381953243335,0.9544774767802535,0.9819718748937525,1.4471732877016978,-238.32732293233613,0.00935078125,0.4396363704393998,False,True,True,False
pt002,MR2,DVF_20200210_ZKN__P02_MR2_MMT_25_2_S_F135_M134.nii,0.6093261941384107,2.012159634370135,61.07752278584138,0.0014832424249488622,0.08524801965337059,0.2726794481673608,0.963529555229508,0.9888555059052051,1.1294617603865111,-104.45628962298377,0.009403125,0.5478402524972619,False,True,True,False
pt002,MR2,DVF_20200210_ZKN__P02_MR2_MMT_25_2_S_F136_M135.nii,0.7055310858581736,2.5504151494345138,50.89007989653882,0.0007301284560266256,0.08431732928859838,0.2723510229143171,0.9933668853974092,0.994553611183814,1.0659120296740918,-108.75118853029593,0.0087140625,0.509758799223416,False,True,True,False
pt002,MR2,DVF_20200210_ZKN__P02_MR2_MMT_25_2_S_F137_M136.nii,0.7205005857660429,2.511128316538987,45.148951072836965,0.001247172226013535,0.08087339171527097,0.2579542130264898,1.0521693364641385,0.9864552869171491,1.0945675474722396,-96.02832567857186,0.01255625,0.5973014876550055,False,True,True,False
pt002,MR2,DVF_20200210_ZKN__P02_MR2_MMT_25_2_S_F138_M137.nii,0.6366744964037659,2.1344197520330876,55.19795851155572,0.0007265321510291758,0.07529529215043326,0.2682761043599853,1.0705946084041646,0.9891395829523776,1.7716069176859566,-240.6367291960962,0.0088890625,0.5714759614704259,False,True,True,False
pt002,MR2,DVF_20200210_ZKN__P02_MR2_MMT_25_2_S_F139_M138.nii,0.8197979117764502,2.736818524993735,48.968242054821296,0.0019203962081328684,0.0891717329585494,0.31583532777156176,1.3010168142394434,0.9943057790225918,1.1406151055530729,-127.13123455610032,0.0111875,0.5645307105832644,False,True,True,False
pt002,MR2,DVF_20200210_ZKN__P02_MR2_MMT_25_2_S_F13_M12.nii,0.8436020063978653,1.8861735855466382,31.92706679877488,0.0010127469269789477,0.0919430997689787,0.3477320404418873,1.607456156056955,0.9852785446716316,1.4036709975787196,-155.92555149152264,0.0189671875,0.5832616233156347,False,True,True,False
pt002,MR2,DVF_20200210_ZKN__P02_MR2_MMT_25_2_S_F140_M139.nii,0.7365357067983025,1.590731244652894,40.3645913734263,0.0011497770840483215,0.099490859079672,0.3407959544650665,1.6029141528192792,0.9782898048442412,0.9285930084433924,-115.80671553486697,0.00933046875,0.41871129801615237,False,True,True,False
pt002,MR2,DVF_20200210_ZKN__P02_MR2_MMT_25_2_S_F141_M140.nii,0.6370852194441365,2.2033279390552156,51.09389161420582,0.0016123808595778165,0.08381598390482987,0.27705996935520655,0.9496350062361799,0.9891230289565438,1.4035451375598933,-256.22292564038366,0.01001484375,0.4729021438930862,False,True,True,False
pt002,MR2,DVF_20200210_ZKN__P02_MR2_MMT_25_2_S_F142_M141.nii,0.6959462534903802,1.9145200071889927,42.05510494505977,0.001421581424690025,0.09514450844126361,0.3364841922039259,1.2916511640080646,1.0103351791013322,2.4327015537624703,-118.56856954426307,0.00976953125,0.4458669348897958,False,True,True,False
pt002,MR2,DVF_20200210_ZKN__P02_MR2_MMT_25_2_S_F143_M142.nii,1.07216275458385,3.782909333614465,57.62061475072189,0.0011896877571219502,0.09060028174446988,0.30192586076510264,1.278225216253139,0.9673860257995589,1.724106091812614,-171.41528562654634,0.02083203125,0.9634918187306019,False,False,True,False
pt002,MR2,DVF_20200210_ZKN__P02_MR2_MMT_25_2_S_F144_M143.nii,0.9679265573609411,3.05160591185501,52.13743393763396,0.001512957823421669,0.08715879711804311,0.2892881411005169,1.4520498617778639,0.9803819167220132,1.3856542460639607,-145.81303578662957,0.0202984375,0.6925668708740572,False,False,True,False
pt002,MR2,DVF_20200210_ZKN__P02_MR2_MMT_25_2_S_F145_M144.nii,0.7781470332235293,3.439225870011544,63.55468978950026,0.0008269740805218019,0.07435076311540718,0.23347794194189625,0.9182931651026098,0.9810776267620839,1.8518072232469922,-386.41948405519696,0.0113484375,0.8736836236144853,False,True,True,False
pt002,MR2,DVF_20200210_ZKN__P02_MR2_MMT_25_2_S_F146_M145.nii,0.7113509531132386,2.328408920694298,51.1756439122018,0.0008430130254132124,0.08145566394145143,0.2724898945758756,1.1129788474969973,0.994761850790337,1.4058094129383605,-160.59011043503327,0.011821875,0.5641285756888692,False,True,True,False
pt002,MR2,DVF_20200210_ZKN__P02_MR2_MMT_25_2_S_F147_M146.nii,0.7144047277172918,1.491404012694542,39.638209946422705,0.0012227465899220468,0.09146884045059316,0.3241514070455968,1.522461852996254,0.9930998058338493,0.6665915988236512,-56.81876143891815,0.011225,0.4094602098889548,False,True,True,False
pt002,MR2,DVF_20200210_ZKN__P02_MR2_MMT_25_2_S_F148_M147.nii,0.7164025816097193,1.5547836692573316,49.929486484421176,0.001199872849688675,0.09790326339329196,0.368355871836896,1.4464323148721812,0.9812959845062534,1.46072085285115,-250.1449057044866,0.00926171875,0.4601679625477821,False,True,True,False
pt002,MR2,DVF_20200210_ZKN__P02_MR2_MMT_25_2_S_F149_M148.nii,0.7423017818993386,1.8582337771295034,52.00080202881876,0.0022086777454719555,0.10478880672572803,0.35759129591615535,1.4184572266037685,0.9906164402250128,1.0818867808947343,-119.3120669178281,0.01193125,0.6097865881291569,False,True,True,False
pt002,MR2,DVF_20200210_ZKN__P02_MR2_MMT_25_2_S_F14_M13.nii,1.406290282625441,1.8522663083757678,26.26582978915988,0.0012070421652990292,0.13025591008185627,0.6403082698299829,3.7867279664428404,0.9798514136984173,0.9733674259289177,-76.24503992457366,0.02978125,0.715358134489252,False,False,True,False
pt002,MR2,DVF_20200210_ZKN__P02_MR2_MMT_25_2_S_F150_M149.nii,0.6792652462353335,1.7065239831595982,55.184210272817545,0.0016397422207184362,0.09171806037163108,0.34705000954873544,1.369354716770407,0.9945381047382092,0.6883648756309403,-86.05102675384921,0.006825,0.39204000372880554,False,True,True,False
pt002,MR2,DVF_20200210_ZKN__P02_MR2_MMT_25_2_S_F151_M150.nii,0.8135990920728648,2.30704509688735,45.7204645351977,0.0016461103628611104,0.10370221844348992,0.34231041779497334,1.3796469549262471,0.9858966821352216,1.2650246056828192,-133.64771487137014,0.0133890625,0.5742258346095878,False,True,True,False
pt002,MR2,DVF_20200210_ZKN__P02_MR2_MMT_25_2_S_F152_M151.nii,0.6588651120110617,2.2690921453202675,51.37478775228052,0.0007957607427083959,0.08414956675493065,0.2906673457944553,1.0434222066085383,0.9841576890569715,0.704624159658454,-61.37951682075434,0.00817109375,0.3817305246751369,False,True,True,False
pt002,MR2,DVF_20200210_ZKN__P02_MR2_MMT_25_2_S_F153_M152.nii,0.6810118114815785,1.7635747404146653,38.43395646521783,0.00181043737128428,0.09567994138170609,0.31089129684298045,1.131171803522752,0.9777217605861388,1.4834447197774032,-236.51548693552684,0.012096875,0.46878910759173503,False,True,True,False
pt002,MR2,DVF_20200210_ZKN__P02_MR2_MMT_25_2_S_F154_M153.nii,0.8081320741812452,2.45408037973132,52.09651145346031,0.0006040749824634744,0.08556573663056172,0.312578931033719,1.438628121247088,0.9822839082935261,1.867047739316114,-186.31310989338564,0.0117328125,0.573982302315304,False,True,True,False
pt002,MR2,DVF_20200210_ZKN__P02_MR2_MMT_25_2_S_F155_M154.nii,0.6132245866960552,1.5646501523535021,37.48015288883817,0.0007763320360232395,0.08618629394629972,0.29500859656939454,1.0578921961720809,0.9900691488208984,1.2273089671698165,-131.8284379248171,0.0111109375,0.45896967577179737,False,True,True,False
pt002,MR2,DVF_20200210_ZKN__P02_MR2_MMT_25_2_S_F156_M155.nii,0.7189939858352374,1.9163880179090935,38.60893643356061,0.0010499283097983353,0.09075139525113966,0.3319020375323245,1.3459913872112654,0.9885433943196267,1.1090334010981606,-119.63060943736504,0.0092796875,0.4462781067826458,False,True,True,False
pt002,MR2,DVF_20200210_ZKN__P02_MR2_MMT_25_2_S_F157_M156.nii,0.5686128244126241,1.209756191994565,43.52208755839318,0.0011143380097843787,0.08391065669570798,0.2851119322187295,1.1046509174802426,0.9906978768747058,0.8874909534612737,-87.92866356465963,0.00488515625,0.29263584506905843,False,True,True,False
pt002,MR2,DVF_20200210_ZKN__P02_MR2_MMT_25_2_S_F158_M157.nii,0.6760284228947034,2.1789992520106676,46.86118297880656,0.0008065734497738053,0.09271924273363019,0.2854439426711639,1.011504344855903,0.9855437077327922,1.5441771085835225,-136.1281381292682,0.00989609375,0.5039437147471724,False,True,True,False
pt002,MR2,DVF_20200210_ZKN__P02_MR2_MMT_25_2_S_F159_M158.nii,0.5638991772852088,1.9827482975517494,44.06705384647505,0.0011307054071686973,0.07746454153025306,0.23406626280773146,0.8663743640240762,0.9859216571932695,1.195732077170252,-206.93456291432685,0.0069328125,0.3556384735275164,False,True,True,False
pt002,MR2,DVF_20200210_ZKN__P02_MR2_MMT_25_2_S_F15_M14.nii,1.6387696387953319,2.3121064596275294,43.66509932155347,0.0018214491776916424,0.15813783690167882,0.7932794245164654,4.017066470217845,1.0006229953568395,1.1337527227627366,-140.3666513653731,0.02961328125,0.7522431966779728,False,False,True,False
pt002,MR2,DVF_20200210_ZKN__P02_MR2_MMT_25_2_S_F160_M159.nii,0.5900711224128904,1.3117542952033094,45.94629988939068,0.0013418293620493728,0.09504523316333732,0.3135204199784619,1.1342481973579062,0.9926086828166318,1.2386343924625185,-97.57259259330303,0.005665625,0.4115218121044962,False,True,True,False
pt002,MR2,DVF_20200210_ZKN__P02_MR2_MMT_25_2_S_F16_M15.nii,0.6896221717215819,2.1252585373647617,46.420845561648484,0.0009440202799223675,0.08576816115371921,0.28699955242768144,1.1527359441475076,0.9846365950964793,1.212923869996483,-120.52502624079246,0.0105875,0.6308091573635436,False,True,True,False
pt002,MR2,DVF_20200210_ZKN__P02_MR2_MMT_25_2_S_F17_M16.nii,0.7807877556203535,2.0053272715653523,41.69754807877147,0.001359027566258959,0.09134099139320309,0.34696859450792483,1.4263133525604252,0.9817225347221431,0.8305058987019778,-82.5466564086577,0.013375,0.5347173590315817,False,True,True,False
pt002,MR2,DVF_20200210_ZKN__P02_MR2_MMT_25_2_S_F18_M17.nii,0.8008721688828737,1.326655096223201,36.88220566119213,0.0017574924945923226,0.09033433137939866,0.35863421624379,2.026633441598208,0.9918925305063041,0.741294515463121,-61.81331657170647,0.013271875,0.4617918574239414,False,True,True,False
pt002,MR2,DVF_20200210_ZKN__P02_MR2_MMT_25_2_S_F19_M18.nii,0.7202270918122635,1.262970142652139,38.12427697230482,0.0006000141450744383,0.08921728443553907,0.37203649413359713,1.6137688856263175,0.993334233998954,0.9053063390174437,-65.46049073856295,0.0087265625,0.40243726882659553,False,True,True,False
pt002,MR2,DVF_20200210_ZKN__P02_MR2_MMT_25_2_S_F20_M19.nii,0.5523664773184838,1.168902766844155,35.910751224361164,0.0012211163032918952,0.08818091932201085,0.2762428825608304,1.0434731552403549,0.9944831911223717,1.0124753327258305,-109.52647441918279,0.0066984375,0.24504730639316266,False,True,True,False
pt002,MR2,DVF_20200210_ZKN__P02_MR2_MMT_25_2_S_F21_M20.nii,0.5720760638084404,1.4489426754655317,36.52228628719062,0.0016642059428499272,0.0907714666463477,0.309156317152222,1.013991250136666,0.9911171125947492,0.8009009560227299,-85.20830682705001,0.00741171875,0.2793700990338458,False,True,True,False
pt002,MR2,DVF_20200210_ZKN__P02_MR2_MMT_25_2_S_F22_M21.nii,0.5353340731288342,1.002406545889965,33.775726567260705,0.0005153280277009997,0.088599715901547,0.2875374449042737,1.0396570718975782,0.9970933985983067,0.5985952406360704,-95.37218722997062,0.0073328125,0.25820561934682584,False,True,True,False
pt002,MR2,DVF_20200210_ZKN__P02_MR2_MMT_25_2_S_F23_M22.nii,0.6990280504470441,2.1718563811088787,38.506374363762234,0.0010049528816728041,0.0790756543442911,0.2768876911500268,1.1225941233686532,0.9862081358208928,1.0215738374641001,-93.52891289222528,0.01178203125,0.48083356604070987,False,True,True,False
pt002,MR2,DVF_20200210_ZKN__P02_MR2_MMT_25_2_S_F24_M23.nii,0.6580205597679103,1.3281151627563395,32.005030717189825,0.001891070700272228,0.0942246690334306,0.33467655853152856,1.3259967397849548,0.9931074081463843,0.9302479276263957,-116.46669114931412,0.01213828125,0.43798657111974926,False,True,True,False
pt002,MR2,DVF_20200210_ZKN__P02_MR2_MMT_25_2_S_F25_M24.nii,0.646939121541378,1.3519549700104838,30.364656866955702,0.001115396716366265,0.09051366979642686,0.31389302419406623,1.314431156460519,0.9956635301167762,0.6761970133739287,-53.35644810494753,0.00980859375,0.3757193739968098,False,True,True,False
pt002,MR2,DVF_20200210_ZKN__P02_MR2_MMT_25_2_S_F26_M25.nii,0.5839097482568392,1.2193867692809743,44.00470233104388,0.0013729101843571638,0.08714596261782855,0.3298895245490707,1.2096010973750748,0.9990911603464243,0.8168901019877719,-113.34203204987935,0.00593515625,0.3372884707459929,False,True,True,False
pt002,MR2,DVF_20200210_ZKN__P02_MR2_MMT_25_2_S_F27_M26.nii,0.6113733354152865,1.2446753636782262,39.0566967801055,0.0007656315152737769,0.08442964663434455,0.30098153227974844,1.336050649998826,0.995346713690532,0.6341269872502474,-144.57509339482365,0.00586328125,0.297275635079461,False,True,True,False
pt002,MR2,DVF_20200210_ZKN__P02_MR2_MMT_25_2_S_F28_M27.nii,0.7877375489046823,2.4900962040404777,44.950324379755074,0.0008543017212511776,0.08437855662890849,0.28073085560180827,1.2446950637667238,0.9749485319946962,1.0894653183480356,-83.34812232263508,0.01506953125,0.6054398879686798,False,True,True,False
pt002,MR2,DVF_20200210_ZKN__P02_MR2_MMT_25_2_S_F29_M28.nii,0.8490424694899242,1.2372796774668817,38.46509899966961,0.0012093597747056286,0.1015793257266622,0.3983279985088491,2.1849143450254944,0.9930961319482833,1.4135755284592182,-308.0647806777734,0.00985859375,0.37932033048219377,False,True,True,False
pt002,MR2,DVF_20200210_ZKN__P02_MR2_MMT_25_2_S_F2_M1.nii,1.332439113603902,3.5905575649473174,36.510480325072,0.001440222753587053,0.1390695331583953,0.4149667876498067,2.1674142868648105,0.994380396618456,1.239456534159682,-132.13559431397908,0.02412890625,1.04575142257693,False,False,True,False
pt002,MR2,DVF_20200210_ZKN__P02_MR2_MMT_25_2_S_F30_M29.nii,0.6262858514427072,1.8722423453480195,51.901319156536466,0.0006741625099798128,0.08504269573885821,0.2922279000495529,1.1136996568146895,1.0021974385933257,1.2203450781512797,-101.92445999853139,0.00807421875,0.45810628102304274,False,True,True,False
pt002,MR2,DVF_20200210_ZKN__P02_MR2_MMT_25_2_S_F31_M30.nii,0.7932727131342706,1.1288327030254253,24.372220910970753,0.0014537537631105274,0.10585703358070495,0.40942265241659975,1.8551402995898636,1.003241017080783,0.6200810655752222,-89.32586091364121,0.00957734375,0.3409855226641476,False,True,True,False
pt002,MR2,DVF_20200210_ZKN__P02_MR2_MMT_25_2_S_F32_M31.nii,0.4880424632259912,0.952779227013292,41.209325762982544,0.0007975711265204948,0.08573667794812871,0.28240551664154023,0.9966782066833559,0.9926115300895745,0.8356377636501048,-170.95892445358714,0.005134375,0.24522729677703864,False,True,True,False
pt002,MR2,DVF_20200210_ZKN__P02_MR2_MMT_25_2_S_F33_M32.nii,0.6449244030324623,0.9449421837375376,42.568655767630936,0.000904608251512166,0.08697257923195996,0.32998611185019777,1.574797436027963,0.9932244482122118,1.2062498349616462,-199.7228766272965,0.006890625,0.324809889514333,False,True,True,False
pt002,MR2,DVF_20200210_ZKN__P02_MR2_MMT_25_2_S_F34_M33.nii,0.7717585130328782,1.9877391383947023,42.23662362953481,0.0017333508962852733,0.090437740616376,0.3261274860802733,1.3743725849536763,0.9863243707145719,0.9093826194690413,-139.0240378273248,0.01415,0.5553367055458117,False,True,True,False
pt002,MR2,DVF_20200210_ZKN__P02_MR2_MMT_25_2_S_F35_M34.nii,1.1275167703968383,1.8807683714690158,47.884855929098755,0.001524518665414675,0.12744045160940987,0.5172899928957521,2.681134315175826,0.9965650176529421,1.4909078188751996,-187.47665245329603,0.01994765625,0.7070028183491287,False,True,True,False
pt002,MR2,DVF_20200210_ZKN__P02_MR2_MMT_25_2_S_F36_M35.nii,0.6438399915230504,1.6184600680765422,41.648874348078806,0.001432231118232855,0.09003326098310033,0.3190729517939994,1.207569008576145,0.9923508101890822,0.8502853612782995,-97.40100918234864,0.01115,0.5364698042255949,False,True,True,False
pt002,MR2,DVF_20200210_ZKN__P02_MR2_MMT_25_2_S_F37_M36.nii,0.8953261411057154,3.0373685901585032,47.48782279092101,0.001606999603387203,0.0893881307472407,0.3241591716656271,1.2757686734948894,0.9861269322519162,1.545991332100025,-245.0078649944952,0.01404375,0.7097144971431372,False,True,True,False
pt002,MR2,DVF_20200210_ZKN__P02_MR2_MMT_25_2_S_F38_M37.nii,1.0817669104783119,3.729970917770522,47.989171938889655,0.001302094757220616,0.07168188715523495,0.29060040996504644,1.3902608995792265,0.9645226324088059,1.7303875109374793,-328.2229523344646,0.01926953125,0.7511633340639512,False,True,True,False
pt002,MR2,DVF_20200210_ZKN__P02_MR2_MMT_25_2_S_F39_M38.nii,0.7624280950661995,2.301199187712094,46.600183975598014,0.0012132814454003113,0.08871868269987906,0.28883852768300405,1.1548234348446995,0.986857606778867,1.0317556830590515,-88.33828912584153,0.01495703125,0.5648678982503741,False,True,True,False
pt002,MR2,DVF_20200210_ZKN__P02_MR2_MMT_25_2_S_F3_M2.nii,1.113342948518397,3.4580611722213854,65.24554137828683,0.0012566636783739892,0.09361749320859833,0.3159296502061788,1.7678634805959796,0.9896096114747522,1.4848291886209322,-80.51402822668871,0.01803984375,1.0916634513402652,False,True,True,False
pt002,MR2,DVF_20200210_ZKN__P02_MR2_MMT_25_2_S_F40_M39.nii,0.783894919944871,2.251585543057676,34.887198301374,0.0011196471401001928,0.07901581734495841,0.2745067877619366,1.2510620333493072,0.971769225235679,1.3255247790030595,-198.1789972195325,0.0181859375,0.5890080530702484,False,True,True,False
pt002,MR2,DVF_20200210_ZKN__P02_MR2_MMT_25_2_S_F41_M40.nii,0.6299634926294279,1.1758325836258443,43.77860607943673,0.0004708007570799004,0.08691995767093155,0.31872580650434656,1.4354940819625983,0.9972609191781344,1.016924329777669,-116.19826253062821,0.00677734375,0.34303282568718385,False,True,True,False
pt002,MR2,DVF_20200210_ZKN__P02_MR2_MMT_25_2_S_F42_M41.nii,0.6509106430690346,1.914755851428859,33.60839432730043,0.0006094090140301382,0.08148540197487907,0.2648902683894805,1.111400173836524,0.9896401758108361,0.674904020303132,-56.43500567525207,0.01045,0.37143703651729904,False,True,True,False
pt002,MR2,DVF_20200210_ZKN__P02_MR2_MMT_25_2_S_F43_M42.nii,0.4741361151303717,1.3442113086475338,38.56829323270265,0.001158731172429107,0.07520727973484524,0.23904708998240387,0.831039269420218,0.9946866432155521,1.1367258871405934,-218.87326670323816,0.00717109375,0.33331647458435393,False,True,True,False
pt002,MR2,DVF_20200210_ZKN__P02_MR2_MMT_25_2_S_F44_M43.nii,0.6042716230701841,1.6366958130805414,36.064595165317165,0.0007173053862828676,0.08237406508211374,0.2836074539362825,1.1465869947405012,0.9837286917684578,0.8891802289129275,-142.2469499213439,0.0075015625,0.2822747202867485,False,True,True,False
pt002,MR2,DVF_20200210_ZKN__P02_MR2_MMT_25_2_S_F45_M44.nii,0.5465571654573814,1.130254144681368,38.506737062043086,0.0016863707412700542,0.09069525396038713,0.31963430399644976,1.1165912591510097,0.9959452745614386,0.33429995434017173,-18.566936432479284,0.0037359375,0.21419000683456524,False,True,True,False
pt002,MR2,DVF_20200210_ZKN__P02_MR2_MMT_25_2_S_F46_M45.nii,0.6050248008418444,1.2600470449962151,36.68702816674592,0.001964531773157331,0.09364142137284895,0.3107504808726984,1.2805929254075963,0.9981656938149331,0.5152638486197868,-32.20934335546078,0.00624609375,0.3023243936938842,False,True,True,False
pt002,MR2,DVF_20200210_ZKN__P02_MR2_MMT_25_2_S_F47_M46.nii,0.5496057614747178,1.0106449121896408,34.18409752502334,0.001110161233818283,0.08551609405417539,0.3013737657197134,1.1664746095294485,0.9927482387369979,0.6346148465808815,-54.941892842498575,0.0057390625,0.2660704126883287,False,True,True,False
pt002,MR2,DVF_20200210_ZKN__P02_MR2_MMT_25_2_S_F48_M47.nii,0.6850801568787359,1.4835111682850353,52.47115830233161,0.0005747620721605169,0.09017086083302443,0.3303182476337947,1.435920984590142,0.9956396123927862,0.9606406935544124,-245.25235750610744,0.0092203125,0.4475404190859659,False,True,True,False
pt002,MR2,DVF_20200210_ZKN__P02_MR2_MMT_25_2_S_F49_M48.nii,0.7028839864756359,2.684416171671495,54.57398934500089,0.0011429939829501906,0.0808334373410875,0.2578152402261872,0.959737430288787,0.9835908541735662,1.1419183986306336,-134.2426963471265,0.0096734375,0.527598427915717,False,True,True,False
pt002,MR2,DVF_20200210_ZKN__P02_MR2_MMT_25_2_S_F4_M3.nii,1.3619425141246242,1.7579649127833794,25.33561871706658,0.0008906251074297363,0.12072065446135642,0.6034930012890598,3.666858842479447,0.9890672408315664,0.7528718723993598,-40.89339146638081,0.0216625,0.5792702543345737,False,False,True,False
pt002,MR2,DVF_20200210_ZKN__P02_MR2_MMT_25_2_S_F50_M49.nii,0.7546545883991136,2.3585224187370004,46.39446219973532,0.0014709834619439214,0.0920599442790724,0.30462236238753715,1.1698990621700056,0.9869987186097782,1.5988747761909583,-219.0256896602081,0.01128125,0.5886777372695304,False,True,True,False
pt002,MR2,DVF_20200210_ZKN__P02_MR2_MMT_25_2_S_F51_M50.nii,0.6399886295168388,2.192459201608446,41.59800147366618,0.0012133477507175975,0.0779480670983516,0.25982497593105436,0.9307309234618203,0.9858037008545419,1.2957944676258986,-259.4075372029313,0.01096953125,0.5379643454613713,False,True,True,False
pt002,MR2,DVF_20200210_ZKN__P02_MR2_MMT_25_2_S_F52_M51.nii,0.6188533391360286,1.0317838738869922,37.51924658321817,0.0006418027957005342,0.08783320376133333,0.31755761931023485,1.4157266039635144,0.9869097348725223,1.104939233515047,-169.89594435176025,0.00876015625,0.36647792874786794,False,True,True,False
pt002,MR2,DVF_20200210_ZKN__P02_MR2_MMT_25_2_S_F53_M52.nii,0.7999099364521464,1.4364632790809695,45.72679707389587,0.0010977945273083942,0.10226927750744937,0.3994206914709176,1.7828860697808797,0.9948025521602593,0.6660692043067369,-64.57272705371261,0.00821875,0.36853413788812495,False,True,True,False
pt002,MR2,DVF_20200210_ZKN__P02_MR2_MMT_25_2_S_F54_M53.nii,0.694598824743878,1.5974788688226804,37.20013126097442,0.001502911799532389,0.08493873899347285,0.284041794804935,1.4099440440142093,0.9863225665580895,1.1199971370428081,-95.71335696745,0.01414609375,0.571394891884831,False,True,True,False
pt002,MR2,DVF_20200210_ZKN__P02_MR2_MMT_25_2_S_F55_M54.nii,0.6508866809726853,1.32434825949247,35.17294934106748,0.0009296231561941559,0.09237546122914336,0.34815006489383765,1.329470344948705,0.9860426449184357,0.7908499200523506,-87.60500996460235,0.0093484375,0.33434734920160725,False,True,True,False
pt002,MR2,DVF_20200210_ZKN__P02_MR2_MMT_25_2_S_F56_M55.nii,0.9200010002465209,1.854486094366302,46.744216789477804,0.0018204700082255815,0.09290930880378304,0.4143368571760112,2.07892168013967,0.985163049128925,1.2054441922941324,-189.1290301681215,0.01427890625,0.6104723176739629,False,True,True,False
pt002,MR2,DVF_20200210_ZKN__P02_MR2_MMT_25_2_S_F57_M56.nii,0.8601608132182319,1.3207466490224515,45.865369149041115,0.000827119866368531,0.10977826553120061,0.42326681835899493,2.0287423482162943,1.0051479959266232,1.0947013424727674,-242.22508511027826,0.0133734375,0.4492010446320317,False,True,True,False
pt002,MR2,DVF_20200210_ZKN__P02_MR2_MMT_25_2_S_F58_M57.nii,0.6777702293591235,1.8857963376067521,66.33952344596922,0.0009045926516095481,0.09407835327615195,0.3127611716361788,1.2386816908710325,0.9879441813619102,0.9897111403471459,-133.91939544407745,0.009521875,0.4837689043768386,False,True,True,False
pt002,MR2,DVF_20200210_ZKN__P02_MR2_MMT_25_2_S_F59_M58.nii,0.6475531690954234,2.1338293843364005,55.28580070767943,0.0009048099970930238,0.08327195102601327,0.27138440670657193,1.012715015928586,1.0001811780941932,1.3814343691587692,-121.80537398820763,0.00949140625,0.5593520106192824,False,True,True,False
pt002,MR2,DVF_20200210_ZKN__P02_MR2_MMT_25_2_S_F5_M4.nii,0.925105677246021,2.116713256664682,61.61040900239559,0.0011053497892934481,0.09880688274997912,0.40651247574696414,2.014088326385041,0.9989061483414593,1.077578397276484,-92.16285460905385,0.01274453125,0.6502876688189866,False,True,True,False
pt002,MR2,DVF_20200210_ZKN__P02_MR2_MMT_25_2_S_F60_M59.nii,0.8262530938691096,2.500397599582061,44.276430212657885,0.0012339429617469286,0.09045833420493289,0.2978192154488042,1.315561741232096,0.9799226770874416,1.4952476674227289,-186.30013783014536,0.0131015625,0.6162802207570981,False,True,True,False
pt002,MR2,DVF_20200210_ZKN__P02_MR2_MMT_25_2_S_F61_M60.nii,0.5515515931147958,1.291938878501613,36.93214026660391,0.0010713157213282573,0.08134820933418654,0.2744150032898209,1.0513872302023224,0.9959637629307141,1.3120308666312732,-123.85145003282179,0.00757578125,0.39536327826966,False,True,True,False
pt002,MR2,DVF_20200210_ZKN__P02_MR2_MMT_25_2_S_F62_M61.nii,0.5155734636563191,1.1099043755395552,37.474765157740244,0.0007706574918497595,0.08311789742932331,0.27321491063365183,1.0374692798522895,1.001110110541573,0.7020428895133357,-54.22752662520901,0.00467421875,0.2538073068278848,False,True,True,False
pt002,MR2,DVF_20200210_ZKN__P02_MR2_MMT_25_2_S_F63_M62.nii,0.677691942491074,2.2950345854879357,47.950777207430356,0.001212571726661876,0.07542428821015318,0.26044612090083274,1.0744327868558214,0.9941172784524457,1.032375440630608,-104.42481174097018,0.008209375,0.3996869380282398,False,True,True,False
pt002,MR2,DVF_20200210_ZKN__P02_MR2_MMT_25_2_S_F64_M63.nii,0.545577889123413,1.7708443419286124,40.154046858421964,0.0012519505587443474,0.0826864904140196,0.253163250996956,0.9029729552311094,0.988476251309408,0.6683970623974755,-78.66724787531923,0.0076203125,0.2920539593837444,False,True,True,False
pt002,MR2,DVF_20200210_ZKN__P02_MR2_MMT_25_2_S_F65_M64.nii,0.6255865523274774,1.895045291060028,43.16446888274922,0.000810904763223992,0.08352676988920107,0.2675398582119486,1.0488207323810064,0.9857960878247685,1.25155312293449,-159.21764716384453,0.01214765625,0.47745566553632723,False,True,True,False
pt002,MR2,DVF_20200210_ZKN__P02_MR2_MMT_25_2_S_F66_M65.nii,0.5600682388661534,1.7199905583730721,40.00023497652813,0.000674934615876656,0.07275469458168825,0.24541813669024604,0.9857014247799616,0.9889455726636399,0.8714865750826546,-131.29032935090123,0.0071296875,0.373132634408953,False,True,True,False
pt002,MR2,DVF_20200210_ZKN__P02_MR2_MMT_25_2_S_F67_M66.nii,0.6114162913258621,1.6113654564674673,42.38718472104028,0.000963161305524304,0.0873786229486468,0.2738727524779428,1.1173241548264257,0.9850534645101601,0.8801512835497008,-108.32272799056092,0.01192109375,0.4430700998034322,False,True,True,False
pt002,MR2,DVF_20200210_ZKN__P02_MR2_MMT_25_2_S_F68_M67.nii,0.7496339914576837,2.0003795546746996,40.98968991013449,0.00033340584935306374,0.08024723972827712,0.31916806207050674,1.3742859449682692,0.9982907542907309,1.4666331824843823,-194.0850824074571,0.01373828125,0.5428012956930235,False,True,True,False
pt002,MR2,DVF_20200210_ZKN__P02_MR2_MMT_25_2_S_F69_M68.nii,0.7942430746443074,1.2355176504882805,42.349721054848274,0.0005036866774933475,0.09374352561674493,0.3798001055176831,1.920428406396981,0.9869923665989185,1.6357643417698602,-334.85959026848246,0.01099921875,0.4132875206434869,False,True,True,False
pt002,MR2,DVF_20200210_ZKN__P02_MR2_MMT_25_2_S_F6_M5.nii,0.6659582425494078,1.874530466656278,41.041851633971454,0.0006359947547368371,0.08060465754089267,0.2979022626010549,1.203167350797064,0.9822928811514321,0.9114756538205298,-125.58763257967922,0.0105328125,0.47890832949566503,False,True,True,False
pt002,MR2,DVF_20200210_ZKN__P02_MR2_MMT_25_2_S_F70_M69.nii,0.6661756347512631,1.1809487087187305,26.536804913471073,0.0013134952869037241,0.08834044517936407,0.34221714775271095,1.4442255612105,0.9893910070795404,0.9118302375681127,-129.7385830089649,0.00956796875,0.3755191149304188,False,True,True,False
pt002,MR2,DVF_20200210_ZKN__P02_MR2_MMT_25_2_S_F71_M70.nii,0.6980417777552992,1.6933469938589047,45.330869210413454,0.0005387220637250483,0.09691965676165747,0.3227723785274016,1.3393282343238935,1.0054134070540488,1.2901545082643975,-75.40829480900811,0.01114921875,0.5177643379932638,False,True,True,False
pt002,MR2,DVF_20200210_ZKN__P02_MR2_MMT_25_2_S_F72_M71.nii,0.8051189884689206,1.816030777161722,31.351349829432603,0.001100853066892877,0.10912125349311937,0.3717962042102998,1.4037242270700607,0.9853373107989292,0.7461719194854913,-69.46761318264252,0.01271484375,0.4207255677163974,False,True,True,False
pt002,MR2,DVF_20200210_ZKN__P02_MR2_MMT_25_2_S_F73_M72.nii,0.8398785473942979,1.3762052004438878,42.286554794673634,0.0016560734160849867,0.11822694803293884,0.43925747443626056,1.8821586999649995,1.0034451147393686,1.2003636149998014,-278.77722976427106,0.00937578125,0.4006668642320346,False,True,True,False
pt002,MR2,DVF_20200210_ZKN__P02_MR2_MMT_25_2_S_F74_M73.nii,0.7394275226358105,2.085205758974363,50.241696151935336,0.0008743123660914854,0.08654140759084324,0.3182420659452603,1.3286857771171352,0.9865256262678833,1.0540380838455985,-153.2756727913534,0.01070859375,0.3937740803099624,False,True,True,False
pt002,MR2,DVF_20200210_ZKN__P02_MR2_MMT_25_2_S_F75_M74.nii,0.8290662202454628,1.1495726917327507,39.49656428753104,0.0018363470826267506,0.09905963060684393,0.4117261630615119,2.055633332529876,0.992842055656865,0.9433865019076814,-106.70912408817804,0.013240625,0.4762373522148073,False,True,True,False
pt002,MR2,DVF_20200210_ZKN__P02_MR2_MMT_25_2_S_F76_M75.nii,0.6996587324273732,2.8489775340609453,54.84201714018595,0.0012387257066157557,0.08257437500010968,0.2776937332537365,0.9095624611970641,0.9897826255616583,1.7114142116835702,-253.96384621597664,0.009709375,0.5448653128930843,False,True,True,False
pt002,MR2,DVF_20200210_ZKN__P02_MR2_MMT_25_2_S_F77_M76.nii,0.8316998736659259,1.3957568843452588,39.693594831258295,0.0006205536556459697,0.11550969006733063,0.41295829179087606,1.918540315400285,0.9959633672569497,0.9707783349057643,-112.76766875182166,0.01213046875,0.4518656211066885,False,True,True,False
pt002,MR2,DVF_20200210_ZKN__P02_MR2_MMT_25_2_S_F78_M77.nii,0.7175684203976811,1.4235720627094874,51.30214949199655,0.0009521406502937658,0.08432530515087602,0.3388210981441825,1.577902012272632,0.9909072113374394,1.3557181976513184,-198.89410832381046,0.0128328125,0.5811877250173814,False,True,True,False
pt002,MR2,DVF_20200210_ZKN__P02_MR2_MMT_25_2_S_F79_M78.nii,0.689468540989561,1.2357895292317163,47.557864531015994,0.0015047758297291225,0.10044443998641724,0.35457851520592276,1.4812840076866522,0.9932870339381141,1.1230901112139273,-123.03828100596428,0.01043671875,0.4332955178004377,False,True,True,False
pt002,MR2,DVF_20200210_ZKN__P02_MR2_MMT_25_2_S_F7_M6.nii,0.6598451605962283,0.975519451131409,26.60702024976259,0.001258125246258584,0.08394134507314095,0.33383412846035365,1.5669826617223903,0.994391240405892,0.9376251552021051,-264.889381336949,0.00699296875,0.30273787293227616,False,True,True,False
pt002,MR2,DVF_20200210_ZKN__P02_MR2_MMT_25_2_S_F80_M79.nii,0.8318142659863274,1.506357397772073,35.47018511196096,0.0008771415919793065,0.10423202335639546,0.3953649695358906,1.86743525184,0.9918488512352973,0.9362893893441873,-153.11253407887492,0.0143609375,0.5235755783948872,False,True,True,False
pt002,MR2,DVF_20200210_ZKN__P02_MR2_MMT_25_2_S_F81_M80.nii,0.5943142975459396,1.8059266311255358,44.58393265954311,0.0014918649616939784,0.07993153563341795,0.2801285994126814,1.0367411519549719,0.9889350681026184,0.8184000905191864,-103.08013459546798,0.0074203125,0.35454476095522014,False,True,True,False
pt002,MR2,DVF_20200210_ZKN__P02_MR2_MMT_25_2_S_F82_M81.nii,0.7908065319700955,1.9524650446153922,52.230081045976526,0.0007289721172810308,0.08523945561819427,0.3262685377458472,1.5817063236644937,0.9917111966729532,1.1548124816037082,-87.52335502305138,0.01345703125,0.6728034794316414,False,True,True,False
pt002,MR2,DVF_20200210_ZKN__P02_MR2_MMT_25_2_S_F83_M82.nii,0.7180805508173462,1.2344097137228145,42.74867142537471,0.0014070451834062758,0.09460354529596135,0.3615146795048405,1.666484926017286,0.9948550357017062,0.7223083397650302,-124.65796788851192,0.00566015625,0.32707029525370496,False,True,True,False
pt002,MR2,DVF_20200210_ZKN__P02_MR2_MMT_25_2_S_F84_M83.nii,0.5382074491968164,1.349462833792011,45.455235415046374,0.0008595241076778099,0.0820397408960864,0.2655929776315337,0.9971085749586013,0.9997682871691793,1.3707547853121977,-228.51649403229393,0.008159375,0.39633311348898376,False,True,True,False
pt002,MR2,DVF_20200210_ZKN__P02_MR2_MMT_25_2_S_F85_M84.nii,0.70230717637475,2.0685880818061144,42.855290647700116,0.0010626767538744848,0.07612468410167283,0.26520572390832664,1.16792560991957,0.9838333927609554,1.4513923503196295,-186.419103968499,0.01369375,0.6770714442373789,False,True,True,False
pt002,MR2,DVF_20200210_ZKN__P02_MR2_MMT_25_2_S_F86_M85.nii,1.0179667539374875,3.6925499116570655,63.658740334105815,0.0018401922314264668,0.08942571441688281,0.2964240065052383,1.3061356151119983,0.9746796608363687,1.9666230571177004,-142.61685647215154,0.02113046875,1.1466741639667177,False,False,True,False
pt002,MR2,DVF_20200210_ZKN__P02_MR2_MMT_25_2_S_F87_M86.nii,0.6936958572150724,2.393799895074627,46.412173017190185,0.0011320121147579496,0.07564988329728786,0.2518966430174038,0.9844732638629293,0.9822281442129576,1.562106706598069,-288.09621461467196,0.01114375,0.5022123591720857,False,True,True,False
pt002,MR2,DVF_20200210_ZKN__P02_MR2_MMT_25_2_S_F88_M87.nii,0.587403625300271,2.164087293657655,42.77621777166071,0.0015473445443008587,0.07822705082678372,0.24889188299751874,0.8568631823411674,0.9910627778320581,0.8111636725481979,-100.67722196699862,0.007215625,0.3348750123447602,False,True,True,False
pt002,MR2,DVF_20200210_ZKN__P02_MR2_MMT_25_2_S_F89_M88.nii,0.5661121732339103,1.4715834361921976,40.55220480708916,0.0010634126669872095,0.08569649192252114,0.29773977855272704,1.0401829415200703,0.9932115703357786,1.1225687528320527,-125.12842443975393,0.00686015625,0.4365386810006238,False,True,True,False
pt002,MR2,DVF_20200210_ZKN__P02_MR2_MMT_25_2_S_F8_M7.nii,0.963694239822582,2.0099019737972226,50.99853101944663,0.0007326033904322429,0.1067093806201901,0.427409162247835,2.137465109505926,0.9954737481862447,0.972758065558151,-190.02632572455798,0.014475,0.6023888019998931,False,True,True,False
pt002,MR2,DVF_20200210_ZKN__P02_MR2_MMT_25_2_S_F90_M89.nii,0.6191308163805165,1.5091833118505236,50.67125061478354,0.000528629230045764,0.08956860359130436,0.3074391704374181,1.2903414298000697,0.9949294893648665,1.275392965581239,-268.5298503726512,0.00632578125,0.5053566359249948,False,True,True,False
pt002,MR2,DVF_20200210_ZKN__P02_MR2_MMT_25_2_S_F91_M90.nii,0.7308007232941217,1.7260538215212253,53.19040248910268,0.0009348457124169851,0.0899586405138462,0.35599687517779555,1.523785243602544,0.9824653460078869,0.7725398587810949,-89.7056824063159,0.00746953125,0.4056408724213445,False,True,True,False
pt002,MR2,DVF_20200210_ZKN__P02_MR2_MMT_25_2_S_F92_M91.nii,0.6789803092518747,1.921785021482548,58.53381306938246,0.0012651719580578254,0.0824010974791606,0.29897271674791176,1.1784984690241955,0.9901072026313396,1.3994856445846042,-130.59963103130048,0.009846875,0.6226883555633167,False,True,True,False
pt002,MR2,DVF_20200210_ZKN__P02_MR2_MMT_25_2_S_F93_M92.nii,0.6792428945834641,2.7312685665914582,47.64819544167338,0.001278208295386579,0.08400909462648254,0.2555227931747971,0.8998658021875713,1.001136661432862,1.0482937691469727,-167.39601219391645,0.008896875,0.4582492135356257,False,True,True,False
pt002,MR2,DVF_20200210_ZKN__P02_MR2_MMT_25_2_S_F94_M93.nii,0.6113438674095111,1.7743795948496588,67.70501721810713,0.0003157679595109517,0.08508155202207378,0.27870945938584757,1.0832720456066534,1.003885899611244,1.9089037182958946,-193.86483605696714,0.00992734375,0.5934526922239943,False,True,True,False
pt002,MR2,DVF_20200210_ZKN__P02_MR2_MMT_25_2_S_F95_M94.nii,0.7127010818752348,2.225705682744477,60.216491490477495,0.0011858594727403833,0.09210526556331904,0.3130421008288269,1.158904186069624,0.9955087227200451,1.249195250709133,-191.0590639617978,0.00975859375,0.464352118421428,False,True,True,False
pt002,MR2,DVF_20200210_ZKN__P02_MR2_MMT_25_2_S_F96_M95.nii,0.5558062843649203,1.2652677363021316,37.830824183845024,0.0011662585410374597,0.08793825045445347,0.2897281303116195,1.089473142265872,0.9942132466746548,0.613136671544319,-59.54133652356153,0.00509140625,0.27196084362057593,False,True,True,False
pt002,MR2,DVF_20200210_ZKN__P02_MR2_MMT_25_2_S_F97_M96.nii,0.7256812233693479,1.7859295980543413,47.97365713408952,0.00020185206208240723,0.0910558041268233,0.31729848681733175,1.396837332571383,0.9924743380702148,1.1598669965480612,-187.15891732088886,0.0073046875,0.3732905104382581,False,True,True,False
pt002,MR2,DVF_20200210_ZKN__P02_MR2_MMT_25_2_S_F98_M97.nii,0.8405944076713757,3.177189052005949,45.94222544946545,0.001254022768927845,0.07275450717426099,0.2441035140097873,0.961581037487201,0.9712055725163081,2.0543549981528177,-488.02092495774707,0.01513203125,0.6566107142738209,False,True,True,False
pt002,MR2,DVF_20200210_ZKN__P02_MR2_MMT_25_2_S_F99_M98.nii,0.6922699618476635,2.646897548145933,51.71078460945254,0.0007394637212319315,0.07691506054768774,0.23892989907245912,0.872520378694676,0.9861198516328324,1.0885771284269483,-163.96858880254157,0.011303125,0.4521669588717037,False,True,True,False
pt002,MR2,DVF_20200210_ZKN__P02_MR2_MMT_25_2_S_F9_M8.nii,0.6612076515296913,2.1165606766577425,35.66039658603411,0.0010883849064099332,0.07964064796548231,0.2579125131217592,1.0290256625322187,0.9843200199742265,0.8270220185708061,-96.8111606577482,0.01189296875,0.43330855234353105,False,True,True,False
pt002,MR3,DVF_20190502_KJN__P02_MR3_MMT_25_2_S_F100_M101.nii,2.534260397753109,6.9869569788213965,72.83831337758991,0.0007969711792069231,0.11663087739857474,0.4813957684344308,4.732413887864555,0.9721381238453012,4.8090437970993225,-357.5370381972674,0.04657421875,3.0201850554844443,False,False,True,False
pt002,MR3,DVF_20190502_KJN__P02_MR3_MMT_25_2_S_F101_M102.nii,1.7733428497581136,5.516748749442171,61.245587379031946,0.0009082113205002348,0.08553739836544083,0.3002830961999678,3.0139244837702095,0.9724631294269982,3.196247497788399,-294.40901581097705,0.0358734375,1.6572409535196213,False,False,True,False
pt002,MR3,DVF_20190502_KJN__P02_MR3_MMT_25_2_S_F102_M103.nii,0.7742922198559333,1.9325026995649344,40.70500523057199,0.0006877452469891988,0.08938653156800094,0.2988816251517197,1.4329575176606992,0.989763898577811,1.1178662692374741,-94.77906859484,0.01449140625,0.6223400902061789,False,True,True,False
pt002,MR3,DVF_20190502_KJN__P02_MR3_MMT_25_2_S_F103_M104.nii,1.3311442254147106,3.807575244850124,53.53579833917596,0.0015081856742696028,0.09156159922167333,0.3224211002485477,2.2135637683712925,1.0054077763089602,1.9978376944896044,-153.29561622076216,0.02921953125,1.115371129349573,False,False,True,False
pt002,MR3,DVF_20190502_KJN__P02_MR3_MMT_25_2_S_F104_M105.nii,1.1079745382154471,3.114224733403184,54.05593309718395,0.0006719460961636128,0.10935762505300739,0.3510463196953841,1.8546976319279316,0.9998741823269472,1.424757445050072,-71.15148926085308,0.02140546875,0.81661946653376,False,False,True,False
pt002,MR3,DVF_20190502_KJN__P02_MR3_MMT_25_2_S_F105_M106.nii,2.503375918304275,7.628061175502812,82.67573381660095,0.000729159338109173,0.07986979200686292,0.3290600942809389,4.821992810524485,0.9448324718794715,4.202207411398038,-219.04857321889656,0.0501,2.75834624979217,False,False,True,False
pt002,MR3,DVF_20190502_KJN__P02_MR3_MMT_25_2_S_F106_M107.nii,1.6272522304636148,5.6306400565785815,66.04055397162259,0.0008412280401273882,0.0952953185358045,0.3253537160074562,2.269868665244916,0.9612586271869002,2.298223836471762,-153.7821561665866,0.02903828125,1.3706044924449718,False,False,True,False
pt002,MR3,DVF_20190502_KJN__P02_MR3_MMT_25_2_S_F107_M108.nii,1.208782654044098,3.9337615372399846,55.09936777817252,0.0011549462964429073,0.09373087558057883,0.30742479612912105,1.9760899192686838,0.9751694311381427,1.7110342532442777,-102.3296448877403,0.02380703125,1.211441413675286,False,False,True,False
pt002,MR3,DVF_20190502_KJN__P02_MR3_MMT_25_2_S_F108_M109.nii,0.6899870208024773,1.4417558190655742,33.771704441382795,0.0016872534265034726,0.08911962147558766,0.3002977823622805,1.4590438266980559,0.9938538065110819,1.055648943412509,-100.99792930438707,0.01050390625,0.4211374864715629,False,True,True,False
pt002,MR3,DVF_20190502_KJN__P02_MR3_MMT_25_2_S_F109_M110.nii,0.9725686007396712,3.0931330980510725,53.84263896025844,0.0004923795189441077,0.09252278367385454,0.3308370564320051,1.4798172653100488,0.9912111884041122,1.0375497494347774,-87.41871674292237,0.0155046875,0.7237567514450011,False,True,True,False
pt002,MR3,DVF_20190502_KJN__P02_MR3_MMT_25_2_S_F10_M11.nii,1.5393191171107796,5.968143505677419,104.51569221400632,0.0011390520031154725,0.1101914770214457,0.3873082455566428,2.3173011064733577,1.0041928439425003,3.9717090789223666,-322.93376444314566,0.0220109375,1.91316730988253,False,False,True,False
pt002,MR3,DVF_20190502_KJN__P02_MR3_MMT_25_2_S_F110_M111.nii,0.8941251453758974,2.1997973990033315,36.11961115211914,0.0013565803449288687,0.09143631966514995,0.31664414349397874,1.6987721282306547,0.9800252141141215,0.8953782523518733,-80.66238736437427,0.0180625,0.5829885145967242,False,True,True,False
pt002,MR3,DVF_20190502_KJN__P02_MR3_MMT_25_2_S_F111_M112.nii,1.8240565831606204,6.110406664415876,72.1596221176741,0.0010705465724677758,0.08935330426623081,0.32274890093848746,2.4115986394845845,0.9539063231524245,2.355872886952179,-119.74253253404497,0.0331171875,1.65399424579517,False,False,True,False
pt002,MR3,DVF_20190502_KJN__P02_MR3_MMT_25_2_S_F112_M113.nii,0.7106174189828104,1.1435894641403161,32.161550852136344,0.0010976224445384268,0.11398462240660792,0.3643659991271707,1.5475649210805922,1.004439232287787,0.9590166388360714,-126.14883427399431,0.00930703125,0.3486734168450266,False,True,True,False
pt002,MR3,DVF_20190502_KJN__P02_MR3_MMT_25_2_S_F113_M114.nii,0.9142940181222917,2.0440759308259904,52.9289333375894,0.0012366944467298948,0.0898097407504047,0.37008535497147105,1.962797107022855,0.9882316384665283,0.8815669634478994,-74.33626407491002,0.01479609375,0.6151551019521734,False,True,True,False
pt002,MR3,DVF_20190502_KJN__P02_MR3_MMT_25_2_S_F114_M115.nii,1.1821733073427976,3.689254313792364,49.54255438592255,0.0011912922558240382,0.09649950826148772,0.30924966367013873,1.847356844433913,1.0006899545629668,1.7055196938228194,-180.4646310242464,0.0219234375,0.9559904501022218,False,False,True,False
pt002,MR3,DVF_20190502_KJN__P02_MR3_MMT_25_2_S_F115_M116.nii,0.8607278165311781,2.059579302741073,38.05552279782354,0.0012915529556889074,0.09374903032806353,0.31350566122832435,1.7887149102783566,0.972838032037737,0.9252662658292188,-75.94109749376673,0.01569140625,0.513066470408077,False,True,True,False
pt002,MR3,DVF_20190502_KJN__P02_MR3_MMT_25_2_S_F116_M117.nii,0.7587736072540072,1.899893623243519,52.10392496775039,0.0012140008002315592,0.08524528975817984,0.2997138989979176,1.446469367926964,0.9922741281330689,1.0851943368830013,-131.2234959692683,0.013934375,0.5725082454526028,False,True,True,False
pt002,MR3,DVF_20190502_KJN__P02_MR3_MMT_25_2_S_F117_M118.nii,1.906000688160472,5.94125863820093,74.59080136274011,0.0006525024282089263,0.09102542292188495,0.342206412248323,3.3232803525090167,0.9610901217936427,4.271763835366773,-238.5547324042953,0.040521875,2.12659369129121,False,False,True,False
pt002,MR3,DVF_20190502_KJN__P02_MR3_MMT_25_2_S_F118_M119.nii,1.8819977102577399,5.42251765802965,59.50952246448166,0.0013293371489712094,0.09722896002000879,0.37502952423437086,3.0835864888216773,0.9539455905984378,2.398056696484618,-132.4393221872176,0.0373125,1.406131254676635,False,False,True,False
pt002,MR3,DVF_20190502_KJN__P02_MR3_MMT_25_2_S_F119_M120.nii,1.0251450243988858,2.7784786987828887,47.37115097371781,0.0018479898180804315,0.09453369528435768,0.347477661582301,2.0400784895320334,0.9939070894872261,1.0876065167189457,-77.8689804001678,0.0173875,0.7420630535341832,False,True,True,False
pt002,MR3,DVF_20190502_KJN__P02_MR3_MMT_25_2_S_F11_M12.nii,1.7306570390356177,4.972598942678082,78.92769874870528,0.0013592150768880703,0.0972677450529006,0.37778551091201795,3.412859451954825,1.0258201859740248,3.171336807338388,-224.38411763761283,0.03168046875,1.6667216843654042,False,False,True,False
pt002,MR3,DVF_20190502_KJN__P02_MR3_MMT_25_2_S_F120_M121.nii,1.4400396228936119,4.260474778543055,80.11216793357507,0.001058182494652929,0.09188596590803018,0.36386996424096707,2.4048134365345333,0.9475669657401433,3.4382405884406517,-425.4643512826946,0.02680546875,1.346917156522378,False,False,True,False
pt002,MR3,DVF_20190502_KJN__P02_MR3_MMT_25_2_S_F121_M122.nii,1.0033589655999258,3.649469638111509,74.713666068081,0.0008210540320046823,0.09752983133051517,0.3205623313247997,1.384378217040985,0.9976142554490556,2.640633951042283,-487.715847719292,0.01731640625,1.0040336517319437,False,True,True,False
pt002,MR3,DVF_20190502_KJN__P02_MR3_MMT_25_2_S_F122_M123.nii,0.7560976772056756,2.041662689209782,57.09798070203304,0.000904947352115811,0.0922290798324631,0.29819237233755513,1.3840292980541375,0.9907412435734195,1.1407766646288917,-112.04523573534532,0.0132546875,0.5326279936430772,False,True,True,False
pt002,MR3,DVF_20190502_KJN__P02_MR3_MMT_25_2_S_F123_M124.nii,1.287281048692625,4.669212900512275,82.52087106239111,0.0009713611772592618,0.09777035471078149,0.32624082804058374,1.7223266457122988,0.9815269359058723,3.489395029423511,-591.4892971133963,0.02161640625,1.561557250103811,False,False,True,False
pt002,MR3,DVF_20190502_KJN__P02_MR3_MMT_25_2_S_F124_M125.nii,1.0988897514810538,3.625906245033517,56.23184151718846,0.0012327633023043118,0.08995973235926094,0.3176170582235045,1.6343396541949355,0.9786295727080242,1.388590643434446,-145.24814798842976,0.01978046875,0.8375382374911893,False,True,True,False
pt002,MR3,DVF_20190502_KJN__P02_MR3_MMT_25_2_S_F125_M126.nii,1.3095230719570163,4.018412262862778,52.85960887219726,0.001337980862092841,0.09129524696687824,0.31341057674326134,1.9916572630283396,0.9716551597330856,1.3488749312131258,-94.66923418817424,0.0249265625,1.1303151801241564,False,False,True,False
pt002,MR3,DVF_20190502_KJN__P02_MR3_MMT_25_2_S_F126_M127.nii,0.7318410324036041,2.1960357622449407,42.94499979213414,0.001338273975178771,0.0898307602838883,0.291518218586161,1.2447538199907864,0.9828805126351946,1.0098680969408418,-85.27275503174091,0.01138203125,0.5789516867687962,False,True,True,False
pt002,MR3,DVF_20190502_KJN__P02_MR3_MMT_25_2_S_F127_M128.nii,1.2630344848693342,4.35524812152379,87.09802987766184,0.0019413527546681805,0.10112996935626098,0.3258763876702957,1.8095652510652924,1.1470523071899672,4.655622143371419,-132.73371691639815,0.02214921875,1.475099881963071,False,False,True,False
pt002,MR3,DVF_20190502_KJN__P02_MR3_MMT_25_2_S_F128_M129.nii,1.3254799546037552,4.094717901820069,57.02554282933282,0.0010579185428122827,0.08069014324841037,0.2897776338879647,2.301317107620235,0.9675767485162734,2.479501787797457,-158.4639093360921,0.02563984375,1.1518234820077207,False,False,True,False
pt002,MR3,DVF_20190502_KJN__P02_MR3_MMT_25_2_S_F129_M130.nii,0.7265196002525554,2.0611823034907495,45.82299717169522,0.0011910406349744166,0.0898934880347409,0.3100286646687995,1.3549787713648964,0.9938936703763455,0.9487826044025581,-103.14523147458097,0.010040625,0.4252483782027748,False,True,True,False
pt002,MR3,DVF_20190502_KJN__P02_MR3_MMT_25_2_S_F12_M13.nii,1.4525664113528587,4.500989014839423,64.34360861345276,0.0008823179189366402,0.08570696156673797,0.32162808217459127,2.2940688315505873,0.9681133206803859,2.3899622180342384,-159.55218532890686,0.028415625,1.428255872710012,False,False,True,False
pt002,MR3,DVF_20190502_KJN__P02_MR3_MMT_25_2_S_F130_M131.nii,1.957207497397772,5.512213208058864,56.990888277835786,0.0015311561458995024,0.09780223842161787,0.3966102345635871,3.408259097066093,0.968017510350137,2.596408520127806,-179.98335556055162,0.03658984375,1.7868255486722628,False,False,True,False
pt002,MR3,DVF_20190502_KJN__P02_MR3_MMT_25_2_S_F131_M132.nii,0.9131617797292856,1.941541141861393,46.552008289999876,0.0014443752831642656,0.09506135351733819,0.3498652228814193,1.9550750765490499,0.9881943642986416,1.2231867090490676,-160.10484313375122,0.01370390625,0.5446476077649188,False,True,True,False
pt002,MR3,DVF_20190502_KJN__P02_MR3_MMT_25_2_S_F132_M133.nii,1.607870929781794,5.373051629618822,80.08930688443243,0.001158326773156378,0.10242943856213918,0.37042289449061605,2.563883560809718,1.022217302471073,3.2669570218684303,-219.54432068797985,0.02705234375,1.7592096306567269,False,False,True,False
pt002,MR3,DVF_20190502_KJN__P02_MR3_MMT_25_2_S_F133_M134.nii,0.879866761720011,2.664352149822697,56.99255090946256,0.0011167247737118974,0.10158064801793786,0.342236305933835,1.436896946655513,0.989490569988651,1.7937924180999312,-116.01459601650714,0.015403125,0.9877473191570505,False,True,True,False
pt002,MR3,DVF_20190502_KJN__P02_MR3_MMT_25_2_S_F134_M135.nii,1.477613663003596,4.730682486079969,63.02056388179031,0.0009461104804694916,0.08657574903460528,0.3010907560631542,2.2098746994254146,0.960736837868113,1.7855280894514476,-161.72607841407864,0.027540625,1.3317762317964865,False,False,True,False
pt002,MR3,DVF_20190502_KJN__P02_MR3_MMT_25_2_S_F135_M136.nii,1.046050058300635,3.558499780087168,49.001860202354116,0.0005665750986597097,0.09076222126126217,0.2987048725753325,1.446535846365776,0.9823184851629628,1.1204084037024487,-163.95470722722425,0.018825,0.7001283757017641,False,True,True,False
pt002,MR3,DVF_20190502_KJN__P02_MR3_MMT_25_2_S_F136_M137.nii,0.8184707452938467,2.402857787352086,63.00222853889788,0.0012830442224446375,0.09679685847059413,0.31427743169691674,1.3392653628273816,0.9793309581982194,1.929572281852925,-285.5914282416332,0.01506953125,0.6608515671095847,False,True,True,False
pt002,MR3,DVF_20190502_KJN__P02_MR3_MMT_25_2_S_F137_M138.nii,0.9352095965193327,2.811700116952198,53.46661286216538,0.0013441244235828957,0.10499225079560257,0.3267910381645909,1.6431863907025415,0.9834032439708058,1.343431708577675,-140.64471290620392,0.01391953125,0.6622217974810114,False,True,True,False
pt002,MR3,DVF_20190502_KJN__P02_MR3_MMT_25_2_S_F138_M139.nii,1.7834934320360516,5.6081420969281846,75.19552975183774,0.0002000284214376158,0.10747917799598868,0.3913281186617986,2.9985543203808374,0.9912634515586677,4.2591696540250865,-395.49759490672204,0.031521875,1.841215297566259,False,False,True,False
pt002,MR3,DVF_20190502_KJN__P02_MR3_MMT_25_2_S_F139_M140.nii,1.5663631311978323,4.484759072636534,46.46356482556236,0.0011471066325833051,0.09245015995671232,0.33194942705632746,2.476285088750455,0.9720898301345702,2.2124102619574466,-162.34312621062966,0.0323484375,1.3220164449854328,False,False,True,False
pt002,MR3,DVF_20190502_KJN__P02_MR3_MMT_25_2_S_F13_M14.nii,1.4176669995223075,4.341682575319328,57.27170033522049,0.0005771518069903043,0.09278544094943636,0.3518566595309031,2.252371646189849,0.9552362008611864,1.417622956663616,-148.21074627896706,0.0261984375,1.0068583485478213,False,False,True,False
pt002,MR3,DVF_20190502_KJN__P02_MR3_MMT_25_2_S_F140_M141.nii,1.6720194771160524,5.852007316563459,73.98453264347012,0.0017063384040635898,0.10921273875411534,0.3875442069682714,2.1865422822622342,0.936230972651878,3.9647047647366294,-359.3934446735056,0.0286265625,2.1246170411221996,False,False,True,False
pt002,MR3,DVF_20190502_KJN__P02_MR3_MMT_25_2_S_F141_M142.nii,0.7274750297238803,1.678054779413735,45.768301322227884,0.0011426440076773574,0.08452108112152991,0.30510147449298136,1.5415829272751316,0.9846361701736741,1.0723061520891815,-159.2412175952503,0.01037578125,0.516616253388782,False,True,True,False
pt002,MR3,DVF_20190502_KJN__P02_MR3_MMT_25_2_S_F142_M143.nii,1.6554993141883172,5.223929584865031,59.35415165162097,0.0009199823409758383,0.08760929259560943,0.30813167728167795,2.5163253067638682,0.9483449044658193,1.9211668561911424,-146.52805179495633,0.03132265625,1.3369800091344688,False,False,True,False
pt002,MR3,DVF_20190502_KJN__P02_MR3_MMT_25_2_S_F143_M144.nii,1.3189660647556687,3.943627765827013,48.116885123736594,0.0006780658299538678,0.08654315163201623,0.3220814185530151,2.2844741207367747,0.9725008294307043,1.2084305542298295,-82.07651115155544,0.0234203125,1.0453627444156042,False,False,True,False
pt002,MR3,DVF_20190502_KJN__P02_MR3_MMT_25_2_S_F144_M145.nii,2.265700440163053,7.741485147907505,100.88293266021093,0.0013064035081348509,0.11756501364767488,0.4520592035013012,3.0812543448560485,0.9550636213887181,6.565050132328335,-684.7949180605897,0.0341953125,3.188109535468638,False,False,True,False
pt002,MR3,DVF_20190502_KJN__P02_MR3_MMT_25_2_S_F145_M146.nii,1.4325307197123787,4.549234969503288,56.818469147037185,0.0008264775642450381,0.099886044264301,0.3467599464710057,2.0587990140684416,0.961785209138526,2.724266255287157,-342.6634965020152,0.02785625,1.3446427750700896,False,False,True,False
pt002,MR3,DVF_20190502_KJN__P02_MR3_MMT_25_2_S_F146_M147.nii,2.252671748527723,7.032156712146811,76.69922645852824,0.0011670420521418226,0.09109418560205768,0.3393665328434516,3.2131689617549646,0.9329599443851084,5.1529771125134936,-353.07411818076156,0.04046875,2.792027345536804,False,False,True,False
pt002,MR3,DVF_20190502_KJN__P02_MR3_MMT_25_2_S_F147_M148.nii,1.382080383600635,4.789069134729157,63.89571616938598,0.0012901198890332142,0.09109924816045702,0.3102213494714605,1.6396748392871785,0.9466899932100054,3.0629587193882717,-381.7558396191704,0.0263078125,1.4566889693251177,False,False,True,False
pt002,MR3,DVF_20190502_KJN__P02_MR3_MMT_25_2_S_F148_M149.nii,1.2845855079839077,4.063804256770463,55.728889939834225,0.000748934160187161,0.0947845234488662,0.3056166170099745,1.8746293918735268,0.9923161630161343,1.9058286297016223,-112.30958889053214,0.0259421875,1.1586068412661517,False,False,True,False
pt002,MR3,DVF_20190502_KJN__P02_MR3_MMT_25_2_S_F149_M150.nii,2.0366931735113756,6.651326896328595,71.13104171908884,0.0013949707086142963,0.08868940531359006,0.3136244283300277,2.7536616575129265,0.9388435879413916,2.6178875213728205,-209.69052190145032,0.0355484375,1.5403811979535702,False,False,True,False
pt002,MR3,DVF_20190502_KJN__P02_MR3_MMT_25_2_S_F14_M15.nii,1.8990476388361148,5.610728441699159,68.47128490602933,0.0014670708375141995,0.08964972443615679,0.3405919879069702,2.952249616670357,0.9456179422760462,2.3373965738107634,-240.0035896459897,0.03473984375,1.4675213414003117,False,False,True,False
pt002,MR3,DVF_20190502_KJN__P02_MR3_MMT_25_2_S_F150_M151.nii,1.0618676168974972,4.179542040039992,89.40985365671442,0.0009901052450869874,0.10038780363770711,0.3337010621496075,1.5388983881457634,1.0098580243479354,6.797585936375942,-618.1643794399116,0.019725,1.5927228615133442,False,True,True,False
pt002,MR3,DVF_20190502_KJN__P02_MR3_MMT_25_2_S_F151_M152.nii,1.1316962944290814,3.5409692084775215,61.09061536021794,0.0011372354340043506,0.09141035991766869,0.3058161077426832,1.8232662350774125,0.990659004020566,1.361428546108155,-108.66600310707614,0.02189765625,0.9775120704692377,False,False,True,False
pt002,MR3,DVF_20190502_KJN__P02_MR3_MMT_25_2_S_F152_M153.nii,1.0504242676216091,3.014830118858747,42.85949226573604,0.0007372883200548313,0.09231034992612588,0.3117327623720405,1.717835329312012,0.9706208588441289,1.032664978461442,-87.87800349252738,0.02149140625,0.7644997401852426,False,False,True,False
pt002,MR3,DVF_20190502_KJN__P02_MR3_MMT_25_2_S_F153_M154.nii,1.465886142721253,4.565971368106695,68.64314721682914,0.001587930284292546,0.10966310606807397,0.3646657765681098,2.304546756815567,0.9542523833033992,6.5285398249520155,-1041.2808706082803,0.02795,1.6380918613968019,False,False,True,False
pt002,MR3,DVF_20190502_KJN__P02_MR3_MMT_25_2_S_F154_M155.nii,1.5710414711107248,4.82149134174382,50.90927512434562,0.0013288284690467882,0.10127758522289769,0.3944111496210361,2.1157259238029065,0.9550682103213789,1.5631014995140482,-115.21309326624115,0.02813359375,1.0691493471001061,False,False,True,False
pt002,MR3,DVF_20190502_KJN__P02_MR3_MMT_25_2_S_F155_M156.nii,0.9745462488209454,3.564380824130968,80.36928726518526,0.002474407844140755,0.10670788609468586,0.3339411055516424,1.3705702313176058,1.0186903791486959,3.795294880211717,-247.69625342170582,0.01730859375,1.0526298428660474,False,True,True,False
pt002,MR3,DVF_20190502_KJN__P02_MR3_MMT_25_2_S_F156_M157.nii,1.5312913722664634,5.201516279266767,60.07827447897859,0.0016428726841611876,0.09823696145215186,0.31204520733596497,1.8920255814569482,0.9869383826781805,2.790194957925637,-174.76982541970884,0.02759296875,1.4232577961514503,False,False,True,False
pt002,MR3,DVF_20190502_KJN__P02_MR3_MMT_25_2_S_F157_M158.nii,1.3906403223573724,4.759989685409449,87.54312905589666,0.0012878109187592474,0.10465163527612016,0.3479829533054643,1.9167821210519937,0.9588476018750205,4.846450780375652,-422.0861326758533,0.02631484375,2.286720190109533,False,False,True,False
pt002,MR3,DVF_20190502_KJN__P02_MR3_MMT_25_2_S_F158_M159.nii,1.1757437858841135,3.598419157672851,50.797284042457754,0.0007319072018990677,0.09327151189889211,0.3043682560809169,1.954244824817331,0.9741457535159552,1.3718331559071406,-131.83772457544117,0.02335234375,0.9925607884526566,False,False,True,False
pt002,MR3,DVF_20190502_KJN__P02_MR3_MMT_25_2_S_F159_M160.nii,2.1998180142753117,6.936451477286982,74.48746067471721,0.0006712667380149576,0.09176725853024746,0.3209044479368218,3.2546519025663394,1.000176973346752,4.809988270968407,-277.86756611145273,0.039834375,3.0245750066337798,False,False,True,False
pt002,MR3,DVF_20190502_KJN__P02_MR3_MMT_25_2_S_F15_M16.nii,0.9517079691423858,3.2581147262514705,80.01961214026753,0.0018877461308484942,0.10640568689110023,0.3639239358287798,1.538577438751517,1.0225942477231775,4.104997719434157,-468.8652998757187,0.01791015625,1.0492112294076943,False,True,True,False
pt002,MR3,DVF_20190502_KJN__P02_MR3_MMT_25_2_S_F16_M17.nii,3.863639994371897,10.754014627202267,113.17734574131615,0.0008010089060756009,0.11040164317921479,0.46464217564657123,9.291708378412837,0.9469155394516083,9.00220827349502,-590.671755079867,0.0620390625,5.5214562708212505,False,False,True,False
pt002,MR3,DVF_20190502_KJN__P02_MR3_MMT_25_2_S_F17_M18.nii,2.681707798368551,7.0743421263643755,69.94462389343322,0.00038050884824116513,0.09677937349355979,0.37741486968519095,6.180620310159417,0.9601721031068308,5.820955845850591,-421.541873700994,0.05518203125,3.443963233311037,False,False,True,False
pt002,MR3,DVF_20190502_KJN__P02_MR3_MMT_25_2_S_F18_M19.nii,1.9053710816180487,5.164462055068265,81.46278057689483,0.0017274286226179845,0.09852990482046765,0.3714181866748536,3.958119699730829,0.9476182214331942,4.003017087861127,-663.5465322647066,0.044471875,2.2465150923472463,False,False,True,False
pt002,MR3,DVF_20190502_KJN__P02_MR3_MMT_25_2_S_F19_M20.nii,4.309558243087877,11.391255014817391,107.93364741401895,0.0014105180981055733,0.10381132442958844,0.46370816670357173,11.245161051602066,0.9937187646867309,13.309644292921346,-776.1511290065256,0.074115625,6.061224178961767,False,False,True,False
pt002,MR3,DVF_20190502_KJN__P02_MR3_MMT_25_2_S_F1_M2.nii,2.1147433997053207,5.836774413498362,87.98073602139411,0.0010943277029550479,0.11240832531946555,0.44499133714454586,4.20020149505142,0.947411776149272,5.333795880869848,-981.8929469651317,0.0456515625,2.361105317345326,False,False,True,False
pt002,MR3,DVF_20190502_KJN__P02_MR3_MMT_25_2_S_F20_M21.nii,1.0636292552395312,3.5354117785454373,74.35087978109613,0.001204352795337012,0.11542904941112508,0.3787406399547705,1.662919960802026,1.039595571236015,2.583150249229445,-264.1216965617182,0.01699453125,1.003565709227037,False,True,True,False
pt002,MR3,DVF_20190502_KJN__P02_MR3_MMT_25_2_S_F21_M22.nii,1.9944234478926457,6.319918661524082,95.93378835987951,0.001420964114001884,0.11949041295268742,0.44433463671211426,3.3042411533550573,0.9673701470342254,4.381891841504632,-347.3172123623697,0.03378984375,2.257490785908041,False,False,True,False
pt002,MR3,DVF_20190502_KJN__P02_MR3_MMT_25_2_S_F22_M23.nii,0.9706743941268363,2.3066122339567023,48.71741643024717,0.0012831267103096706,0.10327137281385579,0.3976003159442098,2.0444982959899822,0.9864909250418484,1.1705960346173736,-96.56456437117599,0.01542109375,0.6640407289770576,False,True,True,False
pt002,MR3,DVF_20190502_KJN__P02_MR3_MMT_25_2_S_F23_M24.nii,2.0047213655788974,5.0772178597742865,81.38761925427661,0.0017169417732240263,0.10192877409857506,0.43608587464783255,4.746005164446079,1.0050826177306658,3.3459144841152795,-233.06126851421357,0.04392734375,2.0204478428570307,False,False,True,False
pt002,MR3,DVF_20190502_KJN__P02_MR3_MMT_25_2_S_F24_M25.nii,2.4988575264780217,7.188333136467367,67.62908021074091,0.0006281621722205346,0.08582622377870505,0.32955994449710285,4.820090261006547,0.943333686812335,4.919971019417904,-490.41962006582264,0.04962578125,2.8576947505749764,False,False,True,False
pt002,MR3,DVF_20190502_KJN__P02_MR3_MMT_25_2_S_F25_M26.nii,2.024540693974896,6.127166358885762,100.59811558387763,0.000903269767401299,0.11178717373542577,0.39906638227148117,3.7052211871561287,0.8968948553805014,5.936688412636804,-595.0351696626245,0.03887109375,2.388491879240238,False,False,True,False
pt002,MR3,DVF_20190502_KJN__P02_MR3_MMT_25_2_S_F26_M27.nii,1.1915350646938754,4.436390605895998,85.81285305446143,0.0015996432443031922,0.09979062587808638,0.33360899359162827,1.7316674777828382,1.1066258148258032,4.878245393300504,-443.11762410110384,0.0220484375,1.4621889644095958,False,False,True,False
pt002,MR3,DVF_20190502_KJN__P02_MR3_MMT_25_2_S_F27_M28.nii,0.805319211951048,1.8119121317756208,52.61972150548118,0.00097853809823121,0.10188248119740319,0.36913772407254014,1.6906707760816009,0.995236303538688,1.840409431506967,-196.81925605549574,0.0137671875,0.5688178341210122,False,True,True,False
pt002,MR3,DVF_20190502_KJN__P02_MR3_MMT_25_2_S_F28_M29.nii,1.5246065927887615,4.877811163215627,80.10437268090577,0.0011130909495595065,0.09894336068436041,0.3416120194298733,2.3344889850940906,1.0246931525926994,4.585613971931969,-434.0296411702267,0.03410390625,1.9871139581437376,False,False,True,False
pt002,MR3,DVF_20190502_KJN__P02_MR3_MMT_25_2_S_F29_M30.nii,2.0455304665259986,6.974202676495098,105.13982013402418,0.0011212926030111862,0.10198917173062347,0.3720943487174503,3.0364765467119255,0.9400606335907589,4.3966905557380995,-488.5418087303254,0.03554375,2.2935385122565064,False,False,True,False
pt002,MR3,DVF_20190502_KJN__P02_MR3_MMT_25_2_S_F2_M3.nii,1.5926949972950009,4.264099374214431,49.95202512170409,0.0006958325190971049,0.0967948368296655,0.38877548361460057,3.170632111120905,0.9638093336782502,1.9740492839961072,-184.23161721746288,0.03161875,1.3352453343841804,False,False,True,False
pt002,MR3,DVF_20190502_KJN__P02_MR3_MMT_25_2_S_F30_M31.nii,1.2789529488735056,4.090154038672779,55.745284589697235,0.0012898421426493286,0.09125371358500974,0.3286899557157726,2.1462481722446958,0.9651919179552566,1.4748095327443176,-140.08732615549815,0.02275859375,0.877310629799894,False,False,True,False
pt002,MR3,DVF_20190502_KJN__P02_MR3_MMT_25_2_S_F31_M32.nii,1.8039112310082694,5.2750986410718,71.55259632573126,0.0016690254462028784,0.10304216391371951,0.392189038822737,3.1371129899330206,0.9043373764351378,6.056779709111455,-826.6010804082698,0.03210703125,1.6318784570806084,False,False,True,False
pt002,MR3,DVF_20190502_KJN__P02_MR3_MMT_25_2_S_F32_M33.nii,1.4744496868546473,4.450094349657256,82.39400768932394,0.0012015516455963948,0.09509954969231176,0.35467289922080747,2.62149604017601,1.011213040749782,4.299386342622782,-757.9990323215092,0.03134453125,1.5575981763167839,False,False,True,False
pt002,MR3,DVF_20190502_KJN__P02_MR3_MMT_25_2_S_F33_M34.nii,3.142567207769259,10.404183580746793,113.79714814263035,0.0006564758799043437,0.09386732757786552,0.3963651801494592,5.5087990290337805,0.9248109557592646,5.112343455573238,-472.7649964850172,0.04374765625,3.259755511539682,False,False,True,False
pt002,MR3,DVF_20190502_KJN__P02_MR3_MMT_25_2_S_F34_M35.nii,2.4263864699505127,7.283880709724133,80.94877276046813,0.0012382433258754484,0.09362413118737689,0.3526775437918185,4.24841114083812,0.9611028501490929,4.174796283655535,-338.86248337278795,0.048728125,2.5966526586775815,False,False,True,False
pt002,MR3,DVF_20190502_KJN__P02_MR3_MMT_25_2_S_F35_M36.nii,1.0904006032808498,2.9129080655206203,39.79064443863884,0.0006442373827096266,0.08407736719201155,0.33631224931634096,2.072870966512607,0.962374006409402,1.3901280337659405,-103.5744854176128,0.02099296875,0.6586975945639518,False,False,True,False
pt002,MR3,DVF_20190502_KJN__P02_MR3_MMT_25_2_S_F36_M37.nii,1.9854406259183244,6.648526783706986,95.86883222596128,0.0007115309270790826,0.10564149263852132,0.37249980153973694,2.963622251179577,0.9688286193291189,4.701810675709542,-384.3168954293801,0.03118125,2.322580552528238,False,False,True,False
pt002,MR3,DVF_20190502_KJN__P02_MR3_MMT_25_2_S_F37_M38.nii,3.0432167249364634,7.138911047815581,59.96193714147671,0.0013157597781716295,0.09390262927587294,0.3997630500473108,9.350360135149868,0.89290795850549,3.7310589364766202,-329.16397073388174,0.0644546875,2.691405327571902,False,False,True,False
pt002,MR3,DVF_20190502_KJN__P02_MR3_MMT_25_2_S_F38_M39.nii,2.3653155602151346,6.869787826420766,68.65059551121874,0.00021060811809741448,0.08843594472597746,0.33667310469591427,4.484213174985127,0.9159482879382389,3.9074127910103935,-330.7102010056474,0.0480578125,2.1206212894761034,False,False,True,False
pt002,MR3,DVF_20190502_KJN__P02_MR3_MMT_25_2_S_F39_M40.nii,1.3189352069403315,4.182810256827073,81.10876510694239,0.0010049194504269208,0.0923674548492574,0.32547825939005626,2.347500454637692,1.0767591023298648,3.6820572588984093,-229.92460543861182,0.02698828125,1.5055190637125715,False,False,True,False
pt002,MR3,DVF_20190502_KJN__P02_MR3_MMT_25_2_S_F3_M4.nii,1.9632476620808743,5.823729115865155,78.32911955918928,0.0008758285502832332,0.09147493661213126,0.354140593795688,3.5447738080722786,0.9807350417332853,4.671835522056572,-239.84571588751737,0.04025234375,2.0818571445174503,False,False,True,False
pt002,MR3,DVF_20190502_KJN__P02_MR3_MMT_25_2_S_F40_M41.nii,2.5193224387418707,7.236148096585765,80.9523336338913,0.0006885005074652458,0.08989629706393726,0.3462287870733558,5.205308012738313,0.9196476685375441,3.971561083824773,-242.7321062752273,0.04848671875,2.4852961281631853,False,False,True,False
pt002,MR3,DVF_20190502_KJN__P02_MR3_MMT_25_2_S_F41_M42.nii,1.9818663062816197,5.733206502908344,73.83797952349451,0.0012822634653688986,0.08062142608482048,0.31474038246489017,3.805777010098191,0.9209181806550166,2.841404852478924,-204.45533972544206,0.04378515625,2.1100382702051217,False,False,True,False
pt002,MR3,DVF_20190502_KJN__P02_MR3_MMT_25_2_S_F42_M43.nii,2.1430819159303462,6.441890075493764,101.03874551150938,0.0014848279975241182,0.10718042616493062,0.4186918543640014,4.057762947139124,0.9771235384496847,3.916941834411605,-294.75041701452017,0.04230625,2.657769742871383,False,False,True,False
pt002,MR3,DVF_20190502_KJN__P02_MR3_MMT_25_2_S_F43_M44.nii,1.6037599609264328,4.916268509838396,54.132750532433754,0.0011987925635925753,0.10029142320445976,0.3616756641290471,2.450086681838763,0.9444725273166666,2.5015509096829107,-203.31441938234212,0.03588046875,1.3409423888136012,False,False,True,False
pt002,MR3,DVF_20190502_KJN__P02_MR3_MMT_25_2_S_F44_M45.nii,2.303343740318952,6.413943090327185,62.72464111993432,0.0007097431678380667,0.08851435759369024,0.3525333275863499,4.809969697762471,0.9497565406538373,2.204245493974571,-119.73576707707879,0.04584375,1.7295515774006431,False,False,True,False
pt002,MR3,DVF_20190502_KJN__P02_MR3_MMT_25_2_S_F45_M46.nii,1.2474816581759105,3.6975943964766587,49.6666148578932,0.0011175020250148778,0.10342242186195229,0.34760696727970125,2.1549899829053216,0.973279820153229,1.406827800693386,-67.56517425849104,0.02300703125,0.85510121335577,False,False,True,False
pt002,MR3,DVF_20190502_KJN__P02_MR3_MMT_25_2_S_F46_M47.nii,2.4556598337731246,7.830671529315928,89.65436515518478,0.0012705695540705456,0.08164435625456301,0.31607696816429687,4.426064941224454,0.9313092709468906,3.7499963801244616,-201.76466930637721,0.04458671875,2.4423385312310004,False,False,True,False
pt002,MR3,DVF_20190502_KJN__P02_MR3_MMT_25_2_S_F47_M48.nii,1.9235277488351785,5.444035543314349,66.23217181908775,0.0008971552212052041,0.09059619384353787,0.34899423822048614,3.65491237439488,0.9696669454209567,2.320570780231226,-161.41866379346197,0.03869375,1.849375101212324,False,False,True,False
pt002,MR3,DVF_20190502_KJN__P02_MR3_MMT_25_2_S_F48_M49.nii,1.9909968192100012,5.699417697292142,68.63761385521097,0.0007895588476473274,0.08687101746907458,0.3283610276799734,3.9396636997775123,0.9591330082695624,3.5434034043494385,-206.90471665083157,0.0446078125,2.17940709458078,False,False,True,False
pt002,MR3,DVF_20190502_KJN__P02_MR3_MMT_25_2_S_F49_M50.nii,1.489326131008986,4.93555875761006,67.41878449271279,0.0010971547801221662,0.08385978073351096,0.29528962169425127,2.1880802129922654,0.9861791378858709,2.1117310858469085,-154.30906734826578,0.02812421875,1.4551273350394889,False,False,True,False
pt002,MR3,DVF_20190502_KJN__P02_MR3_MMT_25_2_S_F4_M5.nii,0.9583132148922039,2.6126240909718863,53.51294275066722,0.0018877550639979388,0.11375896005021732,0.3765161341521974,1.8133790953736346,0.9926255224166299,0.8125312160273533,-55.38229156243408,0.01597421875,0.6727552383554758,False,True,True,False
pt002,MR3,DVF_20190502_KJN__P02_MR3_MMT_25_2_S_F50_M51.nii,2.2334000394896854,7.649010364510815,91.3079089062248,0.0004542506152952644,0.07956541641493495,0.2914731518353738,3.413427699554214,0.9184203932505266,5.043712738347543,-680.6950542663576,0.0401703125,2.262756477112869,False,False,True,False
pt002,MR3,DVF_20190502_KJN__P02_MR3_MMT_25_2_S_F51_M52.nii,1.684428406377833,4.921698605366132,79.56641594234542,0.0007327955737101378,0.09386406826781488,0.3399627989332088,3.538889180717719,0.9760920850005694,3.6951708010140987,-593.8194119174988,0.0361,1.8538166649581487,False,False,True,False
pt002,MR3,DVF_20190502_KJN__P02_MR3_MMT_25_2_S_F52_M53.nii,3.396817643061497,10.007288042483157,114.10956721429929,0.0018787692720467185,0.12066872707046328,0.5349858437386785,6.204462616506368,0.9873732842440213,10.637035510146681,-673.9837731958911,0.06052890625,5.110742454940842,False,False,True,False
pt002,MR3,DVF_20190502_KJN__P02_MR3_MMT_25_2_S_F53_M54.nii,2.8253896987206963,8.843188408025563,111.43717656665093,0.0006685820089833404,0.11309029478081276,0.4538714311121352,4.922917799480063,0.948092131152996,5.765646598090761,-564.2053631834377,0.0514359375,3.9677915251733897,False,False,True,False
pt002,MR3,DVF_20190502_KJN__P02_MR3_MMT_25_2_S_F54_M55.nii,1.3403658286745461,4.316708306420657,62.63902292545313,0.0012649346012149518,0.11351124251724325,0.39365717973904335,2.0000630859399964,1.0103154887158263,2.0101332553682325,-98.45390424468847,0.02480234375,1.4436091364829473,False,False,True,False
pt002,MR3,DVF_20190502_KJN__P02_MR3_MMT_25_2_S_F55_M56.nii,0.6995150210330354,1.1871024666429928,39.614472666831176,0.00045363476536151935,0.09907886574108539,0.3490811024559176,1.529582269172012,1.0046469471721933,0.7897083884271214,-67.8599558173097,0.01004296875,0.41396623409930416,False,True,True,False
pt002,MR3,DVF_20190502_KJN__P02_MR3_MMT_25_2_S_F56_M57.nii,0.9468696500106586,1.6545333372241016,41.23097864681553,0.0011395201597340404,0.10504415569784822,0.3923714632982811,2.4328386444415644,0.9834694848312305,0.8063746429825751,-75.64106196028617,0.0150765625,0.531515726686161,False,True,True,False
pt002,MR3,DVF_20190502_KJN__P02_MR3_MMT_25_2_S_F57_M58.nii,2.1810410305838,5.548010773487895,57.684435960828594,0.0006843104183347957,0.09484326301080394,0.3783588077102745,5.303110611547027,0.9424457612944023,2.3193804525461545,-207.36014405941137,0.05008359375,1.697230253419956,False,False,True,False
pt002,MR3,DVF_20190502_KJN__P02_MR3_MMT_25_2_S_F58_M59.nii,3.432787028213316,8.501108295932271,67.01137898012036,0.00113284632581911,0.0867102798976778,0.36830107619033536,10.541780266309427,0.8447171472900836,6.7531271756594835,-951.5541971209336,0.07071640625,4.097690937227966,False,False,True,False
pt002,MR3,DVF_20190502_KJN__P02_MR3_MMT_25_2_S_F59_M60.nii,1.3816789917330659,3.9234953461579107,53.69319012391881,0.0009239622731666246,0.08096336652619152,0.2920242896168398,2.663110949407797,0.9911011884521306,1.2036655457033774,-79.03520846826788,0.02881640625,1.1545513685248614,False,False,True,False
pt002,MR3,DVF_20190502_KJN__P02_MR3_MMT_25_2_S_F5_M6.nii,0.7065654354181595,1.195121139394734,35.63230552047413,0.000823902105046299,0.09737926968470899,0.3467268804762741,1.5586179211798568,0.9954413373233687,0.9988038107500467,-114.74979164699629,0.01321796875,0.47682195440058783,False,True,True,False
pt002,MR3,DVF_20190502_KJN__P02_MR3_MMT_25_2_S_F60_M61.nii,3.1296760228292313,8.935245819385306,76.5229182788635,0.0008824642850940336,0.08358046698675903,0.3183223576902122,6.661377945123767,0.935339963155234,5.416830638853589,-303.43533305183473,0.06056171875,3.561831999900793,False,False,True,False
pt002,MR3,DVF_20190502_KJN__P02_MR3_MMT_25_2_S_F61_M62.nii,1.6955985598032264,5.344973505979413,69.41383269769186,0.0010266370389081117,0.07844977992594197,0.29800233275282134,2.787557136296658,1.062134313449551,3.508660164120499,-163.50905684074726,0.03540234375,1.9151926423546768,False,False,True,False
pt002,MR3,DVF_20190502_KJN__P02_MR3_MMT_25_2_S_F62_M63.nii,1.2011133791016124,3.4961625530572995,49.383286340594275,0.0013655808713029865,0.0964560171804369,0.3153345259543582,2.048855630326491,0.995359603230152,1.264805870829962,-196.76212471676635,0.02242890625,0.9420680669189078,False,False,True,False
pt002,MR3,DVF_20190502_KJN__P02_MR3_MMT_25_2_S_F63_M64.nii,2.9647683829322444,7.542401536508046,80.68934511078547,0.0008355714916034867,0.09529582214591793,0.416163292148972,7.97211349040125,1.0288705925437915,5.523963536948357,-561.6799035197056,0.06037421875,3.707191900424178,False,False,True,False
pt002,MR3,DVF_20190502_KJN__P02_MR3_MMT_25_2_S_F64_M65.nii,1.4671951505064487,4.303769119895745,47.025703037668855,0.0013907430105944167,0.09155700637122718,0.33835941450082735,2.414914896748079,0.968919754919984,2.142413124623403,-173.02161038100724,0.030971875,1.3951512324392883,False,False,True,False
pt002,MR3,DVF_20190502_KJN__P02_MR3_MMT_25_2_S_F65_M66.nii,0.6840474028052499,1.5168831170556207,48.80579267333411,0.0006488763503649598,0.09723437767063614,0.3364458164945079,1.398899443943944,0.9949615220590922,1.0204938070969383,-105.3088040973835,0.00896875,0.431991825978359,False,True,True,False
pt002,MR3,DVF_20190502_KJN__P02_MR3_MMT_25_2_S_F66_M67.nii,3.37678480073383,10.029651005435708,115.15712433988978,0.0011680440708962594,0.08158912348777897,0.3523443319141834,7.692547426000686,0.8969148292532314,4.998681061491719,-511.6311500041636,0.0568625,3.8360843585617013,False,False,True,False
pt002,MR3,DVF_20190502_KJN__P02_MR3_MMT_25_2_S_F67_M68.nii,0.8719189274081537,2.119879414794892,50.45452745716171,0.001664851011805032,0.0981617120284535,0.35140668258289376,1.7037896097766343,0.9870882407322413,1.9416837325361567,-275.467048354455,0.01718515625,0.715230028333691,False,True,True,False
pt002,MR3,DVF_20190502_KJN__P02_MR3_MMT_25_2_S_F68_M69.nii,1.9465314671468898,5.674253364094284,74.43452853807705,0.0010608699431951096,0.08924774094518771,0.3268968905000482,3.601794448422755,0.9244048172442269,2.934315523611338,-262.7058466454867,0.03913984375,1.9390514434574153,False,False,True,False
pt002,MR3,DVF_20190502_KJN__P02_MR3_MMT_25_2_S_F69_M70.nii,1.1616085666994471,3.6891574695107394,75.42758297530605,0.0011663339246227834,0.0873181088149247,0.3134167561161105,2.093381719508818,1.0342427063469342,3.468275558569858,-278.3543050500365,0.02422421875,1.2226938218805805,False,False,True,False
pt002,MR3,DVF_20190502_KJN__P02_MR3_MMT_25_2_S_F6_M7.nii,2.8396736351917204,7.561332696228264,78.06676882346127,0.001440593746615305,0.10144077086620057,0.4177426441906277,6.713307640786619,0.9200553782898647,6.059353632574494,-403.2430966455092,0.0546078125,2.9926434664451897,False,False,True,False
pt002,MR3,DVF_20190502_KJN__P02_MR3_MMT_25_2_S_F70_M71.nii,2.6211715059526925,8.15974625305664,103.35440050374534,0.0011695504869556701,0.09394744452220638,0.3841931136758332,4.747727361698895,0.9444000812006134,5.51978549084187,-503.2686920583806,0.04830546875,3.417013386438288,False,False,True,False
pt002,MR3,DVF_20190502_KJN__P02_MR3_MMT_25_2_S_F71_M72.nii,0.7990318335114739,1.328306746168043,29.535695625081658,0.0014286850867850562,0.09072715664036028,0.3682747342046442,1.8973525665853657,0.9909326552619588,0.7943080443877752,-92.39782151445488,0.0143484375,0.46792596975218376,False,True,True,False
pt002,MR3,DVF_20190502_KJN__P02_MR3_MMT_25_2_S_F72_M73.nii,1.2801876572199902,3.146693742888682,42.395963023460595,0.000721393214610782,0.09269799267326342,0.36832333428298725,2.6690865573697398,0.9740422045777303,1.0139653081788889,-68.38222427998002,0.02495390625,0.741023861475612,False,False,True,False
pt002,MR3,DVF_20190502_KJN__P02_MR3_MMT_25_2_S_F73_M74.nii,1.8917657736979459,5.0748736695752665,54.412909512946825,0.00183962767799987,0.08741338604631983,0.32923646490144154,3.9419314356626054,0.9421841699893617,2.363554270563211,-153.90395310642634,0.04260703125,1.5921692450525116,False,False,True,False
pt002,MR3,DVF_20190502_KJN__P02_MR3_MMT_25_2_S_F74_M75.nii,1.7139995007271933,5.004752213113456,58.50777288284776,0.0002766713103410312,0.08936824319419973,0.32730190528571224,3.145847927569224,0.975822838957266,1.9987596219465338,-300.14291949232825,0.03803671875,1.393500975469047,False,False,True,False
pt002,MR3,DVF_20190502_KJN__P02_MR3_MMT_25_2_S_F75_M76.nii,1.5322675193140252,4.973392398821145,78.53305786543326,0.0013309511964685215,0.09629840649965628,0.36496481157811284,2.3540457386263838,1.0726526412126045,4.7454750969371124,-331.7752163903088,0.0304859375,1.7158708534805323,False,False,True,False
pt002,MR3,DVF_20190502_KJN__P02_MR3_MMT_25_2_S_F76_M77.nii,1.6306712481768355,4.593597298395993,55.140658525881335,0.0010599336509288597,0.10219981267564396,0.3952529958891434,3.048412426019147,0.9568429771556208,1.871666309772019,-264.79353088699946,0.0337015625,1.3296202480452881,False,False,True,False
pt002,MR3,DVF_20190502_KJN__P02_MR3_MMT_25_2_S_F77_M78.nii,1.4158072039613916,4.500065323325859,82.26413584180499,0.0011535536289075626,0.08917902760339526,0.34042988032232246,2.4902998852201694,1.0490977618443051,3.6948092822914504,-343.26765199244807,0.02653046875,1.5461981803095466,False,False,True,False
pt002,MR3,DVF_20190502_KJN__P02_MR3_MMT_25_2_S_F78_M79.nii,2.9282571360087966,10.228120788994913,109.94712736860227,0.00048706584139642417,0.0896403005119189,0.3712661356990089,4.266771563060232,0.9505123839923263,5.490247942801106,-432.69109721804057,0.0451125,3.572346949994858,False,False,True,False
pt002,MR3,DVF_20190502_KJN__P02_MR3_MMT_25_2_S_F79_M80.nii,1.7074927286380317,5.541280696588699,60.37170357182235,0.00043621932057521487,0.09102040836255118,0.3321620297143573,2.333500004596494,0.9372237299486255,2.7606923666589887,-169.52339077804447,0.03139453125,1.4690614974356215,False,False,True,False
pt002,MR3,DVF_20190502_KJN__P02_MR3_MMT_25_2_S_F7_M8.nii,3.2863416632883187,8.03337796338345,76.37347899294248,0.001391410222253938,0.09262260133837086,0.4254078004565398,9.920913911371132,0.9236638849055515,5.2179609804185265,-353.3395778427412,0.06593125,3.9687420054864138,False,False,True,False
pt002,MR3,DVF_20190502_KJN__P02_MR3_MMT_25_2_S_F80_M81.nii,1.040945219977627,3.1406583976886706,48.28133476404104,0.0008220891900577407,0.08265059407847067,0.29234903456672146,1.7771364248586967,0.9801387084254446,1.6773024988656888,-176.1608951765409,0.0242328125,0.8745126229086995,False,False,True,False
pt002,MR3,DVF_20190502_KJN__P02_MR3_MMT_25_2_S_F81_M82.nii,0.78028267925777,1.6914704330624635,51.08839775932166,0.0014243502036698104,0.09928003542052169,0.3373110238462136,1.5842645865005134,1.0139304266009141,1.9745730064156048,-150.62781033324504,0.0161,0.6179776852184652,False,True,True,False
pt002,MR3,DVF_20190502_KJN__P02_MR3_MMT_25_2_S_F82_M83.nii,1.4594975739947085,4.131850022811857,66.15491618879429,0.0014257523375949643,0.09217594738760782,0.3406499566885675,2.9940502308159336,0.9119462107590316,2.643089066914639,-190.76846702064975,0.03042265625,1.1907177783318523,False,False,True,False
pt002,MR3,DVF_20190502_KJN__P02_MR3_MMT_25_2_S_F83_M84.nii,1.7248006630434696,4.608895299005316,58.27566353816578,0.00114402405144557,0.09611855385972715,0.3599043406736371,3.574607075459828,0.925223675383017,2.7843523908907293,-222.5804437617142,0.0374421875,1.5450287121557373,False,False,True,False
pt002,MR3,DVF_20190502_KJN__P02_MR3_MMT_25_2_S_F84_M85.nii,1.6240411560937982,5.038112775546891,83.34107422989528,0.0006353257562854827,0.09904313111224178,0.3744215269235359,2.7455621825348593,1.0324961514949578,3.6762003862957973,-381.529139702166,0.03150078125,1.5207544977069345,False,False,True,False
pt002,MR3,DVF_20190502_KJN__P02_MR3_MMT_25_2_S_F85_M86.nii,1.5525925781668197,5.037122447362289,59.53818249447984,0.0014397207370531388,0.09262848898788228,0.34289456632174076,2.4422734117673968,0.9730129269206674,2.8881690342859843,-189.80931419603482,0.03107734375,1.2307107882713728,False,False,True,False
pt002,MR3,DVF_20190502_KJN__P02_MR3_MMT_25_2_S_F86_M87.nii,0.7795083000852656,2.0416201144346204,39.7983386992709,0.00023895954978992123,0.0918535831901094,0.297797767052771,1.4835471704605847,0.9854339486552802,1.4257882569497302,-147.68090925417724,0.0151625,0.5753144565733643,False,True,True,False
pt002,MR3,DVF_20190502_KJN__P02_MR3_MMT_25_2_S_F87_M88.nii,2.2126907724228153,6.312306559126884,76.10136619873633,0.0002986390576345433,0.09004215077290449,0.36039417520336053,4.580135630938339,0.9485347582860186,5.8207686732366755,-621.438999693128,0.045221875,2.7450561875136295,False,False,True,False
pt002,MR3,DVF_20190502_KJN__P02_MR3_MMT_25_2_S_F88_M89.nii,2.730369244286276,7.05956636755746,75.31687445050491,0.001596495359847995,0.1080114832491185,0.4585862805330768,6.342416695082051,0.9776439460859814,3.7315941243474278,-206.84383142826576,0.05011015625,2.9911301958457583,False,False,True,False
pt002,MR3,DVF_20190502_KJN__P02_MR3_MMT_25_2_S_F89_M90.nii,1.6925223894645787,5.998672210876297,78.57933377821402,0.0013886270976209594,0.1042304450024879,0.35488948249192714,1.9559591789892603,0.9644620186210654,2.3517840081293935,-151.714015963325,0.02681796875,1.4151086377273931,False,False,True,False
pt002,MR3,DVF_20190502_KJN__P02_MR3_MMT_25_2_S_F8_M9.nii,1.2666963011436991,4.084712497404041,79.80128109142656,0.0009045104120299217,0.09328811532281751,0.32479864605987196,1.883530636543026,0.9941311839729396,4.2061393178632205,-774.1380973192615,0.02545625,1.251918714454996,False,False,True,False
pt002,MR3,DVF_20190502_KJN__P02_MR3_MMT_25_2_S_F90_M91.nii,2.5802457076644254,8.025223223821053,100.25836612263696,0.000893853607017562,0.08574791575472895,0.34481192123920257,4.947171501039823,0.9492271415902944,7.109344602877201,-825.3249419743078,0.04708203125,3.54141135996198,False,False,True,False
pt002,MR3,DVF_20190502_KJN__P02_MR3_MMT_25_2_S_F91_M92.nii,1.5190625611709965,5.725816881325411,83.59084649194966,0.0018241060001722887,0.1023490891934018,0.32436946877490713,1.7620467467421421,1.0182805472006478,3.2141524504116363,-341.9927787785564,0.02643125,1.7280322396931733,False,False,True,False
pt002,MR3,DVF_20190502_KJN__P02_MR3_MMT_25_2_S_F92_M93.nii,1.1167159745123216,2.6814852090843244,38.901490772040596,0.0014837309935107352,0.09670959920541004,0.367641604713315,2.292087899326142,0.9774569742378453,0.9697998982154562,-65.43552021445545,0.02166796875,0.7381221664946829,False,False,True,False
pt002,MR3,DVF_20190502_KJN__P02_MR3_MMT_25_2_S_F93_M94.nii,1.6074583358511445,5.383466703275912,74.51588032344463,0.0005640255001398439,0.10105682455023382,0.34295153672286893,2.4521446184633238,0.9606984485352161,4.467629892565615,-456.95379542379715,0.025409375,1.8995600610882015,False,False,True,False
pt002,MR3,DVF_20190502_KJN__P02_MR3_MMT_25_2_S_F94_M95.nii,2.7971992062029747,8.34212323068008,105.71516290169824,0.0012543197631753786,0.1019712594941185,0.3958821476880463,5.445686802863346,0.8904816301462466,5.547835233015952,-524.9448729265393,0.05205546875,3.3903726019795264,False,False,True,False
pt002,MR3,DVF_20190502_KJN__P02_MR3_MMT_25_2_S_F95_M96.nii,1.6062889290855533,5.159642839906837,56.05096148832095,0.0009455255624055768,0.10144111219804255,0.35133116611001985,2.121658654765488,0.9630443456224103,2.0154398962459226,-239.49489404540248,0.0305765625,1.2967205319881019,False,False,True,False
pt002,MR3,DVF_20190502_KJN__P02_MR3_MMT_25_2_S_F96_M97.nii,1.9792305102187744,6.714999352445234,86.2840643364407,0.0014691912204363993,0.0880118036507659,0.32497311647909166,2.7075457838500205,0.9586010331009733,5.114688173936983,-427.9094745291952,0.0341515625,2.349982578928765,False,False,True,False
pt002,MR3,DVF_20190502_KJN__P02_MR3_MMT_25_2_S_F97_M98.nii,0.9525763849994746,2.772938234314835,44.28255975283506,0.0009098185095538455,0.09075505218878742,0.3156715611217107,1.6722766023329343,0.9870812317259579,1.0524220349384321,-109.43245522701953,0.0164375,0.7216799111672881,False,True,True,False
pt002,MR3,DVF_20190502_KJN__P02_MR3_MMT_25_2_S_F98_M99.nii,1.4815974614764909,3.867349829860855,49.04579037548019,0.0009395093142448933,0.10258457264244265,0.3542629631881507,2.9342996794987157,0.9717813001895506,1.5616672634246742,-144.07915169317673,0.030921875,1.1545140671730996,False,False,True,False
pt002,MR3,DVF_20190502_KJN__P02_MR3_MMT_25_2_S_F99_M100.nii,1.2991076405190347,3.9602943142251474,62.19449839374123,0.0014941570496513276,0.08713401544806305,0.3021458690370633,2.2351659187787414,0.9935398140835802,2.0413810059129176,-121.45730241938328,0.0260328125,1.381382429055727,False,False,True,False
pt002,MR3,DVF_20190502_KJN__P02_MR3_MMT_25_2_S_F9_M10.nii,1.0365839500925975,2.8277399624076613,47.339746488084096,0.0021758921041534086,0.10043729835607819,0.3546931183848886,1.8679960119299384,0.9873243572441229,0.9588468529635676,-80.35790029068086,0.0206671875,0.7775882616584665,False,False,True,False
pt022,MR1,DVF_20190411_ZKN__P22_MR1_MMT_25_2_S_F100_M101.nii,1.7783340212616703,2.9890587387106056,40.20427637463571,0.0006258698632731328,0.13110016616338474,0.7357466341628935,4.372108092257206,0.9755296475375691,1.1407750255046822,-71.22363899083118,0.055878125,1.3826334938091656,False,False,True,False
pt022,MR1,DVF_20190411_ZKN__P22_MR1_MMT_25_2_S_F101_M102.nii,1.9929467115428787,3.828850464567849,48.34016833043027,0.0007394239437623119,0.11558513994928785,0.7386852970858786,4.7534937100226875,0.9889654974714341,1.4753918531427386,-45.707183858915336,0.06108671875,1.687015619773955,False,False,True,False
pt022,MR1,DVF_20190411_ZKN__P22_MR1_MMT_25_2_S_F102_M103.nii,1.6201382748550384,2.0822079867417127,25.789102640374278,0.0011061205384651288,0.14999466699894248,0.8123312060564922,4.092011932007645,0.9874120328251457,1.0481286626138075,-81.93109732272909,0.051953125,1.1782375982391597,False,False,True,False
pt022,MR1,DVF_20190411_ZKN__P22_MR1_MMT_25_2_S_F103_M104.nii,3.0118507254902505,6.423125576672956,68.03558107909096,0.0003667879540404286,0.1263906248957298,0.8962077808001148,6.801298575626642,0.9565199543001512,3.551453329600192,-167.19904488649246,0.0842453125,2.9496695386822824,False,False,True,False
pt022,MR1,DVF_20190411_ZKN__P22_MR1_MMT_25_2_S_F104_M105.nii,1.5377199406650979,2.350631828066877,40.631398067508584,0.0011828194885083567,0.10453055578409895,0.6469639226974995,3.9968742214845037,0.9935655758096734,1.315053141881709,-85.9930814523776,0.048334375,1.2658727461299328,False,False,True,False
pt022,MR1,DVF_20190411_ZKN__P22_MR1_MMT_25_2_S_F105_M106.nii,1.5079879875163174,2.0502522473468976,26.04245966926488,0.0007517743854697162,0.12880003665427106,0.716978444205348,3.922704485851279,0.9838313131965699,0.8695245068773079,-57.599263876625436,0.0464765625,1.0244115224231785,False,False,True,False
pt022,MR1,DVF_20190411_ZKN__P22_MR1_MMT_25_2_S_F106_M107.nii,1.7672223314183062,2.346604399690532,38.66778939691041,0.0018062790550185865,0.11522561334737424,0.887202357157018,4.507496674339992,0.9965988571641222,1.1583486568842174,-121.76715701309946,0.05782890625,1.310127886339384,False,False,True,False
pt022,MR1,DVF_20190411_ZKN__P22_MR1_MMT_25_2_S_F107_M108.nii,1.6793900259206425,2.5786573837070392,37.463073069578684,0.001856008793310412,0.13003318267214076,0.7713334113275658,4.108277218595723,0.9869939749971504,1.1514306004064838,-59.638843359944865,0.05375703125,1.2957324198850426,False,False,True,False
pt022,MR1,DVF_20190411_ZKN__P22_MR1_MMT_25_2_S_F108_M109.nii,1.6582054945259384,2.49508927127336,41.123206414950715,0.0018578947903611085,0.12956148711213586,0.8540018436477306,3.808491449966166,0.9922596882602793,1.2452736261790747,-88.20604769674775,0.04947109375,1.3549455639189765,False,False,True,False
pt022,MR1,DVF_20190411_ZKN__P22_MR1_MMT_25_2_S_F109_M110.nii,1.2650754994347284,1.708422508197058,33.59043313789156,0.0022895134344634214,0.12262240469682473,0.7422640713571732,2.894320929835808,0.9935655009273049,0.7856706097140936,-54.8382435533937,0.031815625,0.8274183074257642,False,False,True,False
pt022,MR1,DVF_20190411_ZKN__P22_MR1_MMT_25_2_S_F10_M11.nii,2.113368464708326,4.010102897618211,54.45316852908876,0.00111568435098564,0.11307350297900874,0.818172246236549,5.109113376043886,0.9725527898694308,1.761976102284199,-99.66161097769616,0.06793828125,1.7248501316372844,False,False,True,False
pt022,MR1,DVF_20190411_ZKN__P22_MR1_MMT_25_2_S_F110_M111.nii,1.772821808952618,3.1842596957286964,33.40208167798798,0.0009493202920436715,0.11080609388585248,0.6579392763875229,4.308329922522202,0.9715888615903358,1.1986120482111533,-61.16589022162048,0.05334609375,1.323176512620772,False,False,True,False
pt022,MR1,DVF_20190411_ZKN__P22_MR1_MMT_25_2_S_F111_M112.nii,1.630683314820751,2.8371395774047308,45.054623944177244,0.0013964332975783984,0.11957699396269421,0.7185699488621557,3.8699759265010534,0.9885680288587384,1.5246742717036406,-143.49871536020254,0.04645390625,1.2492714734201475,False,False,True,False
pt022,MR1,DVF_20190411_ZKN__P22_MR1_MMT_25_2_S_F112_M113.nii,1.472595090901084,2.4960596018539145,34.487014080872605,0.0005504465276871702,0.10996727091396545,0.6514985906500723,3.414925706646168,0.9885495703923388,1.099511497707555,-77.84028806716499,0.042184375,1.1861842970448535,False,False,True,False
pt022,MR1,DVF_20190411_ZKN__P22_MR1_MMT_25_2_S_F113_M114.nii,1.5923177278197014,2.108079503245118,25.507929605205334,0.0010763995090545514,0.13148843867573223,0.8166715363737029,3.9416243426104236,0.9849490952633152,1.0028136368526872,-58.985594205868544,0.05065234375,1.139490033506032,False,False,True,False
pt022,MR1,DVF_20190411_ZKN__P22_MR1_MMT_25_2_S_F114_M115.nii,1.6015945126821576,2.421639887818917,28.866551756843013,0.0006651482201463134,0.11428309713625746,0.7248446774451971,4.014591731281366,0.991318161043512,1.026263822001836,-63.325920235215776,0.04634375,1.2153175132044414,False,False,True,False
pt022,MR1,DVF_20190411_ZKN__P22_MR1_MMT_25_2_S_F115_M116.nii,2.5196385123537888,5.031018649352221,56.76747931306864,0.0013294252804234793,0.12284498767041677,0.8286221096514466,5.783936025487955,0.9741054873925554,2.440176934920347,-255.8105946164433,0.0700453125,2.014783259007648,False,False,True,False
pt022,MR1,DVF_20190411_ZKN__P22_MR1_MMT_25_2_S_F116_M117.nii,3.4108488934518157,7.230565690900257,95.5557654889771,0.0015915336759689132,0.11975895430289524,0.8695751801922427,8.978218582263443,0.9753490154964657,3.7911773730584324,-212.78211951401923,0.0818625,3.475419283113125,False,False,True,False
pt022,MR1,DVF_20190411_ZKN__P22_MR1_MMT_25_2_S_F117_M118.nii,2.3254791988110712,4.9991835067644725,59.85093773399633,0.0005785556066256925,0.1073555602878682,0.6294112038067887,5.518453489502735,0.9413825884592312,2.646239591934008,-177.94890413522043,0.06407265625,2.1651460969499574,False,False,True,False
pt022,MR1,DVF_20190411_ZKN__P22_MR1_MMT_25_2_S_F118_M119.nii,1.2692717494739543,1.6836745815432528,22.410668906346647,0.0011782228136889446,0.11807027894800264,0.6535089189029277,3.154120623160195,0.9932915365300056,0.7867388732881387,-109.61722360870633,0.034646875,0.8526145811680744,False,False,True,False
pt022,MR1,DVF_20190411_ZKN__P22_MR1_MMT_25_2_S_F119_M120.nii,1.676249440321988,3.069828790339987,33.406982657623274,0.0012696385345333653,0.1188484920850733,0.6560438327745344,3.9441990492972225,0.9875711581330501,1.3432851041236926,-55.058682126295274,0.0484609375,1.3006426437617287,False,False,True,False
pt022,MR1,DVF_20190411_ZKN__P22_MR1_MMT_25_2_S_F11_M12.nii,1.6319199610409367,2.2736531749086817,38.28787539200678,0.0012307959569591717,0.12077388461031563,0.7383416605597627,4.336279246216089,0.9910583605400725,1.0752629974590049,-45.568631401693885,0.05866953125,1.3127795217765237,False,False,True,False
pt022,MR1,DVF_20190411_ZKN__P22_MR1_MMT_25_2_S_F120_M121.nii,2.526541645367487,4.620400184408387,51.88745184770402,0.0010831675568249808,0.11479091257391745,0.7913752850607025,6.756972870735501,0.9408818681937262,1.694431247698697,-107.69414642409485,0.07644609375,1.9428332916226763,False,False,True,False
pt022,MR1,DVF_20190411_ZKN__P22_MR1_MMT_25_2_S_F121_M122.nii,1.9141524948667996,2.551122554230952,29.40592735989341,0.0009397062002332281,0.11933437456781588,0.8879172443751061,5.1022624490426125,0.9975471308784479,1.1787412467197862,-65.82894293259373,0.06244296875,1.3424097177410006,False,False,True,False
pt022,MR1,DVF_20190411_ZKN__P22_MR1_MMT_25_2_S_F122_M123.nii,1.8585474239964184,2.348799015836515,29.28857436622009,0.000935428342816775,0.11431535026992305,0.9407487179496945,4.85323940863123,1.004050894610412,1.2597142285815288,-69.78314770806489,0.06058984375,1.3000043331296365,False,False,True,False
pt022,MR1,DVF_20190411_ZKN__P22_MR1_MMT_25_2_S_F123_M124.nii,2.264972881322988,2.590223515759523,29.093375733801132,0.003179779120918869,0.18855879185203472,1.2645636999777414,5.709036834692416,0.9842481653214481,1.2817029048891746,-47.29723692873045,0.0852484375,1.6567958032677024,False,False,True,False
pt022,MR1,DVF_20190411_ZKN__P22_MR1_MMT_25_2_S_F124_M125.nii,1.749111593934842,2.35205185432593,36.9910994298058,0.0013492849766888445,0.11682806554000032,0.842231274237403,4.5124739155506495,0.9840611974666761,1.1508791253334658,-108.55405964568307,0.05825625,1.351695499349871,False,False,True,False
pt022,MR1,DVF_20190411_ZKN__P22_MR1_MMT_25_2_S_F125_M126.nii,1.690805197036895,1.9937528862685947,17.760657822816956,0.0006581656287151258,0.11447004162250611,0.8932235116796112,4.432396413427053,0.9900498252227017,0.8822649455595262,-44.93304385551848,0.0509703125,1.0445375326630675,False,False,True,False
pt022,MR1,DVF_20190411_ZKN__P22_MR1_MMT_25_2_S_F126_M127.nii,1.8202604332118573,2.8279237064808598,33.16484774595692,0.001180711601984384,0.10711256872160559,0.7395309169463973,4.734377223180669,0.9923567503417043,1.2751803828008144,-107.3652740130891,0.05875703125,1.346249169668568,False,False,True,False
pt022,MR1,DVF_20190411_ZKN__P22_MR1_MMT_25_2_S_F127_M128.nii,2.3198355335280714,4.8671300131062765,65.82025094761345,0.001211173996006008,0.11639311431836112,0.8945788476128875,5.100597675413972,0.987403648448262,2.128281204830029,-142.39365800954008,0.06233125,2.3743601383752937,False,False,True,False
pt022,MR1,DVF_20190411_ZKN__P22_MR1_MMT_25_2_S_F128_M129.nii,2.7612141798848664,5.4683116092687,65.05715282493662,0.001088829769145862,0.11926550009543793,0.8725379492183839,6.630511487658055,0.9731193874683386,2.1190773457968786,-163.35651784586423,0.078175,2.400135964746017,False,False,True,False
pt022,MR1,DVF_20190411_ZKN__P22_MR1_MMT_25_2_S_F129_M130.nii,2.4114902186523044,4.711635053907838,54.1229788878531,0.0009567564880218722,0.0983556107511937,0.7384778246973898,5.868328751174495,0.983872871889552,1.707098724599366,-113.08120627140653,0.07160625,1.9892234345403543,False,False,True,False
pt022,MR1,DVF_20190411_ZKN__P22_MR1_MMT_25_2_S_F12_M13.nii,1.8850244081033023,2.5399884078291923,27.19274043570732,0.0011036551879329546,0.12280472995490742,0.8555268900827145,4.977297465445349,0.9866391273331028,1.0173488988025128,-31.58190889711962,0.06150078125,1.2966856253601804,False,False,True,False
pt022,MR1,DVF_20190411_ZKN__P22_MR1_MMT_25_2_S_F130_M131.nii,2.213356460581241,4.170479137232855,44.129852973399046,0.001724001051892581,0.11233227686650224,0.7267903043730874,5.371112515494408,0.9574080392774795,1.4438695647278197,-82.36996342278573,0.06536171875,1.6805702208689326,False,False,True,False
pt022,MR1,DVF_20190411_ZKN__P22_MR1_MMT_25_2_S_F131_M132.nii,1.618200372021861,2.8530519065361015,44.68891558553638,0.001108670474653419,0.10763112918687721,0.6445345070696695,4.029415417576359,0.9746055936221897,1.6714541237815235,-107.28955031648677,0.04430546875,1.2296202311391478,False,False,True,False
pt022,MR1,DVF_20190411_ZKN__P22_MR1_MMT_25_2_S_F132_M133.nii,2.5742070786129547,5.09800543748455,49.06376372382403,0.0010180375830811377,0.11078296208814079,0.7115674517716417,6.428925148720228,0.9649979140184132,1.7899220739963269,-81.03244871934142,0.0732890625,2.1049893047770394,False,False,True,False
pt022,MR1,DVF_20190411_ZKN__P22_MR1_MMT_25_2_S_F133_M134.nii,1.490972133758983,1.9994934185904982,26.54053550006022,0.0005787588764651105,0.11972741036796437,0.7417685375943284,3.8553256879768676,0.9900959544558493,1.011924978050523,-86.98619260675952,0.0509125,1.1369869710987495,False,False,True,False
pt022,MR1,DVF_20190411_ZKN__P22_MR1_MMT_25_2_S_F134_M135.nii,2.304911446715258,3.138733462331366,33.493719863128725,0.0014605712853569314,0.12342924966910243,1.0960757580493445,5.916219437535921,0.9980577216457348,1.5016624771816192,-102.1216463644149,0.07359375,1.6619438311075159,False,False,True,False
pt022,MR1,DVF_20190411_ZKN__P22_MR1_MMT_25_2_S_F135_M136.nii,2.380046144078219,3.2263557847077493,34.60893735131746,0.0016410267138554683,0.13823885988629914,1.1878838433183843,6.029700392938418,0.9791808520549222,1.658464946164215,-286.23918897431145,0.07854140625,1.6329993869049766,False,False,True,False
pt022,MR1,DVF_20190411_ZKN__P22_MR1_MMT_25_2_S_F136_M137.nii,1.7223280037555837,2.1107918625188113,26.811160463589278,0.001538001785782447,0.12257932890981862,0.9714291546848747,4.304871653722135,1.000944432406749,1.001419674467946,-75.40588161381997,0.0517546875,1.1345494925426285,False,False,True,False
pt022,MR1,DVF_20190411_ZKN__P22_MR1_MMT_25_2_S_F137_M138.nii,1.7284569851983838,1.9907177387257462,29.35968722041022,0.0009510930250792088,0.16367834021668243,0.977738647118571,4.334381401613193,0.974200049775353,1.267058081225475,-157.96917888024745,0.05524609375,1.203022047713291,False,False,True,False
pt022,MR1,DVF_20190411_ZKN__P22_MR1_MMT_25_2_S_F138_M139.nii,1.497059311203521,1.7605999290597973,22.588329992408703,0.0027792171428419883,0.14997719612683488,0.9171260183395081,3.525226785329628,0.9906344856180889,1.0024866916069946,-99.66112264916593,0.03877109375,0.9514640199618092,False,False,True,False
pt022,MR1,DVF_20190411_ZKN__P22_MR1_MMT_25_2_S_F139_M140.nii,1.4254535572594982,1.9828888859068485,30.316001216698936,0.002116412420124773,0.13484426647470138,0.7536534592658035,3.4386238544906864,0.9888970739419454,0.9623934297282516,-48.90158188753449,0.0393375,1.0173408591008084,False,False,True,False
pt022,MR1,DVF_20190411_ZKN__P22_MR1_MMT_25_2_S_F13_M14.nii,1.8794584427649677,2.848601448995861,43.1767811523213,0.00044929491328263375,0.12859564188473807,0.8380084576185525,4.828160335566471,0.9828271993228449,1.2827232659688415,-47.89063861289681,0.0695734375,1.571273562610496,False,False,True,False
pt022,MR1,DVF_20190411_ZKN__P22_MR1_MMT_25_2_S_F140_M141.nii,1.4754779226087562,2.191336674981172,60.712764857116355,0.0008004620368924391,0.13897675692694372,0.8028086927702005,3.4053573918686193,0.985356949240978,1.2606074547524193,-154.98477354367137,0.03882578125,1.1133030576395704,False,False,True,False
pt022,MR1,DVF_20190411_ZKN__P22_MR1_MMT_25_2_S_F141_M142.nii,1.3612862076274743,2.2834035870431766,27.04160507241331,0.00130779745108594,0.10987896166517754,0.5412401928644877,3.3910050594332923,0.9897211519107559,0.9921912676331606,-61.59345548205325,0.0394625,0.9761349524450871,False,False,True,False
pt022,MR1,DVF_20190411_ZKN__P22_MR1_MMT_25_2_S_F142_M143.nii,2.8009295988914955,6.371434624626264,54.80331112773469,0.0014410267749201608,0.1204309252395678,0.6599622905771643,6.165933212661997,0.93948886548191,2.4760825445035635,-180.15359965584537,0.0678546875,2.2021352790103186,False,False,True,False
pt022,MR1,DVF_20190411_ZKN__P22_MR1_MMT_25_2_S_F143_M144.nii,1.2122115084253366,1.5392334608438898,20.203006867211965,0.0011312782715283919,0.11330592567025459,0.645048343591943,3.0570094730645287,1.0033192244363112,0.7332994164236225,-41.43054829544598,0.02727578125,0.7014428699684353,False,False,True,False
pt022,MR1,DVF_20190411_ZKN__P22_MR1_MMT_25_2_S_F144_M145.nii,1.4487061404080004,2.119472300281411,26.251499491110923,0.0013748544761437935,0.11445909084742781,0.6792940927343512,3.6270097102002397,0.9857512079424687,0.9845952229356271,-63.95756045374027,0.0419140625,0.9218998539086397,False,False,True,False
pt022,MR1,DVF_20190411_ZKN__P22_MR1_MMT_25_2_S_F145_M146.nii,1.5672106457355637,2.169691719935225,24.76999112124066,0.0013205744227466156,0.1676603315624268,0.8087873361976584,3.7452563776066845,0.9837338511810391,0.8239923671276181,-28.126327317083497,0.04322890625,1.012085922988869,False,False,True,False
pt022,MR1,DVF_20190411_ZKN__P22_MR1_MMT_25_2_S_F146_M147.nii,1.5382009517382957,2.131554727347557,46.28732062348002,0.001567944427499918,0.14769587332662715,0.7897758018920467,3.782081229496248,0.9848241791757395,1.1436010323491532,-122.45155251432642,0.04231015625,1.067559695256333,False,False,True,False
pt022,MR1,DVF_20190411_ZKN__P22_MR1_MMT_25_2_S_F147_M148.nii,1.4899512940264028,2.525896390293751,31.793787850209483,0.0016046633387682967,0.1100993594797914,0.5888796790314959,3.9399028663814915,0.9810859163037483,0.862977510558868,-73.92330428601844,0.04357734375,1.0033876205834154,False,False,True,False
pt022,MR1,DVF_20190411_ZKN__P22_MR1_MMT_25_2_S_F148_M149.nii,1.6907771397708584,2.632444797523279,40.13170407715646,0.0011208472008242577,0.12624610254823304,0.7801063695861983,4.1622803976619425,0.9886539715177116,1.2585779374456283,-101.8444427214535,0.0506375,1.2042298212894071,False,False,True,False
pt022,MR1,DVF_20190411_ZKN__P22_MR1_MMT_25_2_S_F149_M150.nii,1.7190550111014844,2.666605109374117,41.002426946053845,0.0011141381919964933,0.1128542268958604,0.7686204711936777,4.302171741557902,0.9942087943854061,1.1683863948396405,-105.40188813097284,0.05071640625,1.3653526232870736,False,False,True,False
pt022,MR1,DVF_20190411_ZKN__P22_MR1_MMT_25_2_S_F14_M15.nii,1.9540395445605911,2.5703928432129333,30.20283026125585,0.0010554215687944943,0.16468802518358538,0.9561294499534543,5.112641761282862,0.9825111820246563,1.4621791316868402,-283.49550141052566,0.07041171875,1.5413392448541234,False,False,True,False
pt022,MR1,DVF_20190411_ZKN__P22_MR1_MMT_25_2_S_F150_M151.nii,3.8408712393341573,7.161657653856253,52.70748804438866,0.0006515719707782837,0.10583344520537252,0.9016925727086338,11.763331635177655,0.9035233132089832,3.625546351204427,-333.77189397157963,0.10092421875,3.90042454592249,False,False,True,False
pt022,MR1,DVF_20190411_ZKN__P22_MR1_MMT_25_2_S_F151_M152.nii,2.399520419353332,3.069802561606307,32.25785370015955,0.001712321256513882,0.12205635745434333,1.1162992711467858,6.23530076411531,0.9997522039389629,1.5762880606374037,-212.6118636230114,0.07774140625,1.5658471487463104,False,False,True,False
pt022,MR1,DVF_20190411_ZKN__P22_MR1_MMT_25_2_S_F152_M153.nii,2.150456657096649,2.58451092626774,26.719436474899055,0.002998988043652568,0.17725040192028946,1.144496505586278,5.517959553411754,0.9850887893836867,1.452286370427894,-169.49387116595216,0.0793875,1.6130037359095692,False,False,True,False
pt022,MR1,DVF_20190411_ZKN__P22_MR1_MMT_25_2_S_F153_M154.nii,1.9888895875487076,2.4951727021921264,34.98430599998381,0.0017483241303300609,0.14029707398707947,1.026123212327157,5.159769398358732,0.9790442177468145,1.9807239473355427,-406.11258932280356,0.07053046875,1.5796540591601413,False,False,True,False
pt022,MR1,DVF_20190411_ZKN__P22_MR1_MMT_25_2_S_F154_M155.nii,1.6888829939306467,2.1680077268906595,28.75834653908987,0.0010490121038628146,0.11842432442971096,0.7937784073951071,4.47193913147377,0.9948826473836607,1.148713946374195,-97.33364591561461,0.059053125,1.3520054540693822,False,False,True,False
pt022,MR1,DVF_20190411_ZKN__P22_MR1_MMT_25_2_S_F155_M156.nii,1.8768499937484973,2.5583503303277744,35.89599626622621,0.000254105876709118,0.10408998747890301,0.7845348756372188,5.072297096160992,1.002443234867155,1.1259715792154728,-42.390474581005186,0.06164921875,1.3158524219057395,False,False,True,False
pt022,MR1,DVF_20190411_ZKN__P22_MR1_MMT_25_2_S_F156_M157.nii,2.088262861653025,2.870393692910247,27.364234670502306,0.00088803383501265,0.10985957347187515,0.880259355882552,5.741348763193424,1.004034937747551,1.376724479073195,-100.92401620696678,0.07160625,1.504570027884916,False,False,True,False
pt022,MR1,DVF_20190411_ZKN__P22_MR1_MMT_25_2_S_F157_M158.nii,2.167521248656031,2.5927870666573614,32.37562970289849,0.001267793919286979,0.17212265414521302,1.0922998634472578,5.755894418002361,0.9864555825563379,1.7105136646157522,-208.07431417725306,0.0750859375,1.548982483534947,False,False,True,False
pt022,MR1,DVF_20190411_ZKN__P22_MR1_MMT_25_2_S_F158_M159.nii,1.7389212667499945,2.426803137091952,29.727178566035303,0.0014583156161391514,0.11960589683616647,0.8009607145044242,4.530804740185816,0.9897218411766351,1.0285178498350578,-41.43823782645069,0.05372578125,1.1715083460704607,False,False,True,False
pt022,MR1,DVF_20190411_ZKN__P22_MR1_MMT_25_2_S_F159_M160.nii,1.6349844261276862,2.2749164454685675,32.831773294852766,0.0014097083081129717,0.1031609643038413,0.6842597953469371,4.43079655730192,1.0089423155411819,1.1525627474710831,-56.27148909481011,0.0488484375,1.1646797752214393,False,False,True,False
pt022,MR1,DVF_20190411_ZKN__P22_MR1_MMT_25_2_S_F15_M16.nii,1.7373631456400134,2.93822123908329,45.59888330631881,0.001431533815064393,0.11943517170824908,0.6902661989613746,4.357006296260166,0.9692358633205287,1.247570764533075,-68.71711025193311,0.0587484375,1.3632588467026805,False,False,True,False
pt022,MR1,DVF_20190411_ZKN__P22_MR1_MMT_25_2_S_F16_M17.nii,1.4433092442794926,1.844090938831479,18.384746500417094,0.0023566684006382684,0.12029089905663413,0.7326976655257544,3.712311890656599,0.9955461246825144,0.8392392345993384,-44.06407031240864,0.04313203125,0.9385393078405088,False,False,True,False
pt022,MR1,DVF_20190411_ZKN__P22_MR1_MMT_25_2_S_F17_M18.nii,1.6495650774177368,2.37922052095988,22.364755731272805,0.0007052996394381717,0.1220312519831022,0.6940529434033558,4.50582189165856,0.9911571161245114,1.0255834500921543,-50.54752169469105,0.0539171875,1.1651780142678279,False,False,True,False
pt022,MR1,DVF_20190411_ZKN__P22_MR1_MMT_25_2_S_F18_M19.nii,1.7041693769906925,2.4521615540325716,30.782596094349472,0.0006050935296946774,0.11257899757373213,0.7598124399658895,4.463844232581636,0.9922062955336971,1.0566428661263532,-48.781386874464474,0.05720390625,1.2608658097721548,False,False,True,False
pt022,MR1,DVF_20190411_ZKN__P22_MR1_MMT_25_2_S_F19_M20.nii,1.889958934439391,3.13820358612268,35.828133690622124,0.0010354610938312328,0.1122883352726401,0.7287648449233999,4.943409934004758,0.996837670894964,1.4396285051026112,-92.4089469902412,0.0634546875,1.5746748657094347,False,False,True,False
pt022,MR1,DVF_20190411_ZKN__P22_MR1_MMT_25_2_S_F1_M2.nii,2.1842455656470023,2.959083084740479,64.26443454290961,0.001555294099694967,0.15046935646186596,0.970045206040191,5.854236534826259,0.9897961576648191,1.9887728674456564,-190.34807759224816,0.08379296875,2.1517181889013526,False,False,True,False
pt022,MR1,DVF_20190411_ZKN__P22_MR1_MMT_25_2_S_F20_M21.nii,1.9183578569590372,2.431249989006307,26.14448495864789,0.002164582903680632,0.13766797798162234,1.0041127509390049,4.885810429824163,0.984089701063849,1.2415854232812011,-103.56468048476637,0.0703953125,1.5030380984013987,False,False,True,False
pt022,MR1,DVF_20190411_ZKN__P22_MR1_MMT_25_2_S_F21_M22.nii,2.403899231251997,4.438252809669669,51.98726913201592,0.0021681099622415565,0.12057711565211697,0.8988224665314435,5.776052261163984,0.9422440332377937,1.8274276238579534,-150.0365160842088,0.07590859375,1.8318678985292804,False,False,True,False
pt022,MR1,DVF_20190411_ZKN__P22_MR1_MMT_25_2_S_F22_M23.nii,1.9155351225594244,3.047528853716467,42.019669739845895,0.0022766922101446025,0.1266465538432839,0.9231541190845668,4.599482934578437,0.979223113450807,1.3205527832429025,-91.97414202076149,0.061640625,1.4214635086705059,False,False,True,False
pt022,MR1,DVF_20190411_ZKN__P22_MR1_MMT_25_2_S_F23_M24.nii,1.7742918945004953,2.345218830449739,21.084499564928322,0.0009735657241978522,0.10773560540534668,0.8606024302479146,4.621576803650054,1.0018130075361469,1.1725782853997513,-55.01169451370507,0.06503359375,1.4216426465009264,False,False,True,False
pt022,MR1,DVF_20190411_ZKN__P22_MR1_MMT_25_2_S_F24_M25.nii,1.9499450036454185,2.3933869781897843,23.162036741377545,0.0012399187416140308,0.1450163476339506,1.0316440098654855,4.990859423336652,0.9993703085866451,1.1890556320845358,-62.73492946325078,0.067465625,1.4698227460275988,False,False,True,False
pt022,MR1,DVF_20190411_ZKN__P22_MR1_MMT_25_2_S_F25_M26.nii,2.126478639025931,3.0875109595207064,48.202794669158266,0.001977654681996481,0.1325292547209934,1.0933170124006715,5.150504854490396,0.9933323600771222,1.3207780510346516,-56.89954248330901,0.069959375,1.692586443475214,False,False,True,False
pt022,MR1,DVF_20190411_ZKN__P22_MR1_MMT_25_2_S_F26_M27.nii,1.947001898991367,2.6347421541087392,34.293334284388784,0.002319951608869619,0.12694259441379077,0.8958101639429177,5.09827994302266,0.9993950320222248,1.247863655098158,-115.61464393745928,0.06964921875,1.5928770862261852,False,False,True,False
pt022,MR1,DVF_20190411_ZKN__P22_MR1_MMT_25_2_S_F27_M28.nii,2.1522916453096084,2.750708685545243,26.164342355676535,0.0023810480720932005,0.14565971808524725,1.0321614072756682,5.634443244115915,0.9717379552484076,1.4039197642036196,-92.0332590260735,0.08101875,1.7029255619626416,False,False,True,False
pt022,MR1,DVF_20190411_ZKN__P22_MR1_MMT_25_2_S_F28_M29.nii,2.0340712237165417,2.5607934319937105,26.065754532795996,0.0015644297262174154,0.14364954714945202,1.036912323211719,5.275504943054629,0.978116386157666,1.3025725129082828,-61.548278389748596,0.07838046875,1.6307545128745922,False,False,True,False
pt022,MR1,DVF_20190411_ZKN__P22_MR1_MMT_25_2_S_F29_M30.nii,1.8095768530281973,2.253896949965983,23.555486012568327,0.0008980152176603442,0.12475178700898346,0.95579246422355,4.607237815555469,0.9964892122559551,1.0889930750308692,-37.430397223655,0.064759375,1.3602085539529556,False,False,True,False
pt022,MR1,DVF_20190411_ZKN__P22_MR1_MMT_25_2_S_F2_M3.nii,1.8003073041325883,2.3131728703907584,42.88763294156587,0.0008297266664130668,0.11465622834516856,0.8434174442084118,4.786673432381843,1.0007370362973373,1.2308601980071117,-105.01200945282315,0.0624625,1.4239604295463606,False,False,True,False
pt022,MR1,DVF_20190411_ZKN__P22_MR1_MMT_25_2_S_F30_M31.nii,2.300545322066582,4.1530403171032875,46.29348914198678,0.0004389850436624771,0.13254309556910546,0.9056050674270892,5.3359724431267805,0.9913603988839219,1.6991899456156698,-93.24665045210982,0.0696234375,2.0381834305200672,False,False,True,False
pt022,MR1,DVF_20190411_ZKN__P22_MR1_MMT_25_2_S_F31_M32.nii,1.9551338261477282,2.800842573468484,31.186263798091385,0.0009112434007588748,0.13326831504174516,0.9497413437657862,4.89201407978664,0.986870299931085,1.1442865273134932,-74.93823961911745,0.06078203125,1.358185369247735,False,False,True,False
pt022,MR1,DVF_20190411_ZKN__P22_MR1_MMT_25_2_S_F32_M33.nii,1.7087381578752823,2.181001621286882,26.333832017317967,0.0011432725820382829,0.10392024829762586,0.8373763071566862,4.46451453809356,0.9982277240035142,0.9610319886919109,-26.498319680844123,0.0508484375,1.082514891627859,False,False,True,False
pt022,MR1,DVF_20190411_ZKN__P22_MR1_MMT_25_2_S_F33_M34.nii,2.2742286053036658,3.112112541835186,32.19300465183591,0.0013591851591177383,0.12427910493463484,1.110544894233799,5.708380325050994,0.9862805606250322,1.3402528283092676,-84.88581237779691,0.07715234375,1.5916837628040033,False,False,True,False
pt022,MR1,DVF_20190411_ZKN__P22_MR1_MMT_25_2_S_F34_M35.nii,2.137918116003151,3.8686271366967495,70.95883814345852,0.0021475581148096526,0.14036674310526254,0.9365396674986717,5.05819492338522,0.986019858886328,1.9029799575299384,-142.319248450415,0.0719828125,2.252057074948593,False,False,True,False
pt022,MR1,DVF_20190411_ZKN__P22_MR1_MMT_25_2_S_F35_M36.nii,1.737692104661672,2.2821965224662746,29.591514770905636,0.0020780734224700643,0.1307333515259849,0.8715885691159884,4.449041040793946,0.9891198775316119,1.107952744857154,-64.84597477917535,0.060653125,1.2832618185244151,False,False,True,False
pt022,MR1,DVF_20190411_ZKN__P22_MR1_MMT_25_2_S_F36_M37.nii,2.0324561337069342,4.1849929412095985,68.9286767770653,0.0024847810598171783,0.13578137547413424,0.8485807135130754,4.498587355450359,0.9685252727088524,3.24362045745203,-317.7327075530783,0.06322578125,1.9453414579556905,False,False,True,False
pt022,MR1,DVF_20190411_ZKN__P22_MR1_MMT_25_2_S_F37_M38.nii,2.204987993226406,4.317572064013312,72.98925446475016,0.001521132073133794,0.12135553022879964,0.772247614214427,5.365964410725034,0.9756799554668037,2.824465398800419,-353.34363868784226,0.0695796875,2.248081469981316,False,False,True,False
pt022,MR1,DVF_20190411_ZKN__P22_MR1_MMT_25_2_S_F38_M39.nii,1.6918973589919755,2.165165099050563,29.371250842223343,0.0010427284746809312,0.1480459016361573,0.9205118831761367,4.232268314907456,0.9875521739872314,1.1438554807250596,-38.313840013591516,0.05305078125,1.2382249568670871,False,False,True,False
pt022,MR1,DVF_20190411_ZKN__P22_MR1_MMT_25_2_S_F39_M40.nii,2.832290918053569,6.184540891325637,71.14725928695506,0.0014590668194103228,0.11935136536995401,0.9029256139737587,6.102359486867385,0.9331662652960485,2.4366216527847184,-142.34834332786255,0.07830078125,2.5642884730955315,False,False,True,False
pt022,MR1,DVF_20190411_ZKN__P22_MR1_MMT_25_2_S_F3_M4.nii,2.236309887212192,2.8608710796458134,24.805413049790417,0.0014594988628041747,0.12429041350247448,1.006676187675584,6.004016250104564,1.003214908658656,1.4101306271058036,-96.82496761618025,0.08366640625,1.6385434720084515,False,False,True,False
pt022,MR1,DVF_20190411_ZKN__P22_MR1_MMT_25_2_S_F40_M41.nii,1.6962283615255067,2.208225680808688,25.886532224080547,0.0005594146013879965,0.1234969794715461,0.8711442143687759,4.351244234208166,0.9911947043115537,1.1324626307007504,-49.99734095001988,0.06061875,1.358207306334693,False,False,True,False
pt022,MR1,DVF_20190411_ZKN__P22_MR1_MMT_25_2_S_F41_M42.nii,1.8587842921682325,2.2524020486296257,39.83006169688765,0.0027224573819802996,0.16683759793587177,1.0223209723081976,4.652593547721819,0.9844156918803517,1.573313551611105,-205.45199577724665,0.06680546875,1.5060304794771222,False,False,True,False
pt022,MR1,DVF_20190411_ZKN__P22_MR1_MMT_25_2_S_F42_M43.nii,1.5326901345313646,2.0831254998432165,27.35006140504493,0.0014466233686683,0.13377963214234975,0.8251785224253129,3.7813180418601715,0.9904054690841303,1.0885605349306298,-132.37493159853264,0.04712578125,1.0482925180562965,False,False,True,False
pt022,MR1,DVF_20190411_ZKN__P22_MR1_MMT_25_2_S_F43_M44.nii,1.3294176804117883,1.9625514151576133,31.2956398634898,0.00268440835363741,0.12982579363817118,0.6404435337130644,3.2737310664115413,0.9885209390618366,0.9701371408781498,-134.02068796552473,0.03981875,0.8997634275559167,False,False,True,False
pt022,MR1,DVF_20190411_ZKN__P22_MR1_MMT_25_2_S_F44_M45.nii,1.463966568712924,2.1320808794250086,28.809730549076008,0.0011791932486195642,0.1303453812173659,0.6873511082030042,3.7160169713336444,0.9891398169023033,0.8079865316759706,-33.830422679333466,0.04020546875,0.8989916904473423,False,False,True,False
pt022,MR1,DVF_20190411_ZKN__P22_MR1_MMT_25_2_S_F45_M46.nii,1.5225454063022315,1.9739043972645407,26.068179172256993,0.002570785430770928,0.1283625600901361,0.7777300110562382,3.885267324616944,0.9941479689844357,0.9516345798212488,-62.642067891570385,0.04509140625,1.0548132832732815,False,False,True,False
pt022,MR1,DVF_20190411_ZKN__P22_MR1_MMT_25_2_S_F46_M47.nii,1.5670918252291115,2.0159234998808766,22.849877087132395,0.0014503673895504825,0.12302532844557705,0.7868418200503757,4.136862892572243,0.9994339299355235,0.9171761485127338,-61.21782254645341,0.04556640625,1.0621804935775359,False,False,True,False
pt022,MR1,DVF_20190411_ZKN__P22_MR1_MMT_25_2_S_F47_M48.nii,1.8604047746260337,2.616774364018242,30.058123111334826,0.0011965333155027963,0.10284511592592187,0.777854776661902,5.042007959026455,1.0002367993279104,1.1538981825360763,-68.73461072496268,0.06494765625,1.3351737466576532,False,False,True,False
pt022,MR1,DVF_20190411_ZKN__P22_MR1_MMT_25_2_S_F48_M49.nii,1.7161961166069974,2.1423874498558875,26.62512943601703,0.0016470774146039092,0.1265962860557384,0.8367329651027419,4.538431298989373,0.9889617360451782,1.2166317573426,-130.6220386049301,0.0647375,1.3579014052318803,False,False,True,False
pt022,MR1,DVF_20190411_ZKN__P22_MR1_MMT_25_2_S_F49_M50.nii,1.7894451344802575,2.318595154042015,26.092174866050463,0.0010651682361381403,0.11918350087344823,0.8351003588840418,4.838155831536953,0.9904596952152948,1.0521109013282155,-95.44647181590472,0.06109375,1.2722254560111186,False,False,True,False
pt022,MR1,DVF_20190411_ZKN__P22_MR1_MMT_25_2_S_F4_M5.nii,2.2985604471879846,3.1400599863222514,37.97995962689087,0.0015891172999550202,0.12381466078322607,1.0485597770856092,6.018740938315349,0.9978493930120954,1.3379497554281896,-54.214578573761514,0.080178125,1.5574240478971526,False,False,True,False
pt022,MR1,DVF_20190411_ZKN__P22_MR1_MMT_25_2_S_F50_M51.nii,1.9716091225623376,3.130206594832679,52.75877832153113,0.0013568782698559362,0.11646500228067494,0.7925408486616281,5.050963691749143,0.9648988575812492,1.1011218581729536,-53.39303597040857,0.06755546875,1.429437284649435,False,False,True,False
pt022,MR1,DVF_20190411_ZKN__P22_MR1_MMT_25_2_S_F51_M52.nii,1.8801370151840848,2.7465585672028507,33.88996235026258,0.0005171753885566135,0.10676948311669687,0.7814713244088995,5.116071611610374,0.9933717000928047,1.1209733260566073,-71.273628995309,0.0602984375,1.3701900609390323,False,False,True,False
pt022,MR1,DVF_20190411_ZKN__P22_MR1_MMT_25_2_S_F52_M53.nii,2.0309965385507294,2.8115691878186855,31.654730692443614,0.001921391504238302,0.15490245442115397,0.9152017913800107,5.325167538749706,0.9855059520961497,1.2699997646069474,-100.07415642912851,0.06872734375,1.4830978026317312,False,False,True,False
pt022,MR1,DVF_20190411_ZKN__P22_MR1_MMT_25_2_S_F53_M54.nii,2.125806211927965,3.9730923532475146,46.736270250436995,0.001010619687793771,0.10255780303709719,0.6459031023816957,5.64821084455761,0.9726400195853337,1.5898571275460722,-167.5731811255505,0.0732328125,1.9830419902435992,False,False,True,False
pt022,MR1,DVF_20190411_ZKN__P22_MR1_MMT_25_2_S_F54_M55.nii,1.797940558294565,2.219583958906009,27.05271022460637,0.0005699091269064104,0.13987189929116742,0.9070808634763191,4.714332430902018,0.9845155360338324,1.0759045930334497,-46.81154437968288,0.05915625,1.2551202617947816,False,False,True,False
pt022,MR1,DVF_20190411_ZKN__P22_MR1_MMT_25_2_S_F55_M56.nii,1.6265930297399704,2.127840440635077,24.54301760127292,0.00178895896233658,0.10501801351032405,0.7353184150150487,4.396070196899549,0.9926559387371788,0.9435249982938265,-76.64718437157364,0.04785859375,1.0973657694359187,False,False,True,False
pt022,MR1,DVF_20190411_ZKN__P22_MR1_MMT_25_2_S_F56_M57.nii,1.6827072686146682,2.111699812367547,22.445617333532006,0.0011180440640201526,0.12891826641957,0.8579492418353696,4.402470903758322,0.9814975960883722,1.0405914316094844,-87.2549715530842,0.05830078125,1.2227309622974065,False,False,True,False
pt022,MR1,DVF_20190411_ZKN__P22_MR1_MMT_25_2_S_F57_M58.nii,2.017811796602643,3.574662862645258,43.33182845563049,0.0004090757883265394,0.11192514357274555,0.7423593692596778,5.037323862398246,0.9872689054740307,1.672883817640869,-113.33673752001872,0.06584921875,1.6515683996449422,False,False,True,False
pt022,MR1,DVF_20190411_ZKN__P22_MR1_MMT_25_2_S_F58_M59.nii,2.2874707503743106,3.326278739323164,39.92227319322615,0.002192608717489492,0.12397997320379849,1.020888226482671,5.794763590817134,1.0026825517149205,1.933332421375543,-76.9134823693973,0.07902890625,1.6429715737138184,False,False,True,False
pt022,MR1,DVF_20190411_ZKN__P22_MR1_MMT_25_2_S_F59_M60.nii,1.8772044569074209,2.5759712671903183,28.864970668375747,0.0017877522967760127,0.1342658738964334,0.8847667578297758,4.946901088896194,0.9874160798225013,1.2063021955387587,-76.41345661262596,0.06767421875,1.4903730389656553,False,False,True,False
pt022,MR1,DVF_20190411_ZKN__P22_MR1_MMT_25_2_S_F5_M6.nii,2.391982036918622,2.8617075676045447,26.870501720541863,0.000895914045163215,0.17164815597483699,1.2087406145972097,6.203133804377786,0.9838310073447137,1.347582895421058,-53.23964973471386,0.0961859375,1.941644290727751,False,False,True,False
pt022,MR1,DVF_20190411_ZKN__P22_MR1_MMT_25_2_S_F60_M61.nii,1.5961864081988288,2.1321991443518478,30.25196273823238,0.001209235122667179,0.11640047591816724,0.7329362095873555,4.19119693367995,0.9980309037951238,1.116788544667054,-110.45714795412815,0.053903125,1.2548594801321964,False,False,True,False
pt022,MR1,DVF_20190411_ZKN__P22_MR1_MMT_25_2_S_F61_M62.nii,1.8908007769961555,3.29401415181233,50.44757809673251,0.0005940082381753145,0.11085482498645018,0.7349736726982087,4.726422669236051,0.9683923579282419,1.2229995801790778,-73.32170525651166,0.063846875,1.5640195355074933,False,False,True,False
pt022,MR1,DVF_20190411_ZKN__P22_MR1_MMT_25_2_S_F62_M63.nii,1.8359313312661103,2.4009600865874487,32.1554863567571,0.003155625682011234,0.14729994862000195,0.9166305509363217,4.677524127604512,0.9813994085716522,1.0972709028540453,-73.5140895047168,0.060503125,1.3629981141743928,False,False,True,False
pt022,MR1,DVF_20190411_ZKN__P22_MR1_MMT_25_2_S_F63_M64.nii,1.7548640661976085,2.703995137397343,41.57248398646386,0.0023644960869084624,0.11633509569571064,0.7327103329182351,4.558167037627558,0.969903861740779,1.0937547718659422,-81.64279964956201,0.061846875,1.3496850587276141,False,False,True,False
pt022,MR1,DVF_20190411_ZKN__P22_MR1_MMT_25_2_S_F64_M65.nii,1.3914559875250931,1.889388663528213,34.48033333174343,0.00172632484261071,0.10815828468295566,0.6242283295250775,3.7283712340767745,1.0025234899082576,0.9646373036171675,-95.45813797418337,0.045175,1.0462712107838867,False,False,True,False
pt022,MR1,DVF_20190411_ZKN__P22_MR1_MMT_25_2_S_F65_M66.nii,1.4936356153487842,2.0517749051456455,33.832555612808754,0.001348641936464898,0.1151467684524731,0.6927352152447763,3.940430302218262,0.9964111383947833,1.2775248601106217,-311.10630622177314,0.0513375,1.1850179647962127,False,False,True,False
pt022,MR1,DVF_20190411_ZKN__P22_MR1_MMT_25_2_S_F66_M67.nii,2.4536601299970457,5.584768817957775,71.81702330620882,0.00033029424928171416,0.10954309580304887,0.7229421693228195,5.488837593251742,0.9691266381499934,2.3356319700721015,-212.43201126170985,0.06989609375,2.2180836394593295,False,False,True,False
pt022,MR1,DVF_20190411_ZKN__P22_MR1_MMT_25_2_S_F67_M68.nii,1.647189058414266,2.288295897482085,40.026585671256775,0.0017350290960124438,0.11747566507161009,0.8126782365530023,4.1628397514076605,0.9909383664015499,1.0932780426005486,-78.62657625804947,0.0528765625,1.2284416782906669,False,False,True,False
pt022,MR1,DVF_20190411_ZKN__P22_MR1_MMT_25_2_S_F68_M69.nii,1.986687279818481,2.5703675240548733,25.44842831566282,0.0011729026463675792,0.12080196724515814,0.965702783783301,5.207008920315674,0.999760877492452,1.4506750407986653,-139.18003330004615,0.073678125,1.5329383382566033,False,False,True,False
pt022,MR1,DVF_20190411_ZKN__P22_MR1_MMT_25_2_S_F69_M70.nii,2.0106033256484355,2.4842298355745442,29.902201398100427,0.0008220168482919647,0.1512592792568825,1.0116644366302858,5.206311333395509,0.9834927479867714,1.3514318759580184,-136.1947349464559,0.069909375,1.5169753257822605,False,False,True,False
pt022,MR1,DVF_20190411_ZKN__P22_MR1_MMT_25_2_S_F6_M7.nii,1.929605048444856,2.3015131430153017,20.21790185623758,0.0012356978219679813,0.1353373590492129,1.0238458892662718,5.0541642180701665,0.9866826863388817,1.152323696034544,-39.7185133994996,0.0748578125,1.5591942120590505,False,False,True,False
pt022,MR1,DVF_20190411_ZKN__P22_MR1_MMT_25_2_S_F70_M71.nii,2.412656491570315,4.391916354769891,51.9890385814195,0.0014445746241386484,0.11518748765591888,0.8666879770315612,5.982644643174302,0.9753451090349561,1.506953725992057,-59.65537611060162,0.079746875,2.0706273886018045,False,False,True,False
pt022,MR1,DVF_20190411_ZKN__P22_MR1_MMT_25_2_S_F71_M72.nii,1.9949997113764537,2.531044448223322,24.433829862686274,0.0021052108416582697,0.13371301294979548,0.9425556474202916,5.28204337581334,0.986233070662857,1.2256347480058813,-36.87161208023867,0.07295390625,1.5013940955696303,False,False,True,False
pt022,MR1,DVF_20190411_ZKN__P22_MR1_MMT_25_2_S_F72_M73.nii,2.0652453247772957,3.1631580192862465,47.77190120079044,0.0008314888288717422,0.1125589955165402,0.7501082340660605,5.759548564159261,0.9935260175529962,1.776527215335958,-146.1790145213074,0.07779765625,1.840873718609184,False,False,True,False
pt022,MR1,DVF_20190411_ZKN__P22_MR1_MMT_25_2_S_F73_M74.nii,1.9172056658774883,2.850300495737365,31.063390353313064,0.0007409040009743818,0.12271121534275152,0.7402729683142844,5.262802852105357,0.995870945980505,1.2557290870023925,-59.716662073120375,0.0658765625,1.4825927487372719,False,False,True,False
pt022,MR1,DVF_20190411_ZKN__P22_MR1_MMT_25_2_S_F74_M75.nii,2.036700814868344,3.5284359911200363,53.3960279923114,0.0010166336975316642,0.12194754691814344,0.7743951346400597,5.16424921463991,0.9669749396823256,2.5733361519211404,-189.34326548030322,0.068353125,1.8097001753131003,False,False,True,False
pt022,MR1,DVF_20190411_ZKN__P22_MR1_MMT_25_2_S_F75_M76.nii,1.9429724901582384,3.1690848975864254,37.67515378461385,0.0014314396202003688,0.12027038831137962,0.7804613629941564,5.014926489736201,0.991115356252281,1.3163349006553162,-61.9197726070901,0.06703671875,1.6145443274991353,False,False,True,False
pt022,MR1,DVF_20190411_ZKN__P22_MR1_MMT_25_2_S_F76_M77.nii,1.652249744698885,2.7552623560588634,30.832307282279046,0.002056198656811567,0.12083822704870673,0.6488671141309026,4.235781917155579,0.9894351588765933,1.1126483783717678,-62.535537855058976,0.05111015625,1.2062855451211674,False,False,True,False
pt022,MR1,DVF_20190411_ZKN__P22_MR1_MMT_25_2_S_F77_M78.nii,2.4078920384039693,5.177573394203474,58.44758628109537,0.0008795456515101293,0.1037587259224192,0.580395028727987,5.598181862387663,0.9566581773598689,2.7288981441783324,-177.89456062699978,0.06990078125,2.1707419129539716,False,False,True,False
pt022,MR1,DVF_20190411_ZKN__P22_MR1_MMT_25_2_S_F78_M79.nii,2.103203203743618,4.525014663286187,72.93192183702217,0.0003867011350191156,0.1066823869766837,0.6019410169405714,5.089375740119184,0.966573703973004,1.8108589230681882,-74.0796389183992,0.06987734375,2.059828839771124,False,False,True,False
pt022,MR1,DVF_20190411_ZKN__P22_MR1_MMT_25_2_S_F79_M80.nii,2.0296589943787113,3.824464571907222,45.02371700452715,0.0019781301530255057,0.10546964949257394,0.6107487838776251,5.319300478100395,0.9728205293455512,1.448910542051775,-78.76031538848736,0.06907890625,1.630811057633321,False,False,True,False
pt022,MR1,DVF_20190411_ZKN__P22_MR1_MMT_25_2_S_F7_M8.nii,1.8533635167201525,2.4277414329557914,29.004554243533075,0.0012720982114450673,0.1349896386827726,0.9260235019762083,4.889901339978117,0.9966508059397349,1.1281854668582205,-55.08711823398672,0.0693796875,1.483031065239668,False,False,True,False
pt022,MR1,DVF_20190411_ZKN__P22_MR1_MMT_25_2_S_F80_M81.nii,1.8079132589027425,3.4672269187324685,56.64478415280244,0.0012390308613429504,0.11128148090105805,0.6461684064126394,4.4438313518145245,0.9645245747731948,1.5609661858309705,-78.32746545593906,0.06033359375,1.5516177593778666,False,False,True,False
pt022,MR1,DVF_20190411_ZKN__P22_MR1_MMT_25_2_S_F81_M82.nii,2.4612803499057074,5.0004028397652505,52.071309246578394,0.0012163868836586737,0.10679925665713254,0.6791261098757244,6.172871137140469,0.9624215611258576,2.051826280390762,-76.35066761225423,0.0770078125,2.193439421203023,False,False,True,False
pt022,MR1,DVF_20190411_ZKN__P22_MR1_MMT_25_2_S_F82_M83.nii,4.79122399484547,6.824478340339545,66.53340692010508,0.0011011089349998438,0.22367839904450368,2.007935150467312,12.548557061848458,0.9819170051107871,2.872499242297242,-84.89604207656129,0.143540625,3.193765793378251,False,False,True,False
pt022,MR1,DVF_20190411_ZKN__P22_MR1_MMT_25_2_S_F83_M84.nii,2.925938305472184,3.3793906453256986,29.863750250747486,0.0013155038397335873,0.19150958802869225,1.4821780788623233,7.633966946020033,0.9813655157362291,1.6099842154041208,-163.11637510471022,0.0956328125,1.9748112700985272,False,False,True,False
pt022,MR1,DVF_20190411_ZKN__P22_MR1_MMT_25_2_S_F84_M85.nii,2.149515375140681,2.463534802651509,21.888846322289982,0.0017827033673984934,0.17962470620362478,1.1635219032430104,5.530143014285467,0.9902361576761625,1.0971904964097772,-37.40613797121868,0.06777578125,1.3735530560744083,False,False,True,False
pt022,MR1,DVF_20190411_ZKN__P22_MR1_MMT_25_2_S_F85_M86.nii,1.8654060653887783,2.4396925364577764,33.535673649432134,0.0023957839767055613,0.12671923794937556,0.9355376341471151,4.812950710997531,0.9925015979880926,1.3086063298312354,-60.52039058948935,0.069140625,1.507604319726826,False,False,True,False
pt022,MR1,DVF_20190411_ZKN__P22_MR1_MMT_25_2_S_F86_M87.nii,2.162692616789639,2.8175482507447116,32.35868606539738,0.002189862343305451,0.1434610910706188,1.072833434948106,5.6605671278034855,0.9887174249758139,1.3784632271174597,-99.923083137037,0.0751265625,1.5480660573248548,False,False,True,False
pt022,MR1,DVF_20190411_ZKN__P22_MR1_MMT_25_2_S_F87_M88.nii,1.777795468809551,2.6753309465368034,39.91909126546131,0.0017488551515989735,0.11777254513468417,0.8292039510242004,4.463942052262329,0.9890146308697749,1.4244648184157633,-225.32270226002538,0.05904296875,1.3831002081429518,False,False,True,False
pt022,MR1,DVF_20190411_ZKN__P22_MR1_MMT_25_2_S_F88_M89.nii,2.649133335255803,3.519898282307448,33.23227705305542,0.002521269383089803,0.14736607199890192,1.2226606169514818,6.928920325836837,1.002681592278218,1.9185545306333365,-363.0748665916551,0.0858984375,1.8646735385542283,False,False,True,False
pt022,MR1,DVF_20190411_ZKN__P22_MR1_MMT_25_2_S_F89_M90.nii,1.9660497531150125,2.257030894809668,24.766291236024927,0.0025046181788584794,0.16201225931504795,1.0709986717021946,5.012604884801713,0.9873114468130374,1.1622475480498538,-99.06051741455292,0.05725390625,1.2170085435611826,False,False,True,False
pt022,MR1,DVF_20190411_ZKN__P22_MR1_MMT_25_2_S_F8_M9.nii,1.8313632887886964,2.8135484811897067,50.78262983621424,0.0013959753793079948,0.1259605304506784,0.7577623840070182,4.864819147373921,0.9913536168410776,1.4705264092783148,-71.08762991295379,0.06588515625,1.631934387593768,False,False,True,False
pt022,MR1,DVF_20190411_ZKN__P22_MR1_MMT_25_2_S_F90_M91.nii,1.6035508406697354,2.1265339376348753,26.160586945669014,0.0017158663955301762,0.11667701676110226,0.760188675679784,4.241546242396673,0.9998830208020014,1.1228163159204227,-118.94373018836316,0.0497,1.1159639243095538,False,False,True,False
pt022,MR1,DVF_20190411_ZKN__P22_MR1_MMT_25_2_S_F91_M92.nii,1.8460432497543071,2.1641733694220138,19.823291252330257,0.0021560911277245806,0.13641553961124903,0.9651272724530354,4.817173275723745,0.98817253164039,0.9571571297544194,-38.023091862164826,0.0578453125,1.2103091354219986,False,False,True,False
pt022,MR1,DVF_20190411_ZKN__P22_MR1_MMT_25_2_S_F92_M93.nii,1.5606236238909228,2.1183259268479846,30.779998506522162,0.0005832770948414587,0.1150407167255261,0.7219995655614512,4.100216957479811,0.9907442658794428,0.9572335788289897,-46.66745476603049,0.0491984375,1.101035160682981,False,False,True,False
pt022,MR1,DVF_20190411_ZKN__P22_MR1_MMT_25_2_S_F93_M94.nii,1.6415381675824716,2.3510873762093185,36.992238221709144,0.001082373909881168,0.12392560007673949,0.7390901584905449,4.215847786066647,0.9911296347020372,1.0123771234496233,-67.63326820556635,0.05108515625,1.152673121382984,False,False,True,False
pt022,MR1,DVF_20190411_ZKN__P22_MR1_MMT_25_2_S_F94_M95.nii,1.7051949851678747,2.170970432453642,26.09792836032899,0.0012310670826726421,0.11502197557948157,0.7541358974933534,4.739894643029064,0.9928885120897901,0.9609888091563339,-55.19896922637667,0.05545625,1.1683356066589847,False,False,True,False
pt022,MR1,DVF_20190411_ZKN__P22_MR1_MMT_25_2_S_F95_M96.nii,1.8165889190940954,2.3931983608082397,26.859265382278977,0.0012816671784890174,0.10851466114706824,0.7526080537068878,5.042218818427668,0.9987412234451946,1.1070466517930786,-37.091599980891125,0.062159375,1.3057784985684637,False,False,True,False
pt022,MR1,DVF_20190411_ZKN__P22_MR1_MMT_25_2_S_F96_M97.nii,1.8225094161685083,2.33483024020917,29.95479990906997,0.0002714488385384891,0.12813782277032468,0.8763760445022333,4.787878608343249,1.0008405543663388,1.0965072825472884,-91.46300239096944,0.06055390625,1.3145148484039912,False,False,True,False
pt022,MR1,DVF_20190411_ZKN__P22_MR1_MMT_25_2_S_F97_M98.nii,2.196966169990341,3.3385256347845407,53.49494144496114,0.0012831339499281655,0.10639769376152398,0.8840382925423664,5.678815042459056,0.9730751038129094,1.408637422777129,-190.8620109379995,0.07820703125,1.7267345664213638,False,False,True,False
pt022,MR1,DVF_20190411_ZKN__P22_MR1_MMT_25_2_S_F98_M99.nii,2.3743574912777885,4.515235693546984,53.92532859002215,0.0010385489741291116,0.10744913968447059,0.7053801313990513,6.0818397512389435,0.9757000147558299,2.6069550255361458,-226.02869275064685,0.074446875,2.0741052150430908,False,False,True,False
pt022,MR1,DVF_20190411_ZKN__P22_MR1_MMT_25_2_S_F99_M100.nii,1.679630907851096,1.9975721567619829,21.698445408427595,0.0013408022412177468,0.14929946074728612,0.8912512335892198,4.315185580730293,0.9933190670645259,0.991169287679204,-80.68548718346149,0.053696875,1.1508030996555105,False,False,True,False
pt022,MR1,DVF_20190411_ZKN__P22_MR1_MMT_25_2_S_F9_M10.nii,2.0431783375225656,2.528543501989381,25.12361623452759,0.0014319255096013725,0.14536863527938537,1.0246653615165782,5.276392401105395,1.0037191412937907,1.25999893442622,-77.96779420882285,0.07422265625,1.5393937566219078,False,False,True,False
pt022,MR2,DVF_20191121_ZKN__P22_MR2_MMT_25_2_S_F100_M101.nii,1.2301921112897576,2.403593949638229,29.586555573617712,0.001222841922604576,0.08268524453488006,0.35629354907019584,3.172163467576918,0.9801344176027631,1.6271665698425044,-107.53802700949454,0.04025,1.1043959751050045,False,False,True,False
pt022,MR2,DVF_20191121_ZKN__P22_MR2_MMT_25_2_S_F101_M102.nii,1.398031780522956,2.411952487419508,35.5446612758403,0.0014774278469685013,0.09696832417430526,0.4565481799682278,3.811177889011825,0.9996998126996114,1.3030193755358594,-91.42050378267488,0.037728125,1.0330501739954707,False,False,True,False
pt022,MR2,DVF_20191121_ZKN__P22_MR2_MMT_25_2_S_F102_M103.nii,1.3027996006793903,2.218245860184866,26.560891105173273,0.0006807848642545759,0.07033666958374468,0.4039589018195053,3.6546634721269675,0.993752414623047,1.0362652938619894,-61.10285329650102,0.037271875,0.8865428850033433,False,False,True,False
pt022,MR2,DVF_20191121_ZKN__P22_MR2_MMT_25_2_S_F103_M104.nii,1.5747570618661528,3.865206201369498,43.790054840984574,0.0004986035488145397,0.06675322487342002,0.31737737184513315,3.8315402362182156,0.9861872295795192,1.8790161932826053,-153.13867306517676,0.04146328125,1.395932609660977,False,False,True,False
pt022,MR2,DVF_20191121_ZKN__P22_MR2_MMT_25_2_S_F104_M105.nii,2.5925397894774163,6.945306459359597,64.02571098027127,0.0006522653679524519,0.058805473555198357,0.303788058761048,6.139599627449368,0.963517940767867,3.840959245271761,-257.20583877278756,0.06010859375,2.96159310176843,False,False,True,False
pt022,MR2,DVF_20191121_ZKN__P22_MR2_MMT_25_2_S_F105_M106.nii,2.8526566490120073,6.8759889687962215,57.048089219390924,0.0005896093052193252,0.07297781412704248,0.37105904845862564,8.033292896350282,0.9064986316785054,3.2727732663501157,-181.16110594754346,0.0714453125,2.909136932650491,False,False,True,False
pt022,MR2,DVF_20191121_ZKN__P22_MR2_MMT_25_2_S_F106_M107.nii,2.037034988061693,5.753570010289731,80.52720562374822,0.0007707274151410943,0.07182873316170703,0.3376884244167234,4.463236357222801,0.9698231339614213,5.124852458377657,-642.7355946381518,0.05089296875,2.6479234304558643,False,False,True,False
pt022,MR2,DVF_20191121_ZKN__P22_MR2_MMT_25_2_S_F107_M108.nii,1.2069289676271544,2.309043917098764,34.678965071503825,0.0007774645289171107,0.0863223658802639,0.3398000154046555,3.302473398144433,0.9935692286742793,1.3644376148223352,-104.29951872854635,0.037803125,1.000151098488349,False,False,True,False
pt022,MR2,DVF_20191121_ZKN__P22_MR2_MMT_25_2_S_F108_M109.nii,1.3819858168785653,2.383268767266811,28.107667740252975,0.0010743893073173038,0.08645628309016563,0.3904895407482991,4.0643930791207525,0.994332153697923,1.2259736335041298,-76.25609091093806,0.04315234375,1.0280949977542553,False,False,True,False
pt022,MR2,DVF_20191121_ZKN__P22_MR2_MMT_25_2_S_F109_M110.nii,1.1468620872220463,2.196359820382268,39.3518613565675,0.0003929304082810392,0.07625578390068617,0.35212138004689975,3.0141593621789102,0.9921341283638377,1.5396863822344562,-128.80254254399455,0.04043515625,1.126446951870547,False,False,True,False
pt022,MR2,DVF_20191121_ZKN__P22_MR2_MMT_25_2_S_F10_M11.nii,1.9342673850042953,3.1677055947925212,32.704718808804394,0.0006223634878779295,0.07780820245496332,0.5637561515949419,5.7594561007589755,0.9871086101585551,1.8239236109138852,-169.332917779621,0.06331171875,1.6335298314404105,False,False,True,False
pt022,MR2,DVF_20191121_ZKN__P22_MR2_MMT_25_2_S_F110_M111.nii,1.2139189554882976,2.1604528891181496,33.332484500419014,0.0008445832784673092,0.06867666185447896,0.3556507238255544,3.5000621891952384,0.9883031601670395,1.1483967991537485,-112.86916189214774,0.04123046875,0.9459738319231876,False,False,True,False
pt022,MR2,DVF_20191121_ZKN__P22_MR2_MMT_25_2_S_F111_M112.nii,1.2944964722551175,2.363238026681082,31.4872031631365,0.0002670385649561403,0.07827475230303604,0.40062907330058106,3.523037957457697,0.9906845814557032,1.3968847670674038,-167.5215792954387,0.0417515625,1.1376249961284872,False,False,True,False
pt022,MR2,DVF_20191121_ZKN__P22_MR2_MMT_25_2_S_F112_M113.nii,1.2831587114027634,2.7431172395560846,44.154270853595925,0.0007858727807344173,0.0736739423579693,0.31436435320998657,3.502302983142633,0.9844452980111055,2.1063835459059654,-200.38310009660435,0.0427328125,1.3360747625228544,False,False,True,False
pt022,MR2,DVF_20191121_ZKN__P22_MR2_MMT_25_2_S_F113_M114.nii,1.2261446344897056,1.997076430310847,23.290721894477574,0.0012792603293291288,0.09672456793333396,0.4349217137555549,3.3323776549043296,0.9958799451829795,1.1868407468570747,-158.1987798663038,0.035296875,0.8809400750649691,False,False,True,False
pt022,MR2,DVF_20191121_ZKN__P22_MR2_MMT_25_2_S_F114_M115.nii,1.128188062298039,1.941350184420702,24.687158199434524,0.0006301520803544126,0.08514307275938456,0.4176760496464704,2.9214060872196184,0.9900857873487061,0.943230670450026,-50.210277891939405,0.02858828125,0.7287928954940811,False,False,True,False
pt022,MR2,DVF_20191121_ZKN__P22_MR2_MMT_25_2_S_F115_M116.nii,1.2471614526003532,1.9942383639559564,32.337620890019494,0.00042120743708276803,0.07931234738316008,0.4468065203238389,3.5081571707926655,0.9914753643689326,1.3285571836079897,-245.0105151312727,0.0309859375,0.8467863318545753,False,False,True,False
pt022,MR2,DVF_20191121_ZKN__P22_MR2_MMT_25_2_S_F116_M117.nii,1.5494226001096425,2.564461967845613,41.22010900272971,0.0011527561345762859,0.1356331396706558,0.5659550747089068,4.098899584653162,1.0116147503451793,1.6156205277340028,-83.00440126238904,0.04198359375,1.0989006546428355,False,False,True,False
pt022,MR2,DVF_20191121_ZKN__P22_MR2_MMT_25_2_S_F117_M118.nii,1.1603065042603389,2.168092445823202,31.94845629411864,0.0006134066971399281,0.06291824442274638,0.3256603069707247,3.241190825651905,0.9999722484109212,1.3955176500027942,-237.77340727658753,0.038103125,0.9177215885837384,False,False,True,False
pt022,MR2,DVF_20191121_ZKN__P22_MR2_MMT_25_2_S_F118_M119.nii,1.6473724841470467,2.9411365984206412,36.74616303758489,0.0008892770789318738,0.08193516556016944,0.4781107053310224,4.5192540436320785,0.9828707647601479,1.5723319735486205,-206.6096493886464,0.0505078125,1.352355068805972,False,False,True,False
pt022,MR2,DVF_20191121_ZKN__P22_MR2_MMT_25_2_S_F119_M120.nii,1.311303589647696,2.1200574824080154,31.274152224826082,0.0007790174840996938,0.08326723929292947,0.44930478423391673,3.659082488274539,0.9950630776678089,1.074576534562753,-76.61356976230627,0.0378,0.9460569272680972,False,False,True,False
pt022,MR2,DVF_20191121_ZKN__P22_MR2_MMT_25_2_S_F11_M12.nii,2.105448017454711,3.2347475250500604,39.57512569048118,0.0013329598846580852,0.1432944706216359,0.7920423722377882,5.654467097490653,1.01083183359973,1.790034071846424,-212.58942067746864,0.0602625,1.4752664049097255,False,False,True,False
pt022,MR2,DVF_20191121_ZKN__P22_MR2_MMT_25_2_S_F120_M121.nii,1.0432588698723555,1.7734654643019285,33.59220045740611,0.0010790156548578633,0.095004834809212,0.37686431086681027,2.7368802656001665,1.0000917063015267,1.6956560773516802,-182.75249725650892,0.03279921875,0.8390514099392953,False,False,True,False
pt022,MR2,DVF_20191121_ZKN__P22_MR2_MMT_25_2_S_F121_M122.nii,1.3394708719135004,2.1657426604980783,27.629404702652565,0.0006719510786814345,0.1057512071319147,0.49306066350811034,3.5180050761563364,1.0027811793969705,1.7741096713734372,-340.17495544604833,0.036428125,0.9437350336119389,False,False,True,False
pt022,MR2,DVF_20191121_ZKN__P22_MR2_MMT_25_2_S_F122_M123.nii,1.2965328679292083,2.639181158017185,34.244549060174634,0.0009385102931137387,0.07967272171488557,0.3761213637612729,3.3598834314706774,0.9985512291324614,1.4208674311586054,-167.17439251528438,0.03906328125,1.1534743885452041,False,False,True,False
pt022,MR2,DVF_20191121_ZKN__P22_MR2_MMT_25_2_S_F123_M124.nii,1.2425988424134136,2.247614833160853,29.904143278719516,0.0005086910197158328,0.07510046709874041,0.3790463684478046,3.454879418554447,0.9831072170907023,1.3994593138846592,-101.24546121801147,0.04243203125,1.0556795485737864,False,False,True,False
pt022,MR2,DVF_20191121_ZKN__P22_MR2_MMT_25_2_S_F124_M125.nii,1.3100496221988638,2.564935715117155,38.924438151877126,0.0009799642297405493,0.06765799749642427,0.34652280446796535,3.73108708251528,0.9897701487294982,1.7941293366020403,-206.39352404776875,0.0454453125,1.3311570911320931,False,False,True,False
pt022,MR2,DVF_20191121_ZKN__P22_MR2_MMT_25_2_S_F125_M126.nii,1.4985348191473438,3.58923977579948,56.915803127535476,0.0005855069195223799,0.059522804899002114,0.3225740875706127,3.955362424316605,0.9883269029842757,2.2062849326922014,-251.82181925780836,0.04854375,1.5547499371238325,False,False,True,False
pt022,MR2,DVF_20191121_ZKN__P22_MR2_MMT_25_2_S_F126_M127.nii,1.4502124773823746,2.918200588188963,43.75848017511767,0.0014087461640860243,0.10239344933912052,0.43843645396422093,3.996888238081061,0.9847055107304908,1.188732248332359,-48.66259058964193,0.04194140625,1.0734379812901609,False,False,True,False
pt022,MR2,DVF_20191121_ZKN__P22_MR2_MMT_25_2_S_F127_M128.nii,1.8513445951792207,4.175292568146249,57.50943568829074,0.0009376270212045726,0.07855483401708072,0.3869554473496786,4.984537356391781,0.9845918876157802,2.311168073604884,-214.75610686827633,0.05876796875,1.8417293382873496,False,False,True,False
pt022,MR2,DVF_20191121_ZKN__P22_MR2_MMT_25_2_S_F128_M129.nii,1.5504979476504925,3.5547364010563527,55.37200042944812,0.0004350293921990122,0.05205880511065834,0.30477464643104907,4.311512162002719,0.9861421543633713,3.704435839512146,-460.9456525047789,0.0512015625,1.6333231750233095,False,False,True,False
pt022,MR2,DVF_20191121_ZKN__P22_MR2_MMT_25_2_S_F129_M130.nii,1.400254844425744,2.597211676963468,37.32663941027635,0.0013030777532612565,0.09992559402011969,0.44161615539032073,3.803215125474594,0.9963795877488341,1.5572439510435097,-167.77497763421113,0.04434609375,1.2676093729747433,False,False,True,False
pt022,MR2,DVF_20191121_ZKN__P22_MR2_MMT_25_2_S_F12_M13.nii,1.7403866916205046,2.8570508263657817,39.68781881429789,0.0008430805477129852,0.09457195994887932,0.6162826233861132,4.8301951568254085,0.9790625720481361,1.5867542865329776,-103.8956376191019,0.05241875,1.3876107943185068,False,False,True,False
pt022,MR2,DVF_20191121_ZKN__P22_MR2_MMT_25_2_S_F130_M131.nii,1.464058719951691,2.7941835845273335,34.3549651156688,0.0008380173661064324,0.1028641033137615,0.3904785378081662,4.024058312060346,0.9888744301369407,1.5098606043102865,-51.78707677373211,0.05060546875,1.339617124415655,False,False,True,False
pt022,MR2,DVF_20191121_ZKN__P22_MR2_MMT_25_2_S_F131_M132.nii,1.637604361265938,3.2055451497098306,39.97407647421133,0.0010302206155097737,0.0654897447046429,0.37476082928353116,4.689599858410106,0.9860638306358891,2.237920129631527,-106.78112860016758,0.05520703125,1.5949012149386517,False,False,True,False
pt022,MR2,DVF_20191121_ZKN__P22_MR2_MMT_25_2_S_F132_M133.nii,1.7730993622315556,3.4685060348770715,38.001931442212175,0.0011373093195427646,0.076399368728336,0.43630824892322906,4.996548912774008,0.9927352128830811,1.894357478435797,-217.13006309579018,0.058859375,1.435115541721188,False,False,True,False
pt022,MR2,DVF_20191121_ZKN__P22_MR2_MMT_25_2_S_F133_M134.nii,1.5491337895271733,2.965955333307885,38.03254070432299,0.0014229055340152456,0.11703623733742728,0.4626089300838736,4.245673078270076,1.0037015806354623,2.0077512429663007,-214.29149761549903,0.0493578125,1.3955965676850481,False,False,True,False
pt022,MR2,DVF_20191121_ZKN__P22_MR2_MMT_25_2_S_F134_M135.nii,1.627240998380768,3.371468428558115,36.32860029442385,0.0011878769112365695,0.07327002546342676,0.3794460760675349,4.405576025419396,0.9919568533060197,2.0598316707216426,-156.51185758067862,0.0540046875,1.536007189881728,False,False,True,False
pt022,MR2,DVF_20191121_ZKN__P22_MR2_MMT_25_2_S_F135_M136.nii,2.7152491685638114,6.814319875463863,68.55815257249448,0.0002391845841195127,0.07291376108325358,0.4279750799822196,6.502629986366727,0.9561160844720241,3.0948374862426533,-231.24744184816817,0.0709578125,2.818220253961545,False,False,True,False
pt022,MR2,DVF_20191121_ZKN__P22_MR2_MMT_25_2_S_F136_M137.nii,2.708802863045628,3.810342141060018,42.724516949623954,0.002220863458845333,0.15708317427494775,0.986436069101007,7.531875050322365,1.0282951515661283,2.0210628924621443,-108.26721432893359,0.079790625,1.8537132697918168,False,False,True,False
pt022,MR2,DVF_20191121_ZKN__P22_MR2_MMT_25_2_S_F137_M138.nii,2.991887726092124,4.266251139783087,35.1372827704048,0.001072210020857716,0.16416563676369478,1.1326473259797902,8.415124572801547,0.9617130714641721,1.736904956986596,-207.63678147374716,0.08088203125,1.6989146227390717,False,False,True,False
pt022,MR2,DVF_20191121_ZKN__P22_MR2_MMT_25_2_S_F138_M139.nii,1.3366061140235268,2.4416732463490454,29.5537702449445,0.0009094132642957431,0.06911565810272462,0.36747912127365545,3.579908893066929,0.985459315640947,1.2642561029631336,-88.75973762167504,0.04318203125,1.0728880371452492,False,False,True,False
pt022,MR2,DVF_20191121_ZKN__P22_MR2_MMT_25_2_S_F139_M140.nii,1.475940660135886,2.8674118974349154,39.47402234425763,0.0006424148046690763,0.08458116261681606,0.4268174250371369,3.9286461130331936,0.9887197747076916,1.6194484508409002,-106.80450316787599,0.04766171875,1.2730506668972439,False,False,True,False
pt022,MR2,DVF_20191121_ZKN__P22_MR2_MMT_25_2_S_F13_M14.nii,1.3769100056253711,2.0925256628113393,28.77011520042335,0.0006836868538252537,0.0949430322639376,0.5196826741079428,3.73763448331736,1.0036186505433202,1.5670948564382927,-251.71546854362097,0.042165625,1.0269207285777207,False,False,True,False
pt022,MR2,DVF_20191121_ZKN__P22_MR2_MMT_25_2_S_F140_M141.nii,1.7889209108165214,4.308987954419754,52.114149969804906,0.00045883652767083266,0.07570964342331295,0.4059964753440233,4.134683109617328,0.9846747089164357,2.6220469772774613,-366.4454966072559,0.0457828125,1.6986541048037171,False,False,True,False
pt022,MR2,DVF_20191121_ZKN__P22_MR2_MMT_25_2_S_F141_M142.nii,1.3489635473916044,2.97696047377767,47.93200291593787,0.0011440210192274825,0.06412981482674494,0.33548562877534016,3.52848073262183,0.9887101519306961,1.6617846079790601,-124.03561185547554,0.04127109375,1.2498373911678264,False,False,True,False
pt022,MR2,DVF_20191121_ZKN__P22_MR2_MMT_25_2_S_F142_M143.nii,1.828241312427248,4.824346332807906,71.10269910214282,0.0006830606124032589,0.0648463342894219,0.36601951589993087,4.565309173551211,0.9793677564993349,2.0178269880146678,-154.52206011067065,0.0543390625,2.0939583913943074,False,False,True,False
pt022,MR2,DVF_20191121_ZKN__P22_MR2_MMT_25_2_S_F143_M144.nii,1.2472004516681836,2.167546487776072,50.452805642423044,0.0006062717052846173,0.10531773908461006,0.44925711563150883,3.3000925393946514,0.9952330049551863,1.2287419768585959,-100.36156640023978,0.038725,0.9906427928411445,False,False,True,False
pt022,MR2,DVF_20191121_ZKN__P22_MR2_MMT_25_2_S_F144_M145.nii,1.194793262888366,2.348242301690215,45.089926659415006,0.0007852428552789095,0.0640877597529025,0.3085225077665923,3.41727569482201,0.9863713505662206,2.1480432992288785,-369.98474214066016,0.04242109375,1.2019079076840529,False,False,True,False
pt022,MR2,DVF_20191121_ZKN__P22_MR2_MMT_25_2_S_F145_M146.nii,1.6866534187374636,3.6181271495301663,44.46783166852074,0.0012269399066520484,0.08795502688679682,0.4392255330898298,4.160825291928317,0.9843510782808719,2.1463156094851814,-131.2904169563745,0.0491078125,1.6750425856635083,False,False,True,False
pt022,MR2,DVF_20191121_ZKN__P22_MR2_MMT_25_2_S_F146_M147.nii,1.2655080878116103,2.757663722912475,48.252558882380605,0.0006084504191318964,0.07772436372859064,0.3748676982180804,3.0404380148603796,0.982703011477299,1.9541207640747307,-266.0117630151387,0.0370765625,1.2720832927371182,False,False,True,False
pt022,MR2,DVF_20191121_ZKN__P22_MR2_MMT_25_2_S_F147_M148.nii,1.2501442561235758,2.1648882737749826,31.612628126889252,0.0008267927946600633,0.0715049539709362,0.3966415870523574,3.45648835574583,0.986267654268597,1.3638803971739868,-156.27745095857455,0.04079453125,1.0451482139826682,False,False,True,False
pt022,MR2,DVF_20191121_ZKN__P22_MR2_MMT_25_2_S_F148_M149.nii,1.3908492259574856,2.895176145575515,42.18934625266042,0.000326916089652525,0.10146274813297942,0.44175677219884707,3.378693387439172,0.9891540689071191,1.9697048947995064,-121.59503000165743,0.042125,1.1633177305908562,False,False,True,False
pt022,MR2,DVF_20191121_ZKN__P22_MR2_MMT_25_2_S_F149_M150.nii,1.9594363322965005,3.1163579969881647,36.04820017556955,0.001106106572393095,0.1402135305457293,0.690071031955733,5.313992780979226,1.0121059950759754,1.5612757899353829,-244.83633999687186,0.04843359375,1.2429848535540542,False,False,True,False
pt022,MR2,DVF_20191121_ZKN__P22_MR2_MMT_25_2_S_F14_M15.nii,1.3407647946681875,2.342572843634507,28.427226591099913,0.0009456102772696003,0.07427598318616754,0.4708595156958547,3.580177944701567,0.9852395772519067,1.4151217632771376,-153.69037433942222,0.0371875,0.9876165927420745,False,False,True,False
pt022,MR2,DVF_20191121_ZKN__P22_MR2_MMT_25_2_S_F150_M151.nii,1.655009285854005,2.732006518601821,34.79651147691341,0.0009530513419658554,0.09230028334899443,0.5807469887029243,4.663077441714887,0.9858754531991742,1.7900422857046203,-237.0652553046562,0.052165625,1.3588151452254387,False,False,True,False
pt022,MR2,DVF_20191121_ZKN__P22_MR2_MMT_25_2_S_F151_M152.nii,1.4667838610479063,2.1125256623638626,37.65706103871095,0.00026895418490833556,0.09053450636885638,0.542024904236132,4.032939774627668,0.9865666037443518,1.248686200747572,-248.0430274804809,0.04213046875,1.0086067723135268,False,False,True,False
pt022,MR2,DVF_20191121_ZKN__P22_MR2_MMT_25_2_S_F152_M153.nii,1.430540727512919,2.1370463730569726,33.433345080142146,0.002192405572349616,0.13631484540959862,0.604903914134133,3.7479470430575783,0.9908162620116818,1.2724753029414335,-74.53715402282843,0.04355625,1.091438479202178,False,False,True,False
pt022,MR2,DVF_20191121_ZKN__P22_MR2_MMT_25_2_S_F153_M154.nii,1.3599314461019552,2.1368937057493294,30.14018266804574,0.0008582432372364945,0.07721722823032903,0.4763265924213086,3.75825130285275,0.9978407605077496,1.1151186711855474,-61.82945892729675,0.04101953125,1.027099906427194,False,False,True,False
pt022,MR2,DVF_20191121_ZKN__P22_MR2_MMT_25_2_S_F154_M155.nii,1.632152271604479,2.530994939768215,31.770672116160355,0.000929223634447946,0.09892840803975017,0.5555321575554418,4.757156902083506,0.9840081750508365,1.4301738154708157,-124.891346512771,0.04760859375,1.1731947970986585,False,False,True,False
pt022,MR2,DVF_20191121_ZKN__P22_MR2_MMT_25_2_S_F155_M156.nii,1.4971716175453837,2.8735320712558696,57.63425572595719,0.000593094787350012,0.0722292407363166,0.4711518099983061,3.95445463535552,0.9779187041835313,2.1124989289528044,-172.14770857302125,0.04941484375,1.5659559374509635,False,False,True,False
pt022,MR2,DVF_20191121_ZKN__P22_MR2_MMT_25_2_S_F156_M157.nii,1.2972668108121692,1.9001021077783282,28.72713493549236,0.0007478821496148074,0.12298868740680041,0.5244183903179114,3.527245029946672,0.9931418074700665,0.9557937082860359,-56.9858304203046,0.03835703125,0.9096603159668378,False,False,True,False
pt022,MR2,DVF_20191121_ZKN__P22_MR2_MMT_25_2_S_F157_M158.nii,1.4615748194626361,2.5051457206237493,43.3723585955802,0.0009911306713784934,0.08406748639745724,0.5293547464153721,3.757245973552125,0.99542285951302,1.4846377253969398,-154.53100867278238,0.0441984375,1.195856551134337,False,False,True,False
pt022,MR2,DVF_20191121_ZKN__P22_MR2_MMT_25_2_S_F158_M159.nii,1.6257275498986787,2.4369310162229207,29.247025127816812,0.0014702021915441567,0.11793829709244762,0.58363962025408,4.505751207459405,1.0064452520754033,1.490487402805385,-218.03390922082636,0.0480984375,1.1692256781386494,False,False,True,False
pt022,MR2,DVF_20191121_ZKN__P22_MR2_MMT_25_2_S_F159_M160.nii,1.690867014901314,2.555010931143917,33.8682994984329,0.0013063088772232961,0.10936337272415417,0.6141502379957884,4.759278437334001,0.9869123289924145,1.4132566507094038,-109.89171591044168,0.05994921875,1.4260375332297885,False,False,True,False
pt022,MR2,DVF_20191121_ZKN__P22_MR2_MMT_25_2_S_F15_M16.nii,2.6751024219517943,7.187768817889154,71.9638680591333,0.0005251638319513492,0.06478235721018673,0.3444446271515163,6.019861982759183,0.9590642866254715,4.9657935739477645,-439.24582906633213,0.0655125,3.3630941690830807,False,False,True,False
pt022,MR2,DVF_20191121_ZKN__P22_MR2_MMT_25_2_S_F16_M17.nii,1.253229847831007,2.0618106200056316,24.878557378573262,0.001113734608648694,0.07807489651602588,0.4328570693172115,3.489824622624977,0.9934687700861812,1.1020275021966335,-103.09505763095444,0.03491640625,0.8502504208765913,False,False,True,False
pt022,MR2,DVF_20191121_ZKN__P22_MR2_MMT_25_2_S_F17_M18.nii,1.3016441254510003,3.007934343900559,54.71446651330785,0.0003686270050951703,0.07512174514681738,0.3664811763509863,3.0617101461073686,0.9907028864492385,1.912432925832521,-93.64614151803852,0.03614765625,1.2431500962871362,False,False,True,False
pt022,MR2,DVF_20191121_ZKN__P22_MR2_MMT_25_2_S_F18_M19.nii,1.1724984145222195,2.142014824126315,35.66619170843186,0.0005721409762739832,0.06426372530915549,0.38658929505875844,3.0664146001450576,0.982041447241854,2.212230169072228,-209.69113602486306,0.03814296875,1.1169853591124574,False,False,True,False
pt022,MR2,DVF_20191121_ZKN__P22_MR2_MMT_25_2_S_F19_M20.nii,1.2053067696965023,1.9634927246447809,38.290829203604424,0.0012063153852341988,0.09272043986026891,0.4193210344642023,3.3337099613416603,0.995991626995001,1.388875745209514,-159.78437842066356,0.03242734375,0.8559423699466632,False,False,True,False
pt022,MR2,DVF_20191121_ZKN__P22_MR2_MMT_25_2_S_F1_M2.nii,1.7792588440117167,2.473355821562818,30.50543377073367,0.001544564214046547,0.1762775310356895,0.7564181897566296,4.836036342171668,0.9918879886688721,1.5101826287400626,-129.92738651490708,0.05554609375,1.3371247159229394,False,False,True,False
pt022,MR2,DVF_20191121_ZKN__P22_MR2_MMT_25_2_S_F20_M21.nii,1.5265494503734203,2.4069420094997427,27.947375733695477,0.0008434248076140754,0.07399118791395964,0.5023102598362006,4.41108218446158,0.9841481115565457,1.081635782877918,-115.12281839147911,0.03990703125,0.868038790569616,False,False,True,False
pt022,MR2,DVF_20191121_ZKN__P22_MR2_MMT_25_2_S_F21_M22.nii,1.5173469322362405,2.4653587849997987,39.52150914264826,0.0018824789172147906,0.11937754691393374,0.5245772104194353,4.135166392542544,1.0009566378018717,1.9507421705888521,-447.1047703770814,0.04142421875,1.1067737154995914,False,False,True,False
pt022,MR2,DVF_20191121_ZKN__P22_MR2_MMT_25_2_S_F22_M23.nii,1.6197546458554577,2.4506001241420923,25.267653161107408,0.001588830142933016,0.08738920131499761,0.5284030547810062,4.7296785804094545,0.9830281306608313,1.3967983450577395,-115.3198492134364,0.053846875,1.2169414292032197,False,False,True,False
pt022,MR2,DVF_20191121_ZKN__P22_MR2_MMT_25_2_S_F23_M24.nii,1.263605528530898,2.4286968928886288,31.925294893763006,0.00023369163311155345,0.055811103744831635,0.293062324259045,3.8120867991232457,0.9943796932895516,1.5190259125370422,-104.81896434188954,0.04424609375,1.1215776591624025,False,False,True,False
pt022,MR2,DVF_20191121_ZKN__P22_MR2_MMT_25_2_S_F24_M25.nii,1.3906691541343932,2.8960242525873534,36.46611244412533,0.0009110345035612228,0.07974714046574952,0.3595226718247408,3.746211220166865,0.9852651301384331,1.8149661696566506,-148.0855120343757,0.04591171875,1.3745513457299379,False,False,True,False
pt022,MR2,DVF_20191121_ZKN__P22_MR2_MMT_25_2_S_F25_M26.nii,1.2205917370991575,2.6212773754231966,43.805662836934864,0.0010012282483295642,0.04831622533006916,0.2630079892946175,3.3546163050012465,0.9865342722574809,2.0092265385057315,-192.8151091920923,0.0423421875,1.3399144961608163,False,False,True,False
pt022,MR2,DVF_20191121_ZKN__P22_MR2_MMT_25_2_S_F26_M27.nii,1.3051650349106865,2.6340784953050824,45.337012772144135,0.0007745882292946646,0.08307858119239392,0.36833052374664155,3.5436133707319377,0.9916043214125678,1.7585190685948155,-170.140782006013,0.042621875,1.222291618234272,False,False,True,False
pt022,MR2,DVF_20191121_ZKN__P22_MR2_MMT_25_2_S_F27_M28.nii,1.7663991361336164,3.633407803123685,43.919559862924096,0.00041279094428555026,0.05654279563171707,0.3273511993294309,5.446459682643238,0.9737714039034421,2.0833223031100006,-187.0973469484336,0.05923984375,1.650171682850619,False,False,True,False
pt022,MR2,DVF_20191121_ZKN__P22_MR2_MMT_25_2_S_F28_M29.nii,1.31348382988439,2.298856329839042,37.0480916366775,0.0005836554357342179,0.07735900755231513,0.375786631542959,3.848844035308285,0.9992805355771872,1.323992669544981,-95.89501793239815,0.04085390625,1.028545334485902,False,False,True,False
pt022,MR2,DVF_20191121_ZKN__P22_MR2_MMT_25_2_S_F29_M30.nii,1.468707534783537,2.779387316205446,42.285650223509485,0.0014577049716542794,0.07648192194076484,0.41313851458127837,3.9465421416439947,0.9919207686214487,2.067418634683276,-153.12381670265955,0.05370625,1.4354538914096653,False,False,True,False
pt022,MR2,DVF_20191121_ZKN__P22_MR2_MMT_25_2_S_F2_M3.nii,1.2114231131707338,1.9161903282175763,20.8353724312625,0.0007926256937678084,0.0723770892502632,0.4348137699433876,3.3210241771049382,0.9909918226207758,1.124299971919755,-77.99961248508868,0.03840078125,0.8440908918595312,False,False,True,False
pt022,MR2,DVF_20191121_ZKN__P22_MR2_MMT_25_2_S_F30_M31.nii,1.4656058848068534,2.5067919206815317,35.11117164088571,0.000854094960723825,0.07129518798728442,0.45867846278303503,4.077985310869116,0.990310580911988,1.4332197244756424,-105.75739071577257,0.04576015625,1.2384396932319746,False,False,True,False
pt022,MR2,DVF_20191121_ZKN__P22_MR2_MMT_25_2_S_F31_M32.nii,1.6585542582844464,3.829787040837107,63.101168278476585,0.001030504587574136,0.0680507198186956,0.37627847523246905,4.211162393462909,0.9707110481481428,2.733465724665312,-182.20529484607755,0.05467109375,2.143509376537345,False,False,True,False
pt022,MR2,DVF_20191121_ZKN__P22_MR2_MMT_25_2_S_F32_M33.nii,3.3411613710770065,7.671826892332572,59.46697281604639,0.00041689189930322056,0.0693301187849125,0.4056632663063849,10.685428142231538,0.9444247131000869,4.071896739836784,-287.44209594801885,0.07770234375,3.5931325629526474,False,False,True,False
pt022,MR2,DVF_20191121_ZKN__P22_MR2_MMT_25_2_S_F33_M34.nii,1.1323431370773,2.8845273619069327,44.76423758629931,0.0007880721710853033,0.0764271759441373,0.344397593391505,2.383955334765099,0.9907206214059548,1.4239741897381477,-113.14542467151634,0.028409375,0.946639288141266,False,False,True,False
pt022,MR2,DVF_20191121_ZKN__P22_MR2_MMT_25_2_S_F34_M35.nii,2.318043164183644,6.365008194074179,65.25193608009174,0.0009267107108392767,0.06322807505754095,0.3123331900558781,4.661112229092682,0.9646881473919395,4.568485176346863,-410.4377089673915,0.05180703125,2.568992551852902,False,False,True,False
pt022,MR2,DVF_20191121_ZKN__P22_MR2_MMT_25_2_S_F35_M36.nii,1.0680991799486201,1.915667037969294,35.48220061850797,0.0012925778092653987,0.08597088080245176,0.37200224904709955,2.683670039552805,0.9952654973078882,1.2375424735520064,-113.67677474169128,0.03128671875,0.9062559969179216,False,False,True,False
pt022,MR2,DVF_20191121_ZKN__P22_MR2_MMT_25_2_S_F36_M37.nii,1.0949116058428656,1.976682141371732,36.92292634760117,0.0007164170498162371,0.06809068459442169,0.3610853749535897,2.8544546742329464,0.9864153926076676,1.344579712784559,-114.05832872357779,0.0366671875,0.966106000809678,False,False,True,False
pt022,MR2,DVF_20191121_ZKN__P22_MR2_MMT_25_2_S_F37_M38.nii,1.0289588878533071,2.057614971681627,32.875611616497324,0.00035783222118319403,0.07017223714133926,0.3313166970753955,2.586806407888645,0.9847718561571712,1.0066091494492548,-93.595469295332,0.02987265625,0.7328398299992294,False,False,True,False
pt022,MR2,DVF_20191121_ZKN__P22_MR2_MMT_25_2_S_F38_M39.nii,1.1808860940496382,1.9219793580051303,41.43675446595289,0.0012226833115134017,0.08893055667906087,0.4229596487027446,3.147735680256892,0.9829364767186946,1.1954089834698955,-88.20537242978267,0.03361015625,0.9342876086865305,False,False,True,False
pt022,MR2,DVF_20191121_ZKN__P22_MR2_MMT_25_2_S_F39_M40.nii,2.0402764474263777,4.827482886828993,50.98590778118523,0.0005663672285227296,0.07035156644354568,0.3779879231566703,4.921237253003732,0.9632685326906641,2.188132959971896,-243.77033810672086,0.05270078125,2.1014375411601143,False,False,True,False
pt022,MR2,DVF_20191121_ZKN__P22_MR2_MMT_25_2_S_F3_M4.nii,2.4098870586216368,5.6552522083039864,59.854987289057554,0.0006636556217737159,0.07021672672048554,0.41749360642749467,6.114874996161314,0.9674576705078658,2.4756829663345905,-164.49432722821945,0.062853125,2.4322073016190378,False,False,True,False
pt022,MR2,DVF_20191121_ZKN__P22_MR2_MMT_25_2_S_F40_M41.nii,4.622646083601742,10.551741631266985,75.69361038080912,0.001451806078566141,0.09350242745295272,0.5469434677020618,14.836964013552503,0.8834261102147429,9.205408823871126,-946.4513807306577,0.090321875,5.657200769022404,False,False,True,False
pt022,MR2,DVF_20191121_ZKN__P22_MR2_MMT_25_2_S_F41_M42.nii,1.8191975039529593,4.455925373807199,55.17421065824534,0.0005875684229790511,0.08007956928905184,0.4444930330658767,4.069554834953979,0.9708084692911602,2.144121931804214,-170.8829933723348,0.045103125,1.6447479880486404,False,False,True,False
pt022,MR2,DVF_20191121_ZKN__P22_MR2_MMT_25_2_S_F42_M43.nii,1.3203991314985652,2.0851364880586756,37.84943116731635,0.0008691490360454989,0.10398197861226204,0.4807252413562251,3.6374128664459486,1.0030657404336398,1.4176668875003897,-121.83460664974118,0.04061328125,1.0477085486990683,False,False,True,False
pt022,MR2,DVF_20191121_ZKN__P22_MR2_MMT_25_2_S_F43_M44.nii,1.4426063018995807,2.3237135072921196,33.88273329690399,0.0014380365080084428,0.09287894399211376,0.5150824847740544,4.026514858492793,0.9921595882474082,1.9982014217969704,-175.28823871315805,0.05172578125,1.372766021246965,False,False,True,False
pt022,MR2,DVF_20191121_ZKN__P22_MR2_MMT_25_2_S_F44_M45.nii,1.2913213849364442,2.3939085516400267,29.1464175456586,0.0004890182833492485,0.07330600123294057,0.4029503470313911,3.501630215602528,0.9917485357653457,1.5330507075570698,-151.54819738714988,0.0433046875,1.1600997111439844,False,False,True,False
pt022,MR2,DVF_20191121_ZKN__P22_MR2_MMT_25_2_S_F45_M46.nii,1.223819283075976,2.1736048124264413,32.91708065032329,0.0012581462923007055,0.06790211034530316,0.38304228765316917,3.4080152236843153,0.9921562183959167,1.3673940760383476,-102.42691037151128,0.0403109375,1.0790059738218365,False,False,True,False
pt022,MR2,DVF_20191121_ZKN__P22_MR2_MMT_25_2_S_F46_M47.nii,1.3766437262025195,2.4722912300824946,43.90684450474885,0.0005826304027091576,0.07322608979638318,0.45541505302460616,3.6755933738413162,0.9786003580385106,1.8501520588001237,-150.753580643767,0.04406328125,1.2216427789264055,False,False,True,False
pt022,MR2,DVF_20191121_ZKN__P22_MR2_MMT_25_2_S_F47_M48.nii,1.4537852818840826,3.3888621744463396,41.79088715470015,0.0003333231569679278,0.06382361141873907,0.3319637780608675,3.5637844334601803,0.985316896204759,1.8593949998085515,-193.4666770707028,0.045084375,1.4438449193356435,False,False,True,False
pt022,MR2,DVF_20191121_ZKN__P22_MR2_MMT_25_2_S_F48_M49.nii,1.3338082589175593,2.8288464300218488,49.70593961967915,0.001336630795286317,0.07617362902285894,0.35160925441746393,3.617290024879901,0.9837277579435652,1.7942941864446071,-207.1731738576834,0.0389546875,1.1640450245641696,False,False,True,False
pt022,MR2,DVF_20191121_ZKN__P22_MR2_MMT_25_2_S_F49_M50.nii,1.3433187343893036,2.6099136353283017,32.29861852548176,0.0005376339461261793,0.060664349007279406,0.32710385439350786,3.884843799175397,0.9917704730585772,2.009353639165514,-307.50317718836436,0.0466671875,1.1975913958769262,False,False,True,False
pt022,MR2,DVF_20191121_ZKN__P22_MR2_MMT_25_2_S_F4_M5.nii,1.4743579332372647,3.649722478609152,69.51852513583351,0.0006324604697990379,0.07543531047995755,0.3744467854810551,3.3553429551361633,0.9774381460841478,3.5541420598279014,-412.2572628411702,0.04497421875,1.7248282773592767,False,False,True,False
pt022,MR2,DVF_20191121_ZKN__P22_MR2_MMT_25_2_S_F50_M51.nii,2.223624231009927,5.634442736334421,83.90367600661477,0.0002992380277837026,0.06308539635729521,0.33660931151522844,5.841887115092844,0.9707778311711087,4.21111085534296,-379.33702040891677,0.0595859375,2.7958152862221475,False,False,True,False
pt022,MR2,DVF_20191121_ZKN__P22_MR2_MMT_25_2_S_F51_M52.nii,1.337318112992564,2.2477841798162452,43.288630223281494,0.0011315132814158101,0.09631101852339326,0.42360799647461883,3.779554922634443,1.0097256526370966,1.7148085242469358,-146.8093618009574,0.04103984375,1.0502675684245073,False,False,True,False
pt022,MR2,DVF_20191121_ZKN__P22_MR2_MMT_25_2_S_F52_M53.nii,1.202858897968827,2.829660002895101,42.29718474262342,0.0007024467357459545,0.06809819074127249,0.3035241575087214,2.8775382273657195,0.9908873486789141,2.524845291653756,-519.7875202436387,0.03490078125,1.2056939441162802,False,False,True,False
pt022,MR2,DVF_20191121_ZKN__P22_MR2_MMT_25_2_S_F53_M54.nii,1.341719017283698,3.525296684205295,65.20578780031177,0.0006464726547285922,0.062216398491745664,0.28076130461047333,3.198209907219568,0.9810062908990396,2.344376115449537,-278.1800674957688,0.03849296875,1.4232943723005964,False,False,True,False
pt022,MR2,DVF_20191121_ZKN__P22_MR2_MMT_25_2_S_F54_M55.nii,1.0384110271098443,1.9486422809888602,34.401559792443756,0.0005381789717648159,0.05503617360155473,0.3163598514747643,2.81490558954946,0.9871362096776789,1.299188358401093,-108.10180422530833,0.0309421875,0.8884934598557065,False,False,True,False
pt022,MR2,DVF_20191121_ZKN__P22_MR2_MMT_25_2_S_F55_M56.nii,1.0319711798097866,2.141706799189782,58.093530473194434,0.0008658808023139083,0.07647702933319321,0.35256187570084985,2.558868810810957,0.999440544482216,1.2299031785861347,-112.94313743033572,0.027959375,0.8850645885899198,False,False,True,False
pt022,MR2,DVF_20191121_ZKN__P22_MR2_MMT_25_2_S_F56_M57.nii,1.7605928656262262,5.342478576765492,78.5598071006007,0.0007148612162892665,0.06343929271184576,0.31214746148263683,3.410517666520044,0.9917729634754451,3.609028030352826,-391.29708983492503,0.041975,2.0878888259410124,False,False,True,False
pt022,MR2,DVF_20191121_ZKN__P22_MR2_MMT_25_2_S_F57_M58.nii,1.0632133603386364,2.1711208754269937,36.80434542888144,0.001056640614493357,0.07446660255155856,0.33007931087887127,2.713537253137631,0.985629806382312,1.3616033786208035,-91.54804190749208,0.03439296875,0.9300986789137369,False,False,True,False
pt022,MR2,DVF_20191121_ZKN__P22_MR2_MMT_25_2_S_F58_M59.nii,1.2026043818257683,2.072923225423381,37.313028946378196,0.0007977319155399708,0.07090691815476476,0.3842386333107046,3.2383405203437032,0.9841113285496633,1.1404719255590812,-148.59870523211066,0.03139765625,0.840026194046933,False,False,True,False
pt022,MR2,DVF_20191121_ZKN__P22_MR2_MMT_25_2_S_F59_M60.nii,3.3837178778468675,8.323158278392366,70.93872164049576,0.0008988130077769145,0.07195947986472506,0.3520087360476429,10.358458406486973,0.9135188752886555,6.430307782323539,-645.849996421669,0.07336171875,4.213589727400587,False,False,True,False
pt022,MR2,DVF_20191121_ZKN__P22_MR2_MMT_25_2_S_F5_M6.nii,1.2678780132210212,2.575383680243424,35.41438339736117,0.0007880494508261557,0.06666386226670071,0.3242469765246454,3.4902063143284336,0.995674290363307,1.5044681121332464,-123.98533384408813,0.04465625,1.1557977105115118,False,False,True,False
pt022,MR2,DVF_20191121_ZKN__P22_MR2_MMT_25_2_S_F60_M61.nii,1.1556792799354705,1.953974843463072,37.99908047436177,0.0020033188227100997,0.10535399109943833,0.4160718460162503,3.072751253862888,1.0019887328510195,1.3520413457049474,-146.29879341638775,0.03124453125,0.7890852562037051,False,False,True,False
pt022,MR2,DVF_20191121_ZKN__P22_MR2_MMT_25_2_S_F61_M62.nii,1.124254197466826,2.025938621078985,33.973962143124986,0.0003994772654639252,0.07430754518355889,0.3272312211612626,3.2652682203940717,1.0054221213849595,1.2735850065845205,-102.62010896928098,0.03426640625,0.8944000127756375,False,False,True,False
pt022,MR2,DVF_20191121_ZKN__P22_MR2_MMT_25_2_S_F62_M63.nii,1.295466561793546,2.289744622055799,35.35253612605922,0.0009275637018780194,0.07683957615797762,0.3652699975421657,3.791517492066357,0.9856305225993263,1.3231093870565185,-174.4856895005168,0.03869140625,1.001211712714334,False,False,True,False
pt022,MR2,DVF_20191121_ZKN__P22_MR2_MMT_25_2_S_F63_M64.nii,1.1101086273053498,1.9246955341876204,40.25369402773716,0.0008909191862036034,0.06529914492888438,0.3406779400266829,3.092929649982775,0.9883661347303674,0.8751139589378171,-65.36960744731805,0.03009296875,0.7136724633706087,False,False,True,False
pt022,MR2,DVF_20191121_ZKN__P22_MR2_MMT_25_2_S_F64_M65.nii,1.3920287248100456,2.286966082954202,34.9716502340311,0.0008759206147436892,0.12016948585113985,0.4802062119981021,3.8144559351794727,1.0010784089836462,2.0188902935770927,-379.36496367882717,0.03543046875,0.9982664708410234,False,False,True,False
pt022,MR2,DVF_20191121_ZKN__P22_MR2_MMT_25_2_S_F65_M66.nii,1.6185415500869922,2.5780606949934186,36.71528223956003,0.0009779375485659378,0.08953615956102516,0.5357773346884442,4.759745149369536,0.97905501005511,1.499611322197726,-193.91732595735596,0.04954375,1.1898002098762055,False,False,True,False
pt022,MR2,DVF_20191121_ZKN__P22_MR2_MMT_25_2_S_F66_M67.nii,1.3765559079973386,2.513422746861964,29.77405983865526,0.0007113534923216165,0.06340531800379309,0.3706405214313486,4.108489039454123,0.9950614884735248,1.4735979394742396,-227.6581882585399,0.044671875,1.0998769930539483,False,False,True,False
pt022,MR2,DVF_20191121_ZKN__P22_MR2_MMT_25_2_S_F67_M68.nii,1.6622458893712733,3.894225311840764,44.809088908253855,0.0009035486596497533,0.0639505689035001,0.33854232594871136,4.20776270778769,0.9870313179284483,2.5831160313531276,-353.3921800246759,0.04890859375,1.5930828842366986,False,False,True,False
pt022,MR2,DVF_20191121_ZKN__P22_MR2_MMT_25_2_S_F68_M69.nii,2.102932862861542,5.162878628176725,47.77190622519595,0.0008013539043433281,0.06434075328113253,0.3172949513915486,5.361191228842719,0.9772358015612302,3.409099298793728,-251.80314373790875,0.05807109375,2.2609238928772264,False,False,True,False
pt022,MR2,DVF_20191121_ZKN__P22_MR2_MMT_25_2_S_F69_M70.nii,1.9045738655148075,4.326528726313552,52.36392259157349,0.0005765105951966283,0.06670141770637923,0.3267624273009101,5.412824521114937,0.9666382658163318,3.0192342926127926,-251.38925826175014,0.060828125,2.1338077157878397,False,False,True,False
pt022,MR2,DVF_20191121_ZKN__P22_MR2_MMT_25_2_S_F6_M7.nii,1.3495963577282255,2.132345336979049,31.089284653286697,0.0011308746476397316,0.10447956942878502,0.4518787440364179,3.7381884147488584,0.9954100710410255,1.5183250787341416,-130.61999373839387,0.04210859375,1.1754246464021405,False,False,True,False
pt022,MR2,DVF_20191121_ZKN__P22_MR2_MMT_25_2_S_F70_M71.nii,1.1133811390715727,2.082632561411712,32.82724846241759,0.001160855432486798,0.07749008821726398,0.3450407586077734,2.9796876521608597,0.9924106334251437,1.1581827058750773,-111.9330857477177,0.03561640625,0.9140828559064507,False,False,True,False
pt022,MR2,DVF_20191121_ZKN__P22_MR2_MMT_25_2_S_F71_M72.nii,2.025950693195347,4.8010460316885295,45.89391971498785,0.0012361751466132425,0.06300496334652494,0.34482709346353946,5.500116111079578,0.9777463172593711,3.2970834150344404,-470.0649547408841,0.059384375,1.995292258297534,False,False,True,False
pt022,MR2,DVF_20191121_ZKN__P22_MR2_MMT_25_2_S_F72_M73.nii,2.1385650599819956,5.1145291764532805,45.020049728046345,0.00032534268022070453,0.05357954978020368,0.2993705287598454,5.691678576328962,0.9509782875650815,3.275729341655882,-315.5063359831734,0.05958671875,2.3386593438382355,False,False,True,False
pt022,MR2,DVF_20191121_ZKN__P22_MR2_MMT_25_2_S_F73_M74.nii,1.374330863768856,2.280173351285391,38.53571941964879,0.0022695155914264965,0.10271368390699681,0.4487352969818844,3.8821969988710054,1.0006614360043997,1.2387329937168967,-120.31990357789,0.0393734375,1.0020683154912453,False,False,True,False
pt022,MR2,DVF_20191121_ZKN__P22_MR2_MMT_25_2_S_F74_M75.nii,1.2754707548546138,2.461802264422393,39.62513150592759,0.0010274093621705938,0.07830695711430918,0.3569816380933192,3.577190120882269,0.9951676756347296,1.5376097473400485,-153.32240202635336,0.0405390625,1.0682149541152655,False,False,True,False
pt022,MR2,DVF_20191121_ZKN__P22_MR2_MMT_25_2_S_F75_M76.nii,1.6015251561170236,2.5107731106361357,31.249868276733928,0.0008641359125112761,0.09664636346689169,0.5216609852668974,4.489168914230711,0.9829799082539971,1.0971881712490552,-68.37650055080795,0.0440953125,1.037913278402166,False,False,True,False
pt022,MR2,DVF_20191121_ZKN__P22_MR2_MMT_25_2_S_F76_M77.nii,1.498516130982663,3.0090214719858244,37.47272550580352,0.001033648427682721,0.08237090504854028,0.3638248450504573,4.086533218781816,0.9913262985566327,1.6926178283375297,-201.9922680022974,0.0472546875,1.243914653053249,False,False,True,False
pt022,MR2,DVF_20191121_ZKN__P22_MR2_MMT_25_2_S_F77_M78.nii,1.3506749964098343,2.7960446673707993,30.97603367182897,0.0005534760218160517,0.07127701739396904,0.35221799760850714,3.560686756197229,1.0048349277782669,1.269719101830785,-103.24024812247924,0.0419828125,1.0792851272418273,False,False,True,False
pt022,MR2,DVF_20191121_ZKN__P22_MR2_MMT_25_2_S_F78_M79.nii,1.1932237196188444,2.18572390436193,29.653123049151638,0.000772372015751295,0.07605550965971891,0.3627573028109211,3.3011677792007568,1.0023112177723512,1.0786724253790563,-77.72714705524871,0.03551171875,0.8835009593801635,False,False,True,False
pt022,MR2,DVF_20191121_ZKN__P22_MR2_MMT_25_2_S_F79_M80.nii,1.563060778832135,4.012531853981099,63.25519991310488,0.0006802989025424731,0.07271311628385023,0.34710002982581,3.703221122320885,0.9747949277591148,2.451105073534125,-351.4905967022503,0.0472796875,1.6592335179042936,False,False,True,False
pt022,MR2,DVF_20191121_ZKN__P22_MR2_MMT_25_2_S_F7_M8.nii,1.0944792378410864,1.8424945390068272,26.79153157884978,0.0008778898619507425,0.06903454028971005,0.36339493978292153,3.058143947646857,0.9874680755981928,1.1128313141132335,-114.08241935910257,0.03619921875,0.8844284475597386,False,False,True,False
pt022,MR2,DVF_20191121_ZKN__P22_MR2_MMT_25_2_S_F80_M81.nii,1.2019926217835097,2.2855222751059707,33.90183742408259,0.0005480563835146834,0.08076673510946113,0.35785135643085564,3.319487673314772,1.030286888282437,2.8417528447588807,-233.6050984014812,0.0400046875,1.1283599839528295,False,False,True,False
pt022,MR2,DVF_20191121_ZKN__P22_MR2_MMT_25_2_S_F81_M82.nii,1.1739337449459817,2.4635190369021336,42.20540591471117,0.000585629464778059,0.05721545756962095,0.29737088878767015,3.1937509148194474,0.9875994547672573,1.5346323701807174,-101.61440355600865,0.0392125,1.2538998142937032,False,False,True,False
pt022,MR2,DVF_20191121_ZKN__P22_MR2_MMT_25_2_S_F82_M83.nii,1.2242168485645797,2.2982167112909875,29.497770256526376,0.0020730816327444255,0.0983045885742761,0.38029482353739474,3.3205243831883116,0.9925100847844706,1.6452165861244712,-206.48701874995888,0.03800859375,1.005672857081254,False,False,True,False
pt022,MR2,DVF_20191121_ZKN__P22_MR2_MMT_25_2_S_F83_M84.nii,2.1338873072914595,5.27690154049468,65.39685906588628,0.0006803927505823752,0.07872256261601111,0.3517480248868855,5.41903588882747,0.9847057429215907,3.3694007262953067,-261.89277241998445,0.0548734375,2.381530485444748,False,False,True,False
pt022,MR2,DVF_20191121_ZKN__P22_MR2_MMT_25_2_S_F84_M85.nii,1.2125865132620957,2.1529924906764384,43.091745468930284,0.0017038560512964538,0.105790051138355,0.4239094626240578,3.3011558212112484,0.9904873473060106,1.482132812886332,-235.44582110964194,0.0402015625,1.0492457754940125,False,False,True,False
pt022,MR2,DVF_20191121_ZKN__P22_MR2_MMT_25_2_S_F85_M86.nii,1.0907250783263749,1.9565583662855774,29.54268200288755,0.0007829087345376814,0.06381594968492466,0.3590067316129368,2.957200362786106,0.9858251654836786,1.1757175753899298,-81.24580747111428,0.03491875,0.8917921308887394,False,False,True,False
pt022,MR2,DVF_20191121_ZKN__P22_MR2_MMT_25_2_S_F86_M87.nii,1.064716529914552,2.2786784479279514,45.13814228667542,0.001414989115466558,0.08385145837187988,0.32901352258830896,2.6743106352810524,0.9885990179204406,1.4920284293011958,-205.45357360148822,0.03249296875,0.9383474052664563,False,False,True,False
pt022,MR2,DVF_20191121_ZKN__P22_MR2_MMT_25_2_S_F87_M88.nii,1.9440754528729842,5.185725380346504,78.07212113311826,0.0008417069456992157,0.06274004837813031,0.28402448791619717,4.685800477769204,0.9628346855823987,3.172208040529728,-277.97580655375066,0.05403359375,2.3598230934506135,False,False,True,False
pt022,MR2,DVF_20191121_ZKN__P22_MR2_MMT_25_2_S_F88_M89.nii,1.22305929929661,2.4337918358387887,28.1973369477395,0.0003944348424092021,0.0654276033237187,0.3058100267825313,3.416728652574617,0.9915482879134483,1.3606693153492386,-97.74937841326296,0.0432796875,1.0635627493033353,False,False,True,False
pt022,MR2,DVF_20191121_ZKN__P22_MR2_MMT_25_2_S_F89_M90.nii,1.321631536627476,2.252857748043001,29.912086603607996,0.0015648813166725727,0.10354869073860166,0.4484462193464698,3.5383837693572606,1.0076304531411466,1.179885820354245,-117.85444105429912,0.03606875,0.8989836671927174,False,False,True,False
pt022,MR2,DVF_20191121_ZKN__P22_MR2_MMT_25_2_S_F8_M9.nii,2.439083905216736,6.112133254959831,59.3846816804003,0.0010110022342602867,0.07024131585536987,0.3927426437636484,5.68891151674503,0.9820217497079015,6.448390419763804,-1461.32518865143,0.06516640625,2.7019394852729137,False,False,True,False
pt022,MR2,DVF_20191121_ZKN__P22_MR2_MMT_25_2_S_F90_M91.nii,1.476083374162199,2.1362050115148294,28.62997627666127,0.0005878923324992312,0.09002611676863431,0.5093722942754291,4.329307933962653,0.9868835742567046,0.9832704088896105,-102.03564450339894,0.03091875,0.7835397568230991,False,False,True,False
pt022,MR2,DVF_20191121_ZKN__P22_MR2_MMT_25_2_S_F91_M92.nii,2.052504450526559,5.354145991887627,61.47458792921314,0.0010979495969751971,0.0709539445149316,0.35000178308002894,4.556135664259761,0.9598192326323742,3.3229331083573608,-224.6030784329699,0.04842265625,2.3865373634735985,False,False,True,False
pt022,MR2,DVF_20191121_ZKN__P22_MR2_MMT_25_2_S_F92_M93.nii,1.1797971882840805,1.9140869395265694,35.65294998953379,0.0012469424700326012,0.11896864587852632,0.4624609650708633,3.0389002103531766,0.9951593336856053,1.284654184699983,-137.94010680959357,0.02850859375,0.7762593540507822,False,False,True,False
pt022,MR2,DVF_20191121_ZKN__P22_MR2_MMT_25_2_S_F93_M94.nii,1.3037930898708705,2.139223240657859,31.18684152122343,0.0008327591991847849,0.10706044814883438,0.4745770178966183,3.42273798190513,1.0222421290522972,1.4463805616867438,-104.16625584827378,0.0322375,0.8368750763638733,False,False,True,False
pt022,MR2,DVF_20191121_ZKN__P22_MR2_MMT_25_2_S_F94_M95.nii,1.174581391170469,2.465205943438371,32.06027698667101,0.0007184223178598213,0.06339434080979418,0.33429964930541667,2.954400091291674,0.9877803183763957,1.816595197121591,-199.5342004545576,0.0395046875,1.1003087894421926,False,False,True,False
pt022,MR2,DVF_20191121_ZKN__P22_MR2_MMT_25_2_S_F95_M96.nii,1.228512631401468,2.0440057273028356,30.12788053124957,0.0010782266783004532,0.08619103826987806,0.4318200548895649,3.3579955582700127,0.9850571246779178,1.1654057665264062,-90.87493617248501,0.03909296875,0.9837741714542378,False,False,True,False
pt022,MR2,DVF_20191121_ZKN__P22_MR2_MMT_25_2_S_F96_M97.nii,1.4083905937245382,2.598533227098545,43.96468938555381,0.000740737236967269,0.07357591956119446,0.4016806140412089,3.9206257764469195,0.989813340215729,1.5414057792626938,-126.2516651516493,0.038340625,1.0835587924450207,False,False,True,False
pt022,MR2,DVF_20191121_ZKN__P22_MR2_MMT_25_2_S_F97_M98.nii,1.7722957036880453,4.667578506416846,52.44534302021688,0.0009350988740943235,0.06181686379421411,0.3115542698002535,4.226168217475399,0.9755684650269246,2.7502810251900014,-187.08642314912234,0.050409375,1.693183757070954,False,False,True,False
pt022,MR2,DVF_20191121_ZKN__P22_MR2_MMT_25_2_S_F98_M99.nii,3.3374925120665306,8.161581759670572,70.28886261341893,0.00045265043318631367,0.06916367967594556,0.3641088865311521,10.01710300536312,0.8826394784600982,4.645408010534077,-274.7276893812904,0.075546875,3.8308994676796466,False,False,True,False
pt022,MR2,DVF_20191121_ZKN__P22_MR2_MMT_25_2_S_F99_M100.nii,1.9178824807963781,5.277342077916507,71.02350671169283,0.000501052850972224,0.060601602887825935,0.30500750452921344,4.155504081509236,0.9709496449756254,3.551860858651366,-288.15843691225643,0.047328125,2.1432163427807627,False,False,True,False
pt022,MR2,DVF_20191121_ZKN__P22_MR2_MMT_25_2_S_F9_M10.nii,1.4105778975787535,2.3764665024141682,38.935273796504866,0.0015706507747169389,0.09634335958317242,0.4766774326995887,3.8572934105815087,0.9973451313628308,1.7072368738046864,-184.49548328131357,0.05033671875,1.3126407739525783,False,False,True,False
pt022,MR3,DVF_20200117_ZKN__P22_MR3_MMT_25_2_S_F100_M101.nii,1.0130544867244906,1.2191584249874123,24.178997708850137,0.0019776518390187863,0.11076777149102285,0.5872499720593525,2.419580991441305,0.9860293565458104,0.48332821316816055,-31.243208656573593,0.01136328125,0.3593807851811789,False,True,True,False
pt022,MR3,DVF_20200117_ZKN__P22_MR3_MMT_25_2_S_F101_M102.nii,2.116574577222296,5.347186917281914,58.88736333706657,0.0016118137929643083,0.09615688412488227,0.5032114001574328,4.2192267317184315,0.9940650185759304,2.8284610741516802,-288.5591534939541,0.041171875,1.8944307836715653,False,False,True,False
pt022,MR3,DVF_20200117_ZKN__P22_MR3_MMT_25_2_S_F102_M103.nii,3.317789121157481,7.70072268324125,54.63375326699984,0.0008650393121822729,0.07584395595555612,0.3640186662217211,12.364542512278124,0.9233673885993873,2.6659556077300826,-138.88888210113697,0.071765625,3.4591270819605975,False,False,True,False
pt022,MR3,DVF_20200117_ZKN__P22_MR3_MMT_25_2_S_F103_M104.nii,2.309650874114247,6.244184523320331,65.29881336530394,0.001085850486284182,0.11299892941982494,0.5333619378482446,4.142155347475738,0.9891581576510516,2.097716818801198,-119.40474355106113,0.04183515625,2.089675259230576,False,False,True,False
pt022,MR3,DVF_20200117_ZKN__P22_MR3_MMT_25_2_S_F104_M105.nii,2.2879487551238906,6.114939372615416,72.67223916409165,0.000452525885353462,0.08636721440219657,0.442404928017194,5.084829259477792,0.971992614917692,2.01798207626715,-104.47877816938323,0.04745703125,2.0543830528704947,False,False,True,False
pt022,MR3,DVF_20200117_ZKN__P22_MR3_MMT_25_2_S_F105_M106.nii,1.2192527342916109,3.2232912619087326,67.03285144337559,0.000430123412714097,0.06755091709700509,0.3653990385424287,2.5863281343100977,0.9996480906602783,6.452421193006797,-633.7541349924397,0.022690625,1.1612875286501505,False,False,True,False
pt022,MR3,DVF_20200117_ZKN__P22_MR3_MMT_25_2_S_F106_M107.nii,4.139735115661072,9.29108604850328,81.87442618075426,0.0007759344481128672,0.09877283578590225,0.6110637936364973,13.492200692074885,0.9099967153359881,4.570797856860935,-396.08563877648265,0.079609375,3.9058868914851272,False,False,True,False
pt022,MR3,DVF_20200117_ZKN__P22_MR3_MMT_25_2_S_F107_M108.nii,2.579912175352585,6.1697324895487835,68.14270042433215,0.0009638917474475647,0.08523798248261509,0.5567582607806254,5.582313594276916,0.9522773576516099,4.163733111447715,-611.7493801276705,0.05413359375,2.3228880167904755,False,False,True,False
pt022,MR3,DVF_20200117_ZKN__P22_MR3_MMT_25_2_S_F108_M109.nii,2.4122780773992645,5.760623097389813,56.51792202187382,0.0007189338239853507,0.08428155941681702,0.5060287227377795,5.984274790189171,0.970454496343429,2.306630454260183,-130.27567546063835,0.0526640625,2.1766211887123035,False,False,True,False
pt022,MR3,DVF_20200117_ZKN__P22_MR3_MMT_25_2_S_F109_M110.nii,1.549529818453776,3.862856984942671,48.00127874336555,0.0014682027811145247,0.0889219797685935,0.47463236932744485,2.9227944514936692,0.9725163221588052,1.1161801326634708,-60.06815533658191,0.02868828125,1.0171158633812059,False,False,True,False
pt022,MR3,DVF_20200117_ZKN__P22_MR3_MMT_25_2_S_F10_M11.nii,1.5400149229669382,3.762286660939106,53.49289753519354,0.0002091186111146223,0.08086925055390573,0.4176854427207881,3.4673865011798752,0.9876430053211783,1.3032865008698669,-57.07536935894186,0.03841328125,1.3482575300197817,False,False,True,False
pt022,MR3,DVF_20200117_ZKN__P22_MR3_MMT_25_2_S_F110_M111.nii,0.9848498171159561,1.3710194867881247,26.267002986846396,0.0008506403079299649,0.09512429403631745,0.5051197281064378,2.3501793326539113,1.0016739560232752,0.49579064862415445,-35.05339749072237,0.01171015625,0.41402185804427616,False,True,True,False
pt022,MR3,DVF_20200117_ZKN__P22_MR3_MMT_25_2_S_F111_M112.nii,0.8927564839965649,1.8529672642271435,43.7772139338857,0.0009390386421207194,0.10171053237154534,0.45421096628784186,1.8427509518335097,0.9877932681244798,0.683516361059642,-60.574909677212254,0.012615625,0.4404219292758812,False,True,True,False
pt022,MR3,DVF_20200117_ZKN__P22_MR3_MMT_25_2_S_F112_M113.nii,4.082115179710659,8.946748774622248,71.18142006591232,0.00036819613809586433,0.0894858204992022,0.5273856583248202,13.886365043123241,0.8892798697737153,3.620884075219228,-348.12583373095856,0.08618671875,3.902401599842593,False,False,True,False
pt022,MR3,DVF_20200117_ZKN__P22_MR3_MMT_25_2_S_F113_M114.nii,3.1631169933447576,8.371803116075453,78.99807606402884,0.0012483174061875175,0.08425676736266192,0.4460373222620826,8.06358703749523,0.9222028565323833,6.843314660864634,-647.0369724168028,0.06399765625,4.039332919018039,False,False,True,False
pt022,MR3,DVF_20200117_ZKN__P22_MR3_MMT_25_2_S_F114_M115.nii,1.7189352241288411,4.981047289086348,81.54482963821236,0.0012954515569342283,0.08485566104223331,0.41294291898956315,2.853566738406442,0.9541374964437553,5.943248228847424,-834.9660836147882,0.0341828125,1.8964504530797035,False,False,True,False
pt022,MR3,DVF_20200117_ZKN__P22_MR3_MMT_25_2_S_F115_M116.nii,2.363108817205454,5.660161952515321,65.7262123246784,0.0006770065132447819,0.0907951091619805,0.500498139272375,5.579494935326192,0.9601511389144182,2.2812795271013213,-237.74997153552678,0.0534390625,2.105045568965863,False,False,True,False
pt022,MR3,DVF_20200117_ZKN__P22_MR3_MMT_25_2_S_F116_M117.nii,3.084657418517372,7.0318499563077275,69.72070024648724,0.0008774268899307229,0.07968657923768373,0.5285148093209882,8.835302270480828,0.9480077270850877,3.0914334154808225,-310.49663018722157,0.06529921875,3.1554224020890556,False,False,True,False
pt022,MR3,DVF_20200117_ZKN__P22_MR3_MMT_25_2_S_F117_M118.nii,4.006594128033469,8.613844396718203,67.9147609622013,0.0008416088589462078,0.09049250062077739,0.6064441387817117,13.57720400756288,0.907734631620755,4.042590522171914,-528.8428808685532,0.08297265625,3.451765763802663,False,False,True,False
pt022,MR3,DVF_20200117_ZKN__P22_MR3_MMT_25_2_S_F118_M119.nii,3.1109624462271506,8.297477124000267,115.66599001315558,0.0017220743893308782,0.10814114232537021,0.6054074376060719,7.147439473972569,0.9498903542978944,4.683931253887475,-389.2683913982889,0.06240078125,4.002994063461456,False,False,True,False
pt022,MR3,DVF_20200117_ZKN__P22_MR3_MMT_25_2_S_F119_M120.nii,1.4064293306416815,4.208252552792195,73.80139952814274,0.0010124813086415186,0.08728842388855518,0.4461828368012201,2.510186048002937,0.9804243002780164,1.5333777046598518,-133.782662316763,0.02258828125,1.1820976530206997,False,False,True,False
pt022,MR3,DVF_20200117_ZKN__P22_MR3_MMT_25_2_S_F11_M12.nii,1.0570960817876758,2.2155662409042374,42.949191136181575,0.0005492784643388675,0.07858512374669535,0.3699617130413494,2.557801175319481,0.9894188376255534,0.8167889091237317,-33.08943821354046,0.02733515625,0.7426673128971495,False,False,True,False
pt022,MR3,DVF_20200117_ZKN__P22_MR3_MMT_25_2_S_F120_M121.nii,3.839535597566156,9.796966426684211,87.5994334503294,0.001376686510611737,0.09013152419855894,0.5421832226319412,11.056934093200306,0.932076528270045,7.386795892261863,-372.42267851797357,0.06776328125,4.506557336827635,False,False,True,False
pt022,MR3,DVF_20200117_ZKN__P22_MR3_MMT_25_2_S_F121_M122.nii,2.2642598920043833,5.7578468406156835,54.644496169861085,0.0011937862561174457,0.08669492845123401,0.48133040695802715,4.836595417182363,0.9476200857256086,1.4441136619681842,-70.35831279334423,0.04447109375,1.639505266641923,False,False,True,False
pt022,MR3,DVF_20200117_ZKN__P22_MR3_MMT_25_2_S_F122_M123.nii,1.0061271256065707,2.413716525244069,58.23829064501559,0.0013293651483283417,0.0814346992249003,0.36353547376486944,2.2009572083983557,1.0306768173484808,1.4231114966990577,-51.7751327830055,0.01861875,0.6732268429727385,False,True,True,False
pt022,MR3,DVF_20200117_ZKN__P22_MR3_MMT_25_2_S_F123_M124.nii,1.221733435379682,1.7571338904719518,25.254907175973255,0.0011777033432617838,0.09814693048983808,0.5595206009965394,3.0434094037155432,0.9999972078364817,0.54754945326189,-27.45573549752512,0.01453125,0.4657589763750439,False,True,True,False
pt022,MR3,DVF_20200117_ZKN__P22_MR3_MMT_25_2_S_F124_M125.nii,1.160967604377529,2.658894443646956,50.49793335296108,0.000948202294331315,0.09435408684200484,0.44446434223429554,2.4708827484517575,0.997003805668023,1.1585178568789527,-63.23036107788095,0.0219609375,0.7963252517411241,False,False,True,False
pt022,MR3,DVF_20200117_ZKN__P22_MR3_MMT_25_2_S_F125_M126.nii,3.0947100882132674,7.311714000124676,72.34556206235078,0.0009925839333671633,0.08987041279299286,0.5965351556082141,7.8939801209458125,0.9793832499282448,4.592501347636524,-470.8995048679968,0.0649875,3.1696985274611036,False,False,True,False
pt022,MR3,DVF_20200117_ZKN__P22_MR3_MMT_25_2_S_F126_M127.nii,1.3552178840325315,4.401105667705172,72.11043922577296,0.0012664269366270099,0.0807175664122702,0.4214239355072513,2.2761834850868192,0.9779431064502987,3.663861083707347,-497.56268115317306,0.0248234375,1.280255882861072,False,False,True,False
pt022,MR3,DVF_20200117_ZKN__P22_MR3_MMT_25_2_S_F127_M128.nii,1.7414941561488608,4.096854065395813,52.89387349131231,0.0009117254182127958,0.08431518941795538,0.43743305877110905,3.894773913750764,0.9659329372059672,1.3917829020540489,-97.38180166064606,0.04073671875,1.5999595307825245,False,False,True,False
pt022,MR3,DVF_20200117_ZKN__P22_MR3_MMT_25_2_S_F128_M129.nii,3.019480664515533,7.453594868597771,100.93845175082042,0.0005595359956051931,0.08830024037794353,0.48838006763689257,7.884091155272337,0.9639911284151458,5.6799798566423085,-535.1461633852472,0.05901953125,4.006515172795427,False,False,True,False
pt022,MR3,DVF_20200117_ZKN__P22_MR3_MMT_25_2_S_F129_M130.nii,0.7556972934678009,1.0033205312948794,14.828953637809802,0.0014137461442077824,0.08786243778044729,0.3950095467931014,1.8505780645906866,0.9939987618118888,0.3932765055832627,-23.710900107083095,0.0082546875,0.2860714922154276,False,True,True,False
pt022,MR3,DVF_20200117_ZKN__P22_MR3_MMT_25_2_S_F12_M13.nii,1.0943417031190374,2.26582034937556,37.2594157405676,0.00040764659175751783,0.07259623601543908,0.3528675411685547,2.776433254863704,0.9915104685530621,0.7795539604244449,-54.483603878433634,0.02433046875,0.6500332929107977,False,False,True,False
pt022,MR3,DVF_20200117_ZKN__P22_MR3_MMT_25_2_S_F130_M131.nii,1.6599597789219738,5.410133573267872,66.84973470011845,0.0010573266780134036,0.11071109938678143,0.48582441388922626,2.460694933508634,0.9835830792358036,2.3688773962909204,-165.76997050350226,0.02715390625,1.6750234441789849,False,False,True,False
pt022,MR3,DVF_20200117_ZKN__P22_MR3_MMT_25_2_S_F131_M132.nii,3.3529520360604037,8.260433118566452,88.12341056379285,0.0006987048015851322,0.09089915471623944,0.5728369624459222,9.179544591397953,0.9338530809251628,5.981428836704698,-524.6342093655088,0.0682796875,4.005575986870739,False,False,True,False
pt022,MR3,DVF_20200117_ZKN__P22_MR3_MMT_25_2_S_F132_M133.nii,3.0149965031364125,7.056622788234893,68.53080200417627,0.0007746955527049924,0.08232080638328598,0.5195879838587831,8.078485480845542,0.9405133320086495,4.267840857708382,-818.3681963512599,0.0652546875,2.6206464829410803,False,False,True,False
pt022,MR3,DVF_20200117_ZKN__P22_MR3_MMT_25_2_S_F133_M134.nii,2.433727729046802,6.779166246299273,78.33661357908375,0.0011940373264858115,0.08914131152032456,0.46220321163150546,4.258200872629168,0.9636340714063406,2.393025128671628,-289.29974849124653,0.04156171875,2.0516566029078165,False,False,True,False
pt022,MR3,DVF_20200117_ZKN__P22_MR3_MMT_25_2_S_F134_M135.nii,1.5910643214368265,4.40819862528276,61.03363480379633,0.0013025300227037613,0.07658288738455153,0.36387536751053784,3.0354478766736848,0.9812267234929876,2.965309678133215,-281.8828665330404,0.0318625,1.5953132646379087,False,False,True,False
pt022,MR3,DVF_20200117_ZKN__P22_MR3_MMT_25_2_S_F135_M136.nii,1.389416286370792,3.0253840567354873,50.08561465849003,0.0011381781122125354,0.10444019619368491,0.5859114506975934,2.8725291777299082,0.9847104292746702,0.9710890566444214,-103.27060738652624,0.02477578125,0.8698080512896554,False,False,True,False
pt022,MR3,DVF_20200117_ZKN__P22_MR3_MMT_25_2_S_F136_M137.nii,1.5885960931318595,3.4954792118749243,56.23294587715832,0.0011293353033870461,0.09805552734395707,0.5048938034490744,3.6013941604115205,1.0466607791177747,1.7306384963452197,-71.14835592741971,0.0348734375,1.3244427497381956,False,False,True,False
pt022,MR3,DVF_20200117_ZKN__P22_MR3_MMT_25_2_S_F137_M138.nii,3.3461824240270572,6.874408071145009,55.829828461342835,0.000925762663769009,0.09664266931138842,0.6864058379125595,9.935015127723425,0.9682174972703135,2.8035409650056717,-189.2967899063985,0.08083515625,3.332284057590396,False,False,True,False
pt022,MR3,DVF_20200117_ZKN__P22_MR3_MMT_25_2_S_F138_M139.nii,2.3678097458643377,5.364575019557382,56.08615686069833,0.00038935253495164297,0.09217981464268522,0.5926559751382593,5.5791058531904865,0.9521311183773256,2.8047584336587037,-258.7777308532933,0.055409375,2.0589467051697103,False,False,True,False
pt022,MR3,DVF_20200117_ZKN__P22_MR3_MMT_25_2_S_F139_M140.nii,1.2162203332914112,1.7788695010303968,27.93880151824704,0.0008616886381103621,0.093010866462819,0.5314792181173646,3.035492800261445,1.0010449103547971,0.7213495310392622,-41.56812592212697,0.01686640625,0.559855809908132,False,True,True,False
pt022,MR3,DVF_20200117_ZKN__P22_MR3_MMT_25_2_S_F13_M14.nii,2.3072548943754185,5.221482883936836,58.59395162140617,0.0009883955647081591,0.09133646816678463,0.5038426810376757,5.846832335654085,0.9268649459581144,2.0754742557396173,-314.637455841637,0.0549828125,1.6565612147492597,False,False,True,False
pt022,MR3,DVF_20200117_ZKN__P22_MR3_MMT_25_2_S_F140_M141.nii,1.3925934279900232,3.1303550735587082,38.36230846016151,0.0008148425487464933,0.09418179461130165,0.4647575387002533,2.9848092886959297,0.9905695902660872,0.9287987034890804,-53.753737715591626,0.03030390625,0.8695509562586418,False,False,True,False
pt022,MR3,DVF_20200117_ZKN__P22_MR3_MMT_25_2_S_F141_M142.nii,2.615628041842346,6.520071664415929,72.40684513382348,0.0009610115061714128,0.08105406697536038,0.4775342356122174,5.776470547155674,0.935570540564274,2.5109452662315057,-250.8189552732788,0.0587640625,2.2748564178094295,False,False,True,False
pt022,MR3,DVF_20200117_ZKN__P22_MR3_MMT_25_2_S_F142_M143.nii,1.6641220424972432,4.486577059034709,52.95454107168557,0.0004816114430656111,0.08567343190471961,0.4388483988722036,2.957388203633903,0.9671319680247332,1.8976731761652206,-181.11325067708492,0.03634453125,1.3537816565763476,False,False,True,False
pt022,MR3,DVF_20200117_ZKN__P22_MR3_MMT_25_2_S_F143_M144.nii,2.227891858205072,4.80212635515608,49.72741481719642,0.0008006187292780905,0.08632185622787857,0.449593589261918,6.31100402462949,0.9534457774729391,2.2006389066134426,-202.5427366311309,0.0546125,1.578704954007855,False,False,True,False
pt022,MR3,DVF_20200117_ZKN__P22_MR3_MMT_25_2_S_F144_M145.nii,2.1764096821464354,4.987782829508716,52.87294014462994,0.0013985985710322304,0.09168380384045544,0.4774801937312214,5.379459121095685,0.9592710153220674,1.474622177957465,-83.54867245944736,0.04771640625,1.690958491101834,False,False,True,False
pt022,MR3,DVF_20200117_ZKN__P22_MR3_MMT_25_2_S_F145_M146.nii,0.8055689989204833,1.2148120138293492,20.37626002961407,0.0014317630803372863,0.07710328173721921,0.3642738613009196,2.001669989067194,0.9902903376572629,0.45481112318566314,-20.417885270920948,0.01213046875,0.35142952761636054,False,True,True,False
pt022,MR3,DVF_20200117_ZKN__P22_MR3_MMT_25_2_S_F146_M147.nii,1.905306569805879,5.214001508395132,77.63916538888606,0.001581586345568288,0.09273637813830571,0.4721746091527752,3.6115655790869017,0.9712870825833579,2.7524226787076027,-333.4265883714728,0.037071875,1.5448692098557713,False,False,True,False
pt022,MR3,DVF_20200117_ZKN__P22_MR3_MMT_25_2_S_F147_M148.nii,0.9771945351682197,1.6466779333273303,40.01586173721582,0.0008973631771016,0.0899827039180895,0.4392522626612414,2.3853091328175413,0.9956961457999971,0.593644256977482,-25.450657557162803,0.0143890625,0.5338141247747799,False,True,True,False
pt022,MR3,DVF_20200117_ZKN__P22_MR3_MMT_25_2_S_F148_M149.nii,2.1701475171329565,5.478457640128449,71.85714220934469,0.0007551978274871751,0.10092888428130448,0.5773726703403386,4.235864938817712,0.9427093071610702,3.1302248809235347,-219.67479903214306,0.04612890625,2.418788446628955,False,False,True,False
pt022,MR3,DVF_20200117_ZKN__P22_MR3_MMT_25_2_S_F149_M150.nii,1.33422015064445,1.63461612642651,22.3476875085091,0.0015823161111590647,0.1333052814659366,0.7435306346127952,3.241736413166892,0.9894152692377273,0.521590877319898,-43.470884086893825,0.0134203125,0.42578335114668336,False,True,True,False
pt022,MR3,DVF_20200117_ZKN__P22_MR3_MMT_25_2_S_F14_M15.nii,3.113751560330758,6.467493425012476,66.11256591204838,0.0007299804489398355,0.08565931407028866,0.54509969857181,10.385431453272036,0.9329684327024846,2.4653356417209253,-108.68189150284667,0.07790625,2.7158966772584363,False,False,True,False
pt022,MR3,DVF_20200117_ZKN__P22_MR3_MMT_25_2_S_F150_M151.nii,1.5799132663391886,3.9391113319356874,63.39058135183203,0.0011450640315263736,0.1032659314994667,0.517148474426931,3.033468447264064,1.045801757526641,2.697782150175222,-172.43172002711574,0.0298453125,1.5228524469762774,False,False,True,False
pt022,MR3,DVF_20200117_ZKN__P22_MR3_MMT_25_2_S_F151_M152.nii,3.5535712482540287,8.39726063302515,68.36811183142274,0.000992747798777094,0.08917284529036242,0.5342306519069195,10.620479461072001,0.9865404425630241,4.2637950841569,-366.67554081453477,0.06976640625,4.638494330678014,False,False,True,False
pt022,MR3,DVF_20200117_ZKN__P22_MR3_MMT_25_2_S_F152_M153.nii,3.7040217901050303,8.544759341195396,73.41982420400213,0.00034865421250140227,0.08508398461912997,0.5544722387443319,11.274279622242132,0.893976737904669,6.566849013517664,-631.0060205580638,0.08010859375,3.856339747880382,False,False,True,False
pt022,MR3,DVF_20200117_ZKN__P22_MR3_MMT_25_2_S_F153_M154.nii,0.943126865556001,1.9563557423543796,48.41740150796819,0.0007177873712490062,0.0809809500051175,0.406610338803246,2.152230319042792,0.9987071766225194,0.6695917356115679,-47.53290326202766,0.01285625,0.49287013575617905,False,True,True,False
pt022,MR3,DVF_20200117_ZKN__P22_MR3_MMT_25_2_S_F154_M155.nii,1.048429552742423,1.5333140721734977,36.635992854822675,0.000561776479092144,0.09597839773169786,0.4801300429020993,2.589714935068583,0.9995892475419187,0.6260394708983312,-41.287924964623244,0.01518984375,0.5036156737551888,False,True,True,False
pt022,MR3,DVF_20200117_ZKN__P22_MR3_MMT_25_2_S_F155_M156.nii,1.7776982725275914,2.5531914585198408,32.227255999161116,0.0006447810022755624,0.1355175319181392,0.8612661362744679,4.251023001022843,0.9939921812610948,0.9606677043824188,-45.80209587371323,0.03523203125,0.9127850117016054,False,False,True,False
pt022,MR3,DVF_20200117_ZKN__P22_MR3_MMT_25_2_S_F156_M157.nii,3.231912380642074,6.784322142220897,67.31149089514899,0.0011700152504123913,0.09852719039888054,0.7136311323881994,9.094631692482851,0.9554676617824929,2.202450800641692,-125.61908816109663,0.072675,2.869156730747567,False,False,True,False
pt022,MR3,DVF_20200117_ZKN__P22_MR3_MMT_25_2_S_F157_M158.nii,3.371462815492098,7.182384662106673,65.66444608900375,0.0009001004149397977,0.10166112157696505,0.6373556695655659,9.862740383933334,0.9233473040452489,3.0400483984967797,-123.19009213741398,0.076515625,3.2368031487848823,False,False,True,False
pt022,MR3,DVF_20200117_ZKN__P22_MR3_MMT_25_2_S_F158_M159.nii,4.936555326686559,12.41193614646935,111.71721882700518,0.0009670413758043701,0.09889205367965513,0.6750098161659288,13.794815670431628,0.8944205404926823,6.016392543933934,-575.7354401821619,0.07962578125,5.622276087301721,False,False,True,False
pt022,MR3,DVF_20200117_ZKN__P22_MR3_MMT_25_2_S_F159_M160.nii,3.755538481168445,8.527276387997057,77.01163374678822,0.0006021284222457332,0.08951086404951246,0.5435685564776519,12.095090875726472,0.9159281448849319,4.387564902949202,-432.2858492216611,0.07404375,4.033128962525975,False,False,True,False
pt022,MR3,DVF_20200117_ZKN__P22_MR3_MMT_25_2_S_F15_M16.nii,3.2640296514093383,8.03989959819851,86.6054393217035,0.0008183733228351984,0.0941060483453105,0.546173952625581,9.569359350209039,1.005580132039796,6.099735321648318,-293.16360353730954,0.07098046875,3.5429831287076317,False,False,True,False
pt022,MR3,DVF_20200117_ZKN__P22_MR3_MMT_25_2_S_F16_M17.nii,1.101082298533584,2.368007499208712,62.44826628586819,0.0004229666695885386,0.11387007084724922,0.4822645768900181,2.253338580075993,0.9934418496077382,2.2760969132163558,-296.6916660853427,0.01675625,0.7552857358249571,False,True,True,False
pt022,MR3,DVF_20200117_ZKN__P22_MR3_MMT_25_2_S_F17_M18.nii,1.5690539357411464,3.6211808679508177,46.90949856130925,0.0012553697259844207,0.09668861158717149,0.45282112594977697,3.5789228833174827,0.9880503706680014,1.452421779920476,-92.52272000252692,0.03863671875,1.2741053119593053,False,False,True,False
pt022,MR3,DVF_20200117_ZKN__P22_MR3_MMT_25_2_S_F18_M19.nii,2.208831695580087,5.165137080835869,52.64051480449947,0.0015212123953232183,0.09565330623976014,0.5772167402957505,4.504824213409413,0.9319692883180593,1.528611798329137,-188.0754581551735,0.0517234375,1.5574633445972523,False,False,True,False
pt022,MR3,DVF_20200117_ZKN__P22_MR3_MMT_25_2_S_F19_M20.nii,1.4444067182674232,3.0139061034721317,55.08814854042883,0.0002497913615035338,0.08211182865359994,0.4380952995179386,3.699864846072644,0.9778282030190708,1.0277425406814882,-115.62352327239563,0.03478828125,0.9437419103252938,False,False,True,False
pt022,MR3,DVF_20200117_ZKN__P22_MR3_MMT_25_2_S_F1_M2.nii,4.265632957680098,8.313352975215704,81.74877406465411,0.0015410766729455475,0.1275139390889936,0.7943877961132135,13.569492310693313,0.918298126718316,5.069055831216733,-415.74183766837615,0.10130078125,5.0118474155617925,False,False,True,False
pt022,MR3,DVF_20200117_ZKN__P22_MR3_MMT_25_2_S_F20_M21.nii,1.1873056982330739,2.4554862424370247,42.32347964549959,0.0010697065936300031,0.09214115845858575,0.4570595342965677,2.7221481317268155,0.9916402779978669,0.772486520074954,-50.75012492643809,0.0220234375,0.6953501233489294,False,False,True,False
pt022,MR3,DVF_20200117_ZKN__P22_MR3_MMT_25_2_S_F21_M22.nii,2.6812202332876836,5.815066889050802,68.9611276128688,0.0012278532088267182,0.08479632282078337,0.5430382241053293,7.54003780727562,0.9637476502367088,2.5426862072761462,-347.9126020612473,0.0610203125,2.370502132855308,False,False,True,False
pt022,MR3,DVF_20200117_ZKN__P22_MR3_MMT_25_2_S_F22_M23.nii,2.3648348509529997,6.02603045946061,58.06942153691901,0.0007197877341601575,0.07802774660729979,0.4168682227210256,5.495613098094597,0.9617136437777819,2.9892628024832053,-343.8412128414561,0.0512609375,2.7010053640762814,False,False,True,False
pt022,MR3,DVF_20200117_ZKN__P22_MR3_MMT_25_2_S_F23_M24.nii,3.2663362376281557,7.9499650847446715,66.98296890242582,0.0006639435014267464,0.07282941975552956,0.4117645009372472,9.48863160209108,0.9460483310423491,4.118586065494806,-548.8276376798802,0.07120390625,2.9275118438811587,False,False,True,False
pt022,MR3,DVF_20200117_ZKN__P22_MR3_MMT_25_2_S_F24_M25.nii,2.1863896004555112,5.993179460758048,69.82390639871151,0.001335557051845114,0.07422308942031426,0.3991754831150348,4.340338833666566,0.9178975725431213,3.7874354619451247,-521.4801861248395,0.04539296875,1.9502406174033233,False,False,True,False
pt022,MR3,DVF_20200117_ZKN__P22_MR3_MMT_25_2_S_F25_M26.nii,2.4676161891995942,6.426609935019118,102.59870856244918,0.0003204967604052121,0.07557519694992577,0.4275058604339061,6.127230763546793,0.9196506220878266,4.613535951720378,-539.1293294764492,0.05762265625,2.6159988913564822,False,False,True,False
pt022,MR3,DVF_20200117_ZKN__P22_MR3_MMT_25_2_S_F26_M27.nii,4.775345102946052,9.955180914440751,91.29799555216988,0.0004889747971728175,0.09661526659219513,0.6054837976719953,16.50031966947706,0.8974938197616362,3.6450563976807056,-264.91220313712194,0.09625546875,4.2297668047424635,False,False,True,False
pt022,MR3,DVF_20200117_ZKN__P22_MR3_MMT_25_2_S_F27_M28.nii,3.605546934302617,7.856678166549439,81.53599277883427,0.0008156876714360466,0.11971475550789487,0.7217219196624876,10.690797825231655,1.0093466959220574,5.862187754397471,-504.18940992810775,0.083946875,4.343057053683778,False,False,True,False
pt022,MR3,DVF_20200117_ZKN__P22_MR3_MMT_25_2_S_F28_M29.nii,4.105036113430559,8.62545427179435,72.83712064761664,0.0012971090001050029,0.0931377545238828,0.5641096653848722,13.64882212586074,0.9170566308289124,6.33271360500534,-628.7169659595756,0.090640625,3.888015062702521,False,False,True,False
pt022,MR3,DVF_20200117_ZKN__P22_MR3_MMT_25_2_S_F29_M30.nii,1.5522646127041302,4.5178887099061855,69.4907108833192,0.0008857731221729582,0.09044917036795856,0.44956256118091453,2.581126747151388,0.971790126874529,2.6432760392869175,-382.50879371859344,0.0259265625,1.2948386054245595,False,False,True,False
pt022,MR3,DVF_20200117_ZKN__P22_MR3_MMT_25_2_S_F2_M3.nii,1.7555649461997982,4.259612213924046,49.06073244520463,0.0010306763389679647,0.08291689985747644,0.4462835162452242,3.9956755256087524,0.9842967092002478,1.485810582387954,-80.24366592354845,0.0370625,1.4435229113543822,False,False,True,False
pt022,MR3,DVF_20200117_ZKN__P22_MR3_MMT_25_2_S_F30_M31.nii,2.561381686901394,6.501759690155152,85.51564373965272,0.0011344107392856364,0.08724203181070815,0.4732574936644385,6.232218477973146,0.9441737808625852,2.651337934864016,-174.30499781122649,0.057178125,2.7918035507722996,False,False,True,False
pt022,MR3,DVF_20200117_ZKN__P22_MR3_MMT_25_2_S_F31_M32.nii,1.0768648324267016,3.070556194027183,50.19128399362871,0.0007300822095795561,0.08097638295703347,0.3871977306283072,1.8651279433834445,0.9690215170957139,0.8583305290894069,-46.594845302357285,0.01916875,0.7632099781889515,False,True,True,False
pt022,MR3,DVF_20200117_ZKN__P22_MR3_MMT_25_2_S_F32_M33.nii,0.9935832701228966,2.2523403865035974,46.79840264699316,0.00112775226276681,0.08851426691231269,0.40340837034178106,2.0018976599536242,0.9863986510039525,0.8653066132493195,-55.34068964954226,0.01564765625,0.5782879886634114,False,True,True,False
pt022,MR3,DVF_20200117_ZKN__P22_MR3_MMT_25_2_S_F33_M34.nii,2.508562784274853,7.9342978193200135,105.82376611395841,0.002049897182722657,0.1127032390569849,0.4792720418566669,3.9988555956954643,1.006955724651745,7.559312138000906,-450.31438544319644,0.0441125,4.458296666849751,False,False,True,False
pt022,MR3,DVF_20200117_ZKN__P22_MR3_MMT_25_2_S_F34_M35.nii,3.5691875557192683,7.4587511419709465,68.87606719557714,0.0010164952270558742,0.09029305326872361,0.5468528319706463,13.14101565927533,0.903175380149002,3.8242596406366554,-429.1769134936157,0.0854953125,3.7427411710491447,False,False,True,False
pt022,MR3,DVF_20200117_ZKN__P22_MR3_MMT_25_2_S_F35_M36.nii,4.3395441186522765,10.146521908537892,99.43610607064232,0.0014104632168021227,0.09363432409837609,0.5884277289588297,13.389385405677649,0.9218876918880352,6.953572396263766,-357.60149338954125,0.0807859375,5.936016108967768,False,False,True,False
pt022,MR3,DVF_20200117_ZKN__P22_MR3_MMT_25_2_S_F36_M37.nii,2.883357512509927,6.596723473919979,80.71711658632367,0.0009206198925891619,0.09250831092059222,0.6137310157360595,7.0851793719930605,0.9063987215288409,2.677384761862773,-233.97824440702402,0.0719625,2.644153706266141,False,False,True,False
pt022,MR3,DVF_20200117_ZKN__P22_MR3_MMT_25_2_S_F37_M38.nii,3.0278849868839637,6.712441009548284,70.4426220787712,0.0008377395245948809,0.0911599708619901,0.6220658842995326,8.300028684408467,0.9373812349511187,2.3943424638077087,-118.72624878633886,0.07172265625,2.3752361329754743,False,False,True,False
pt022,MR3,DVF_20200117_ZKN__P22_MR3_MMT_25_2_S_F38_M39.nii,2.8463694027514923,7.019946315809431,67.14347646889092,0.0006238965044095976,0.09503888053590384,0.5603787303175692,6.552068257163919,0.9745165857492121,3.9728141711810205,-311.34982945211766,0.0632734375,2.914918595463929,False,False,True,False
pt022,MR3,DVF_20200117_ZKN__P22_MR3_MMT_25_2_S_F39_M40.nii,1.0008538111122955,2.2313292178088147,37.44079161735419,0.00066489353698577,0.09620395812327234,0.4306615755102998,2.0636116474618174,0.9786101827418444,0.8040550333012706,-68.19976313193251,0.0161453125,0.5239042821533965,False,True,True,False
pt022,MR3,DVF_20200117_ZKN__P22_MR3_MMT_25_2_S_F3_M4.nii,2.9077696604519105,6.78416717811126,86.51362178967487,0.0005972256551958268,0.08456197215581447,0.5189757259544492,8.066067053744115,0.9321749590668417,3.568535754041788,-283.7697204046324,0.06307890625,2.7647101371280556,False,False,True,False
pt022,MR3,DVF_20200117_ZKN__P22_MR3_MMT_25_2_S_F40_M41.nii,2.623901179214526,6.43545536175931,71.05173640311034,0.0011870145216214846,0.08000848357998547,0.44480195002441103,6.7190426539990185,0.9048769839385857,3.3881648183344315,-369.70674117937074,0.06432734375,2.3596576928153263,False,False,True,False
pt022,MR3,DVF_20200117_ZKN__P22_MR3_MMT_25_2_S_F41_M42.nii,2.9571338965280116,7.333990574016647,69.62481640415739,0.0009600349470741506,0.07801836979602082,0.40138032512466026,8.644514205581268,0.9260929046705784,3.824727947606312,-303.01944804968315,0.06548671875,2.6888533942090294,False,False,True,False
pt022,MR3,DVF_20200117_ZKN__P22_MR3_MMT_25_2_S_F42_M43.nii,1.35699589221812,3.744801592739996,67.39343083997842,0.0006730733427907697,0.08455148300867409,0.44666820711431904,2.6296599480163856,1.000669571056552,1.7774338379875325,-152.28743555868803,0.022465625,1.2562555776729853,False,False,True,False
pt022,MR3,DVF_20200117_ZKN__P22_MR3_MMT_25_2_S_F43_M44.nii,1.976772695369335,4.683098757392812,53.920360782377095,0.00034890307207782056,0.08502574611597388,0.4893887262857145,4.615280767170227,0.9711521886992005,1.3308572017334337,-61.92002067989707,0.04887890625,1.3836194121293472,False,False,True,False
pt022,MR3,DVF_20200117_ZKN__P22_MR3_MMT_25_2_S_F44_M45.nii,2.717224322818481,6.992828292126731,68.93301340676749,0.0005575678134694202,0.09027900554151087,0.5659246098509874,5.403877667089626,0.9256977242187737,3.6982642067416145,-565.0979832598978,0.05533125,2.212227839317439,False,False,True,False
pt022,MR3,DVF_20200117_ZKN__P22_MR3_MMT_25_2_S_F45_M46.nii,3.182290110113102,6.846462483119407,87.44407670631747,0.0004791978859588648,0.0907547119099025,0.5535735870620007,10.17542205811164,0.995678235986324,4.497967706186038,-326.2736564640936,0.06986484375,3.7784279928276234,False,False,True,False
pt022,MR3,DVF_20200117_ZKN__P22_MR3_MMT_25_2_S_F46_M47.nii,1.0446290497680433,2.836516930040431,62.674715465312524,0.0013850172826190132,0.08129531986972963,0.3559117409211448,2.0097473967320343,0.9866996296201507,1.4913677566286356,-114.08664007634697,0.02224609375,0.9242030240648015,False,False,True,False
pt022,MR3,DVF_20200117_ZKN__P22_MR3_MMT_25_2_S_F47_M48.nii,1.2887630311359692,4.293528027358331,70.16121331000669,0.00045782526852081114,0.07628226941350166,0.3692033353943033,2.202379937960978,0.9750502132609319,2.4173887037466604,-363.1584510029257,0.02318203125,1.0458264106577484,False,False,True,False
pt022,MR3,DVF_20200117_ZKN__P22_MR3_MMT_25_2_S_F48_M49.nii,2.1556201641305504,5.607917493386745,65.96960832964265,0.0015602876128534518,0.07896064346297553,0.4704188076278656,4.163227084193467,0.9554392800041515,4.200486679523234,-494.6573334815334,0.04329375,2.0903528277328385,False,False,True,False
pt022,MR3,DVF_20200117_ZKN__P22_MR3_MMT_25_2_S_F49_M50.nii,3.295007913002738,7.487914377836243,61.5774569626368,0.0012105908811154019,0.08143399738987109,0.47980059715880835,10.275011523280407,0.9070760948028667,4.4273727740355335,-426.8671519678998,0.07003046875,3.2235897182929634,False,False,True,False
pt022,MR3,DVF_20200117_ZKN__P22_MR3_MMT_25_2_S_F4_M5.nii,3.8553942044341856,8.077684574743504,70.70762143994841,0.0012167185748650112,0.08890656075185384,0.4744529125216945,14.230677254669837,0.9104004138873435,6.1409124343582615,-276.1590250580589,0.0900375,4.349217574548951,False,False,True,False
pt022,MR3,DVF_20200117_ZKN__P22_MR3_MMT_25_2_S_F50_M51.nii,2.6397195233378667,6.399480584239676,55.19741821274589,0.000557010691670601,0.07989671978341509,0.49802293818886034,6.738102598832896,0.961049774218086,2.5305693080809752,-276.6145178250987,0.055415625,2.3166476530951376,False,False,True,False
pt022,MR3,DVF_20200117_ZKN__P22_MR3_MMT_25_2_S_F51_M52.nii,2.327488654866886,5.351766071289408,63.98293719656494,0.0006834842189899834,0.08544798579910945,0.5312732530237108,6.161649955452286,0.9562216556205351,2.4556228815640284,-207.25263824740082,0.0545640625,2.047909624741738,False,False,True,False
pt022,MR3,DVF_20200117_ZKN__P22_MR3_MMT_25_2_S_F52_M53.nii,4.917687664849803,10.062904647316287,84.01444656211753,0.0012534360579032255,0.10807979007743226,0.7100463497069778,17.476565046549954,0.9106806273709275,4.960360218974519,-699.6927257191583,0.09763984375,4.557943986382567,False,False,True,False
pt022,MR3,DVF_20200117_ZKN__P22_MR3_MMT_25_2_S_F53_M54.nii,2.5463416949446214,6.107540494426742,59.86923908126284,0.0019308852662609816,0.10245836422962078,0.5926752341595947,5.380669074563276,0.9389571948685187,3.454981056304701,-385.5906521394486,0.053659375,2.2964147034247,False,False,True,False
pt022,MR3,DVF_20200117_ZKN__P22_MR3_MMT_25_2_S_F54_M55.nii,1.0154334118593649,1.4451088563410959,21.503938960507814,0.0013559832224293875,0.09678436021731397,0.4905001361188675,2.495232975180728,0.9957777169433093,0.6189093543044181,-36.072486656202024,0.0198765625,0.5087141281973747,False,True,True,False
pt022,MR3,DVF_20200117_ZKN__P22_MR3_MMT_25_2_S_F55_M56.nii,0.9729772285255339,1.4701884274391301,30.37290836947765,0.0011230861012065897,0.08172345542602075,0.46524352030425387,2.415851933648656,1.0033646013238904,0.6957121153553782,-35.76240497413469,0.0176453125,0.5219320622399785,False,True,True,False
pt022,MR3,DVF_20200117_ZKN__P22_MR3_MMT_25_2_S_F56_M57.nii,2.8778447397758815,6.796616008999899,75.50891376757377,0.0008600505197704006,0.08882847342765401,0.5464662971704508,7.560496373738918,0.954665272403971,3.7318851168653526,-480.39247968515934,0.06507265625,3.108379359090189,False,False,True,False
pt022,MR3,DVF_20200117_ZKN__P22_MR3_MMT_25_2_S_F57_M58.nii,1.231433388892182,3.227804768635272,43.68781187972531,0.0014137464373383346,0.08839418439319059,0.42922910611834986,2.3541983138614007,0.9871561839221081,0.8844768676681933,-39.74560765614379,0.02008203125,0.6662726910041165,False,False,True,False
pt022,MR3,DVF_20200117_ZKN__P22_MR3_MMT_25_2_S_F58_M59.nii,3.29332884792425,7.3921541805874025,70.60542520366349,0.00031288257953939624,0.09508102603589616,0.5863067862622509,9.308219752790501,0.9183105275982152,2.0141355810714887,-126.60976755235555,0.07755859375,2.6850192903652594,False,False,True,False
pt022,MR3,DVF_20200117_ZKN__P22_MR3_MMT_25_2_S_F59_M60.nii,1.1002281427691907,1.9368518271830741,63.806788616700786,0.0007951092775887237,0.09916658832657356,0.5325790114398583,2.6125942485380382,0.9974355368065435,1.9382590763476246,-302.86200798473635,0.0171328125,0.7693048669393934,False,True,True,False
pt022,MR3,DVF_20200117_ZKN__P22_MR3_MMT_25_2_S_F5_M6.nii,2.5411272454795837,6.1805446365389995,70.83055974316122,0.0007236535359211242,0.07777552680824242,0.46013945984920296,6.119219273511011,0.9609519608024124,4.631914154542463,-441.218056627953,0.0560140625,2.780661651436517,False,False,True,False
pt022,MR3,DVF_20200117_ZKN__P22_MR3_MMT_25_2_S_F60_M61.nii,2.411557205684051,5.965110963340878,68.51793880829422,0.0012880200825734,0.09780295804446933,0.5480969901126158,5.317153273219509,0.9874757620166309,5.160339120093215,-449.513641343809,0.04796171875,2.7215777888077866,False,False,True,False
pt022,MR3,DVF_20200117_ZKN__P22_MR3_MMT_25_2_S_F61_M62.nii,1.1046120251354283,2.4180823508257,46.56554487770996,0.001579268035777665,0.08882937798088708,0.4282461115196482,2.493060164259241,0.9762381672829119,0.7366960700234496,-34.72365852321003,0.02335078125,0.7632706172831567,False,False,True,False
pt022,MR3,DVF_20200117_ZKN__P22_MR3_MMT_25_2_S_F62_M63.nii,4.109869234956853,10.908420955089126,106.57645814993452,0.001755921650241742,0.15985159890304315,0.7876266626375124,9.22842371545226,0.913709271288763,9.65086757733679,-757.7148793213083,0.0704671875,5.945015016391247,False,False,True,False
pt022,MR3,DVF_20200117_ZKN__P22_MR3_MMT_25_2_S_F63_M64.nii,1.3176061559309677,3.397696569044189,57.79215234722913,0.0008007825111142076,0.0841791254168747,0.4488790584106589,2.59860222220607,0.988011648900402,1.4389858712826624,-201.5883840441111,0.0278625,1.1583749042835831,False,False,True,False
pt022,MR3,DVF_20200117_ZKN__P22_MR3_MMT_25_2_S_F64_M65.nii,2.788041093664976,7.113498895918821,81.12224369397262,0.0006170884925415401,0.07886657149289907,0.45687687416746975,7.360951218221854,0.9462937777250418,6.671685885396895,-734.1943840254123,0.0601765625,3.277977528134321,False,False,True,False
pt022,MR3,DVF_20200117_ZKN__P22_MR3_MMT_25_2_S_F65_M66.nii,0.8944732505592589,1.1509498898124932,21.337061462608915,0.0009194539933517,0.09494577647447457,0.47932493812809424,2.178287414683061,0.9894913766081345,0.4695134159109942,-34.6509137539228,0.01064921875,0.3459456612832197,False,True,True,False
pt022,MR3,DVF_20200117_ZKN__P22_MR3_MMT_25_2_S_F66_M67.nii,1.1040194783996187,2.3591221031431164,42.74124231386321,0.0011373811384734684,0.09494652303118128,0.4535359805950779,2.2674336905689745,0.9859906722842777,0.7595729890041971,-51.452584643120915,0.01853359375,0.5781436269341531,False,True,True,False
pt022,MR3,DVF_20200117_ZKN__P22_MR3_MMT_25_2_S_F67_M68.nii,4.171522020874094,10.042632328001249,94.41406918645033,0.000506596642161248,0.08950333540109988,0.5222016852007025,13.844860486914124,0.8656436039276468,4.004050118343786,-526.499523462709,0.08195625,4.2889851445283345,False,False,True,False
pt022,MR3,DVF_20200117_ZKN__P22_MR3_MMT_25_2_S_F68_M69.nii,3.580751911128054,8.550523619258744,79.33274719102242,0.0017360271852396659,0.10147106850167613,0.5848535789181569,11.152981303958748,0.9598729406704594,6.205976657108703,-466.9115729094978,0.0694890625,3.8341348954253176,False,False,True,False
pt022,MR3,DVF_20200117_ZKN__P22_MR3_MMT_25_2_S_F69_M70.nii,1.9168232126739084,4.9954855515407415,62.36891501736294,0.0010292905268063472,0.09290858123934591,0.48448605915054427,3.7137159890455043,0.9666486179007412,3.3188432447384457,-471.1280939684649,0.0380859375,1.6245484473451584,False,False,True,False
pt022,MR3,DVF_20200117_ZKN__P22_MR3_MMT_25_2_S_F6_M7.nii,1.0232460611202479,2.1456757410803884,32.87573681346622,0.001197381338534794,0.09999781461732583,0.44187900053487994,2.2489076260432275,0.9877067711572856,0.5889299543640609,-51.84656227134271,0.01773203125,0.4857961161356674,False,True,True,False
pt022,MR3,DVF_20200117_ZKN__P22_MR3_MMT_25_2_S_F70_M71.nii,1.7782079552852375,4.759621056958071,54.79454829266527,0.0013387286737333995,0.0944298292921977,0.46918611365453683,3.1689715669303484,0.9608844017914984,1.9522211699799663,-274.9522279965819,0.0335828125,1.303616168749378,False,False,True,False
pt022,MR3,DVF_20200117_ZKN__P22_MR3_MMT_25_2_S_F71_M72.nii,1.31996616156997,2.823532140086229,39.954731228003645,0.0012476113237778529,0.10322927287952013,0.517271589109098,2.76309700468083,0.9778635746753771,0.8269381058075269,-66.10840229532309,0.02513359375,0.7433789311469616,False,False,True,False
pt022,MR3,DVF_20200117_ZKN__P22_MR3_MMT_25_2_S_F72_M73.nii,1.5081537071689144,3.9259073303458942,70.71463936451681,0.0010086025508375736,0.09542065757653616,0.5132446665951376,2.6492877116439844,0.980316884141343,4.959976377500213,-586.9583320375727,0.02959609375,1.6922275232475361,False,False,True,False
pt022,MR3,DVF_20200117_ZKN__P22_MR3_MMT_25_2_S_F73_M74.nii,0.9319789529844629,1.2706288893403135,28.9362051165765,0.001237716777206936,0.10503851913209789,0.4541173025688563,2.3976514984995823,0.9991617764387561,0.478258006986135,-30.42232679071624,0.00826484375,0.37279505992494094,False,True,True,False
pt022,MR3,DVF_20200117_ZKN__P22_MR3_MMT_25_2_S_F74_M75.nii,2.271765509277527,6.085139951304886,64.33608319626377,0.0012696046710076177,0.09537613352450156,0.5147616578962089,3.9780434747571793,0.9274920074174088,3.233835558059133,-298.00235339976786,0.0450109375,1.9946020913287983,False,False,True,False
pt022,MR3,DVF_20200117_ZKN__P22_MR3_MMT_25_2_S_F75_M76.nii,2.836517108172888,7.363164046942059,73.06776265843904,0.0006781177295317675,0.10299423710354867,0.5020546566395432,6.506195032147348,0.9343164180647895,4.601501533185782,-385.90847091334,0.0559625,3.2262604801122765,False,False,True,False
pt022,MR3,DVF_20200117_ZKN__P22_MR3_MMT_25_2_S_F76_M77.nii,0.9514161260616886,1.577695052485434,32.44076791328612,0.0006211225237005996,0.10837497019762415,0.5176530226838653,2.081974931239456,0.9961564884661651,0.6779314258022009,-43.29771491300817,0.01383125,0.4486498158825798,False,True,True,False
pt022,MR3,DVF_20200117_ZKN__P22_MR3_MMT_25_2_S_F77_M78.nii,1.1451472655053554,1.7947797048215695,51.71379147847262,0.0006742265458122374,0.09746092365649736,0.5248808154319375,2.818115544986268,0.9914642187941974,0.8411557770509628,-85.91578386940424,0.01719140625,0.6223054505007599,False,True,True,False
pt022,MR3,DVF_20200117_ZKN__P22_MR3_MMT_25_2_S_F78_M79.nii,1.4727811516683842,4.027394721842034,65.42072010436301,0.0017627897550373693,0.10693799347660882,0.4843593544354249,2.6025829829408833,0.974474568311309,2.528868387785081,-377.3877325780866,0.02779609375,1.2185770736146866,False,False,True,False
pt022,MR3,DVF_20200117_ZKN__P22_MR3_MMT_25_2_S_F79_M80.nii,1.4949521083619188,3.918311954111615,62.918169734205684,0.0010070857078421835,0.09381391184147722,0.4914971501422847,2.9483234865772636,0.9857688880186252,0.9821735980571815,-48.49789586707399,0.02868359375,1.1864162809423084,False,False,True,False
pt022,MR3,DVF_20200117_ZKN__P22_MR3_MMT_25_2_S_F7_M8.nii,2.070443857516234,5.501344697573176,56.17235439339369,0.0013267639892071714,0.08395406646750618,0.48970881379732867,3.8371827763436888,0.96334493093648,2.3111710107501446,-338.4836529560846,0.039925,1.4602563440879244,False,False,True,False
pt022,MR3,DVF_20200117_ZKN__P22_MR3_MMT_25_2_S_F80_M81.nii,2.3556458297747565,6.030979098382412,65.45630887123768,0.0012018096508777231,0.08168872546187905,0.43891597648113434,5.511927866235666,0.9549542612316884,4.624460373024491,-366.8242498469219,0.052909375,2.72613198752741,False,False,True,False
pt022,MR3,DVF_20200117_ZKN__P22_MR3_MMT_25_2_S_F81_M82.nii,2.0310207900222172,5.53032291768191,60.29208645837405,0.0008087683534781019,0.08285226846884387,0.39436693017920765,3.861572660760017,0.9256237342023105,1.7058749701595752,-99.36127480447179,0.04569296875,1.6399983019228173,False,False,True,False
pt022,MR3,DVF_20200117_ZKN__P22_MR3_MMT_25_2_S_F82_M83.nii,2.2362969551593217,6.022399626345031,51.71687020039172,0.000636663850287446,0.07787763170280466,0.3902293620918892,4.241069595631179,0.9496753605504596,1.583671794776888,-81.6460257549067,0.046609375,1.7070052765141155,False,False,True,False
pt022,MR3,DVF_20200117_ZKN__P22_MR3_MMT_25_2_S_F83_M84.nii,1.796309538674388,5.440347924165014,77.44061513227699,0.001208426087786045,0.07681375445533951,0.3949172569322259,2.811388211752539,0.9895516848187437,3.5903744575077807,-325.94479982470165,0.0329828125,1.883606737573866,False,False,True,False
pt022,MR3,DVF_20200117_ZKN__P22_MR3_MMT_25_2_S_F84_M85.nii,0.7374938359926344,1.5799223107103468,39.85834977712249,0.001606081188489971,0.08129740573495084,0.336415276677557,1.578301076903559,0.9953858500583121,0.5275395008992515,-47.881000837186825,0.00883984375,0.385844165266472,False,True,True,False
pt022,MR3,DVF_20200117_ZKN__P22_MR3_MMT_25_2_S_F85_M86.nii,4.43541898160559,9.999004714160929,92.14183352334226,0.0011557267246858245,0.10516343435065138,0.5491967086144947,15.293720845914994,0.9357967587699554,9.085994523755813,-717.2372933996187,0.080209375,6.260487705169311,False,False,True,False
pt022,MR3,DVF_20200117_ZKN__P22_MR3_MMT_25_2_S_F86_M87.nii,2.017185313032283,5.0127515861333825,57.78862851917262,0.0008728362814029812,0.0863854637022205,0.430034919688513,4.504505993364572,0.9464436347922643,2.1993727914645165,-292.1986149686175,0.0445890625,1.5463130952279283,False,False,True,False
pt022,MR3,DVF_20200117_ZKN__P22_MR3_MMT_25_2_S_F87_M88.nii,1.4279395798444983,3.4356885268523882,48.6767873688107,0.0011415212829515946,0.0948465319285308,0.46136393364610706,2.794524924862719,0.9845292491810426,1.6914971665350726,-180.85653121182455,0.0337765625,1.2395944787936406,False,False,True,False
pt022,MR3,DVF_20200117_ZKN__P22_MR3_MMT_25_2_S_F88_M89.nii,1.9288929413538993,4.6573094958020915,53.83071233167725,0.0005839524302820975,0.09815584894047386,0.510772675244606,3.927926536120605,0.9993102186935304,1.3930441391843211,-101.50069764883877,0.0443625,1.5183122250470413,False,False,True,False
pt022,MR3,DVF_20200117_ZKN__P22_MR3_MMT_25_2_S_F89_M90.nii,3.255321732318372,7.269383565769251,78.12172366918739,0.0012547965179906678,0.10347567430662587,0.6738061074622974,9.027917072817948,0.9132933299417129,4.574976476919214,-754.6088293237408,0.07278671875,3.557128178564601,False,False,True,False
pt022,MR3,DVF_20200117_ZKN__P22_MR3_MMT_25_2_S_F8_M9.nii,1.79638567285235,3.971338066277436,49.728984528776536,0.0014469125935578407,0.08699613204007065,0.4975316230388041,4.294718565903347,0.9610038625586396,1.2715757670092005,-81.89047308598697,0.04600625,1.2247335342565053,False,False,True,False
pt022,MR3,DVF_20200117_ZKN__P22_MR3_MMT_25_2_S_F90_M91.nii,1.093315607546558,2.9181026165401374,49.21593054992067,0.0006672086657329792,0.08663028163847965,0.4236162395911859,2.030662772852342,0.9838038431262701,0.8815439172002774,-77.97498194052815,0.01950859375,0.6545753305561534,False,True,True,False
pt022,MR3,DVF_20200117_ZKN__P22_MR3_MMT_25_2_S_F91_M92.nii,1.0673342725963573,2.3201855567448084,45.357594683743116,0.0010230856336007142,0.09171319017925998,0.46924148594899073,2.2773216105348886,0.9914790796142875,0.8259185447841298,-40.65714481962696,0.015025,0.5890432090658034,False,True,True,False
pt022,MR3,DVF_20200117_ZKN__P22_MR3_MMT_25_2_S_F92_M93.nii,1.8064271692659852,5.231774383157278,70.60514325818863,0.001776899769271817,0.0945017069377487,0.45561193478510176,2.5655919656999635,0.9696283846577846,3.576671252921379,-210.41890599247205,0.0308515625,1.6898804163298795,False,False,True,False
pt022,MR3,DVF_20200117_ZKN__P22_MR3_MMT_25_2_S_F93_M94.nii,1.7945175110858995,5.420241745584675,73.80894457558892,0.0012299649843799485,0.07983699268530195,0.40936705156115416,3.0089616622289275,0.9697126008916146,3.4078298594527117,-575.7880935965134,0.0362125,1.898185802311018,False,False,True,False
pt022,MR3,DVF_20200117_ZKN__P22_MR3_MMT_25_2_S_F94_M95.nii,2.725239065710246,6.726285430851282,66.13609988939758,0.0016280978965835609,0.08530130171001536,0.4452302950678174,7.630898434067106,0.9597128135971154,3.1216012390690735,-347.7252268918113,0.05824921875,2.7875684935557605,False,False,True,False
pt022,MR3,DVF_20200117_ZKN__P22_MR3_MMT_25_2_S_F95_M96.nii,2.381652525067289,5.601125048422339,65.00359679128819,0.0011379042484537137,0.09417708067026544,0.5239706354059861,5.905996368043579,0.9345672569395587,2.8605438575845623,-335.4307358938268,0.0570125,2.297024534819594,False,False,True,False
pt022,MR3,DVF_20200117_ZKN__P22_MR3_MMT_25_2_S_F96_M97.nii,0.99063258262163,1.3821651717312515,20.27984560767646,0.001086078073398056,0.10526837337538937,0.518568830006096,2.347781480240931,0.9930270496139084,0.5812924181213306,-24.77509364088032,0.017028125,0.46785798480776447,False,True,True,False
pt022,MR3,DVF_20200117_ZKN__P22_MR3_MMT_25_2_S_F97_M98.nii,1.2093099744333577,2.9688191548829783,46.33405099096763,0.0008456112659515808,0.08571099684192698,0.42081744996462245,2.5182099748812234,1.0118015412792818,1.3068466575905169,-126.05069355348517,0.02259375,0.8735113954104498,False,False,True,False
pt022,MR3,DVF_20200117_ZKN__P22_MR3_MMT_25_2_S_F98_M99.nii,1.5113313575513894,3.9314132082125215,63.26283977118475,0.001507275035913332,0.11394918748056987,0.4941934316274491,2.8567903112552213,0.9812348631098841,0.9893894583018651,-68.18165138745826,0.03094296875,1.225021695725802,False,False,True,False
pt022,MR3,DVF_20200117_ZKN__P22_MR3_MMT_25_2_S_F99_M100.nii,1.4097594565377347,3.226685373620524,46.123385822250455,0.0008022632689813905,0.11779510674922038,0.5264319348073789,2.707681309536734,1.0001994308459599,0.9915277665860555,-51.84779980116533,0.02868203125,0.9297279096797365,False,False,True,False
pt022,MR3,DVF_20200117_ZKN__P22_MR3_MMT_25_2_S_F9_M10.nii,0.9578112480075591,1.4556773469403474,34.32698857089992,0.0011233156204998353,0.07971721580787465,0.41815183773214004,2.4414509043181862,0.9959018554263521,0.717752766043358,-49.58436606128921,0.020621875,0.5685172220844793,False,False,True,False
