Patient,Session,File,Motion Mean,Motion Std,Motion Max,Motion Min,Motion P10,Motion P50,Motion P90,Jacobian Mean,Jacobian Std,Jacobian Min,Jacobian % Negative,Harmonic Energy,QA_JAC0,QA_JAC2,QA_HE,QA_Passed
pt002,MR1,002_to_001_warp.nii.gz,0.9171458423572402,1.1474213136729274,6.249076297452246,0.0016652474893608634,0.11755285942501513,0.38419643318337177,2.8309915761359976,1.041452955025194,0.5474089974914579,-0.39407062431054213,6.7138671875e-06,0.384268902936215,False,True,True,False
pt002,MR1,003_to_002_warp.nii.gz,0.8613917812966251,1.1511583028713028,8.511154590891303,0.0011849771580982947,0.09997304557525435,0.31177713999716195,2.8051290940862637,1.0411617841041347,0.5298581971001104,-0.622777353065765,1.708984375e-05,0.3540707598011522,False,True,True,False
pt002,MR1,004_to_003_warp.nii.gz,1.0016396641921352,1.1692871277240087,7.1249904807363516,0.0021911371369856157,0.11731379463540557,0.4394674412942971,2.8645651116082775,1.0414257440321586,0.5698096096590258,-0.35561081663289107,2.3193359375e-05,0.4112241490611284,False,True,True,False
pt002,MR1,005_to_004_warp.nii.gz,0.9018039810096614,1.1611243204571473,9.871980992643978,0.002294376988267495,0.1061256814207057,0.34382139119015687,2.841322818418009,1.041360142960424,0.5411121028316473,-1.0498638195688257,4.33349609375e-05,0.384033220454913,False,True,True,False
pt002,MR1,006_to_005_warp.nii.gz,0.9544721816356688,1.1645206470438347,7.505354803750317,0.0019278854087706769,0.10976803457842943,0.3889904909394159,2.857260211559737,1.0414201480528031,0.5507491457961592,-2.842891067903322,4.39453125e-05,0.39825115196791544,False,True,True,False
pt002,MR1,007_to_006_warp.nii.gz,0.8623449581127623,1.155734658694927,8.761749415000534,0.0008373946728674537,0.1006798226043191,0.3037144821076945,2.8111835718403446,1.0412917558255008,0.534372326812538,-0.8205918409292983,3.11279296875e-05,0.3618681293427081,False,True,True,False
pt002,MR1,008_to_007_warp.nii.gz,0.9057535160372591,1.144663759925254,9.315652129813136,0.0015559156564458002,0.1058020235404454,0.3560423201884941,2.810018425688966,1.0411638183164778,0.5284095236784414,-1.2220575036172159,4.2724609375e-05,0.3636540439959286,False,True,True,False
pt002,MR1,009_to_008_warp.nii.gz,0.8725917329446414,1.1449541419364484,9.683769558668967,0.0011769819624667791,0.10700880396219646,0.32850330197037314,2.798570810326192,1.0414487374310533,0.5219383719675857,-0.5233410393537126,5.7373046875e-05,0.35927578559787493,False,True,True,False
pt002,MR1,010_to_009_warp.nii.gz,0.8506335883643823,1.1457000964586554,7.712223613923047,0.00172033174250478,0.10022497593760336,0.2973335301311619,2.798311179634577,1.0413515809293972,0.5210085046631057,-0.3575117539480027,3.11279296875e-05,0.34470691771756706,False,True,True,False
pt002,MR1,011_to_010_warp.nii.gz,0.8508927289668687,1.1369437741297066,6.988110420802939,0.0015115570634394793,0.10135113208606342,0.31292430262380344,2.7843926580056633,1.0415078448266946,0.5117840037921365,-0.2184143410884085,1.0986328125e-05,0.33386769946105616,False,True,True,False
pt002,MR1,012_to_011_warp.nii.gz,1.0142347147970714,1.177932885133802,7.063286226750488,0.0020673565463144123,0.11618458034604412,0.447096449281023,2.874004823733157,1.0409965857521646,0.5758215346316506,-0.08821287826440759,8.544921875e-06,0.41953685365017784,False,True,True,False
pt002,MR1,013_to_012_warp.nii.gz,0.8651312882795525,1.1202128756985295,7.322946911443899,0.0009956709410508598,0.10972666316825301,0.3470120907590099,2.7685610319041403,1.0414876993443967,0.5049637259049911,-0.26624221025787903,2.13623046875e-05,0.33110082147009734,False,True,True,False
pt002,MR1,014_to_013_warp.nii.gz,0.9555482166456841,1.1465474959962578,6.984655110763288,0.001898997738122494,0.11260100647178901,0.4033781562384561,2.8152448495493383,1.0410509027807926,0.5337167182057859,-0.1765355958298015,1.953125e-05,0.3650257115115987,False,True,True,False
pt002,MR1,015_to_014_warp.nii.gz,0.8798412142031654,1.1399633110994507,6.969699383909872,0.0017434044312447257,0.10550345151329811,0.34805868624915925,2.8014159179751315,1.0414084679433486,0.5159330482296391,-0.33206338075423364,7.9345703125e-06,0.3364873104956996,False,True,True,False
pt002,MR1,016_to_015_warp.nii.gz,0.9324814892064747,1.1425633780007782,8.02802843425544,0.0016988365856757935,0.11161226976186056,0.3966229207042672,2.8104014130373076,1.0413843785723913,0.530251235749664,-0.5505951110748859,2.197265625e-05,0.35999876360113814,False,True,True,False
pt002,MR1,017_to_016_warp.nii.gz,0.8508648566067581,1.1352253451638563,7.4540404120721195,0.0003654962672422598,0.10498493578620616,0.3187267283295044,2.780544879849582,1.0415975945407698,0.5116668627969978,-0.5474098104791753,3.5400390625e-05,0.33086885491352774,False,True,True,False
pt002,MR1,018_to_017_warp.nii.gz,0.864090246165569,1.1344822903146685,7.651544411624379,0.0014178070800204801,0.10524872471923039,0.32447638515780053,2.781379363028876,1.041260208006825,0.5122827122388962,-0.14621320366300003,1.3427734375e-05,0.3404374784424101,False,True,True,False
pt002,MR1,019_to_018_warp.nii.gz,0.8487119224138665,1.1364599014986354,8.673601392753861,0.0007897851308264989,0.10196360093555472,0.3144245625874127,2.7718802927797435,1.0413916467395614,0.5092338113082417,-0.392329914314544,2.01416015625e-05,0.3289717068941428,False,True,True,False
pt002,MR1,020_to_019_warp.nii.gz,0.8308709817971647,1.1318724673163456,6.704742000408284,0.001959960536377515,0.09813648462629491,0.29266338835050415,2.757177638088395,1.041567914147958,0.5053404371488655,-0.10178053689056642,1.5869140625e-05,0.3197977430421704,False,True,True,False
pt002,MR1,021_to_020_warp.nii.gz,0.8918627816239929,1.1458766862167353,7.829183219056309,0.0016941779982019678,0.10742137225215023,0.35668560501703517,2.8129116705597563,1.0413763185092124,0.5282567889031361,-0.6479535443596782,5.06591796875e-05,0.35539817242525445,False,True,True,False
pt002,MR1,022_to_021_warp.nii.gz,0.898151771207143,1.1471548848186814,7.696404155302495,0.0010200497260050925,0.10924799461434008,0.36316643778895297,2.8098703783199017,1.041423602256647,0.5309918518752107,-0.21731528310119416,2.8076171875e-05,0.3609150625680654,False,True,True,False
pt002,MR1,023_to_022_warp.nii.gz,0.9023773974619884,1.1347877750263964,7.437336047723831,0.000989330620309249,0.11023958096547024,0.36949406802002605,2.8003314770600163,1.041537477927395,0.5252938008238245,-1.6921624475927153,1.77001953125e-05,0.3596093818756929,False,True,True,False
pt002,MR1,024_to_023_warp.nii.gz,0.8767922190913231,1.1277778199715123,6.443066776355039,0.0018887937599712233,0.10728385993419787,0.3519634008565406,2.779456813265632,1.0412550548225006,0.5129176899781923,-0.12504179886420033,1.5869140625e-05,0.33413722185817674,False,True,True,False
pt002,MR1,025_to_024_warp.nii.gz,0.8253263283640437,1.1341236211121064,7.610659007032918,0.0008126696625887379,0.10065839121934271,0.2975922635808616,2.774099569153142,1.0416109905637252,0.5058345655268589,-0.0950470766621389,2.44140625e-06,0.320775926391925,False,True,True,False
pt002,MR1,026_to_025_warp.nii.gz,0.8748906941794787,1.1525184462818805,8.041405342207899,0.0010000308515036335,0.10365841504896468,0.3309438244998753,2.818094381946168,1.0412308904575982,0.5282893763324471,-0.2081053013876475,2.0751953125e-05,0.357520981069538,False,True,True,False
pt002,MR1,027_to_026_warp.nii.gz,0.8893602540492087,1.1547736359944518,8.830790295682453,0.0015786630039572836,0.10594179138318144,0.34478449798841027,2.8231537707813454,1.0412997586038522,0.5372578752492388,-0.44756672175029827,2.99072265625e-05,0.3625912116275377,False,True,True,False
pt002,MR1,028_to_027_warp.nii.gz,0.8978589639207983,1.1459714752506283,8.350982794682194,0.00066524419671556,0.1107252048393281,0.35852648976252166,2.815284730535288,1.0414502096296276,0.531212854916043,-0.6978098601662276,3.72314453125e-05,0.3725019827232725,False,True,True,False
pt002,MR1,029_to_028_warp.nii.gz,0.9272954269218455,1.1553060803704918,9.121695414886466,0.0009251465775862433,0.1095272800375703,0.3736056189084501,2.8304149402217895,1.0412528323849606,0.5405604878361566,-2.126070925849987,3.23486328125e-05,0.3771443170694242,False,True,True,False
pt002,MR1,030_to_029_warp.nii.gz,0.8783829908416982,1.159540468645738,10.705481337267157,0.0008182887150702591,0.10402249516307599,0.32546229464128706,2.818815643667153,1.041511658449851,0.5323279411365849,-0.5882686030811495,3.662109375e-05,0.3676729554511411,False,True,True,False
pt002,MR1,031_to_030_warp.nii.gz,0.9382569431170538,1.1751936700079897,9.017488908692863,0.0014437470552888518,0.11006612812185779,0.37765535314408866,2.8640949874824813,1.0413782124497244,0.5648201770839211,-0.40209646711440744,5.126953125e-05,0.40907301818005853,False,True,True,False
pt002,MR1,032_to_031_warp.nii.gz,0.948079792340032,1.1663313278349865,8.286048513122806,0.0010398940360227234,0.11489975917846988,0.39701080716536447,2.858720187939605,1.0412105697694543,0.5604728210129964,-0.6775418825393557,3.84521484375e-05,0.40647713903093163,False,True,True,False
pt002,MR1,033_to_032_warp.nii.gz,0.9311856384852915,1.1645635286049705,7.398822737622235,0.0025876108808803567,0.11089051207310519,0.3727749752775251,2.8543244163853436,1.0413853300412597,0.5505042231714781,-0.9227851705639357,7.99560546875e-05,0.3997206224045405,False,True,True,False
pt002,MR1,034_to_033_warp.nii.gz,0.9145886793010459,1.1473423458250975,6.949822146952042,0.0018032887314605006,0.10977738817128845,0.36947248984670134,2.8198176088387807,1.041460117559016,0.5475361827382601,-0.5744442176297866,3.60107421875e-05,0.3804770930026602,False,True,True,False
pt002,MR1,035_to_034_warp.nii.gz,0.8607425494984302,1.1435218457147593,9.102538872736375,0.0004496690699840911,0.10144590080027338,0.3117835051249578,2.79660453588084,1.041357213469984,0.5187627378256516,-0.4404265321128808,5.55419921875e-05,0.3463527336472509,False,True,True,False
pt002,MR1,036_to_035_warp.nii.gz,0.8868861870692922,1.1543909056370039,9.28671344772443,0.002099426182189423,0.1056442325225116,0.3379841852455225,2.81820444200336,1.0414869027915759,0.5335652550992329,-0.9547394255133584,7.01904296875e-05,0.3644065652900648,False,True,True,False
pt002,MR1,037_to_036_warp.nii.gz,0.9289156308656064,1.1758691925428035,9.288154835041968,0.0011278817690099955,0.1078962459843268,0.35624492048291145,2.8615544554950767,1.0413418706562216,0.5539591519106657,-0.24272206678250952,3.90625e-05,0.39990956694101065,False,True,True,False
pt002,MR1,038_to_037_warp.nii.gz,0.9033333423888347,1.1356940212194069,7.552853982671075,0.0017871282683820757,0.10823923451606784,0.36055053095060685,2.7987602574327504,1.0414838358823075,0.5287082433604362,-0.38892135230853914,2.685546875e-05,0.3683147305353643,False,True,True,False
pt002,MR1,039_to_038_warp.nii.gz,0.9333594800272977,1.1462429671781584,7.608734679869466,0.0009224793566770229,0.1092019641854042,0.3802598027938499,2.8141130588357495,1.0412145065789558,0.5315345795598982,-0.6799204955661443,2.74658203125e-05,0.37176500166628834,False,True,True,False
pt002,MR1,040_to_039_warp.nii.gz,0.8513415507882759,1.1240152310013736,7.650853507032741,0.0012498638656004563,0.10530505562947973,0.3270861439589769,2.7698861598593707,1.0413109733453654,0.5121549567959142,-0.4990128721266915,2.50244140625e-05,0.33179874095356704,False,True,True,False
pt002,MR1,041_to_040_warp.nii.gz,0.8577530363385835,1.1408079457649272,7.766979704575168,0.0009900192898390312,0.10443359496303883,0.32056768938721786,2.792890139374574,1.0413564202559082,0.5161593278184485,-0.1873558294734622,1.03759765625e-05,0.34331383336595345,False,True,True,False
pt002,MR1,042_to_041_warp.nii.gz,0.9529605298685478,1.1626842050399007,7.78779950444284,0.001874114192158963,0.11207576993421901,0.40417979533558535,2.8477764740044536,1.0411619774475354,0.5518758963500418,-0.37791309467159595,4.33349609375e-05,0.3927908070470044,False,True,True,False
pt002,MR1,043_to_042_warp.nii.gz,0.8683721558399248,1.1347871779844787,7.3496770186532805,0.0009059914628515701,0.10731033770526116,0.3324431171363721,2.7902865450317327,1.041384571214752,0.5235058734610586,-0.15368344810506349,2.685546875e-05,0.34646351601673897,False,True,True,False
pt002,MR1,044_to_043_warp.nii.gz,0.8920723036072318,1.126105395444742,8.59135444809269,0.0022484556529626487,0.10845118456630017,0.3651354729771837,2.779178957005157,1.0415296367621998,0.5163728321834499,-1.8163617922097892,4.2724609375e-05,0.34713983867835835,False,True,True,False
pt002,MR1,045_to_044_warp.nii.gz,0.9014581930987184,1.1313753776328008,8.616497146261004,0.001897712724115158,0.11182930207884431,0.37834955696547307,2.7918611388313046,1.041440546467423,0.5227059144500678,-0.6313731245942368,1.8310546875e-05,0.35494275851644197,False,True,True,False
pt002,MR1,046_to_045_warp.nii.gz,0.7986617145150325,1.1195511883071636,6.981217258892817,0.0014585279140089168,0.09898815381316793,0.27877088893766855,2.7408974981379948,1.041384324281075,0.49857358394931856,-0.4255828536209795,2.25830078125e-05,0.3027493265753867,False,True,True,False
pt002,MR1,047_to_046_warp.nii.gz,0.8114636430162014,1.1273294828140663,7.728100980662023,0.002295217266179851,0.09898600985661929,0.28514431551952024,2.7533585786824637,1.0417237675622786,0.49791408897608064,-0.2128925398860884,2.86865234375e-05,0.30884246097000395,False,True,True,False
pt002,MR1,048_to_047_warp.nii.gz,0.8599238856247318,1.1408905682902117,8.801651082852606,0.00219719465947397,0.10486959328882965,0.32693750275723543,2.79150244420432,1.0412152675529054,0.5199106642860111,-0.5750774376079894,8.544921875e-06,0.3432964823663574,False,True,True,False
pt002,MR1,049_to_048_warp.nii.gz,0.9245206900450843,1.1477639245477032,9.276408386017756,0.0011358738258775778,0.11266384666118488,0.3859529636429575,2.8147565788800066,1.040824972866231,0.5330995657039141,-0.18127395062945512,1.3427734375e-05,0.35771627022382274,False,True,True,False
pt002,MR1,050_to_049_warp.nii.gz,0.816940742302258,1.1025166623427458,6.532847059673266,0.0014731583450863172,0.1045283348572489,0.31539049841794004,2.7220815897772046,1.0416499302583195,0.4866793791285912,-0.057193071445206065,5.4931640625e-06,0.29564028401359954,False,True,True,False
pt002,MR1,051_to_050_warp.nii.gz,0.8739624844161383,1.1218129672104344,6.1046841445800695,0.001869554356671515,0.10709486621366697,0.3501574970298358,2.7631297042345673,1.0413630066085262,0.5035041906166019,-0.26082514743884055,9.1552734375e-06,0.3181204365430288,False,True,True,False
pt002,MR1,052_to_051_warp.nii.gz,0.810160345238321,1.1175370024337477,7.536767873912188,0.0017388035693593853,0.0991343093805547,0.2970659768858628,2.740825418561,1.0414006625840146,0.48950498864713876,-0.5720430551820396,1.3427734375e-05,0.2969512994234788,False,True,True,False
pt002,MR1,053_to_052_warp.nii.gz,0.8736035074126961,1.1456046142534577,7.748208965721964,0.00034552000064199046,0.10561874214392789,0.3352011855896526,2.8025239203275536,1.0412261064431876,0.5230880019147979,-0.3944860136124239,1.64794921875e-05,0.3519522560105197,False,True,True,False
pt002,MR1,054_to_053_warp.nii.gz,0.8876347613218166,1.1519947999287945,7.962246363829298,0.001553937664140752,0.10540668701500615,0.3438561090491665,2.8148457687844393,1.0415451597510652,0.5415138608357061,-1.1155115110585223,1.52587890625e-05,0.35999653858665065,False,True,True,False
pt002,MR1,055_to_054_warp.nii.gz,0.9102276198802915,1.1493360837470896,7.752540212151231,0.0016260664928971923,0.11186219819513764,0.37008812749659464,2.8199494388630586,1.0413947605384402,0.5452836192792239,-0.15390256713186376,1.77001953125e-05,0.37092473107525537,False,True,True,False
pt002,MR1,056_to_055_warp.nii.gz,0.9074768099413913,1.1587216197169028,7.639103146609222,0.001461005188187745,0.1061888829415053,0.3464753985421822,2.8333139730148647,1.0413926838650043,0.5396122800895613,-0.5219167448542719,2.38037109375e-05,0.3803417702866925,False,True,True,False
pt002,MR1,057_to_056_warp.nii.gz,0.9600909416096851,1.1715280956900442,8.373272339017916,0.0014725636236944657,0.11169573723220162,0.39300154118897945,2.8633911557846536,1.041500480195636,0.5588220824037514,-1.9702541187712301,5.126953125e-05,0.41223523413334623,False,True,True,False
pt002,MR1,058_to_057_warp.nii.gz,0.8958604648191029,1.1625068546559174,7.705068286135401,0.0009164307967831329,0.10603138985776916,0.3330554044751331,2.836966377935835,1.0415251238295018,0.5454718402384245,-0.34161964576478776,2.44140625e-05,0.38785677865459717,False,True,True,False
pt002,MR1,059_to_058_warp.nii.gz,0.9479731475159787,1.1795677381162386,7.1912371005373075,0.00040065318769240117,0.10897159526735929,0.3765153551558973,2.872069004733961,1.041115061432347,0.5713395209413255,-0.5351071266244872,3.5400390625e-05,0.4211001192104058,False,True,True,False
pt002,MR1,060_to_059_warp.nii.gz,0.9017374022391504,1.1636635773849282,7.8534709607011965,0.0025618138359950805,0.10766654579199572,0.3355487623421474,2.83568201240261,1.0414012791076588,0.5459061178972746,-0.47026386151984473,5.79833984375e-05,0.38848716304965136,False,True,True,False
pt002,MR1,061_to_060_warp.nii.gz,0.950623090595479,1.1585100815674074,9.379834840730654,0.0006640301396089519,0.1122358730542707,0.3936071444920095,2.844429469544243,1.0414308021546146,0.5553884360973407,-0.3963741598713289,0.0001190185546875,0.40166258014976636,False,True,True,False
pt002,MR1,062_to_061_warp.nii.gz,0.8842942798100139,1.1592321291196979,9.730364715005452,0.0005164407966650881,0.10483037804672549,0.3262330899916578,2.822521542310457,1.0414939984514937,0.5368148213707787,-0.863442169548763,6.103515625e-05,0.3734809225638023,False,True,True,False
pt002,MR1,063_to_062_warp.nii.gz,0.93561284924555,1.1647139963419786,8.552367932564882,0.0017646983516281737,0.11267930786139004,0.3894687459836339,2.8504815713342637,1.0413545698429636,0.5488593230806632,-0.44438246749295235,5.18798828125e-05,0.3916050672397249,False,True,True,False
pt002,MR1,064_to_063_warp.nii.gz,0.8598434675830354,1.1315197585679673,8.312823398696104,0.0011308377865210885,0.10579592796020529,0.3279355613002133,2.775852865077093,1.041015658566677,0.513346200875989,-0.7947157606094349,3.11279296875e-05,0.33957097468787156,False,True,True,False
pt002,MR1,065_to_064_warp.nii.gz,0.8611385190616222,1.1348795401693204,9.467841161567794,0.0011568608860601508,0.10654932693098543,0.33601885698631795,2.7867485984271365,1.0416154664026087,0.5080387021478191,-0.47284178997810167,1.77001953125e-05,0.3266090550539835,False,True,True,False
pt002,MR1,066_to_065_warp.nii.gz,0.8216124874608426,1.1223622293536915,9.136632181484874,0.0005961473150951496,0.10126961859313287,0.29731864196825075,2.7476792344914363,1.041485209823695,0.4966670944166388,-0.1298676928837322,3.11279296875e-05,0.3056012303653524,False,True,True,False
pt002,MR1,067_to_066_warp.nii.gz,0.8850182518980736,1.1313158626159001,8.096620710757668,0.0009858658515907981,0.109665892473075,0.35968071583265016,2.789350441311119,1.0413995137167964,0.5144509967975326,-0.2715732145241853,3.23486328125e-05,0.34138118629054404,False,True,True,False
pt002,MR1,068_to_067_warp.nii.gz,0.8743425283586062,1.1310731794693676,8.529447260016264,0.0006222739813724406,0.10840449209568818,0.3523019018403505,2.787093836180868,1.0412268171505878,0.5109231074519672,-0.3536295190092529,2.62451171875e-05,0.3323846798503511,False,True,True,False
pt002,MR1,069_to_068_warp.nii.gz,0.8819162243734846,1.1150863429811422,6.550716856908102,0.0026337376814470786,0.10861309319604895,0.36634693495125514,2.7608399120658196,1.041094522240174,0.5073631963218532,-0.3098216567017133,7.9345703125e-06,0.3268012864643996,False,True,True,False
pt002,MR1,070_to_069_warp.nii.gz,0.8503258651055589,1.1372209558187276,6.930541207810401,0.0008659705216051984,0.1049265812331648,0.3259506685665704,2.7884237098360902,1.0414038020349805,0.5213493954258638,-0.013615447833556383,1.220703125e-06,0.32796844673394854,False,True,True,False
pt002,MR1,071_to_070_warp.nii.gz,0.8391104295601213,1.1389222583453142,10.63285931716915,0.0017476348740968963,0.10194442520718018,0.3138153265349478,2.7821729985242682,1.0413663836761449,0.5096344860058454,-0.08947532366385169,1.40380859375e-05,0.32335168982569024,False,True,True,False
pt002,MR1,072_to_071_warp.nii.gz,0.889854635467457,1.135130693173911,7.047551029968015,0.0016117419443127479,0.11148708319587756,0.37088728749772537,2.794594646748966,1.0413527539482363,0.5243005606466962,-0.20001857603649706,1.220703125e-05,0.3452795322944837,False,True,True,False
pt002,MR1,073_to_072_warp.nii.gz,0.9090352163763646,1.142674439170087,8.056138833551907,0.0020051211365340205,0.11143195867642375,0.376046917418559,2.8169161919307504,1.0416261917291707,0.5273179300161133,-0.24552844862437387,2.01416015625e-05,0.36244926659003035,False,True,True,False
pt002,MR1,074_to_073_warp.nii.gz,0.8878136629974442,1.1558522578320451,10.158172641240997,0.0013528652055169589,0.10671187276255546,0.33799503619834803,2.8158377549082343,1.0413481025428692,0.5308256873996549,-0.4804170354284219,3.35693359375e-05,0.3646598618058893,False,True,True,False
pt002,MR1,075_to_074_warp.nii.gz,0.8729003618792167,1.1529556914692471,9.047075669830125,0.0011282866473812183,0.1033744691200791,0.3190428012883206,2.8072142299100906,1.0412995102897775,0.5249018322315295,-0.46184402093433036,4.7607421875e-05,0.3596910347507638,False,True,True,False
pt002,MR1,076_to_075_warp.nii.gz,0.8589325849489964,1.1535783544450906,8.4468768801191,0.0014975442681787023,0.10072402748829799,0.3048931365292946,2.8058590307306277,1.0415682998340599,0.5265184962363663,-0.19727143057168048,3.35693359375e-05,0.3557421512340271,False,True,True,False
pt002,MR1,077_to_076_warp.nii.gz,0.9737017231167225,1.1745608500213158,7.563632099258506,0.0012616895652090283,0.11393080306626473,0.41708668283323913,2.87419671088107,1.0409002999753487,0.5688566483607485,-1.4683647338608266,3.173828125e-05,0.42008157707796173,False,True,True,False
pt002,MR1,078_to_077_warp.nii.gz,0.9024377512587872,1.152310189723639,8.085498446793007,0.000612156661072309,0.11163351634028666,0.3533133368717177,2.82099216309574,1.041878409226037,0.5410523966735946,-0.3524359004263423,2.01416015625e-05,0.3808833573975969,False,True,True,False
pt002,MR1,079_to_078_warp.nii.gz,0.9449488547883249,1.1703724932209152,9.799685293879133,0.0011458204793801554,0.10944937923574329,0.3790313246464146,2.8528558832941333,1.0412968107343374,0.5525966973581257,-1.1300499543208118,5.31005859375e-05,0.4016361105927993,False,True,True,False
pt002,MR1,080_to_079_warp.nii.gz,0.8923051926098808,1.1559599457502807,8.736253437154271,0.0011244072372975013,0.10771368262098036,0.339454639392046,2.823729116675329,1.0415336921871918,0.5396239408483341,-0.42814140259390127,4.21142578125e-05,0.37765741819134147,False,True,True,False
pt002,MR1,081_to_080_warp.nii.gz,0.9635510189184984,1.1790776754169532,8.246007749687369,4.5666277618555856e-05,0.11371304983292728,0.401085964400562,2.8785646070119073,1.0411226997176461,0.5687522462353294,-0.22403504532393784,3.7841796875e-05,0.41396546626102215,False,True,True,False
pt002,MR1,082_to_081_warp.nii.gz,0.887798118162456,1.1387065660350464,7.135902972390118,0.0012186113396368081,0.11078303979809093,0.34662497531492154,2.798594241376678,1.041465694127589,0.533204085911195,-0.8863839446914902,1.953125e-05,0.3663202097913629,False,True,True,False
pt002,MR1,083_to_082_warp.nii.gz,0.9463979508880449,1.1501332575091823,8.628948338253524,0.0013538250832322682,0.11467916664342685,0.4044249264739483,2.8319759219846987,1.041495761929725,0.5378259964947554,-0.7040560241456049,3.11279296875e-05,0.38318523161283946,False,True,True,False
pt002,MR1,084_to_083_warp.nii.gz,0.8889985150636626,1.1410460137610046,7.207542679612166,0.0020678730622646882,0.10938209793869645,0.3544487774394868,2.8098579039324867,1.0413023751605759,0.5231875143983252,-0.4056250394245596,5.55419921875e-05,0.3530781972009336,False,True,True,False
pt002,MR1,085_to_084_warp.nii.gz,0.8773694190333136,1.1588370740999316,7.341173240446097,0.0015893723545358774,0.10508383580517654,0.3241132639407446,2.824846546471006,1.0415561323826432,0.5395944615740051,-4.238367766119321,5.43212890625e-05,0.37110434493218747,False,True,True,False
pt002,MR1,086_to_085_warp.nii.gz,0.897848687895683,1.1597245833409076,8.142401621252313,0.0017071748388650752,0.10572455354214742,0.3478572825761741,2.8301423792419547,1.0413938877570432,0.541098968304987,-0.8819049949625575,4.94384765625e-05,0.37179645014493545,False,True,True,False
pt002,MR1,087_to_086_warp.nii.gz,0.921489230757996,1.1571323998002945,7.571843006304527,0.00196366284679033,0.11156833905437463,0.37894033443660413,2.832659590144712,1.0414868672343502,0.5457983839521032,-0.728666531099324,4.94384765625e-05,0.38228695596969786,False,True,True,False
pt002,MR1,088_to_087_warp.nii.gz,0.9021452837413887,1.1575214657114556,9.291092086992085,0.0012564302742697781,0.10958746109302815,0.3566780293570977,2.8242055416152074,1.0415048412454275,0.5353356263749536,-0.9831305975317343,6.16455078125e-05,0.37305460841548943,False,True,True,False
pt002,MR1,089_to_088_warp.nii.gz,0.9071806192446324,1.148909653998065,10.347052487166472,0.0015497996517665309,0.1114235208358098,0.37638227328581564,2.8166345753416886,1.0414134317734078,0.5286875704814963,-0.833351330198696,5.37109375e-05,0.3617070260279233,False,True,True,False
pt002,MR1,090_to_089_warp.nii.gz,0.8651558679400339,1.1446838707095033,8.31884529789253,0.0016931624281349875,0.10526277297597593,0.3298539908883853,2.804377782562048,1.041170302609208,0.5243951943070286,-0.9005928196004152,6.2255859375e-05,0.34555185628133217,False,True,True,False
pt002,MR1,091_to_090_warp.nii.gz,0.875809085323328,1.1486717925942906,8.534993877308883,0.0016157209995981126,0.10741805757360179,0.34076175476441606,2.8099593902698876,1.04129046892647,0.5261843148541278,-0.47595577146944384,2.62451171875e-05,0.3534205775940967,False,True,True,False
pt002,MR1,092_to_091_warp.nii.gz,0.8687049076140984,1.1431160042364807,7.050051810904669,0.0018887522625665714,0.10666154807280441,0.3375877491038355,2.798845763350281,1.0414579005126392,0.5257324748886443,-0.8098193877810766,2.62451171875e-05,0.3473180443366519,False,True,True,False
pt002,MR1,093_to_092_warp.nii.gz,0.8554538276442125,1.1328054104799206,5.823535259001889,0.001347584833922795,0.10725680434646401,0.32927751370609437,2.783161515792121,1.0414998407664502,0.5152967449371243,-0.17450506133699445,1.15966796875e-05,0.3333560322633028,False,True,True,False
pt002,MR1,094_to_093_warp.nii.gz,0.864822000061041,1.1520383702372818,9.864323197161767,0.0011396822266448955,0.10163927725086672,0.3119254139440789,2.8015590911667805,1.0415103854098537,0.5287168456922029,-0.7906539969368048,5.615234375e-05,0.3540533042110728,False,True,True,False
pt002,MR1,095_to_094_warp.nii.gz,0.8820680026876455,1.1579300657555074,8.600461901285428,0.0012009694008929123,0.1034973327494966,0.31942693449672477,2.8199294762026574,1.0412643861859174,0.5336583647753416,-0.7121931706119476,6.77490234375e-05,0.3731728010621814,False,True,True,False
pt002,MR1,096_to_095_warp.nii.gz,0.9136561780356994,1.1571003235782316,8.455546325687516,0.001669192301040381,0.10845166656127966,0.3533229746041894,2.830992289849535,1.041458136006875,0.5387729365288304,-0.15746369121046327,1.5869140625e-05,0.38425221970347473,False,True,True,False
pt002,MR1,097_to_096_warp.nii.gz,0.948847864057528,1.1656747144586221,8.507899175210166,0.0008886203177510123,0.11154135956711757,0.3860750445548089,2.850811058866568,1.0414348114742715,0.5505327810647552,-0.5600246402074152,6.53076171875e-05,0.40131466197456034,False,True,True,False
pt002,MR1,098_to_097_warp.nii.gz,0.9089369098100606,1.173070926554606,9.033019407477477,0.0015776760019714962,0.10960544795423945,0.3392154311211091,2.855307115345462,1.0412135124408315,0.5517141400129935,-0.5181929340552902,7.080078125e-05,0.39237204727282915,False,True,True,False
pt002,MR1,099_to_098_warp.nii.gz,0.8910480745100335,1.1567755274389695,8.074470036072562,0.0022978025852740318,0.10631036727252795,0.33171387602779634,2.826588230730671,1.0414179191662156,0.5386175229353242,-0.5811079543326714,2.8076171875e-05,0.3707786609547465,False,True,True,False
pt002,MR1,100_to_099_warp.nii.gz,0.8959194630857691,1.158938694328871,9.528332258012533,0.0012483392245884735,0.1063621006846091,0.34113488314702894,2.827577977734364,1.0412217987499215,0.5403457605906119,-0.6188070627662404,4.45556640625e-05,0.37620465188362556,False,True,True,False
pt002,MR1,101_to_100_warp.nii.gz,0.8561140988113658,1.1345393402641706,8.487348137727409,0.0006762609991277706,0.10490105047935906,0.3182599566051147,2.789656535357122,1.0414140877916396,0.5202736972795444,-1.0230812169803194,6.2255859375e-05,0.3494081805719823,False,True,True,False
pt002,MR1,102_to_101_warp.nii.gz,0.8441347180608073,1.1302005286211285,9.058108971685598,0.001306178961299445,0.10309445947811345,0.3161715573295444,2.774575794546416,1.0415253697940736,0.5106787243376559,-0.5432207775174132,2.38037109375e-05,0.33294420743149017,False,True,True,False
pt002,MR1,103_to_102_warp.nii.gz,0.8128777566818651,1.1267366795151017,8.717898198147823,0.0011743213341858566,0.0988161864246284,0.2850608718200275,2.753542836137259,1.0414416026860325,0.5014954461195099,-0.37706646389749976,6.53076171875e-05,0.311871045926395,False,True,True,False
pt002,MR1,104_to_103_warp.nii.gz,0.8004351503948817,1.1212398347191546,6.324925370490006,0.00088832675513017,0.09835339505010751,0.2820296529315496,2.74779281236748,1.0414810917037423,0.4922238269346426,-0.588862408528701,2.38037109375e-05,0.30258326766762134,False,True,True,False
pt002,MR1,105_to_104_warp.nii.gz,0.7985069954048893,1.128326239610405,6.825556757091207,0.0013900051427612103,0.09579095533152633,0.2717510102754379,2.7537485428033377,1.0415424448550583,0.49428067456516167,-0.9091693695545373,2.44140625e-05,0.3004314775936272,False,True,True,False
pt002,MR1,106_to_105_warp.nii.gz,0.8395794574141603,1.127286898956588,5.918750436439224,0.0022021735339280923,0.10407879853896224,0.3248463959924104,2.7667740194133597,1.0411561010301797,0.5059917682345902,-0.061005227807502664,1.220703125e-06,0.3109062964062688,False,True,True,False
pt002,MR1,107_to_106_warp.nii.gz,0.8790822859795528,1.1321756868976653,7.098847132553901,0.0010094399676944025,0.10893892427928116,0.3561630552812002,2.781700703250137,1.0414478896407962,0.5180425224812878,-0.22159126820007108,2.44140625e-06,0.3295437962515937,False,True,True,False
pt002,MR1,108_to_107_warp.nii.gz,0.8426245648925813,1.1183449705435777,6.729567586494243,0.0021675491510745296,0.10653938073681052,0.32951984181050553,2.7574891246761566,1.0412517024778702,0.5007686582400693,-0.3218524291939662,3.662109375e-06,0.31587666548187204,False,True,True,False
pt002,MR1,109_to_108_warp.nii.gz,0.8216346846791583,1.117570313088624,7.915944065211835,0.0007978346258411148,0.10387154172199582,0.3093789327526264,2.7510984095766267,1.0412319905394307,0.4899737764940683,-0.1769545373310261,6.103515625e-06,0.30193270716098153,False,True,True,False
pt002,MR1,110_to_109_warp.nii.gz,0.805838518559598,1.135444981042828,6.9959056470927825,0.0007470663204765331,0.09708768499932635,0.2758952214305952,2.76132202732478,1.0416579904698309,0.5027931989899739,-0.45168482415617456,1.40380859375e-05,0.31124339677323987,False,True,True,False
pt002,MR1,111_to_110_warp.nii.gz,0.8107211346071287,1.130290616024498,7.82049893651937,0.001107386949870652,0.09645998987338497,0.277199278350165,2.7575691824687225,1.0412983145619878,0.49654801579092483,-0.2942192685011034,7.9345703125e-06,0.3099080507672346,False,True,True,False
pt002,MR1,112_to_111_warp.nii.gz,0.835869232567492,1.1476561455761227,10.523566774174581,0.0020974605799184845,0.0986086889123464,0.2873116089753248,2.789070991883076,1.041612996014516,0.5137976655609732,-0.21972952048319006,4.69970703125e-05,0.33860022213214,False,True,True,False
pt002,MR1,113_to_112_warp.nii.gz,0.8481429337054235,1.1567004761585316,8.786194578040778,0.0013651488332115172,0.09849648057204687,0.2922209122206346,2.806487822780389,1.041412623885407,0.5258680984404872,-0.524317717711476,2.13623046875e-05,0.3508500911750955,False,True,True,False
pt002,MR1,114_to_113_warp.nii.gz,0.8405728508671089,1.152640286753298,9.067252661380214,0.002257761794895702,0.0964075290227356,0.2854170914663581,2.7922374414861877,1.0412788339229793,0.5202450261457925,-0.23878624048076152,4.33349609375e-05,0.34362223666160363,False,True,True,False
pt002,MR1,115_to_114_warp.nii.gz,0.8836044755212512,1.1675077341249973,8.797797393556925,0.0018952404191759239,0.1022831799673064,0.3180200809555307,2.8291604020772456,1.0414009008545495,0.5432965946157001,-0.42111787979567233,6.9580078125e-05,0.37811561334138366,False,True,True,False
pt002,MR1,116_to_115_warp.nii.gz,0.8502667174430423,1.1527798937449545,9.878076710369049,0.001247068148184415,0.10035150232275368,0.29375627399048365,2.7990800855892317,1.0415325235344945,0.5266749984534282,-0.6028664111832969,4.0283203125e-05,0.3528459380364841,False,True,True,False
pt002,MR1,117_to_116_warp.nii.gz,0.9642231253343282,1.160876196214058,10.08242317957844,0.001295226729346438,0.11122975254003899,0.3958935899464149,2.8400940208588064,1.0414027108777322,0.542979662032309,-0.47212147552798306,2.685546875e-05,0.3895858640174205,False,True,True,False
pt002,MR1,118_to_117_warp.nii.gz,0.8485833710163555,1.1539666984324597,9.035696512679971,0.0014355448870790376,0.09976875608044154,0.2911260250701463,2.79858445883466,1.0413515724369926,0.5253091005998229,-4.6115001877969055,3.173828125e-05,0.3531415065922866,False,True,True,False
pt002,MR1,119_to_118_warp.nii.gz,0.8341667404301663,1.1479021925218866,8.820157824887067,0.0005665626822015825,0.0976952419356861,0.284347284710467,2.7862993312856146,1.0414630147395958,0.5102051201288385,-0.4509237951622924,3.35693359375e-05,0.33508870618112496,False,True,True,False
pt002,MR1,120_to_119_warp.nii.gz,0.891662265870049,1.1565637025673126,9.298454290236304,0.0013762433212263277,0.10457805608070841,0.3404003390436512,2.819510424975322,1.0415904264075464,0.5337941224677062,-0.38156828602162707,1.8310546875e-05,0.36336692264776815,False,True,True,False
pt002,MR1,121_to_120_warp.nii.gz,0.823408918215067,1.1284727098273375,7.123794068460907,0.0012426367140728003,0.09830089535635547,0.2916566655028193,2.75610665200029,1.041182496245314,0.5011700586834019,-0.4741493318943897,2.01416015625e-05,0.3190437153312326,False,True,True,False
pt002,MR1,122_to_121_warp.nii.gz,0.8268308737845632,1.1301545415027505,9.628007232323718,0.0021274060007932306,0.1008775650456498,0.29849476912746276,2.7571563609116647,1.0414287329309764,0.5056764073400968,-0.11894022085476849,1.3427734375e-05,0.3228333784654487,False,True,True,False
pt002,MR1,123_to_122_warp.nii.gz,0.8432269211245184,1.1219938606021276,7.300212434545293,0.002291935309252566,0.10478629023087739,0.3219586109027822,2.757236456340285,1.0414214178193852,0.5071060181671777,-1.6936205276400529,4.638671875e-05,0.32689048006810706,False,True,True,False
pt002,MR1,124_to_123_warp.nii.gz,0.8162106921713379,1.1311597326599976,8.584609127782745,0.0022430090609446562,0.09833578153952995,0.28337881827884326,2.75818187306675,1.041323221196955,0.5042503778785588,-0.2929333454843126,3.0517578125e-06,0.3184775990525848,False,True,True,False
pt002,MR1,125_to_124_warp.nii.gz,0.8297960634507074,1.1464883487041988,7.436719863598645,0.0007935933773146629,0.09604726256272614,0.2792543077362959,2.783123623167165,1.0414182221341621,0.5133457215228481,-0.2749510169599839,2.86865234375e-05,0.3356932352258578,False,True,True,False
pt002,MR1,126_to_125_warp.nii.gz,0.8965646083681063,1.1420767712560678,7.521810505684071,0.0014671875513185427,0.10791819931032838,0.3535671876164881,2.8035948570547795,1.0414796396478878,0.5292521994298665,-0.27354196811792325,2.99072265625e-05,0.3600299416952474,False,True,True,False
pt002,MR1,127_to_126_warp.nii.gz,0.8680793212572785,1.1667577026911418,10.095066416581504,0.0009045522907639422,0.10147669270938744,0.3069158594012144,2.8321179783429176,1.041443934108097,0.5317356988906613,-0.5399333770268384,4.0283203125e-05,0.36853798788449693,False,True,True,False
pt002,MR1,128_to_127_warp.nii.gz,0.980386489578543,1.1843650262842766,8.523329436056155,0.0012422932249804867,0.1108750300223002,0.4033826608448223,2.878020605185748,1.0411587907250377,0.570822116605649,-0.3551870998286313,3.60107421875e-05,0.412153811435425,False,True,True,False
pt002,MR1,129_to_128_warp.nii.gz,0.8777542340624869,1.1493392466414178,10.930000287544285,0.0005799609793825515,0.10571370185933057,0.3269576024950844,2.8063786551943757,1.0412882632939848,0.527560685561031,-0.4980856642644152,4.21142578125e-05,0.3628438310476481,False,True,True,False
pt002,MR1,130_to_129_warp.nii.gz,0.8806685338801375,1.1518644563413634,7.875085456246589,0.002337146217546063,0.1050547085251095,0.32741422818164845,2.811348665795212,1.0413911842899894,0.5343643943044015,-0.3783076913747841,4.33349609375e-05,0.3662119097040176,False,True,True,False
pt002,MR1,131_to_130_warp.nii.gz,0.8853210567401715,1.1453424901067497,8.132941489224477,0.0008589690177182926,0.10739296633421365,0.34235949516676034,2.8073042932943455,1.0414855456782646,0.5311180849499053,-0.7520873161011913,3.47900390625e-05,0.3619609111632289,False,True,True,False
pt002,MR1,132_to_131_warp.nii.gz,0.8497519494895365,1.1422040164196536,9.029835378130716,0.0012886095822873822,0.10059915161545938,0.2997573839819312,2.7826041253955505,1.0412895658743273,0.518120047962392,-0.17009259215937403,1.77001953125e-05,0.3433476355217882,False,True,True,False
pt002,MR1,133_to_132_warp.nii.gz,0.8570834255706236,1.1408533881483656,8.338353099455462,0.0011684261768947345,0.10152050687738905,0.3127629689245923,2.7849697071771717,1.0415564591356252,0.520931600732193,-0.8275704684683715,7.080078125e-05,0.341780084664435,False,True,True,False
pt002,MR1,134_to_133_warp.nii.gz,0.9089198931936251,1.1524097207992532,7.944023093649227,0.0011303301698474958,0.10463571792306366,0.35588021267967634,2.8168800657420636,1.0414512265532563,0.538643659206397,-0.7690490046084495,4.21142578125e-05,0.3622535567861258,False,True,True,False
pt002,MR1,135_to_134_warp.nii.gz,0.8262387382783092,1.1149666674755516,8.709714406312031,0.0011661476645335488,0.10439381621428032,0.311174173854034,2.744348549562843,1.041467762244604,0.5045464397259433,-0.8204623668518731,2.13623046875e-05,0.3166143890161978,False,True,True,False
pt002,MR1,136_to_135_warp.nii.gz,0.8129976920803871,1.109975300780103,7.96834678787214,0.0022723210210540616,0.10150624703109111,0.29682205482496843,2.7311666284503886,1.0414347851004553,0.48904096478414477,-0.28969153213993426,2.0751953125e-05,0.3051970033163091,False,True,True,False
pt002,MR1,137_to_136_warp.nii.gz,0.8340169145666744,1.1034680826791539,7.051705369086838,0.0013550790801386302,0.10520272048114175,0.3280380388029324,2.729353247872556,1.0412884870395096,0.49121739560425165,-1.0105610574194561,5.0048828125e-05,0.3065289043280395,False,True,True,False
pt002,MR1,138_to_137_warp.nii.gz,0.8519323817552013,1.1146324924735806,9.8007589192779,0.0013953909519743052,0.10460561839121613,0.3401426940062866,2.7478437247092953,1.0412846953994774,0.4974193392940289,-3.248322426294525,3.0517578125e-05,0.31119993642472177,False,True,True,False
pt002,MR1,139_to_138_warp.nii.gz,0.8531494649616114,1.1375175662350019,9.339362980709057,0.00227339616747096,0.10354750823752791,0.32312195090964213,2.78422806844591,1.041387451983922,0.5129306570745206,-0.5866350271139025,1.0986328125e-05,0.3312345738884245,False,True,True,False
pt002,MR1,140_to_139_warp.nii.gz,0.7911575197340465,1.1262937054456754,10.71466240710626,0.002548199219172938,0.09368218590283876,0.2652189318406228,2.7396785330439286,1.0414511977957621,0.49021038072214923,-0.7066796647964677,1.708984375e-05,0.2988066277450811,False,True,True,False
pt002,MR1,141_to_140_warp.nii.gz,0.8074513632157043,1.1138844268840924,7.220170923497458,0.00114087353447238,0.09897787218237815,0.2895633444869911,2.7349742480192156,1.0415219921496817,0.48877711714065086,-0.3238196263386252,1.40380859375e-05,0.30387769411256577,False,True,True,False
pt002,MR1,142_to_141_warp.nii.gz,0.7959043475364751,1.118072970589824,8.24260510482272,0.0017636154451813261,0.09868250658550108,0.2781170514681538,2.7355386336313443,1.0410064538323325,0.48857320575839597,-0.41851018841512405,1.52587890625e-05,0.29747717650368094,False,True,True,False
pt002,MR1,143_to_142_warp.nii.gz,0.8490785408862691,1.1237787219479025,11.04373838200699,0.0009110693835520894,0.10656412574133148,0.3271555269276177,2.7582029471098406,1.0415893312528333,0.5012332652265294,-0.26687743854624946,2.3193359375e-05,0.3238587221595708,False,True,True,False
pt002,MR1,144_to_143_warp.nii.gz,0.8586537729377798,1.1234209310228482,6.777133904741825,0.0018159218657534315,0.10680876773340134,0.3315756949527754,2.7590806069045457,1.041415257525343,0.5051526209920021,-0.37913246927647315,2.197265625e-05,0.32426538361286694,False,True,True,False
pt002,MR1,145_to_144_warp.nii.gz,0.8238256129852911,1.126544124881807,8.641449077225428,0.0012414707612534192,0.1005938558107086,0.29816879406800745,2.754424234049014,1.0415043786163758,0.5011371624445683,-0.38686161950167486,1.64794921875e-05,0.3150924809463936,False,True,True,False
pt002,MR1,146_to_145_warp.nii.gz,0.8736336388269856,1.1418746829734479,7.404353129018893,0.001044731227485268,0.10600141793634718,0.3392137331296632,2.795093584265753,1.0412801009023156,0.522683602994212,-0.1864287245703812,8.544921875e-06,0.34969793247673975,False,True,True,False
pt002,MR1,147_to_146_warp.nii.gz,0.8665897341106736,1.1387963830926924,8.137802121530957,0.0012249987127870006,0.10508290309313563,0.331131676838253,2.7844599673678183,1.04134905432078,0.5234518736715795,-0.28257372717412516,1.40380859375e-05,0.34445757758022444,False,True,True,False
pt002,MR1,148_to_147_warp.nii.gz,0.8998799895824727,1.1442364286892188,11.381373865155764,0.0022503049626518994,0.11357110262267346,0.3673306709971659,2.7982496015652405,1.0415190564532626,0.5317215133934428,-1.246103100615027,2.38037109375e-05,0.36981247757113345,False,True,True,False
pt002,MR1,149_to_148_warp.nii.gz,0.9029899380384769,1.1513000303096814,9.209648454959597,0.0019839490951587724,0.1076236158965139,0.3570626331329526,2.8193899943998257,1.0415855822298303,0.534875197898222,-0.574857082915199,5.4931640625e-05,0.3681670598400325,False,True,True,False
pt002,MR1,150_to_149_warp.nii.gz,0.924012370223478,1.1567125230290192,7.793990547095917,0.0014075899437536374,0.10816026758670251,0.36989427713969236,2.827475660391525,1.0413661791749331,0.5412027109271973,-0.6845367414100668,4.0283203125e-05,0.3801583876002292,False,True,True,False
pt002,MR1,151_to_150_warp.nii.gz,0.8757300470069272,1.1518187807259423,7.466743104868282,0.002340379869240662,0.10406253697782686,0.3229620427102504,2.8137491490155044,1.0414787270425876,0.5309398768787197,-0.20832417147749704,2.25830078125e-05,0.35794441579183794,False,True,True,False
pt002,MR1,152_to_151_warp.nii.gz,0.899218728944758,1.155607252806823,10.718835531807722,0.0016389383241991202,0.10913737298283187,0.3530182455703086,2.8210532284733825,1.0413221212335106,0.5398324077107698,-0.39189562592340077,3.60107421875e-05,0.3770389914314925,False,True,True,False
pt002,MR1,153_to_152_warp.nii.gz,0.9554133376430717,1.1588984924041692,9.331577344855008,0.0010860662302443693,0.11449592232410963,0.4089139421334381,2.834619029674179,1.0411424164109506,0.5632799400904068,-0.5998995145192448,3.35693359375e-05,0.39641747675315786,False,True,True,False
pt002,MR1,154_to_153_warp.nii.gz,0.8911994256299703,1.1260347583614432,8.102514023818157,0.0016702158583144608,0.11262464632618856,0.36415215371260723,2.783784284232181,1.041327052940856,0.5167114656953464,-0.09134610720942977,1.40380859375e-05,0.3506885502528827,False,True,True,False
pt002,MR1,155_to_154_warp.nii.gz,0.8157283154364636,1.1205789054898243,6.66162385471587,0.0011689359462606292,0.09777665916344463,0.28368749052717024,2.7412029247675473,1.0415041444043012,0.4981697418528817,-0.08991668230102375,9.765625e-06,0.30916116919846987,False,True,True,False
pt002,MR1,156_to_155_warp.nii.gz,0.8312923526497903,1.103068328483228,8.058757618964947,0.0018895523459020686,0.10513925682950429,0.3201152254646742,2.732782531081862,1.0412288905242173,0.4928346044143938,-0.13816348126619066,8.544921875e-06,0.304947041124313,False,True,True,False
pt002,MR1,157_to_156_warp.nii.gz,0.8214125553304941,1.1029833010958747,9.029967907523691,0.0022863377388488582,0.10305365220698345,0.3158455533499908,2.7221453077411133,1.0415062157385526,0.48566099057359274,-0.6661808188468964,3.47900390625e-05,0.299971771239594,False,True,True,False
pt002,MR1,158_to_157_warp.nii.gz,0.8175901866620583,1.1126624839764119,9.400430658641914,0.0010752009244887845,0.10390994847621063,0.3062651322556468,2.73241657016916,1.0419435821140024,0.48961285711782143,-0.3875544211260437,1.46484375e-05,0.307251962318686,False,True,True,False
pt002,MR1,159_to_158_warp.nii.gz,0.8708126998529169,1.1440656689475173,7.1951513479397935,0.00037862456024343534,0.10586009171619237,0.33412804010547237,2.796761177874544,1.0408422762175205,0.5218636968182907,-1.459541727529709,2.01416015625e-05,0.3473834166143381,False,True,True,False
pt002,MR1,160_to_159_warp.nii.gz,0.8164548272933991,1.1191080935667916,7.632715352207791,0.0008381394025125149,0.10038416185272632,0.2985106208376782,2.744056830816715,1.041206423158606,0.49541912460278303,-0.04391203311161719,1.8310546875e-06,0.30623728279154544,False,True,True,False
pt002,MR2,002_to_001_warp.nii.gz,0.8858659551771878,1.6980881740180256,24.54299969889167,0.000682216477587747,0.08296090159678718,0.23571907564598743,2.8974487774257875,1.0431823998087457,0.6482857088180801,-7.393594352112873,0.00031494140625,0.423839155612543,False,True,True,False
pt002,MR2,003_to_002_warp.nii.gz,0.7898273755432393,1.2298970713298727,10.65036153468488,0.0003921695054410579,0.08001377329007947,0.22907891974638048,2.8307985790130528,1.0431626675584509,0.5056837526743547,-0.08719742752638455,4.8828125e-06,0.30563784444062814,False,True,True,False
pt002,MR2,004_to_003_warp.nii.gz,0.9784393455901959,1.1981117760660442,9.369550745074365,0.0018817172428829687,0.09706428866339058,0.39422439667290565,2.880679762730979,1.0411913096120717,0.5611925934681671,-0.5958402273935133,1.953125e-05,0.3868425960703755,False,True,True,False
pt002,MR2,005_to_004_warp.nii.gz,0.8423384258303079,1.1379770079763418,8.105003622744297,0.0007834501368824263,0.09261287569780417,0.3249961182259974,2.761055187593209,1.040778989682742,0.5036693412637488,-0.1358945254344262,2.44140625e-05,0.3079991658804188,False,True,True,False
pt002,MR2,006_to_005_warp.nii.gz,0.745132234202574,1.1185824309569754,6.245926502041255,0.001616344158483554,0.08442343365123173,0.24744267181091312,2.6936335298829843,1.0418223411185585,0.4757069746756862,-0.5512884222569081,3.0517578125e-06,0.2649112681684841,False,True,True,False
pt002,MR2,007_to_006_warp.nii.gz,0.7883059589220228,1.1373150243690906,5.9180043910393065,0.0022436891899932586,0.08595650540994633,0.2763912431985065,2.740412235520397,1.0420234178949688,0.4947780075215067,0.002622354482669275,0.0,0.28642551828418356,True,True,True,True
pt002,MR2,008_to_007_warp.nii.gz,0.8726927969857077,1.129247575077945,7.122513897332162,0.0014838108584278532,0.09631008462923056,0.34656672892454987,2.755959042222747,1.0434358760118043,0.5078867822856505,0.008851303065900911,0.0,0.3114475505212821,True,True,True,True
pt002,MR2,009_to_008_warp.nii.gz,0.7152300168124569,1.1308288082361428,5.775163175029162,0.0008447225661600653,0.07628992568814325,0.20598337987833604,2.6991712632239087,1.0425117735098417,0.470045694170433,-0.09283388772492272,2.44140625e-06,0.25545351095727675,False,True,True,False
pt002,MR2,010_to_009_warp.nii.gz,0.7584953743109992,1.1338758055213551,5.986957575417522,0.0009009711420930154,0.08370081643499384,0.24607146641368338,2.7234527696517126,1.0434497358732715,0.48482253128279995,0.0009005964039983473,0.0,0.2737150943187354,True,True,True,True
pt002,MR2,011_to_010_warp.nii.gz,0.8229616306630442,1.1461200531422615,5.777268307810853,0.0008109986774699461,0.0955749904962846,0.30653441247178936,2.7628327900841287,1.0407524285833034,0.5139796233719389,0.0019891331862423,0.0,0.3148152529938772,True,True,True,True
pt002,MR2,012_to_011_warp.nii.gz,0.7293051902549716,1.1328120508815058,6.585912403672876,0.0012124774157486753,0.07825492042816684,0.215287381623038,2.7071831728578672,1.0429604329616078,0.47455672903331186,-0.10497839639616993,2.44140625e-06,0.26279549376974437,False,True,True,False
pt002,MR2,013_to_012_warp.nii.gz,0.7702740178604427,1.1363667829899542,9.56498941313115,0.0017924627355058998,0.08489911995837846,0.24904553716768335,2.730022711658093,1.0431412592765916,0.4877943000707741,-0.28944320590500344,1.03759765625e-05,0.28005550767217857,False,True,True,False
pt002,MR2,014_to_013_warp.nii.gz,1.0279575944201964,1.2233503381425042,10.140471439516968,0.0019421487427445548,0.10507344183744309,0.43220177967569157,2.9274024991094922,1.0409040733741317,0.5892536383049832,-0.4165879770524879,2.8076171875e-05,0.4323892807737343,False,True,True,False
pt002,MR2,015_to_014_warp.nii.gz,1.0802553303007125,1.2244918711213078,7.9174721905475645,0.0015455945728172788,0.11168273879774139,0.482350859170429,2.951234826303208,1.0436294180860013,0.5853691960382501,-1.0135399084595487,4.150390625e-05,0.43214183739312445,False,True,True,False
pt002,MR2,016_to_015_warp.nii.gz,0.7508076416638484,1.1298011551552132,5.7685279414347255,0.00155771924878976,0.08392909855135441,0.24546983297602665,2.715061115997394,1.0410543857373191,0.4830562166922672,-0.227203425250661,2.44140625e-06,0.2735906400345696,False,True,True,False
pt002,MR2,017_to_016_warp.nii.gz,0.8024434706476837,1.1480156796439576,5.823325408621529,0.0009844110446548193,0.09240848745783259,0.28996427149633874,2.761333695616392,1.041509646617208,0.5057126508279562,0.012758956929043377,0.0,0.303370271756626,True,True,True,True
pt002,MR2,018_to_017_warp.nii.gz,0.8227197859408717,1.1513625700226238,5.772540391013223,0.001542694635004029,0.08807593237282017,0.2946232159347933,2.7766247892669806,1.0425584203036007,0.51046536170578,-0.05010537221472207,1.220703125e-06,0.31416552902182454,False,True,True,False
pt002,MR2,019_to_018_warp.nii.gz,0.8031086132397669,1.1448984657194674,5.803651378664029,0.0007011166259875543,0.08839700390246505,0.2813904543494069,2.757883136040328,1.0413233952252,0.504009562035364,0.0061574708219774505,0.0,0.302873518417748,True,True,True,True
pt002,MR2,020_to_019_warp.nii.gz,0.7518964071231067,1.128064150987173,5.604321117392912,0.0008972121620821293,0.0833804245595921,0.23782744491797692,2.7054236302078483,1.0410537901679446,0.481427614456589,0.002502457843767651,0.0,0.2722473434109461,True,True,True,True
pt002,MR2,021_to_020_warp.nii.gz,0.7324108824564891,1.1287814260792046,7.503743342579256,0.0009861877783422415,0.08114543653373364,0.22404113048559354,2.7008882440015056,1.0420944116050526,0.4741387836888008,-0.11005055754605249,5.4931640625e-06,0.2629318574011926,False,True,True,False
pt002,MR2,022_to_021_warp.nii.gz,0.7259345295142229,1.1229853681519004,5.855556039368297,0.001143824293982882,0.08013762709338076,0.22176642940918467,2.6881616138067685,1.0424350617895433,0.47022787027218543,-0.003817704148668222,1.220703125e-06,0.2568759204834996,False,True,True,False
pt002,MR2,023_to_022_warp.nii.gz,0.7292991903202909,1.1313541406439127,7.2370549070260894,0.0005583438072141945,0.07863899166793833,0.21666703087270298,2.707170499742971,1.0425212544701765,0.4774261556296969,-0.07813857357047951,1.8310546875e-06,0.2635894367352972,False,True,True,False
pt002,MR2,024_to_023_warp.nii.gz,0.7612399944032631,1.1375836446679475,6.507918893920769,0.0010848343093929325,0.08522109116891625,0.24732269103246776,2.7288220513337316,1.0422717176149998,0.4912935180819127,-0.013799821877856527,6.103515625e-07,0.2873528626692885,False,True,True,False
pt002,MR2,025_to_024_warp.nii.gz,0.7523961325592637,1.1291128653631368,7.854980665673292,0.0014892447105555964,0.08278589287407213,0.24705555456126696,2.718212904495145,1.0424311568917863,0.47823747658335075,0.0007616892520592978,0.0,0.2694264918792186,True,True,True,True
pt002,MR2,026_to_025_warp.nii.gz,0.7754053723250484,1.131527844565236,6.13126189657272,0.001432887184306962,0.08837861517307892,0.2725386473389534,2.725757647448456,1.041569435555429,0.4891237651581345,-0.0015062399566320023,6.103515625e-07,0.28110552094162566,False,True,True,False
pt002,MR2,027_to_026_warp.nii.gz,0.8905738827193099,1.1319790918917796,5.938822105346583,0.0015955927108617068,0.10683273663605879,0.3655824600247388,2.7986131140640653,1.045050480100293,0.5245252038767048,0.0018204931261560913,0.0,0.3355721477953756,True,True,True,True
pt002,MR2,028_to_027_warp.nii.gz,0.7541026636933313,1.1391450410067487,7.031715458446312,0.0003400612038768893,0.08244859647408695,0.23787045293543688,2.723376022739988,1.0411439328209275,0.48893008795889437,-0.193207932748189,1.220703125e-06,0.2788497704113739,False,True,True,False
pt002,MR2,029_to_028_warp.nii.gz,0.9685230401886418,1.1961640705712262,8.253142720261947,0.002060037971710549,0.10591101620835199,0.4147315637919655,2.902968276584162,1.0394779708864985,0.5669071992905148,-0.10794445677581306,1.220703125e-06,0.40448279529515424,False,True,True,False
pt002,MR2,030_to_029_warp.nii.gz,0.7344381875762044,1.1316735450978832,6.047192513168176,0.0011827228088194316,0.0801848999621544,0.22377547201364928,2.701564698107081,1.0428521962618609,0.4775226287632792,-0.0935877707863899,1.0986328125e-05,0.265126613076677,False,True,True,False
pt002,MR2,031_to_030_warp.nii.gz,0.8039133439117074,1.1305948565325294,6.936353378004728,0.0004406879689989419,0.0878056467851553,0.2878480734728124,2.738030174065907,1.0413056349684866,0.4929710686536424,0.007914776608510119,0.0,0.2915427586627969,True,True,True,True
pt002,MR2,032_to_031_warp.nii.gz,0.7337684336177778,1.1217000978016436,5.482514846339161,0.0017976890910381196,0.08159587059747528,0.23160966660353713,2.6947904690707274,1.0431402016683586,0.4709192321091195,0.026554478627773104,0.0,0.25960885664651195,True,True,True,True
pt002,MR2,033_to_032_warp.nii.gz,0.8042471790346067,1.138228001817218,8.3927622232504,0.0011469856350275532,0.08836271473746113,0.2901313702208847,2.744008222970077,1.0412843023290506,0.5012122779583003,-1.215598076488392,1.3427734375e-05,0.3006565458974826,False,True,True,False
pt002,MR2,034_to_033_warp.nii.gz,0.7334764381792617,1.1247402480624762,6.663082107095895,0.0008415546922162165,0.0806326423524535,0.22549131582786003,2.6975372434091414,1.0425216833555893,0.47462202771786677,-0.30295522038466194,2.86865234375e-05,0.26726565733750035,False,True,True,False
pt002,MR2,035_to_034_warp.nii.gz,0.9312714410764918,1.1459650545644111,6.276157284188594,0.001817530166007385,0.1027922570633537,0.3973581931166505,2.8034544551223894,1.043454037091747,0.530336828618957,-0.2914218872693685,7.9345703125e-06,0.3452973563528978,False,True,True,False
pt002,MR2,036_to_035_warp.nii.gz,0.804768131592811,1.1374791937295297,6.057371159196049,0.0011957400510000445,0.09491327971109591,0.29475277973107045,2.7450244479275323,1.0407511764347286,0.5053594157573846,-0.06074758384957518,3.662109375e-06,0.30396091325925423,False,True,True,False
pt002,MR2,037_to_036_warp.nii.gz,0.7862064035729662,1.1391556429258691,8.725479872178617,0.0010702098692578488,0.08951207881181993,0.2704609738335749,2.7374311313398425,1.040951907551933,0.4978453945935632,-0.21876073785876987,2.62451171875e-05,0.29352201266593525,False,True,True,False
pt002,MR2,038_to_037_warp.nii.gz,0.746558240824625,1.1278693052975868,6.671614356384524,0.0008861709906527112,0.08229339958487714,0.23386887674344073,2.7077520847859806,1.0430407861730082,0.4785125160747848,-0.10762239665024374,6.103515625e-07,0.26838037618093097,False,True,True,False
pt002,MR2,039_to_038_warp.nii.gz,0.72499021054908,1.1328755786523075,5.816931330209112,0.0014058204583803193,0.07786555239499224,0.21130365730226933,2.7062145833231614,1.0427094728371802,0.47587194516732123,-0.01673551840234328,6.103515625e-07,0.26267741514139253,False,True,True,False
pt002,MR2,040_to_039_warp.nii.gz,0.7556229038116697,1.1190842276421522,5.4581650783674,0.0010784248619846054,0.08429143079672594,0.24475313908323093,2.6978370759156114,1.0439057482852805,0.473996593969896,0.008119506251468496,0.0,0.2620643133613701,True,True,True,True
pt002,MR2,041_to_040_warp.nii.gz,0.8692285698497209,1.1476944847436712,5.681241828901374,0.0016860393549135556,0.09884995143398917,0.34539810904862206,2.7855702931462996,1.0397882047503606,0.5276908266598702,0.0007124387801853495,0.0,0.3362318722501547,True,True,True,True
pt002,MR2,042_to_041_warp.nii.gz,0.7557567571213992,1.1274811869029047,6.453899168951599,0.0011395676384188596,0.08472211629741314,0.24511709916931254,2.704370668358836,1.0412049218667239,0.48392207274404064,-0.03817008338428896,6.103515625e-07,0.2750932744660863,False,True,True,False
pt002,MR2,043_to_042_warp.nii.gz,0.7306145103947397,1.1215948297872729,5.5650021560284655,0.0017539822555134319,0.07928122463868954,0.22340832420490814,2.692243226062853,1.0432280145806268,0.4692192428581616,0.0023561997767429363,0.0,0.25570992978897605,True,True,True,True
pt002,MR2,044_to_043_warp.nii.gz,0.7271259451392826,1.122238205539925,5.50846087584729,0.0013372077434103107,0.08140467964307414,0.22832087706432547,2.6908353826590727,1.0423141205061741,0.4703488978855746,0.026504778379520394,0.0,0.25645984907124797,True,True,True,True
pt002,MR2,045_to_044_warp.nii.gz,0.7314614419518332,1.121238438866294,5.525638565899881,0.0008403984815556797,0.08117887573975034,0.23210352042453003,2.690693907085501,1.042465721942227,0.47110745547750293,0.026256110179756684,0.0,0.257715050489783,True,True,True,True
pt002,MR2,046_to_045_warp.nii.gz,0.7787524527836456,1.1265903908557051,5.58060179138109,0.0019001584386712474,0.08723565097945166,0.2714248932196788,2.718472887260376,1.0407286905877229,0.4864062680781786,0.0058483204552000475,0.0,0.27923993951513654,True,True,True,True
pt002,MR2,047_to_046_warp.nii.gz,0.7425647915877556,1.1276030081987816,7.252192019973345,0.0016319843606709748,0.08317130803026447,0.2424249511537175,2.7037850978543365,1.0425097830342904,0.4774822626568911,0.008011248608960402,0.0,0.26446385971652153,True,True,True,True
pt002,MR2,048_to_047_warp.nii.gz,0.8578305444404702,1.1236609962473754,5.584492842486225,0.0015187848876066332,0.10010496999167547,0.34412951769932737,2.7692293204187237,1.0446351782570789,0.5099935967306579,0.016151189009980544,0.0,0.31484443825870195,True,True,True,True
pt002,MR2,049_to_048_warp.nii.gz,0.7180574060574656,1.1282192852462865,5.735639769499897,0.0011773639504917088,0.07714592638004893,0.21286847768209255,2.697677666139479,1.0427807135503746,0.46925799877734,0.026992835742453085,0.0,0.2518383556236877,True,True,True,True
pt002,MR2,050_to_049_warp.nii.gz,0.7726178891055834,1.1307793664444712,5.536555931183775,0.0012703697850697739,0.08862196067075515,0.2633261756371381,2.724492965437079,1.041131211451841,0.4911940953331361,0.0269201151819513,0.0,0.28282162804109917,True,True,True,True
pt002,MR2,051_to_050_warp.nii.gz,0.7461013817187184,1.1341718773753358,5.8442526749565245,0.0011154869324999702,0.08145090194351147,0.2310517962931593,2.7221185323265322,1.0436752797830966,0.47846685934975863,0.0004626305747598963,0.0,0.2653838429566562,True,True,True,True
pt002,MR2,052_to_051_warp.nii.gz,0.8918126202707407,1.159247811059748,7.290347267244489,0.0016040021919459053,0.10111804584514178,0.359911841171576,2.818546980257121,1.0394903794972712,0.5384060337064316,-0.08258604608362057,1.220703125e-06,0.3540566989337888,False,True,True,False
pt002,MR2,053_to_052_warp.nii.gz,0.9199261134254147,1.1349987174619705,5.633536506045209,0.001607181972617956,0.10758507509241984,0.40255331381482706,2.8079542450069352,1.0449033244804762,0.5328455306300572,-0.0008078903716765849,6.103515625e-07,0.3461490552429845,False,True,True,False
pt002,MR2,054_to_053_warp.nii.gz,0.8002206658360095,1.1387534095983627,5.785404039855451,0.000288855842295793,0.09090092773098993,0.28789215045569205,2.7444597002897617,1.0408878232912864,0.5032067681503082,-0.1829255711161723,3.0517578125e-06,0.3021193894696898,False,True,True,False
pt002,MR2,055_to_054_warp.nii.gz,0.9292193958314086,1.1678723614721616,7.47740292551556,0.0013381637109278171,0.10845937076354807,0.3868228705860112,2.842490567412445,1.0389948739598782,0.5560183701618985,-0.10265908742131027,6.103515625e-06,0.3884018251874048,False,True,True,False
pt002,MR2,056_to_055_warp.nii.gz,0.8118335539621753,1.1406759897603687,6.560571427437082,0.0008710998340893584,0.09094400200730839,0.2971078228388858,2.7565687408728734,1.0429030056396682,0.5033791845417669,-0.12328072645325928,6.7138671875e-06,0.30434524745109004,False,True,True,False
pt002,MR2,057_to_056_warp.nii.gz,0.8760174008247621,1.1368722870119699,7.135930214478882,0.0009299206449835636,0.09945968193569703,0.3555908058082109,2.7800552569547605,1.0436605819806766,0.521385010436496,-0.06438918547751864,7.9345703125e-06,0.33193970926362515,False,True,True,False
pt002,MR2,058_to_057_warp.nii.gz,0.9426203262278372,1.1821672511535248,7.478237777977751,0.0007505044363270131,0.10915309503608983,0.38944260001105513,2.8644295948688465,1.0381363587574581,0.5666609136422783,-0.2584597687073152,7.9345703125e-06,0.4024727863179254,False,True,True,False
pt002,MR2,059_to_058_warp.nii.gz,0.7307096699116244,1.1253020322959586,5.790069366735375,0.0013530348711087924,0.07994174511893558,0.22370089488740114,2.6939766715444864,1.0431509707911875,0.4716667797258692,-0.014368359555322271,3.0517578125e-06,0.25653741035856337,False,True,True,False
pt002,MR2,060_to_059_warp.nii.gz,0.7383796963598762,1.132187916909317,5.505240905970008,0.00139669506412479,0.08035903937863303,0.22195423735113753,2.7133022621273217,1.04208213149579,0.4746480218113014,0.0038098456301862422,0.0,0.2620804989093893,True,True,True,True
pt002,MR2,061_to_060_warp.nii.gz,0.7381558437549935,1.1337649600092266,5.553137905956078,0.0008996448667490514,0.0814753427161009,0.2267773927037489,2.7139827629504873,1.04301461821042,0.477505398755478,0.005203219500044625,0.0,0.26423972231914344,True,True,True,True
pt002,MR2,062_to_061_warp.nii.gz,0.7697416834086391,1.1333031514053864,7.412486271408173,0.001140135568652198,0.08639855466899697,0.25567897984298565,2.724529734847574,1.0413501818766053,0.4903241157561151,0.012968953317251574,0.0,0.2840940111712995,True,True,True,True
pt002,MR2,063_to_062_warp.nii.gz,0.7680442549406081,1.132346461208692,6.406247773197941,0.001262003802267167,0.08737328598442795,0.2597770731692933,2.7203132172071705,1.0408481296914471,0.4914878877005708,0.002411167681446551,0.0,0.2838276662429324,True,True,True,True
pt002,MR2,064_to_063_warp.nii.gz,0.7243040074631485,1.1270787778071527,6.499661170221522,0.0008456610900106404,0.07992133984763591,0.21697663502746053,2.7003990431045337,1.0430809765091302,0.46994495826597527,0.02406384434560932,0.0,0.25604318687082106,True,True,True,True
pt002,MR2,065_to_064_warp.nii.gz,0.7649850156155605,1.1240187186029738,5.7633741423833245,0.0020037588295525005,0.08539857117805089,0.25222852295854825,2.708042617620143,1.0435486572776298,0.478256801585555,0.015589086250081515,0.0,0.2686787973192943,True,True,True,True
pt002,MR2,066_to_065_warp.nii.gz,0.8879759606273663,1.157194854056969,6.052117113423799,0.001681908620645865,0.1010651082824072,0.3445867780688501,2.810246833425882,1.0390363042874389,0.5372424892423641,0.0012611681931435272,0.0,0.358921782436025,True,True,True,True
pt002,MR2,067_to_066_warp.nii.gz,0.8391841127237356,1.1252383116441893,6.898357450049777,0.00042379672093173406,0.09826761330040823,0.31099386607131563,2.738646248462108,1.044773001976892,0.5051337187624377,0.012002658500212511,0.0,0.3072046423067834,True,True,True,True
pt002,MR2,068_to_067_warp.nii.gz,3.48225257658353,5.067213782925966,46.36441506640573,0.003485750529011465,0.34513447565532124,1.797125705000588,8.7363269712574,1.0173275054356437,1.1606124549190657,-14.339050972230996,0.0112957763671875,3.4523606523800563,False,True,True,False
pt002,MR2,069_to_068_warp.nii.gz,1.5771394924268816,1.7971368479002798,19.37647477438583,0.0015918237611342828,0.18654393854550455,0.8150305455274444,3.910273499655154,1.029125014065223,0.7922283447303627,-16.50902542373878,0.0005633544921875,0.9018675808003858,False,True,True,False
pt002,MR2,070_to_069_warp.nii.gz,2.693971721467723,3.1484511096883607,25.723213224174966,0.0075175250564508645,0.47077601223753285,1.6650706359255585,5.582204422985864,1.0631368669555734,1.5776022930923308,-9.669916309373662,0.0072454833984375,2.218678792474812,False,True,True,False
pt002,MR2,071_to_070_warp.nii.gz,0.8970871422098853,1.1516940157932216,8.080501740253736,0.0012793143620695,0.10786020022927177,0.37361177559065595,2.8108191152676247,1.0389692572817437,0.5358016447976389,-0.005770115873358746,6.103515625e-07,0.3543071875275359,False,True,True,False
pt002,MR2,072_to_071_warp.nii.gz,1.003950035106457,1.2034002242461599,9.235351783744626,0.0009042759563521787,0.12346119847429411,0.43244007971113174,2.9031492804077788,1.0460269963685374,0.5723433256135171,-0.10826656329114645,1.52587890625e-05,0.41728680968789916,False,True,True,False
pt002,MR2,073_to_072_warp.nii.gz,0.8034976644592734,1.1327599290401993,5.848552431444747,0.0005066454310389272,0.08802339812094179,0.28905892426249136,2.740915636280497,1.0420551847278534,0.49345368221383934,0.015286446208232054,0.0,0.2898372561497947,True,True,True,True
pt002,MR2,074_to_073_warp.nii.gz,0.8166607491005857,1.1446074009243195,5.80795282608294,0.0008392034497072263,0.09563188164760487,0.29753250244344576,2.7620304110034803,1.04062552400672,0.5125036099971516,0.0059759943650346285,0.0,0.31588845807605465,True,True,True,True
pt002,MR2,075_to_074_warp.nii.gz,0.8197524253447402,1.1422399048457679,5.885860829926267,0.001395009435703223,0.09252795838059139,0.306992840747032,2.7639500307175138,1.0431851012997446,0.5080309865355406,0.01984986055468278,0.0,0.3087198068115333,True,True,True,True
pt002,MR2,076_to_075_warp.nii.gz,0.7975720839102596,1.1224431311899563,5.555808724767533,0.001106332710776845,0.09218227459834318,0.28670244199374806,2.7318537665608544,1.0443942202786871,0.4901773986797533,0.014490945703990057,0.0,0.28512206687167946,True,True,True,True
pt002,MR2,077_to_076_warp.nii.gz,0.8889414908980916,1.1580065100850936,6.983456626370486,0.0021544804929069647,0.10493672428529602,0.3654777127684078,2.821993216328804,1.0393615306955786,0.5349261154069749,-0.3913780564081218,1.28173828125e-05,0.35575317022438346,False,True,True,False
pt002,MR2,078_to_077_warp.nii.gz,0.7768700748490655,1.1451123908626724,6.6086553646160695,0.0004504279900400927,0.08499998862288057,0.2627113448552067,2.754528394589913,1.0423382727192005,0.49521991180117975,0.004875410350601943,0.0,0.29157209872958434,True,True,True,True
pt002,MR2,079_to_078_warp.nii.gz,0.8463124256878203,1.1420793659764656,6.246796383099236,0.0014579306143182851,0.09765758807371733,0.327702707808912,2.7666149396509816,1.040095174715027,0.5182919159232415,-0.139740650336066,1.8310546875e-06,0.3281837695255513,False,True,True,False
pt002,MR2,080_to_079_warp.nii.gz,0.9469528495068797,1.1410883668159324,6.368499864193737,0.001225408697936231,0.1133648507938244,0.4318608638792555,2.8324971473028504,1.04511987462195,0.5499930459552815,-0.15569678157400832,1.708984375e-05,0.3750590506458507,False,True,True,False
pt002,MR2,081_to_080_warp.nii.gz,0.796106873134398,1.1426780801430712,5.700830687744468,0.000904504020452721,0.08974226886372713,0.2788624365889311,2.7483379347462993,1.0407745826127786,0.5044576460215368,0.021250161361183306,0.0,0.30439781881184685,True,True,True,True
pt002,MR2,082_to_081_warp.nii.gz,0.7819618139235169,1.1286426357396253,6.011778676942062,0.0012700061468819792,0.08961038728433014,0.2694320291427489,2.732731003286517,1.0433085276381506,0.48613798478008924,-0.01993532182422575,1.220703125e-06,0.2813622004244542,False,True,True,False
pt002,MR2,083_to_082_warp.nii.gz,0.8616926710642925,1.1457278149944563,5.6861902760730905,0.00130745271234296,0.09998209077597746,0.3480613653637352,2.7839597520527257,1.0403081374775671,0.5206270255613726,0.023577091194426535,0.0,0.32912367901595957,True,True,True,True
pt002,MR2,084_to_083_warp.nii.gz,0.7351627339835085,1.117831450451648,6.2052926105539195,0.0016822542163572672,0.0816363629647064,0.23317361735469322,2.6922347725710685,1.0433761169384623,0.46826897626731684,-0.04186495993832547,2.44140625e-06,0.25512648896768475,False,True,True,False
pt002,MR2,085_to_084_warp.nii.gz,0.7432274212881096,1.1313205039711742,5.617339027500882,0.0017020968142324724,0.08188375211097014,0.23598679905344944,2.709071943746397,1.041453043399165,0.47920096462964296,-0.0005006831795942436,6.103515625e-07,0.2675164723076105,False,True,True,False
pt002,MR2,086_to_085_warp.nii.gz,0.7296003132623529,1.1368492932370724,7.0144107219388125,0.000484389542419792,0.07918856726176662,0.21893129232545916,2.7141308456175572,1.0427717891546464,0.47771168361040156,-0.016369964859349474,6.7138671875e-06,0.26581056389270047,False,True,True,False
pt002,MR2,087_to_086_warp.nii.gz,0.7550156907524717,1.122591773542544,5.580002261125899,0.0008996275274797099,0.08594600565659917,0.2505785579429756,2.7034835522302068,1.041132113750242,0.48171551404780044,0.025948981947637492,0.0,0.27316615963184,True,True,True,True
pt002,MR2,088_to_087_warp.nii.gz,0.7171095646514977,1.1233753506528934,5.8147373353108485,0.0010635204498613436,0.07927445047956869,0.21582097907563977,2.6901635649832145,1.0427373053999607,0.46748999776763467,0.027263307771755056,0.0,0.25151098578262315,True,True,True,True
pt002,MR2,089_to_088_warp.nii.gz,0.7225276362010054,1.1295362953079844,5.626117178486714,0.0012810264351467793,0.08057669979813123,0.22323718703046644,2.708183234079248,1.0421203051064436,0.4724644938464491,0.026891549047670358,0.0,0.2568197310622224,True,True,True,True
pt002,MR2,090_to_089_warp.nii.gz,0.7483680046848346,1.1340049730083417,5.640003140734896,0.001244556717801944,0.08252268763820816,0.24622144468911106,2.725279257402508,1.04237257060838,0.48089091482741414,0.018343659854140253,0.0,0.26839397647949725,True,True,True,True
pt002,MR2,091_to_090_warp.nii.gz,0.7757636505807115,1.130203074728839,5.667216540041074,0.0007789856445682799,0.0855798018959119,0.27094799069397846,2.727534027572761,1.0420612016968156,0.48667734233792753,0.026378282015519713,0.0,0.27483110022817947,True,True,True,True
pt002,MR2,092_to_091_warp.nii.gz,0.7536577304461651,1.123159897658676,5.518038006537468,0.0015212672993728112,0.08471465751975304,0.2573067639261793,2.7064740824748257,1.0414967136286832,0.4770257423236118,0.026284210088777203,0.0,0.2646331364689359,True,True,True,True
pt002,MR2,093_to_092_warp.nii.gz,0.7157794506635365,1.1330363302038025,7.322951703296525,0.0010498751770324848,0.07680491240220197,0.20568594009153202,2.701008764920828,1.0424476555837026,0.4731448592918627,-0.36659098075289853,1.8310546875e-06,0.2577168458209902,False,True,True,False
pt002,MR2,094_to_093_warp.nii.gz,0.7411302141507725,1.1149194613354019,5.561799326559088,0.0008861725017581306,0.08311866599100738,0.2363723211636948,2.6880286569227057,1.0430357247207538,0.46902740442083024,0.016025011426994123,0.0,0.25727429149015596,True,True,True,True
pt002,MR2,095_to_094_warp.nii.gz,0.7478463998261036,1.121962268209326,5.760938500387216,0.0006628532840494499,0.0849533489600113,0.2468078008544135,2.701040301361073,1.0434255752439703,0.47402556688248954,-0.11038807409151269,1.52587890625e-05,0.26103919840307355,False,True,True,False
pt002,MR2,096_to_095_warp.nii.gz,0.7507188524206428,1.1284317673453859,5.61204592892117,0.0005140750340070212,0.08287356271468627,0.24249672746394652,2.7186099058938638,1.0408619178515133,0.4757449235228391,0.020499715467343013,0.0,0.2648620083573705,True,True,True,True
pt002,MR2,097_to_096_warp.nii.gz,0.75307080083911,1.129007668773566,5.551339730497708,0.0004448932296418652,0.0832276652327081,0.24486679635189618,2.720398337980806,1.0425389986649516,0.4778717491123722,-0.0700815842643875,1.220703125e-06,0.26643738163305564,False,True,True,False
pt002,MR2,098_to_097_warp.nii.gz,0.733423892092083,1.1351332867134565,5.679419957617743,0.0015420485495224513,0.08007683830259593,0.22414807671219167,2.7156408836337445,1.0418339796740175,0.48004938452451007,0.02618672923843339,0.0,0.26562196124732185,True,True,True,True
pt002,MR2,099_to_098_warp.nii.gz,0.731120977256227,1.1343415012364357,5.6561293214939115,0.0005285696155465607,0.07986186034595134,0.22356765286787705,2.713120490325149,1.041344910608568,0.4782960365410852,0.027626337344243884,0.0,0.2640408248091222,True,True,True,True
pt002,MR2,100_to_099_warp.nii.gz,0.7331313166649127,1.12988782152622,5.591815022194265,0.000675786997805097,0.08071491583042605,0.22570220674098018,2.7094863383762298,1.0432408612225264,0.47413729839809454,0.023870442334746198,0.0,0.25878197132325353,True,True,True,True
pt002,MR2,101_to_100_warp.nii.gz,0.8414305617649296,1.1473328947929122,5.818176412103965,0.0019763190036059127,0.09392777148560295,0.31907369317268397,2.7765227062940223,1.0402418941727098,0.5152347587340764,0.018386376146381105,0.0,0.3185642551935156,True,True,True,True
pt002,MR2,102_to_101_warp.nii.gz,0.8007308409621505,1.138927612657301,5.739519507204123,0.000870602535684266,0.0871024289319057,0.28140831781692965,2.7463152892632623,1.0420242304863567,0.49741701297055296,0.012586498019689255,0.0,0.2889565164002218,True,True,True,True
pt002,MR2,103_to_102_warp.nii.gz,0.8015676808669413,1.1190627825118504,5.517564594888137,0.0005296612646614549,0.09514126585020104,0.3005165756639183,2.710999488158046,1.0402778663671703,0.4959149316067662,0.009696703724842127,0.0,0.2940001666387526,True,True,True,True
pt002,MR2,104_to_103_warp.nii.gz,0.7096702904220402,1.117656964714818,5.575646490474603,0.0012767066376056801,0.07673737540617981,0.2073344516153055,2.6728901250010724,1.0423457398336808,0.46336911400476805,-0.04718585747418629,1.8310546875e-06,0.2479819708105606,False,True,True,False
pt002,MR2,105_to_104_warp.nii.gz,0.8930830262096058,1.123249954965115,5.608005876492899,0.0006299596750760924,0.10853770141859781,0.37868373543646794,2.7801440135812783,1.0450551730297581,0.5224580588464988,0.0027337658815874957,0.0,0.3340647160145096,True,True,True,True
pt002,MR2,106_to_105_warp.nii.gz,0.7562575543700751,1.1370468447634812,7.235472265914766,0.000764108085046585,0.08446984350609432,0.2523048240590572,2.7290775906108466,1.0420133913274565,0.48506138276766936,-0.01631069659915437,2.44140625e-06,0.27631508795022847,False,True,True,False
pt002,MR2,107_to_106_warp.nii.gz,0.7254442372746907,1.1371947341396351,5.726912697699252,0.0013537330690106802,0.07817241856603503,0.21600075647357045,2.7111859527927265,1.0420312188251715,0.478222879809622,0.0237835895005794,0.0,0.26318204638741965,True,True,True,True
pt002,MR2,108_to_107_warp.nii.gz,0.7844581237581926,1.142243493966719,5.7639060609179085,0.0004601681949452217,0.08744073248748085,0.27667782631825644,2.7556590076937693,1.0426888346865548,0.4944803258008021,0.02230294402057161,0.0,0.2847718265724031,True,True,True,True
pt002,MR2,109_to_108_warp.nii.gz,0.7692271341332586,1.1368249494532843,5.760960841807208,0.0016035376246164943,0.08836485131443773,0.26171247010091847,2.7429445797837277,1.0429507960295863,0.4916941252908147,-0.4127348836991482,2.44140625e-06,0.28696877985892927,False,True,True,False
pt002,MR2,110_to_109_warp.nii.gz,0.8034436204128328,1.1408610248983537,5.968707597759186,0.0015951046774624197,0.09092687467297174,0.2843036197528567,2.747663355525974,1.0406679434964707,0.5051289270222639,9.551653525561057e-05,0.0,0.30602996686264805,True,True,True,True
pt002,MR2,111_to_110_warp.nii.gz,0.7495521385991146,1.126984490195047,5.754468990708833,0.001310127784401713,0.08144369570877662,0.24233747967105834,2.7044122178894336,1.0425668495051112,0.479285932753258,-0.006646395068066532,6.103515625e-07,0.26911167514146095,False,True,True,False
pt002,MR2,112_to_111_warp.nii.gz,0.7746916045910821,1.1315270510458508,5.6711403130237965,0.0016239517229512579,0.08762310377389698,0.2620555548608739,2.7223689506053863,1.0407726277397336,0.4900276973833002,-0.04067930131908679,1.8310546875e-06,0.28389260583748294,False,True,True,False
pt002,MR2,113_to_112_warp.nii.gz,0.7259218936615511,1.1233976890765776,5.519923337490724,0.0007229857300188883,0.08086380049375362,0.22363304225554498,2.692749976875621,1.0430806763443938,0.4694681094364876,0.026307560468610526,0.0,0.25427526625349,True,True,True,True
pt002,MR2,114_to_113_warp.nii.gz,0.8554441645762192,1.1466950871368093,5.745547878531272,0.0007938087803280654,0.09476186122250836,0.3329217461504778,2.7759179150296736,1.0403937054330121,0.520607966396079,0.022859084679561992,0.0,0.3264407275237308,True,True,True,True
pt002,MR2,115_to_114_warp.nii.gz,0.7210358967777795,1.1121963083222077,5.566949610511872,0.0002636471172156017,0.07998927261107759,0.22285213063800913,2.6753171574955625,1.0433194185395946,0.4627494613947954,0.01721400045465817,0.0,0.24690508234453262,True,True,True,True
pt002,MR2,116_to_115_warp.nii.gz,0.7707903993647544,1.1243210015415877,5.612636569543902,0.0009743305579544403,0.08672641708766463,0.2607431796302677,2.7086131935920603,1.0405311081656878,0.48748770774649125,-0.022001958747040768,6.103515625e-07,0.28085019439858605,False,True,True,False
pt002,MR2,117_to_116_warp.nii.gz,0.8268720867183231,1.1223147595677991,5.661410888780457,0.0022831183601281155,0.09757532430949241,0.31521191953360395,2.7354832135561673,1.044554156418621,0.4999220410307998,0.009024390812433421,0.0,0.30072046736684305,True,True,True,True
pt002,MR2,118_to_117_warp.nii.gz,0.7816050953135395,1.1409983809507827,7.881836050758379,0.001393043566417381,0.09058389130551096,0.2721275258279141,2.742444943125886,1.041054762620295,0.4968199539224712,-0.11886368909201495,2.25830078125e-05,0.29394773996595963,False,True,True,False
pt002,MR2,119_to_118_warp.nii.gz,0.7742705505513335,1.12748749865212,8.269377693070005,0.0009047616975572881,0.0896571649471645,0.26950835816687224,2.725071114964087,1.043779535627989,0.4859304463631054,-0.13975426384817824,1.28173828125e-05,0.27774096910640833,False,True,True,False
pt002,MR2,120_to_119_warp.nii.gz,0.7710850766872379,1.1391239094727386,7.642932422601502,0.0013670640114447144,0.08628632419605674,0.2561413227284931,2.7346656043673416,1.0411497017614344,0.4918594817129044,-0.1000442770599373,4.2724609375e-06,0.28718221166523494,False,True,True,False
pt002,MR2,121_to_120_warp.nii.gz,0.8002672549355719,1.1378991584932012,7.011584109386491,0.0005173651900686404,0.08922030226309553,0.2910588966199684,2.7492893098595497,1.0418638028208422,0.4978750536151121,-0.06027363265754188,3.662109375e-06,0.29627858644406124,False,True,True,False
pt002,MR2,122_to_121_warp.nii.gz,0.7818719899378153,1.1297085259161972,6.326660245232106,0.0007115723318838334,0.0887003181457856,0.26759380360335994,2.7191148828654605,1.0407013885686045,0.4929485863047124,-0.03847546987794921,6.7138671875e-06,0.29006346661194604,False,True,True,False
pt002,MR2,123_to_122_warp.nii.gz,0.7539792512628672,1.1248259253501405,6.551462465584238,0.002107912554274829,0.08594086480329131,0.24892958382452166,2.7081575519895917,1.0436388184728687,0.4796520403581522,0.00241330592547682,0.0,0.2684433302649873,True,True,True,True
pt002,MR2,124_to_123_warp.nii.gz,0.82148889161073,1.1304237908971586,5.906167264565542,0.0005579505884882062,0.0937603099761201,0.3123227274460231,2.746971819104824,1.0433312744379433,0.500760406378511,-0.09164551858278137,1.220703125e-06,0.3004369723532252,False,True,True,False
pt002,MR2,125_to_124_warp.nii.gz,0.7298155692726312,1.1357820265826997,6.653952053732915,0.0013301308079505106,0.07968698531967675,0.21982488340737089,2.712981218118489,1.0422972117909561,0.4769503201239705,-0.12098901670925492,1.8310546875e-06,0.26506741398084477,False,True,True,False
pt002,MR2,126_to_125_warp.nii.gz,0.7461209200995659,1.1380566035102195,7.936737096345267,0.002072696143758968,0.08161408176082646,0.2294487675183737,2.724327269319427,1.0416259135597337,0.4799534302313724,-0.30408125166501854,6.7138671875e-06,0.2715240355676627,False,True,True,False
pt002,MR2,127_to_126_warp.nii.gz,0.7128364382285481,1.1405703096648956,5.971721689946678,0.0010088798696024496,0.07513422334914138,0.20287822260019667,2.715345564074511,1.0428478229929035,0.47495392941880765,-0.17238892162761818,6.103515625e-06,0.257700566905023,False,True,True,False
pt002,MR2,128_to_127_warp.nii.gz,0.7225597774730426,1.135964398320518,5.562987846272468,0.001373397055059299,0.07784404802456808,0.2118129476108068,2.71816557209146,1.042964271447306,0.4741337402356879,0.010074723837068818,0.0,0.257360702066433,True,True,True,True
pt002,MR2,129_to_128_warp.nii.gz,0.7165333010065557,1.1358399957388396,5.522443038735104,0.0005457580119128709,0.07681960759852285,0.20795460477352695,2.712919331088749,1.041812080288081,0.4735031222562011,0.016480124320760098,0.0,0.25757267136711265,True,True,True,True
pt002,MR2,130_to_129_warp.nii.gz,0.7287680889314667,1.1376372393493817,5.800040334515848,0.0010388731023598034,0.07698242005374868,0.2122635403432001,2.7156096470745728,1.0418963842183053,0.4794112422707119,0.004702605305245787,0.0,0.26514196605581497,True,True,True,True
pt002,MR2,131_to_130_warp.nii.gz,0.735369764221899,1.1356288000249204,5.833505826080176,0.0010278154134712506,0.08092955081672074,0.22543152158273666,2.7111788467003666,1.0420622057082825,0.48109810965229316,0.007163121187422276,0.0,0.2675286219367425,True,True,True,True
pt002,MR2,132_to_131_warp.nii.gz,0.7078053178013879,1.1343998512124074,5.668989370004162,0.00015264743287071562,0.07480528096197696,0.2005594159726466,2.7052848642133993,1.0421041366478911,0.47094143779225145,0.026057283532910203,0.0,0.25293924475744123,True,True,True,True
pt002,MR2,133_to_132_warp.nii.gz,0.7237720219326672,1.1354262148527678,5.891180489613334,0.0008879053753926038,0.0774686268898104,0.21220491371014782,2.7123801232634324,1.0422791541639902,0.47537878452535226,0.0049894822549445385,0.0,0.26057507931705903,True,True,True,True
pt002,MR2,134_to_133_warp.nii.gz,0.7197778489505541,1.1294290014669905,5.52729667113817,0.0009641719001992282,0.07684580872272953,0.21007010990951097,2.705229810646834,1.042966764076735,0.46959544839006945,0.02483542787548678,0.0,0.25456255037504316,True,True,True,True
pt002,MR2,135_to_134_warp.nii.gz,0.7243337023018634,1.1295681044825188,5.572464583693305,0.0007243505868748789,0.07983404970760916,0.22389366634695998,2.7024530024188116,1.0428956529515345,0.4718479776219547,-0.2071427274320169,1.8310546875e-06,0.2552248680384352,False,True,True,False
pt002,MR2,136_to_135_warp.nii.gz,0.7464910761383904,1.132721910698483,6.435828945013049,0.0007752983579008485,0.08187856625759264,0.23296205841413792,2.7176955105540377,1.041046474787253,0.47927090214396145,0.011138291978635022,0.0,0.2682494694325172,True,True,True,True
pt002,MR2,137_to_136_warp.nii.gz,0.7216224553792118,1.1379293013658387,5.683400169731156,0.0013177891075930618,0.07589237777418716,0.20679320733561546,2.716947070944419,1.0421548348490985,0.47487097939051026,0.017311119673381645,0.0,0.2610186170985799,True,True,True,True
pt002,MR2,138_to_137_warp.nii.gz,0.7793813151707489,1.137373027364517,5.584694194727862,0.0007070073460791655,0.08892051914131782,0.26960305630375214,2.7337895403929178,1.0413829856602725,0.4943494835585672,0.022390466363491533,0.0,0.28640217281799596,True,True,True,True
pt002,MR2,139_to_138_warp.nii.gz,0.750592435374735,1.1239273406694141,5.53376743965086,0.0004222205163857013,0.08482167857424266,0.2513014020140673,2.70750871934174,1.0418106692625981,0.4783010268978806,-0.00510343166796635,5.4931640625e-06,0.26747882826885194,False,True,True,False
pt002,MR2,140_to_139_warp.nii.gz,0.9251926697026635,1.1665271718493602,7.832812751647666,0.0016998881941627047,0.10667961890721572,0.39360792830112973,2.842022270634092,1.0388810668286377,0.5480928963620647,0.0044976124732537485,0.0,0.3737150608337722,True,True,True,True
pt002,MR2,141_to_140_warp.nii.gz,0.7394574487968072,1.1123124084232232,5.521991379217199,0.0015546230604825113,0.08340598353966412,0.24271992114384444,2.6770339941119055,1.043420814432593,0.4683197894644534,-0.24502886534436857,1.220703125e-06,0.25490928132542257,False,True,True,False
pt002,MR2,142_to_141_warp.nii.gz,0.8369423611627244,1.117802311378675,5.68481852759169,0.00195885249845423,0.1000207257490357,0.3338714191643951,2.736093658206909,1.0444097785582707,0.5010789094158972,0.020351722762240444,0.0,0.30123497461552445,True,True,True,True
pt002,MR2,143_to_142_warp.nii.gz,0.7302768413769847,1.1341931180222906,5.7300280166922155,0.0008682707578621838,0.08047408745334861,0.2218092983317643,2.714033442543183,1.0424294501175746,0.4781198553454848,-0.2453184841091351,3.0517578125e-06,0.26494758663420215,False,True,True,False
pt002,MR2,144_to_143_warp.nii.gz,0.7258113220452646,1.1354149997887453,5.6349642581641834,0.0008822950774978671,0.07711254183817703,0.21108443842728916,2.708434317971124,1.0422067878487093,0.47597417553883264,-0.07912322884359221,6.103515625e-07,0.262824176157214,False,True,True,False
pt002,MR2,145_to_144_warp.nii.gz,0.7196228285578247,1.1337967114661474,6.517810007249145,0.0011942009833567694,0.07625226526374435,0.207797077610068,2.708809164525607,1.0427694536664653,0.4710742400673979,-0.06675974845891215,6.103515625e-06,0.2566118290317993,False,True,True,False
pt002,MR2,146_to_145_warp.nii.gz,0.7376570054481459,1.1374156811276526,5.761817804913052,0.0013005764659465657,0.07980448834632813,0.22206578444973113,2.718199344745248,1.0423120559692562,0.47938169183523893,-0.010556630171255755,6.103515625e-07,0.26795734318696385,False,True,True,False
pt002,MR2,147_to_146_warp.nii.gz,0.9389541443229694,1.180423843375816,7.744645473679202,0.0006071111456806828,0.1074370705828771,0.39038852949278446,2.8649387867128797,1.0394650680166906,0.5596596959422082,-0.2824681953534539,1.0986328125e-05,0.39419604890066795,False,True,True,False
pt002,MR2,148_to_147_warp.nii.gz,0.800706085334392,1.1206894386333472,5.579970299658311,0.0014203560992611596,0.0957683551109013,0.2985023211185802,2.710190645528661,1.0410287730863106,0.49454112323925314,-0.1354668377609293,3.662109375e-06,0.29368617735907326,False,True,True,False
pt002,MR2,149_to_148_warp.nii.gz,0.7941669040147236,1.1072674116685348,5.585167632582667,0.0013964021384283798,0.09342240097630727,0.2959714887985236,2.6937167838705602,1.0435295494068777,0.4831733648278529,-0.31174793107525484,2.44140625e-06,0.28077477529204686,False,True,True,False
pt002,MR2,150_to_149_warp.nii.gz,0.793536776966744,1.1215941473880273,5.745808003998491,0.0010434057352754645,0.0926166265853067,0.2918259133011129,2.7216739011967768,1.0432839869949784,0.48690169534967753,0.011109526951326014,0.0,0.2826161416630454,True,True,True,True
pt002,MR2,151_to_150_warp.nii.gz,0.7571754027230052,1.1334782622225095,5.782689150136131,0.0013485584218472378,0.08479328809402055,0.24616028044995858,2.7204938576927935,1.0418305663923442,0.48449887357651106,0.017553835909890438,0.0,0.27615737530666523,True,True,True,True
pt002,MR2,152_to_151_warp.nii.gz,1.6924944852653387,2.216241721822546,24.825739424277533,0.00300032095881771,0.1764426772291824,0.7769991813241571,4.133954926627657,1.0293145336013803,0.8159977530880611,-9.45885938296855,0.0013385009765625,1.0889074895728152,False,True,True,False
pt002,MR2,153_to_152_warp.nii.gz,0.720823772288779,1.11045180140932,7.670554633416039,0.0008919409078509125,0.08219162724163151,0.22360744504135072,2.6560328854150055,1.042574800759713,0.46335614208365267,0.00030190623482200847,0.0,0.25075072959062467,True,True,True,True
pt002,MR2,154_to_153_warp.nii.gz,1.0118414907648294,1.2041297120069085,9.46243486076419,0.0028020065198380304,0.12957717552786863,0.4405509183180213,2.9113929925266557,1.0461021598983622,0.5728922903421597,-0.32631446723526925,5.4931640625e-06,0.4172204118577815,False,True,True,False
pt002,MR2,155_to_154_warp.nii.gz,0.7696783907259055,1.1196392051006934,10.461027251052835,0.0009659788155429647,0.08973343115678412,0.27033590422106035,2.6913677453689444,1.0410356763099307,0.4829961402774082,-0.005887498677860676,3.0517578125e-06,0.27753548932001165,False,True,True,False
pt002,MR2,156_to_155_warp.nii.gz,0.8450079375129821,1.1236998898074178,5.789237701987373,0.00211114236318778,0.100944594274895,0.32971307755622525,2.7495861317249966,1.0445479128095427,0.5052755962242009,0.0053418696391589,0.0,0.3089282037958554,True,True,True,True
pt002,MR2,157_to_156_warp.nii.gz,0.8027069396921904,1.1297821012517408,6.181849559419514,0.001051662661936033,0.09103097253747276,0.2817363658307114,2.73010291330247,1.0400485411580138,0.4965636387336968,0.003385664410551936,0.0,0.2955482345441165,True,True,True,True
pt002,MR2,158_to_157_warp.nii.gz,0.7251343938026625,1.1091780816123593,5.573896610446401,0.0014167491289265029,0.08177475438491748,0.23088070394848276,2.66587431131925,1.0424622910365486,0.46099944267040505,0.025556343770480404,0.0,0.24594604091213434,True,True,True,True
pt002,MR2,159_to_158_warp.nii.gz,0.71514356957694,1.1209077692140135,5.739037761540065,0.0006691948796203058,0.07745264397903492,0.20980319994392968,2.6771479231839823,1.0417661391509385,0.46767068694082164,0.014315446981554063,0.0,0.2526024065337642,True,True,True,True
pt002,MR2,160_to_159_warp.nii.gz,0.8002093339530785,1.1097758749128066,5.632443099673342,0.0009179254901156869,0.0941219500039919,0.29651459972054717,2.7000454230911437,1.0439480738543878,0.4840441213468841,0.02685835982281604,0.0,0.2779622024239378,True,True,True,True
pt002,MR3,002_to_001_warp.nii.gz,1.7586029832789096,2.122463986231152,20.144877959937375,0.0005838889502070672,0.23847977624522007,0.8636744428169586,4.19185042049558,1.0514226359254837,1.039218501457889,-5.158974160494975,0.0029339599609375,1.2398054690691245,False,True,True,False
pt002,MR3,003_to_002_warp.nii.gz,0.7516764207518769,1.147737250744408,5.870253795084716,0.0007896708910289531,0.08217522935391872,0.2324736248578928,2.7485290082132736,1.0426925812118681,0.4942692054307283,-0.28693882960951594,3.662109375e-06,0.2852437878140345,False,True,True,False
pt002,MR3,004_to_003_warp.nii.gz,0.7462466623553901,1.15269135101922,7.6709375455501085,0.0007547285452710816,0.08048245182108474,0.2245406158907342,2.7557581218963443,1.0416565560514772,0.49224637297666635,-0.15014043761945112,3.662109375e-06,0.28445583765815413,False,True,True,False
pt002,MR3,005_to_004_warp.nii.gz,0.8467424240568655,1.1569433306884818,7.670970659534496,0.0011940537537380507,0.097632738623693,0.3320593036864714,2.8010762267109635,1.0408613341614859,0.5273360681288838,-0.4479978331742561,1.40380859375e-05,0.33345797122256376,False,True,True,False
pt002,MR3,006_to_005_warp.nii.gz,0.8671309467042642,1.1721946458090515,7.411537425582286,0.0017562178921704619,0.09898786038747276,0.3286800284156163,2.82491253510058,1.04014332906995,0.5396631474004852,-0.027385229285475404,6.103515625e-07,0.355834878321176,False,True,True,False
pt002,MR3,007_to_006_warp.nii.gz,0.7534251345694386,1.1445326880202042,5.846220518738879,0.001424064948173348,0.08291360641355972,0.2350253766908097,2.7415036851613865,1.0426085968825571,0.49306970107563836,-0.1197598990437371,1.15966796875e-05,0.2828800703493406,False,True,True,False
pt002,MR3,008_to_007_warp.nii.gz,0.7365683689096109,1.1472930466582099,5.831261429466148,0.0007216104230285297,0.07875164593308899,0.21859125420887643,2.740506847362951,1.0419558532166102,0.4876518293854588,-0.037950140480476596,1.8310546875e-06,0.27691642717526743,False,True,True,False
pt002,MR3,009_to_008_warp.nii.gz,0.7390189838997765,1.1470917230425066,5.870100642550745,0.0010013888231970157,0.07897500044786727,0.21767173207051943,2.7413594592734447,1.0417163784462213,0.4911732084683891,-0.23212981427988452,1.8310546875e-06,0.2812945590296279,False,True,True,False
pt002,MR3,010_to_009_warp.nii.gz,0.7939918977412378,1.1425907690446766,7.5331905407803665,0.0015984377240759096,0.09070078889948383,0.27688650807682436,2.75435768092349,1.040544027646362,0.506169472643785,-0.15974475321860485,2.44140625e-06,0.3075094063650324,False,True,True,False
pt002,MR3,011_to_010_warp.nii.gz,0.8194329006281845,1.1300803432347692,5.836032923851738,0.001521395459995737,0.09621438269224279,0.3051121381099959,2.75025495942872,1.043911169233823,0.5048908989851749,-0.04946294905646627,3.662109375e-06,0.30668229672205166,False,True,True,False
pt002,MR3,012_to_011_warp.nii.gz,0.7593236958526489,1.1473727353681344,5.867276226331332,0.0014249817338019299,0.08244575472878943,0.2373521118968812,2.7499553427663934,1.0413074440255703,0.4937771885948462,0.01277372319526535,0.0,0.2880027257813192,True,True,True,True
pt002,MR3,013_to_012_warp.nii.gz,0.8641641810659155,1.142611496655811,6.4644702166977766,0.0014239852146350135,0.10099172724842662,0.33415909528159354,2.7901051176503637,1.044167831204877,0.5244592827998172,-0.7859562306038216,6.7138671875e-06,0.33492969515732374,False,True,True,False
pt002,MR3,014_to_013_warp.nii.gz,0.7996877462043902,1.1520319469476437,5.975172193349259,0.000645424609232103,0.09036768147314886,0.27763689792606494,2.778863439991816,1.0404065633392767,0.5079400100890191,-0.09920453216924494,3.662109375e-06,0.3105614678409594,False,True,True,False
pt002,MR3,015_to_014_warp.nii.gz,0.7498961779499269,1.1494801793597222,8.60223838220679,0.0015936652314527961,0.08267352340111635,0.23178078454783058,2.75371000907584,1.0425026567706905,0.49187846048011524,-0.2328992558690351,1.03759765625e-05,0.28382106676904334,False,True,True,False
pt002,MR3,016_to_015_warp.nii.gz,0.7618152044048767,1.1466086238038156,5.901736542088573,0.0010968439414971048,0.08456455343058429,0.24417851948369534,2.7546565642554497,1.0419953808113838,0.4939992725863097,-0.0613643710139388,3.0517578125e-06,0.2880163835604239,False,True,True,False
pt002,MR3,017_to_016_warp.nii.gz,3.206190208892132,4.023242069337088,33.47756601296818,0.0039631742040726475,0.36980618164375406,1.8229052356035051,7.913785695815103,1.0135296944427514,1.2504984486222774,-54.79584283471378,0.0136456298828125,3.130625666578087,False,True,True,False
pt002,MR3,018_to_017_warp.nii.gz,2.0444781666862037,2.366197792041473,21.287279279379245,0.004046383897685461,0.3328028698371246,1.12497060797911,4.582366188187358,1.0559340497397238,1.2359863165793061,-14.123406426242456,0.0041015625,1.5574025321665244,False,True,True,False
pt002,MR3,019_to_018_warp.nii.gz,0.7882521905172892,1.1397399038452884,5.993660512159244,0.0010585877482866806,0.08764543974908116,0.26440146308958634,2.7495780747254726,1.04359702052741,0.5019595199236835,-0.09579238335694101,6.7138671875e-06,0.29684370111814135,False,True,True,False
pt002,MR3,020_to_019_warp.nii.gz,0.7376713986844736,1.1570343653043331,9.411626214685967,0.0006556727970075714,0.07715656473011002,0.2104249663877651,2.758035069102475,1.041970615805491,0.49223257997008735,-0.7138931959308779,2.44140625e-05,0.28263603297449613,False,True,True,False
pt002,MR3,021_to_020_warp.nii.gz,0.9658145156584663,1.1889019897840254,6.787975284674826,0.0008766033274108934,0.11311876287937554,0.402571993809596,2.8765011323782677,1.0382404839552768,0.5757069642199849,-0.20032351215103364,2.44140625e-06,0.4266915775706826,False,True,True,False
pt002,MR3,022_to_021_warp.nii.gz,0.7413557246638185,1.1420799680137692,6.918181130887758,0.0002526201701232518,0.08014540153335638,0.2219693125059649,2.732163937892651,1.0422370141317956,0.48664252224724436,-1.0842492568113626,1.46484375e-05,0.2770429480504154,False,True,True,False
pt002,MR3,023_to_022_warp.nii.gz,0.876558815260202,1.1374103229199932,7.433224806134691,0.0012805726387254415,0.10664548699130792,0.35834629275576935,2.7844477706322928,1.0439700155556888,0.5252615268118908,-0.11998329630164228,7.32421875e-06,0.34027899537697187,False,True,True,False
pt002,MR3,024_to_023_warp.nii.gz,1.2251674641743022,1.353673301252561,9.993258795154519,0.00137109194889437,0.1469261665447123,0.5713260939594161,3.499440325561408,1.033741841740253,0.6812716819229203,-0.6149086526296311,0.0001715087890625,0.6579581905771473,False,True,True,False
pt002,MR3,025_to_024_warp.nii.gz,0.9925480948658343,1.1908650580694158,8.247623809331186,0.0013657215434624156,0.12399823598888347,0.41435979881163787,2.926425085450628,1.045718511524665,0.5828157102937809,-0.17214259334261028,1.708984375e-05,0.4325364650808908,False,True,True,False
pt002,MR3,026_to_025_warp.nii.gz,0.7834427932340019,1.1499123609354875,8.703919589373534,0.002082795065229861,0.08784754948623151,0.2614320728823618,2.758392733535138,1.0411263913408906,0.5052025338144333,-0.3560645362775552,1.5869140625e-05,0.3057218662492785,False,True,True,False
pt002,MR3,027_to_026_warp.nii.gz,0.9499495200190233,1.1788396696583443,6.976489021186284,0.0004937505518803214,0.11214027709099386,0.3958612573522542,2.8626892971207414,1.0379536052767924,0.5638136582180905,-0.1366630417671925,4.8828125e-06,0.4094812202569416,False,True,True,False
pt002,MR3,028_to_027_warp.nii.gz,0.8136814725691324,1.1281409229169783,6.0333294678761575,0.000936684460566224,0.09788718663530528,0.3105754522703966,2.750233754299798,1.044109230168692,0.5039158023469926,-0.020222655318582958,1.220703125e-06,0.3013792877214084,False,True,True,False
pt002,MR3,029_to_028_warp.nii.gz,0.7818275960460406,1.150548869015332,7.410368841136374,0.0010533713045510669,0.08592506398096145,0.25591863272701865,2.7591270222837574,1.040685648966571,0.5089327254722587,-0.06332737268330764,7.9345703125e-06,0.30834241962394476,False,True,True,False
pt002,MR3,030_to_029_warp.nii.gz,0.7409710084818635,1.1406885065479984,6.254361972243517,0.0016754308398921542,0.08049125520344508,0.22645189529200732,2.726207986650768,1.0424346624516752,0.4863534478048452,-0.05913901620042751,5.4931640625e-06,0.2756233282004862,False,True,True,False
pt002,MR3,031_to_030_warp.nii.gz,0.7770585979420894,1.1469662141344856,8.857478183407322,0.0013029154111143303,0.08659770843584086,0.2545660353926772,2.7479760999917584,1.0407077869473413,0.5018223670368434,-0.08901124907550702,1.40380859375e-05,0.3008055948909567,False,True,True,False
pt002,MR3,032_to_031_warp.nii.gz,0.7614023067547758,1.1437167501440353,7.79302844781236,0.0010430957533242703,0.08508575501177212,0.2441987429652895,2.73938828791748,1.0419563814222248,0.4979656073261267,-0.18597754909617542,9.765625e-06,0.289042137395959,False,True,True,False
pt002,MR3,033_to_032_warp.nii.gz,0.8056478991026265,1.1415414541572448,7.710988385517493,0.0005823399500385875,0.09352356124894895,0.28829712933922,2.7525102402402934,1.0403788438066455,0.508513873325909,-0.15438751303115375,4.2724609375e-06,0.31032872671305745,False,True,True,False
pt002,MR3,034_to_033_warp.nii.gz,0.8101543505704596,1.1367425531827675,6.310930251657863,0.001216076227469097,0.09428354952143489,0.2874262035975441,2.7505251241587985,1.0435453104751777,0.5074608796641866,-0.07397595090707197,5.4931640625e-06,0.3086819787119173,False,True,True,False
pt002,MR3,035_to_034_warp.nii.gz,0.8054624966291758,1.13895814997632,6.6189040005424,0.0011234287596595502,0.09174710054581457,0.28288334025873574,2.751474410574761,1.0434350012897113,0.5090534969102777,-0.08707183274381255,3.662109375e-06,0.3073089534945606,False,True,True,False
pt002,MR3,036_to_035_warp.nii.gz,0.7557453652785209,1.1465079946932657,5.928225407456298,0.001475227073981398,0.08290430065073445,0.23790715882479105,2.7434260206400247,1.0422291350547315,0.4956082233359368,-0.18895810079213726,4.8828125e-06,0.2859636563456901,False,True,True,False
pt002,MR3,037_to_036_warp.nii.gz,0.9768632858711984,1.1971394773895523,7.482056309414922,0.0018529065719902521,0.11205105157095858,0.39632554042158363,2.8945638646931378,1.0375641758160155,0.5779779289075107,-0.3086756302962089,1.15966796875e-05,0.43564331202659845,False,True,True,False
pt002,MR3,038_to_037_warp.nii.gz,0.8500716167068595,1.132828146954241,6.19917768746517,0.0016325972094368786,0.09908119536115431,0.31648158331681,2.7713388130952947,1.044471977893353,0.5183919414274537,-0.03224321380409589,4.8828125e-06,0.3258874362672644,False,True,True,False
pt002,MR3,039_to_038_warp.nii.gz,0.7367816711542327,1.1480066636051027,6.792066855918303,0.001356286151498613,0.07865100192170857,0.2159386993351364,2.7376257461837117,1.0423403292705196,0.48902741801227745,-1.3690486549043317,3.2958984375e-05,0.27934130864428525,False,True,True,False
pt002,MR3,040_to_039_warp.nii.gz,0.7446360088504236,1.1513059772393057,9.277983382866797,0.001527399946251404,0.08105643288888596,0.2236677245285506,2.746260096560955,1.041999346356349,0.4949669912845492,-0.31157960892687026,1.03759765625e-05,0.28509567086511634,False,True,True,False
pt002,MR3,041_to_040_warp.nii.gz,0.7365347523730711,1.1530412796250136,8.379658874938617,0.0010498109383415117,0.07782423443877909,0.21192358163377667,2.7432594133665065,1.0418995155565889,0.4918166603449994,-1.193249949721716,1.89208984375e-05,0.2817713242414798,False,True,True,False
pt002,MR3,042_to_041_warp.nii.gz,0.7435202177277757,1.155191371748688,7.274258655646825,0.0022985830323371385,0.0784909534383042,0.21544831722683527,2.7504765928806534,1.041976602300377,0.49526718378464446,-0.37335709081571533,4.2724609375e-06,0.288452162927824,False,True,True,False
pt002,MR3,043_to_042_warp.nii.gz,0.7731897726483801,1.14703574039063,7.436872213927218,0.0018629851237224853,0.08662768646709482,0.2543119894023827,2.756121135570275,1.040814602319701,0.5048560751360207,-0.23518022010282894,2.44140625e-06,0.2997532487423421,False,True,True,False
pt002,MR3,044_to_043_warp.nii.gz,0.7453520644536071,1.14467115260022,6.122339395109438,0.0015027634131020828,0.08046176841585546,0.2246159334203589,2.737446705639579,1.0420430577872968,0.49191119404322764,-0.23132744680184136,7.9345703125e-06,0.28490432489628326,False,True,True,False
pt002,MR3,045_to_044_warp.nii.gz,0.7379383387714544,1.1483108796526922,7.4510540665950105,0.0016936166238268927,0.07930076114541254,0.21777864083997167,2.743741614411529,1.0421543219601561,0.4934143377204949,-0.15705205519892812,2.13623046875e-05,0.2809893079711716,False,True,True,False
pt002,MR3,046_to_045_warp.nii.gz,0.8217703833323255,1.1523766096108168,7.517539610849029,0.001710044515321164,0.0923302816577497,0.29004078187704585,2.773211071579327,1.0399658127521318,0.5179149710495711,-0.2713808728123704,2.3193359375e-05,0.3259942806866681,False,True,True,False
pt002,MR3,047_to_046_warp.nii.gz,0.7766016858806606,1.1371669216082652,6.25333075331018,0.0016733278902963597,0.08647457942752226,0.25628417849894203,2.742427456987482,1.043572194577618,0.4975175902541663,-0.29834466664814396,3.0517578125e-06,0.29102949418691226,False,True,True,False
pt002,MR3,048_to_047_warp.nii.gz,0.7403399778148958,1.1441938433597694,9.00057433544411,0.001545363332867229,0.07987887246180046,0.22025391981338682,2.7350121169128307,1.0419306501011631,0.4900679976893557,-0.08816472780966346,1.220703125e-05,0.2803748603546589,False,True,True,False
pt002,MR3,049_to_048_warp.nii.gz,0.734875713944827,1.1473144992054334,8.090972266186506,0.0015496414223309714,0.0777349294209902,0.21424574379975697,2.7352789141548115,1.0422965914866875,0.4880522865255416,-0.19989125293304233,1.708984375e-05,0.27799070952714877,False,True,True,False
pt002,MR3,050_to_049_warp.nii.gz,0.764486441184908,1.1487241709442177,8.55130545150029,0.0019386702724254639,0.082912589599805,0.24033978102722747,2.750955845937116,1.0410249956539728,0.5007502459929263,-0.09007215989977507,4.2724609375e-06,0.2977957149064024,False,True,True,False
pt002,MR3,051_to_050_warp.nii.gz,0.7365556147890093,1.1438797749936533,8.970382300182653,0.001500046436062768,0.07839342110835308,0.21645628705767372,2.73116133111396,1.0424649856420514,0.48757877505377123,-0.1492411430476214,9.1552734375e-06,0.27845076732005924,False,True,True,False
pt002,MR3,052_to_051_warp.nii.gz,0.7348574961769312,1.1474741200869367,6.840037860201608,0.0009529128184058137,0.0777448082213081,0.21401102712701114,2.7404874929438336,1.0418790164686416,0.4949548345425149,-0.5095130884693821,8.544921875e-06,0.2799237926542878,False,True,True,False
pt002,MR3,053_to_052_warp.nii.gz,0.8288280810889365,1.15273282086863,7.198452280382446,0.0013719761345663023,0.09264371078059754,0.2939819919588452,2.778492319267734,1.0397062999125777,0.5245919232401358,-0.032540220699331344,1.8310546875e-06,0.3353396277342114,False,True,True,False
pt002,MR3,054_to_053_warp.nii.gz,0.7620624558909879,1.1320356155935356,6.373181409600949,0.0014043758378574462,0.08509229182671395,0.2480390792073382,2.7221799595090577,1.0428825493803633,0.49117359362800284,-0.10931054960738269,6.7138671875e-06,0.28360892228057166,False,True,True,False
pt002,MR3,055_to_054_warp.nii.gz,0.7815302150538457,1.157142953508474,9.96106186986415,0.0013577821829922458,0.08593109352544624,0.2511039940593873,2.7654202315160297,1.04129451725714,0.5107030185535243,-0.09835498775250018,1.8310546875e-06,0.3098151841040119,False,True,True,False
pt002,MR3,056_to_055_warp.nii.gz,0.9403730358766221,1.171274948315089,6.677846687386289,0.0004675200238470056,0.10771965580577764,0.39741621846722447,2.8392559065904326,1.0389276015446316,0.5620831920154926,-0.4277656694192097,7.32421875e-06,0.3974561388560751,False,True,True,False
pt002,MR3,057_to_056_warp.nii.gz,0.9518148774631715,1.1606602169590863,9.505613969302866,0.0007716919152878044,0.11557029146916062,0.42856676207092015,2.8337970305353495,1.037882573977935,0.5596842294246455,-0.31865308550230037,3.0517578125e-05,0.40255186425834366,False,True,True,False
pt002,MR3,058_to_057_warp.nii.gz,0.945212223958365,1.1467981731919112,7.127255448889882,0.0017848382711797156,0.11816668671384208,0.38867414612972584,2.8343721157716164,1.0451434047981234,0.558174650103962,-0.18965921583993758,1.40380859375e-05,0.3910847894544945,False,True,True,False
pt002,MR3,059_to_058_warp.nii.gz,0.792039902222613,1.1256432678652655,9.265022184338113,0.0017846600567849467,0.0909513051750994,0.2787702079784625,2.7278320456612644,1.0439351124644816,0.4969884976107599,-0.9967675886895566,3.0517578125e-05,0.29348138205707963,False,True,True,False
pt002,MR3,060_to_059_warp.nii.gz,0.7388387256144406,1.146898957054928,7.745306775174304,0.0003790630382560258,0.07868923759141823,0.21586647701016903,2.733698446663265,1.0420656316049413,0.4951600222836278,-0.24122417000422092,6.103515625e-06,0.27973921768603344,False,True,True,False
pt002,MR3,061_to_060_warp.nii.gz,0.7329092189645575,1.1512804482072165,10.952291179496367,0.0016193037780952101,0.07720111420846217,0.21028276051933387,2.7347594921923934,1.042350873273783,0.48962700236816303,-0.8400997487684234,7.87353515625e-05,0.28142828771079953,False,True,True,False
pt002,MR3,062_to_061_warp.nii.gz,0.7442570061261335,1.140258994374273,6.247596743555821,0.0017298570253609748,0.0805477228623559,0.2265351455197499,2.7299171332569743,1.0412781167707548,0.4926017971255625,-0.08051957680805044,2.44140625e-06,0.2792795723606099,False,True,True,False
pt002,MR3,063_to_062_warp.nii.gz,0.8413671410341381,1.1463094457878134,7.484715998481795,0.0009062986963491581,0.09618814038368444,0.3068448481654247,2.7719519771519976,1.0396266084926795,0.5218261074035697,-0.18894680766807428,5.4931640625e-06,0.3363094275960317,False,True,True,False
pt002,MR3,064_to_063_warp.nii.gz,1.6925275350560125,1.928523348535957,16.338680384644167,0.0030157211608318525,0.18991714812264193,0.8255896303515644,4.242454023396084,1.0270624383945661,0.847525315776529,-12.503004476855859,0.001512451171875,1.1227045432773055,False,True,True,False
pt002,MR3,065_to_064_warp.nii.gz,1.4466357606987674,1.661419624535692,14.993857095635954,0.0032130633071185237,0.1992292222431177,0.6862749801598416,3.765864122405577,1.0482059051386876,0.8102926189879218,-2.8286092952508155,0.000751953125,0.8542904765830677,False,True,True,False
pt002,MR3,066_to_065_warp.nii.gz,0.8217278048297224,1.1379239017874945,8.53768209221675,0.0009621736395216846,0.09700186028204627,0.3060371559164866,2.749519750982962,1.0404445679027872,0.510688141742348,-1.5378886832297451,2.38037109375e-05,0.31592029626275,False,True,True,False
pt002,MR3,067_to_066_warp.nii.gz,0.7331710247236355,1.1354178652483622,6.828366664812815,0.0015884394392382155,0.0787994751385754,0.21776832642590638,2.7077993046271804,1.0413393205479686,0.4853656326656343,-0.0762364370811814,3.0517578125e-06,0.27481660194680124,False,True,True,False
pt002,MR3,068_to_067_warp.nii.gz,0.7455919348679032,1.1334919643311885,5.907821625126803,0.0011423172875236441,0.08241738012076567,0.2354538410886097,2.7134290032870214,1.0417048415893264,0.4874075819011869,-0.02589687133285814,6.103515625e-07,0.27612422693735306,False,True,True,False
pt002,MR3,069_to_068_warp.nii.gz,1.091012328764705,1.2615798616230947,8.962472613961413,0.0016509478766119359,0.12683978402517132,0.46784402676842246,3.1127677483066485,1.03545164399437,0.6200856103548792,-0.2788496302467881,3.23486328125e-05,0.5262055147695147,False,True,True,False
pt002,MR3,070_to_069_warp.nii.gz,0.7602620283477024,1.114867016817027,6.466380951000054,0.0015916717670418125,0.08816765457151425,0.25959579649904163,2.6925473450461466,1.0404099179377155,0.4836562855301866,-0.5811973031704846,7.32421875e-06,0.27872005751859646,False,True,True,False
pt002,MR3,071_to_070_warp.nii.gz,1.106107158327625,1.2429024316148878,8.980054407993835,0.0014845206666096377,0.14984181013112227,0.5011927871665145,3.1311851188653694,1.0462973284126944,0.6301698370300277,-0.4282341626443597,3.173828125e-05,0.5155595080013933,False,True,True,False
pt002,MR3,072_to_071_warp.nii.gz,0.8387187278620132,1.12031428974917,6.450740063509395,0.0012676565171523195,0.09796226865043671,0.3308320123619515,2.738349120986517,1.043381084500714,0.509517664942724,-0.3275973904963572,1.220703125e-05,0.31568211318479533,False,True,True,False
pt002,MR3,073_to_072_warp.nii.gz,0.8508457142721494,1.1337263826527826,6.191765874480916,0.002301369309995794,0.10039389833108131,0.3310054066442642,2.758186269934357,1.0393755553673913,0.5246611727851804,-0.372606208022188,7.32421875e-06,0.3400571628813857,False,True,True,False
pt002,MR3,074_to_073_warp.nii.gz,0.9056461718336867,1.1371872369608282,6.6355652656172,0.0015673958614368026,0.10984223567498236,0.3611788531114283,2.8037148508135528,1.044792750722295,0.5388173763905514,-0.09997120135557105,4.8828125e-06,0.36140011245963727,False,True,True,False
pt002,MR3,075_to_074_warp.nii.gz,0.7449176807858778,1.1422151394245905,6.959517236394016,0.0011413046669478074,0.08027930671199103,0.22649899766887926,2.7276001336151277,1.0417466580135037,0.49458485347243786,-0.3028803658425572,1.15966796875e-05,0.2840331805281872,False,True,True,False
pt002,MR3,076_to_075_warp.nii.gz,0.7730631312500811,1.146527926052066,6.930908302571126,0.0010497008119582328,0.08494245894738266,0.24742358112184226,2.7466732169090955,1.0408951757363654,0.5047556001311215,-0.001417519413729691,1.220703125e-06,0.3021685348813668,False,True,True,False
pt002,MR3,077_to_076_warp.nii.gz,0.9897227981271374,1.1862794027590249,7.423999403782031,0.001621592747550779,0.1139555085311149,0.42155665048004465,2.8834568837017933,1.0375337268006302,0.5795939284721259,-1.4677704639458902,9.1552734375e-06,0.4382603918539384,False,True,True,False
pt002,MR3,078_to_077_warp.nii.gz,0.8848316594701469,1.126506411843493,6.030604996708512,0.00169000711042521,0.10542181407058633,0.35087740697302705,2.774030907173422,1.0445444021730548,0.526376244871411,-0.024969291623869697,6.103515625e-07,0.34485116551224576,False,True,True,False
pt002,MR3,079_to_078_warp.nii.gz,1.1971410364365298,1.3381580198614063,11.005510350633987,0.0007174805995193752,0.1390231481100131,0.5507581901077656,3.3846240281449003,1.0340438763176305,0.6591732801949677,-0.7273183103194991,0.00010986328125,0.6113550838066795,False,True,True,False
pt002,MR3,080_to_079_warp.nii.gz,1.1375250567309394,1.269780973616083,9.428551036251939,0.0017658865492514773,0.15164200947728895,0.5161143236637349,3.2300033649893862,1.0460545968343478,0.6487932625237323,-0.39443871248548434,5.79833984375e-05,0.5454934525128667,False,True,True,False
pt002,MR3,081_to_080_warp.nii.gz,0.745511982266828,1.1446140540727991,7.817875638273897,0.0019385086281899287,0.0787027427374203,0.21981734263781633,2.7329836841648247,1.0416793997677793,0.4893455668723854,-0.15797797780905634,7.9345703125e-06,0.28461617384162835,False,True,True,False
pt002,MR3,082_to_081_warp.nii.gz,0.7570017942044899,1.1509773032873574,8.894852693721061,0.000731455773034325,0.08070746322089178,0.2284839231429992,2.7434887607882517,1.0422170489137783,0.49699455496053463,-0.6310155029216435,2.3193359375e-05,0.2934071338520209,False,True,True,False
pt002,MR3,083_to_082_warp.nii.gz,1.364752292387372,1.5473255910864907,14.95119430553569,0.003181971698988957,0.1557408052350558,0.6292677176315948,3.743756621830211,1.0319092445579812,0.7322724596322895,-2.725923300931544,0.0004193115234375,0.7861971648176632,False,True,True,False
pt002,MR3,084_to_083_warp.nii.gz,1.2150730847676394,1.3715875803772861,12.569319614611556,0.0024858084383286663,0.16181696969625492,0.5603377235460532,3.4332349758097553,1.0461245775007848,0.6782551156988376,-3.3333896758612718,0.000198974609375,0.6176704164820452,False,True,True,False
pt002,MR3,085_to_084_warp.nii.gz,0.7518315570840756,1.1460307775244503,6.615640972530903,0.0010193157615097624,0.080783561533694,0.2296484931089429,2.740301973283972,1.0415894676712507,0.49463775096361157,-0.08470493916412954,4.8828125e-06,0.2884796661817075,False,True,True,False
pt002,MR3,086_to_085_warp.nii.gz,1.353829728893412,1.5078044922596459,12.815706901475954,0.0028148009238690877,0.1587917011026211,0.6427147223866774,3.718520300468588,1.0321844638667452,0.7277805991244798,-2.9176032498903837,0.000341796875,0.7818194048691027,False,True,True,False
pt002,MR3,087_to_086_warp.nii.gz,0.7288622552916412,1.114688129332736,7.054608368541141,0.0013920452723187448,0.08167717907235575,0.225033046000286,2.677493584283143,1.0424628697500735,0.47316890247600674,-0.0910647718321486,1.8310546875e-06,0.26082657447447877,False,True,True,False
pt002,MR3,088_to_087_warp.nii.gz,0.7496304674713788,1.1113650604539167,5.690523978497666,0.0019144307537538837,0.08423537448547933,0.24598307027561295,2.6795388264938467,1.0431717582131883,0.477143811505907,-0.05818685926950496,6.103515625e-07,0.2682582638138312,False,True,True,False
pt002,MR3,089_to_088_warp.nii.gz,0.7312824946498249,1.1243613554039464,9.04655249456722,0.0012023861090228658,0.07863735452508006,0.21754850961582411,2.687749610511963,1.0410843436136648,0.47648783745644074,-0.18799632172579808,1.8310546875e-05,0.268711181597521,False,True,True,False
pt002,MR3,090_to_089_warp.nii.gz,0.7579158548820735,1.122875016482533,6.8131055951181905,0.0005443208540377328,0.086930335504298,0.2520375022220086,2.704064166776699,1.041070684409198,0.4864228407782402,-0.3107093596235158,3.0517578125e-06,0.2804237730572847,False,True,True,False
pt002,MR3,091_to_090_warp.nii.gz,0.8544156651464542,1.1165274373980105,5.841526327908764,0.001999998168595726,0.10298910259501712,0.33174741198749946,2.7422341834457975,1.044459158466582,0.5154697147717806,-0.0026483102735449,6.103515625e-07,0.32505190994604755,False,True,True,False
pt002,MR3,092_to_091_warp.nii.gz,0.9053433633030753,1.1538047833986473,10.676948462156764,0.0009314280596531528,0.10595437455264943,0.3613200209801228,2.7942190175745374,1.0389996556275192,0.5450041760880013,-0.9474098871528601,1.5869140625e-05,0.3765211279413757,False,True,True,False
pt002,MR3,093_to_092_warp.nii.gz,0.73766778672604,1.1290037790881193,7.114403746964007,0.0006243739207029842,0.08076904515541167,0.22338459803562158,2.6923446931266817,1.0414485569390566,0.48381332170038527,-0.045902318930760674,3.662109375e-06,0.274318602117798,False,True,True,False
pt002,MR3,094_to_093_warp.nii.gz,0.752429382654816,1.1245460487484027,6.626578666924838,0.0005482841945165332,0.08367270074362462,0.24108880381870704,2.698536198272138,1.0409834699385547,0.48453603134920026,-0.3108287995085469,2.86865234375e-05,0.27894755253937525,False,True,True,False
pt002,MR3,095_to_094_warp.nii.gz,0.7208618443792025,1.1237420678175665,7.4164968515383825,0.0004300805619301552,0.07935668704531397,0.21273942055292575,2.681018660380739,1.0420061397010387,0.4718438240329873,-0.2867800500910639,4.2724609375e-06,0.2614016124109544,False,True,True,False
pt002,MR3,096_to_095_warp.nii.gz,0.7482738464069001,1.1167031094909408,6.252734468279016,0.0011660762007457966,0.0831634230553603,0.24301150180427947,2.6832094819480905,1.043122543148226,0.48102816778645324,-0.243843751065289,3.662109375e-06,0.271176993211695,False,True,True,False
pt002,MR3,097_to_096_warp.nii.gz,1.0259516366001349,1.199446966364496,7.89736895879756,0.0007784609208726891,0.13163169189922522,0.4317745584791464,2.9502215129916736,1.0454293343017254,0.5980447716281916,-1.4943598022586992,3.47900390625e-05,0.4555737990453464,False,True,True,False
pt002,MR3,098_to_097_warp.nii.gz,0.7385411673385012,1.1368384471783821,6.812115435545945,0.0013906778115508117,0.07946338174366763,0.22168032704208185,2.7190783186704417,1.0418799666045653,0.48328636811039954,-0.07173014670357444,9.1552734375e-06,0.27639903583606135,False,True,True,False
pt002,MR3,099_to_098_warp.nii.gz,0.9060258631792878,1.1665921522202467,6.809860231501284,0.0023576328801332234,0.1036536917648381,0.3523907497725304,2.824182952185215,1.0384623896392227,0.5452468789810834,-0.5232095670521775,4.8828125e-06,0.3781372478937386,False,True,True,False
pt002,MR3,100_to_099_warp.nii.gz,0.7697792464740051,1.133550677791326,7.504257223957137,0.0014270169773398821,0.08399699311355514,0.2508368995485053,2.720793330199649,1.0404556053944873,0.49403437333045874,-0.00889382412145542,6.103515625e-07,0.29197783580885045,False,True,True,False
pt002,MR3,101_to_100_warp.nii.gz,0.8707990617295462,1.1268574863552792,7.1080920673229135,0.0020244269496510975,0.10527961698738318,0.3355286412670023,2.76869147367502,1.0437715882453065,0.5238861893418901,-0.4163200261248684,1.8310546875e-06,0.33782489971105834,False,True,True,False
pt002,MR3,102_to_101_warp.nii.gz,0.7362212432655258,1.137066860341215,7.936679606239749,0.0006049032931997344,0.07799659489878621,0.2151503792418335,2.7090390083843623,1.0425153675671728,0.48195041607102473,-0.2519584717417689,2.0751953125e-05,0.2727773251724388,False,True,True,False
pt002,MR3,103_to_102_warp.nii.gz,0.7320604993762039,1.1422577032135979,6.780063541497588,0.001417008549314002,0.07822526236814839,0.21311388684504312,2.7177124258018424,1.0422555251742396,0.48646475162641106,-0.07474909369323444,5.4931640625e-06,0.27701339167898636,False,True,True,False
pt002,MR3,104_to_103_warp.nii.gz,0.7332328334916141,1.1412805161840067,5.964567539281563,0.0014576571279463666,0.07816629907048449,0.21493706089936943,2.7213518921475828,1.0417956052925346,0.48778089813151915,-0.03225293462868481,1.8310546875e-06,0.275565056406112,False,True,True,False
pt002,MR3,105_to_104_warp.nii.gz,0.7593893736075802,1.1433057081656768,6.347048512342527,0.0009603434511383936,0.08324469318846309,0.23921115486797642,2.7384886295288045,1.0413880950289511,0.49266254670089876,-0.27509072945443314,3.0517578125e-06,0.2896705842645021,False,True,True,False
pt002,MR3,106_to_105_warp.nii.gz,1.263589277937909,1.4163988924162942,11.805098887542897,0.002939756741761302,0.14686654960733175,0.5805624224316444,3.575155644684317,1.0332254652832669,0.6903308247097912,-4.194942585985513,0.0001239013671875,0.6872031877250819,False,True,True,False
pt002,MR3,107_to_106_warp.nii.gz,1.046835488277991,1.2133715646498575,8.35750407341348,0.0009569440912523655,0.1367202407232666,0.45503969285823065,2.975485294255669,1.0459454191588993,0.5995832757056901,-0.43804827900081333,2.9296875e-05,0.46855968449674146,False,True,True,False
pt002,MR3,108_to_107_warp.nii.gz,0.7413087146176419,1.1383900644022122,6.79016445997452,0.00035065665567048527,0.07874532229086115,0.21929259407909837,2.7148736095329924,1.042144321696262,0.48537624885949593,-0.3205744951023121,1.8310546875e-06,0.2755228621217827,False,True,True,False
pt002,MR3,109_to_108_warp.nii.gz,0.9232664831562479,1.1706151275031407,6.6487431878570336,0.0021113376642190214,0.10704656769731401,0.37546451575875595,2.837805136654115,1.0388914925258967,0.5524978847566805,0.00013680348239356217,0.0,0.38653523643577353,True,True,True,True
pt002,MR3,110_to_109_warp.nii.gz,0.8792163707901263,1.1426726373217904,5.834277468683188,0.001545824585453924,0.10426820375125634,0.3516989776616931,2.7751453694000423,1.0389440344575103,0.5324130230865564,-0.20628710849923027,6.7138671875e-06,0.3521259678615047,False,True,True,False
pt002,MR3,111_to_110_warp.nii.gz,0.8305307680872324,1.1187962637205144,5.897203023006713,0.000983477066388171,0.09858318531246889,0.31390758531498825,2.72648009936935,1.0439977402863492,0.5059908933125549,-0.15117325871286932,1.28173828125e-05,0.3088308849067796,False,True,True,False
pt002,MR3,112_to_111_warp.nii.gz,0.7300282750962055,1.1277994509327007,6.7268919573796815,0.001134196941656005,0.08183776897513491,0.22423902420992936,2.695488527548754,1.042334941632181,0.4786527448145796,-0.9210337634280429,1.5869140625e-05,0.26686978927018745,False,True,True,False
pt002,MR3,113_to_112_warp.nii.gz,0.8835466355601685,1.1482336647122133,6.117775722026412,0.001095339294398364,0.10298334253081266,0.3563888371254184,2.7815000842185453,1.0397700653328192,0.5350084001713779,-1.3199202004845283,3.0517578125e-06,0.3536238698857933,False,True,True,False
pt002,MR3,114_to_113_warp.nii.gz,0.8204936941775594,1.1157564522506278,5.9303406388395965,0.0021423096983143835,0.09680115820845024,0.3209096460150138,2.71873115721846,1.042984047827476,0.4974474204133495,-0.3953315094712934,3.0517578125e-06,0.29832717861591546,False,True,True,False
pt002,MR3,115_to_114_warp.nii.gz,0.7356949060162367,1.130419103688748,8.40525972303886,0.0017382509861849748,0.08032211073459877,0.222669886369664,2.700762041384179,1.0415740422950721,0.4817215978254957,-0.5369286559474967,1.8310546875e-05,0.27413884912072506,False,True,True,False
pt002,MR3,116_to_115_warp.nii.gz,0.7262888590406369,1.127656952743939,5.760895582625785,0.0010416126129605997,0.07973694535057417,0.21836053624238155,2.6912138884705077,1.041197267848732,0.4788151245876301,-0.03444535829781118,1.220703125e-06,0.26556457745554995,False,True,True,False
pt002,MR3,117_to_116_warp.nii.gz,0.8909602241090728,1.1530410967564313,7.946619626785369,0.0011899942401773394,0.10405873749018615,0.35310649112620895,2.795199504896571,1.0394035028192135,0.5380801622312731,-0.9624435615290761,1.8310546875e-05,0.36420023439429317,False,True,True,False
pt002,MR3,118_to_117_warp.nii.gz,0.7826606316936795,1.1176680057737927,8.11035089625972,0.0011856856068010464,0.08962595727850534,0.27319079134239915,2.703437447293868,1.0433161805610616,0.4945439358490985,-0.16083802848513296,1.15966796875e-05,0.2873872394979074,False,True,True,False
pt002,MR3,119_to_118_warp.nii.gz,0.790905270899758,1.135180241972796,6.929857534271012,0.0016367868244172214,0.08983021044548767,0.27495422938252057,2.7293392343732195,1.0401300265607083,0.5044098842249376,-0.5564362829691741,7.9345703125e-06,0.3053556398197667,False,True,True,False
pt002,MR3,120_to_119_warp.nii.gz,0.8181831656317591,1.1142579966918906,6.2817359111618245,0.0015093837958945423,0.09436862401255794,0.31273130535084115,2.7094057906460676,1.0430981059358706,0.4997791277202737,-0.006831627074253078,6.103515625e-07,0.3005137045281881,False,True,True,False
pt002,MR3,121_to_120_warp.nii.gz,0.7374944032035664,1.1233560214693807,7.908694394304055,0.0010197222997172053,0.08297131147355852,0.23409765836804694,2.691190697366719,1.0410557570768422,0.4775516104116773,-0.08252195455102228,1.3427734375e-05,0.26838368224273146,False,True,True,False
pt002,MR3,122_to_121_warp.nii.gz,0.7568598646701594,1.1161840404318673,6.7767398561884535,0.000790739055202366,0.08709038602723201,0.25830313891031875,2.6932190210072853,1.0411432213747216,0.4831117959750846,-0.008475912956239428,3.0517578125e-06,0.2756203746552102,False,True,True,False
pt002,MR3,123_to_122_warp.nii.gz,0.8227327270371384,1.1276776084744546,5.728783040130095,0.0010514953528584752,0.09499582052990402,0.303313635731682,2.7314612599735195,1.0397330815907961,0.5104866668082637,-0.14705642460869936,4.8828125e-06,0.31723083383218675,False,True,True,False
pt002,MR3,124_to_123_warp.nii.gz,0.7402776496339948,1.1093189291831065,9.828837065978451,0.0009080939170501387,0.08511837533561618,0.24239977524381376,2.670344104410112,1.0427386158309115,0.4738777220009008,-0.4087378547897766,1.46484375e-05,0.26337476748516325,False,True,True,False
pt002,MR3,125_to_124_warp.nii.gz,0.8299666606814,1.1124968254927154,5.759522090140448,0.0011172275384624777,0.10083408967936451,0.31966394233452006,2.72525486641825,1.0440412519211955,0.5039383978644962,-0.18268714454203627,1.220703125e-06,0.3102813651927137,False,True,True,False
pt002,MR3,126_to_125_warp.nii.gz,0.8256060374008659,1.1321786121711335,5.78355689535959,0.0013038991588863237,0.09519118000182833,0.3042171992357124,2.7436495511410413,1.0394965679859534,0.5122867600450004,0.005532188293096428,0.0,0.3207455323981614,True,True,True,True
pt002,MR3,127_to_126_warp.nii.gz,0.7205639920595286,1.1233121806569097,5.780570308629217,0.0007094204901170139,0.07836582710589973,0.21686975458866203,2.684996707872138,1.0418608242453165,0.47316676020374826,-0.3179805305263098,3.662109375e-06,0.26115060076382585,False,True,True,False
pt002,MR3,128_to_127_warp.nii.gz,0.7097282956154154,1.1221013107327062,9.205985657321873,0.0015954776793225738,0.07765860239179109,0.20732088015156847,2.6739932830875497,1.0414387588695435,0.4689835504962532,-0.2631420339976795,2.25830078125e-05,0.25624447697506725,False,True,True,False
pt002,MR3,129_to_128_warp.nii.gz,0.7139153320964458,1.1199436470295263,5.740083076405987,0.0010742381611484608,0.07748794978790727,0.20923367381827718,2.672442272812067,1.042138632931106,0.46968514234087155,-1.124620266849639,1.220703125e-06,0.25637665435479107,False,True,True,False
pt002,MR3,130_to_129_warp.nii.gz,0.8312727649863447,1.128699424688831,7.793000192926602,0.0015030806436898557,0.09672823178922219,0.3155337620396343,2.72791165080706,1.03996143154861,0.5116359288582091,-0.3104242379685733,1.15966796875e-05,0.32202901093518227,False,True,True,False
pt002,MR3,131_to_130_warp.nii.gz,0.7478966711705785,1.1231312734954226,6.371727255351088,0.0010047970403600866,0.08409878015927141,0.2405606835246863,2.69363020710326,1.041164626736017,0.48616308010443815,-1.1127604551319208,6.7138671875e-06,0.2787849090729773,False,True,True,False
pt002,MR3,132_to_131_warp.nii.gz,0.8524215334682483,1.11281494750606,5.984634052506991,0.002299918087721714,0.10253315753371713,0.34641926787224653,2.7235012070464077,1.0430104534624718,0.5087061591879805,-0.3366471522758634,4.2724609375e-06,0.3144929909528821,False,True,True,False
pt002,MR3,133_to_132_warp.nii.gz,0.9863718089905915,1.1688521919360848,7.497700138870635,0.0012928995982854467,0.12474055512470303,0.4227371015797797,2.888700053875126,1.0452520276610844,0.5713698097355236,-0.17938749579604407,1.220703125e-05,0.41799164788688287,False,True,True,False
pt002,MR3,134_to_133_warp.nii.gz,0.8309846509587621,1.1401579568910967,8.185077537692926,0.00013291091411200235,0.09540189272577727,0.3060110844173144,2.747960170121625,1.0397183586232457,0.5179455715507497,-1.03625173239933,9.765625e-06,0.32658592203606274,False,True,True,False
pt002,MR3,135_to_134_warp.nii.gz,0.9295454082192504,1.165726436374906,9.606372952171169,0.0022255504853239544,0.10815850302433593,0.37864424209285474,2.828477643866415,1.0382532927032064,0.5577126697468486,-0.0279800837082156,9.1552734375e-06,0.3961948865943591,False,True,True,False
pt002,MR3,136_to_135_warp.nii.gz,0.7347027494348946,1.1275643637481714,5.891704646698925,0.001643820049529654,0.08155656435852597,0.22653124074728762,2.693358893194239,1.041667918188444,0.4835374254784243,-3.45372617013855,1.15966796875e-05,0.27068275151743376,False,True,True,False
pt002,MR3,137_to_136_warp.nii.gz,0.7616294834173479,1.123090679057554,6.259143708358601,0.0006813965840598701,0.08617449782647904,0.2519683882371423,2.69959796080525,1.0406553855416873,0.4864207980268788,-0.14544499013094347,4.8828125e-06,0.2820152975201708,False,True,True,False
pt002,MR3,138_to_137_warp.nii.gz,0.7656050394814663,1.129383431280677,6.137185904607099,0.0013183331965559112,0.08780130691025322,0.25217622045131344,2.71028622514054,1.0409949688395843,0.4895204801748059,-0.05793220280648373,6.103515625e-07,0.28600024935251034,False,True,True,False
pt002,MR3,139_to_138_warp.nii.gz,0.774354528947422,1.1267241395747225,5.995465445778354,0.0010442549608018462,0.08818688305822892,0.26095605780528053,2.701874757870633,1.0405105521358486,0.4985114737171936,-0.01333508829721106,1.220703125e-06,0.2928382780891435,False,True,True,False
pt002,MR3,140_to_139_warp.nii.gz,0.7352839619931796,1.1177875667439627,8.614261733321346,0.0016483773628206515,0.08242181908252633,0.23186294284972658,2.6705265573722006,1.0426763703589002,0.4764165943257585,-0.048250900609133125,1.46484375e-05,0.26491763920508826,False,True,True,False
pt002,MR3,141_to_140_warp.nii.gz,0.7895400610117952,1.120130807754596,5.848859812332039,0.0015197338629417744,0.09070409435037136,0.28063995464932845,2.698329737405497,1.0404554677070528,0.49732681263031686,-0.012067963466778053,1.8310546875e-06,0.2965144334850809,False,True,True,False
pt002,MR3,142_to_141_warp.nii.gz,0.7609322014966154,1.0977962959874508,5.68403449926372,0.0016102932487930793,0.08862818594402452,0.2739756762853669,2.6571660487436524,1.042640060365239,0.4721030885624833,0.01252896325584516,0.0,0.2647386300737696,True,True,True,True
pt002,MR3,143_to_142_warp.nii.gz,0.7172690683012913,1.1156182052814396,5.77858354218132,0.0010235446316790536,0.07881125120757655,0.21496131523346884,2.6633855298888673,1.0422571017418223,0.4697661030974968,-0.0022315325792950785,6.103515625e-07,0.2564271070296475,False,True,True,False
pt002,MR3,144_to_143_warp.nii.gz,0.7185303122564143,1.1139942505408746,5.897474698421737,0.0010558080484640911,0.07987732779745539,0.21771658410029732,2.6622081932173023,1.042036507141157,0.46979064811594,-0.02214515814631567,6.103515625e-07,0.2584664586713135,False,True,True,False
pt002,MR3,145_to_144_warp.nii.gz,0.729611303878361,1.1207598869772812,5.906022317804123,0.0012294808618212392,0.08159029946157645,0.2261571692062304,2.6765664529914104,1.0414514751567054,0.47617390976831236,-0.014424433611003443,6.103515625e-07,0.26580076486743776,False,True,True,False
pt002,MR3,146_to_145_warp.nii.gz,0.8004724756083185,1.1253954279209182,5.740574451829184,0.0010497362365932354,0.09171938650409657,0.28079668701762184,2.7219693665053155,1.0399067881248163,0.5005401618900481,0.002992813390601491,0.0,0.3036626216574792,True,True,True,True
pt002,MR3,147_to_146_warp.nii.gz,0.7106935388638118,1.1085040329678248,5.836141765846013,0.000985701370249637,0.08017182062027653,0.2160913050810328,2.6487515452016903,1.0413465261425054,0.46529914808058653,0.01874441077846795,0.0,0.25132718260809706,True,True,True,True
pt002,MR3,148_to_147_warp.nii.gz,0.720290637807893,1.1043190860778123,5.7590042276973605,0.002123414728519452,0.08112283600850427,0.225669040679366,2.648742369695672,1.0425351358966675,0.46356807141837103,-0.01609678403992566,1.8310546875e-06,0.25122503076467995,False,True,True,False
pt002,MR3,149_to_148_warp.nii.gz,0.7122164519377091,1.1104870307690322,5.838540263880273,0.0011485180940291467,0.07813646720363297,0.21225009271073944,2.6560506300327624,1.0423236008021939,0.46326089898218153,0.005855164781881637,0.0,0.2504017527344432,True,True,True,True
pt002,MR3,150_to_149_warp.nii.gz,0.7123920682174739,1.111113613765958,5.666689486586041,0.0014476170528853567,0.07741472023797225,0.21008107867654274,2.65341639296426,1.0418630638337425,0.46573395523547445,-0.22667898395579356,4.2724609375e-06,0.25329733338453275,False,True,True,False
pt002,MR3,151_to_150_warp.nii.gz,0.7728202102107591,1.1223569925358021,5.768811184644579,0.001442001607047623,0.08886042153202363,0.2656931207372384,2.7052346795547058,1.0407530424359004,0.4921587806570049,-0.0029460417325343296,6.103515625e-07,0.2868367460993621,False,True,True,False
pt002,MR3,152_to_151_warp.nii.gz,0.769631615615975,1.126435275256331,5.890794394879138,0.000791584433662596,0.08623365453655875,0.2542415705489638,2.6976989303594796,1.040360653958705,0.49108557960526183,-0.11960834309864134,4.2724609375e-06,0.2886529378424248,False,True,True,False
pt002,MR3,153_to_152_warp.nii.gz,0.7696678272517352,1.1050643158532953,5.763846241703359,0.0011873440993325974,0.09029366746939366,0.27042311989710466,2.6753875437094607,1.0431707605545932,0.48103297561611974,-0.0015962870134637566,6.103515625e-07,0.2745921330368058,False,True,True,False
pt002,MR3,154_to_153_warp.nii.gz,0.7372691502655241,1.1143946300666712,6.522908573436724,0.0014317258511655215,0.08244962419206481,0.23191960479330057,2.6719946005438167,1.0421588129620927,0.4744416913169442,-0.22761371650014028,1.220703125e-06,0.2672983296276877,False,True,True,False
pt002,MR3,155_to_154_warp.nii.gz,0.7512966378233519,1.1163826771463718,6.604309127136544,0.0013893147815236232,0.0866874603767878,0.25106997620919536,2.681379104516507,1.0417746968195043,0.47645379445723945,-0.14959040653035907,6.103515625e-07,0.26998109725015507,False,True,True,False
pt002,MR3,156_to_155_warp.nii.gz,0.8825912125832681,1.1314564872573822,5.760220046975647,0.0009100297533295472,0.10559992378793336,0.3531772043664789,2.7516289066431914,1.039028748159124,0.5297287691576524,-0.11279820853708765,3.662109375e-06,0.3520391492519815,False,True,True,False
pt002,MR3,157_to_156_warp.nii.gz,0.7028923923850944,1.1051239585939177,5.6928018306062755,0.00128865821751622,0.0766972123595084,0.2060070735026741,2.6420233184204314,1.0420117413324725,0.4590370242225732,0.025200416596511375,0.0,0.2450206594468753,True,True,True,True
pt002,MR3,158_to_157_warp.nii.gz,0.7718254247968632,1.1043112033509075,5.659567347975777,0.0011112790609006638,0.08959607030573374,0.27117157088761845,2.6683533969721176,1.040079973097658,0.48356884472171885,-0.049509759961371524,3.0517578125e-06,0.28089685131227293,False,True,True,False
pt002,MR3,159_to_158_warp.nii.gz,0.7174106687769555,1.112439003104704,6.243309955966127,0.0015439910411270486,0.07922739356104214,0.21498554755313143,2.656148376494449,1.0416493360603483,0.47002340147579347,-0.1092995913555791,4.8828125e-06,0.25790182173950377,False,True,True,False
pt002,MR3,160_to_159_warp.nii.gz,0.7166305624585287,1.1093267275389593,5.754125686184538,0.001193772797623521,0.08113512776880988,0.2199425920432958,2.650138696667161,1.0413941317069382,0.4674401334391137,0.012963594757018762,0.0,0.2550973401705336,True,True,True,True
pt022,MR1,002_to_001_warp.nii.gz,1.123299131556724,1.2340211130190726,9.574639740240785,0.0011166305865916598,0.11824658977223836,0.562608584549089,3.002979972672298,1.0418211853937906,0.6205556362571542,-0.3638206258576968,8.48388671875e-05,0.583282090969405,False,True,True,False
pt022,MR1,003_to_002_warp.nii.gz,1.2040454370604605,1.2199402835303943,9.775324555118651,0.002230691209801241,0.1657568498308128,0.6874011722362406,3.084853142684289,1.0462879892515757,0.6932190472315315,-0.6217080494911792,9.765625e-05,0.6259684909855362,False,True,True,False
pt022,MR1,004_to_003_warp.nii.gz,1.1614109017850225,1.254128240475655,10.423433337035405,0.0010570905011783342,0.10427058987227807,0.632506984965119,3.0389109803851238,1.0432840879980967,0.6644145752892076,-1.1133454715310453,0.00011962890625,0.6146728105106195,False,True,True,False
pt022,MR1,005_to_004_warp.nii.gz,1.252427016437027,1.2554604241628402,11.764389157722913,0.003729428523501381,0.17170929568521295,0.7365144657991419,3.2007585535179093,1.04550171777066,0.7370411136346374,-0.4669154189374859,0.000106201171875,0.6828330763344997,False,True,True,False
pt022,MR1,006_to_005_warp.nii.gz,1.2331153004034254,1.2729069584834032,8.504416717572653,0.0017674451745149369,0.1256411427250618,0.7057948514879144,3.151744121886959,1.042515797515227,0.6879451374696389,-1.1226621691805654,0.00010498046875,0.652092526800724,False,True,True,False
pt022,MR1,007_to_006_warp.nii.gz,1.1559751853915965,1.2696147689785382,9.638502757444238,0.0006199929382622699,0.11030311250293805,0.607293213329967,3.0767803089201977,1.0403039465853636,0.6502395785240169,-0.5204594164148701,9.765625e-05,0.6312811180713932,False,True,True,False
pt022,MR1,008_to_007_warp.nii.gz,1.0866338642679079,1.2320828327330837,8.419506497156284,0.0008002835781999254,0.10739803971004576,0.5258912949515568,2.968195289849833,1.0433417523256314,0.6328066115626171,-0.5982753615467061,9.46044921875e-05,0.5532082027176932,False,True,True,False
pt022,MR1,009_to_008_warp.nii.gz,1.085438195557851,1.21844952984174,10.16914607482143,0.0010761648915244575,0.11710722658999824,0.5295095958610349,2.9654150129913037,1.0450120907593508,0.6307147912406531,-0.49812707082913177,6.103515625e-05,0.5420815229661992,False,True,True,False
pt022,MR1,010_to_009_warp.nii.gz,1.2177756950930054,1.2564890022547166,9.164199608308936,0.0018293082180061231,0.14047110067429142,0.7054558768342146,3.101869321758357,1.0456724032892744,0.6965027871752663,-0.9547320804850091,0.0001171875,0.6494187298450987,False,True,True,False
pt022,MR1,011_to_010_warp.nii.gz,1.2302990460112668,1.3034963796573036,10.676127491949895,0.002162468582440974,0.1491498289487911,0.6596027389093044,3.2905479349325417,1.0377406251669914,0.685939860647517,-0.9551951077283165,0.000108642578125,0.7067104891854262,False,True,True,False
pt022,MR1,012_to_011_warp.nii.gz,1.0533145286907941,1.2310369067047149,11.28037073523063,0.0007510803014626053,0.10636106901249591,0.4838892554279794,2.9663831352486247,1.0440290519619078,0.6126500582258523,-0.5499378590367681,7.9345703125e-05,0.5264727443353101,False,True,True,False
pt022,MR1,013_to_012_warp.nii.gz,1.1751252145417888,1.2696796241049553,13.687512988628395,0.0018366281852340122,0.12904428429068374,0.6276495088369001,3.1111629205255076,1.0401569003917979,0.649640687182764,-0.7205634686194629,0.000128173828125,0.6292002942700061,False,True,True,False
pt022,MR1,014_to_013_warp.nii.gz,1.1712343065689361,1.2588204158323404,10.423474574660139,0.0019179835128879483,0.1464918438060189,0.616237682916253,3.125371408096613,1.0382137323989715,0.6602864799348198,-1.0944978893660484,0.0001776123046875,0.6440593712790045,False,True,True,False
pt022,MR1,015_to_014_warp.nii.gz,1.8839271490045355,1.944188510438427,25.987687958516172,0.005889917396835285,0.309415147162152,1.2035442998879642,4.294034077750888,1.0262056274092288,0.8943249721883423,-6.347533950414242,0.0027947998046875,1.529229207669423,False,True,True,False
pt022,MR1,016_to_015_warp.nii.gz,0.9998686727758875,1.1695341656269644,9.039442576094995,0.001733395852074167,0.1021131485621515,0.449785837009389,2.8612694304192603,1.0431692818428624,0.5770365684019617,-1.0115535863865408,5.31005859375e-05,0.45254368830707664,False,True,True,False
pt022,MR1,017_to_016_warp.nii.gz,1.5195127415836782,1.3503501692408264,11.047782387805407,0.006056220796350982,0.30743364826507436,0.9880878304899994,3.726293975101143,1.0503124065797211,0.9462898367897087,-4.266524083163666,0.0006103515625,0.9437062991158023,False,True,True,False
pt022,MR1,018_to_017_warp.nii.gz,1.036532822228879,1.2345155977706117,10.085903222739457,0.0020449496740405056,0.10016629707962205,0.44509061307168307,2.9505839043139974,1.0416841292436723,0.5969717547238521,-1.631625539862727,7.38525390625e-05,0.5103082871768336,False,True,True,False
pt022,MR1,019_to_018_warp.nii.gz,1.1019184918997234,1.2303549257296231,9.492470176913065,0.0016069016484732848,0.1215882273841006,0.5483647204347508,2.9864387667755112,1.0445587895229551,0.6467778092517009,-0.725337646793402,0.0001422119140625,0.5518794402484525,False,True,True,False
pt022,MR1,020_to_019_warp.nii.gz,1.0358473071085488,1.2393085855141917,11.417429950881347,0.001282374916943406,0.09967913061083432,0.4459570058119106,2.962570350688301,1.0439596565046334,0.6109252351949593,-1.1844251585042702,0.0001171875,0.5145064024817086,False,True,True,False
pt022,MR1,021_to_020_warp.nii.gz,1.4404660806877103,1.4599742678552303,19.13502827539317,0.002369208965045494,0.19700556258660945,0.864606130870632,3.703716433243056,1.0327523080015009,0.7619000731286042,-5.706010416400638,0.0008160400390625,0.9515023837744258,False,True,True,False
pt022,MR1,022_to_021_warp.nii.gz,1.1935982190047951,1.2222498811826483,8.299620180814003,0.0027745180881459126,0.16935859267630102,0.6663676073949751,3.0760654903190097,1.0459338329413328,0.6953530239745004,-0.42728607291285153,5.7373046875e-05,0.6283698465758755,False,True,True,False
pt022,MR1,023_to_022_warp.nii.gz,1.0939007379724308,1.2424184462225656,11.709759617100387,0.0023374645628970246,0.10544558644484103,0.5507339969042186,2.9772611867556007,1.0438919564445388,0.6393193979546266,-1.7127247590732255,0.0001611328125,0.5552638092389084,False,True,True,False
pt022,MR1,024_to_023_warp.nii.gz,2.1976405926423017,2.262450516958424,27.285387529695065,0.006292427610241572,0.3716449471482283,1.4764350863892952,4.776189606599823,1.0235629170160643,0.9891393460690692,-13.789293405460404,0.0057440185546875,1.9773659056717634,False,True,True,False
pt022,MR1,025_to_024_warp.nii.gz,1.2268584692482356,1.218562531602372,8.519548411581802,0.0023257969177095978,0.1818500551922584,0.7175864281483935,3.121779993134757,1.0464186183801032,0.7083691125418323,-0.6794602898016842,5.615234375e-05,0.646196709686017,False,True,True,False
pt022,MR1,026_to_025_warp.nii.gz,1.2387529050428474,1.2442219313564773,9.241541122327927,0.0025811165249487577,0.16312306928830966,0.7320319569626181,3.1304834143819695,1.0461613369260157,0.7108298598838202,-0.5799983769845598,9.82666015625e-05,0.6572046990800486,False,True,True,False
pt022,MR1,027_to_026_warp.nii.gz,1.1190379483047836,1.2576815455021222,10.167337962738245,0.0011341138493202092,0.10728483335980812,0.553283192190158,3.025621278056388,1.0440004369402096,0.6482462872242687,-0.6041503633204987,8.056640625e-05,0.5853386518490283,False,True,True,False
pt022,MR1,028_to_027_warp.nii.gz,1.14151749879524,1.2610937391708303,9.088570139780947,0.0016600894066831381,0.10643973469991631,0.5889312798252047,3.044577762017619,1.0436836538621388,0.6618916381813641,-1.867073437810274,0.00014404296875,0.6005732938163819,False,True,True,False
pt022,MR1,029_to_028_warp.nii.gz,1.627009913034849,1.5969888755633899,16.79247059743768,0.0011444346876090794,0.23532004053604516,1.0253832056772656,3.918065773631601,1.0305900039385039,0.8280843008886201,-2.959130503956757,0.0015020751953125,1.1762756211241459,False,True,True,False
pt022,MR1,030_to_029_warp.nii.gz,1.1701185129701455,1.2394672292062787,10.175513320107038,0.0018405011731224934,0.13184530794771357,0.6516738186849211,3.032616925752132,1.038644045657557,0.6558643575164576,-0.7257429767381687,0.00010009765625,0.6214643710179015,False,True,True,False
pt022,MR1,031_to_030_warp.nii.gz,1.2976385258461516,1.265871993558232,10.155680980736813,0.002874342213779331,0.20391381248272805,0.7713982575320742,3.3501955120433866,1.0472323986391938,0.7564094291312619,-2.932063513241214,0.00018798828125,0.7234783039592656,False,True,True,False
pt022,MR1,032_to_031_warp.nii.gz,1.0741112619054847,1.2120922905574265,7.553639660117179,0.0015966634437386722,0.10660169325650772,0.543105799159715,2.947329622114676,1.0416756475642148,0.6100634827584699,-1.1985732360227672,0.00011962890625,0.5303564874278982,False,True,True,False
pt022,MR1,033_to_032_warp.nii.gz,1.1858103058641492,1.2297518172983144,8.208706247521539,0.002569326834844823,0.13529277492257297,0.6776970807699998,3.01707371660881,1.0396729197738865,0.6498712512048671,-0.33753573529670444,3.84521484375e-05,0.6173925347997786,False,True,True,False
pt022,MR1,034_to_033_warp.nii.gz,1.1673760950552794,1.2407670583290644,11.576449393419958,0.0015219515056010009,0.11423105153703947,0.6679907062411845,2.991978415771401,1.043983773987491,0.6629487067614515,-0.5174445080597636,6.16455078125e-05,0.5887907074996364,False,True,True,False
pt022,MR1,035_to_034_warp.nii.gz,1.3800554422239037,1.2853136020893223,10.164253764764105,0.005693481700363971,0.23740514783526043,0.8666994260768566,3.4627169271622447,1.0485604480383017,0.8110044430524052,-1.2453381747225163,0.00017822265625,0.7969360037876214,False,True,True,False
pt022,MR1,036_to_035_warp.nii.gz,1.0994221269074724,1.252035538846597,9.423972789114679,0.0013927749784765537,0.11336612062941062,0.5283932448189188,3.003013849204638,1.0412023321728985,0.639144752165172,-0.9527285860316009,0.00010498046875,0.5784524814219163,False,True,True,False
pt022,MR1,037_to_036_warp.nii.gz,1.0578998060492792,1.2250014475361757,9.196503090320915,0.0012503808755535387,0.11060554497650232,0.4946384050505005,2.9579531392620475,1.0411303186896987,0.6081485521889695,-0.5895921508046584,5.9814453125e-05,0.5246661694631818,False,True,True,False
pt022,MR1,038_to_037_warp.nii.gz,1.0420183387305846,1.2141476231156356,10.705893300613312,0.0017189685110098566,0.11172442047168253,0.48150337257308445,2.9480031136254556,1.044474258896419,0.6099123587213947,-0.3195244460640332,4.39453125e-05,0.5086807889144,False,True,True,False
pt022,MR1,039_to_038_warp.nii.gz,1.1033617839198944,1.223490145352664,8.130828441739657,0.0017256421328006233,0.12303124611326055,0.57001540138336,2.9756928954873203,1.0444559778195828,0.6312120717257131,-1.5981947544260722,5.43212890625e-05,0.5383276812759354,False,True,True,False
pt022,MR1,040_to_039_warp.nii.gz,1.0624491394759994,1.2516008937311243,8.731980533466999,0.001647314916929543,0.10353322454087739,0.48228907414938027,2.9843660292536085,1.0420266130194942,0.6212170869754812,-0.6783734031035774,0.000113525390625,0.5445922546193439,False,True,True,False
pt022,MR1,041_to_040_warp.nii.gz,1.9847815117030922,1.9860197706061269,21.474983986630992,0.0033161658401202805,0.33151375930675364,1.3127353053606927,4.503033049264782,1.0256064932734665,0.9490359073556273,-9.590618348813665,0.0035540771484375,1.6709301730042734,False,True,True,False
pt022,MR1,042_to_041_warp.nii.gz,1.2457598805394048,1.2794581461748977,10.375382899399035,0.001635352903313904,0.16055540144900612,0.7081286112645112,3.28093261875981,1.0372101662768018,0.6808041809997,-0.7804392327062815,0.0002301025390625,0.6985453631591677,False,True,True,False
pt022,MR1,043_to_042_warp.nii.gz,1.0223265711341032,1.1936572722140928,12.052251015357626,0.0009509716711118473,0.10836185782636774,0.4883472580014776,2.8931986863395824,1.0430353656746,0.6026858996023026,-0.7375647638052355,7.50732421875e-05,0.48166996030686976,False,True,True,False
pt022,MR1,044_to_043_warp.nii.gz,1.1326074367297685,1.2238123907607321,11.024947332941561,0.0013639297689292422,0.14724957492387827,0.5961099308380533,2.99135118827143,1.0373289562513452,0.6226254890488517,-0.3724857613523045,9.8876953125e-05,0.5725975909807675,False,True,True,False
pt022,MR1,045_to_044_warp.nii.gz,1.3694113965974202,1.2959447092993295,10.114116166326596,0.0030746157620139486,0.254529567559341,0.8306906977386856,3.4973451166706906,1.0492341840934352,0.832491637018439,-2.113419893704042,0.00046630859375,0.7999064438531315,False,True,True,False
pt022,MR1,046_to_045_warp.nii.gz,1.1471453322286398,1.2196754266033716,10.049336993469419,0.0023667463048620586,0.14951136670568008,0.614843490033808,2.994802534135615,1.0457218878166976,0.6609527960761663,-0.5879613353058926,5.18798828125e-05,0.5767668186216878,False,True,True,False
pt022,MR1,047_to_046_warp.nii.gz,1.0685693559332334,1.2271363963379205,8.616214031463008,0.0017780731164526546,0.10523980294399668,0.5136726855108945,2.9639627609015604,1.0438126492176403,0.6160408127275147,-0.9561919664608743,9.46044921875e-05,0.523765054476252,False,True,True,False
pt022,MR1,048_to_047_warp.nii.gz,1.1201595599391596,1.2479903305408486,9.538351501581152,0.001465194648709117,0.10879053251381528,0.5668890133950657,2.996631979363535,1.0443196732060025,0.6634226334458484,-1.16832884684885,0.0001519775390625,0.5880171841058665,False,True,True,False
pt022,MR1,049_to_048_warp.nii.gz,1.2100766211267202,1.2882408903429168,12.285488183621402,0.0011005720296155715,0.13523154213401523,0.6514175899775383,3.184611229755407,1.0381244342487879,0.6847786115224589,-0.8388315765260465,0.000155029296875,0.6952985070396619,False,True,True,False
pt022,MR1,050_to_049_warp.nii.gz,1.0967187522034645,1.2355406546026546,8.697052790655208,0.0012801510362312864,0.11336787885551652,0.5400060860380154,2.979295046167579,1.0446055459990722,0.6420027628635061,-0.7186074238713193,4.638671875e-05,0.5624230243351322,False,True,True,False
pt022,MR1,051_to_050_warp.nii.gz,1.111783978923324,1.2276209420137498,8.391296364239787,0.00041017673038552983,0.13037727631810392,0.5584590496031372,2.9848359348359126,1.0448312781722928,0.649914261625605,-0.5402780768005633,4.8828125e-05,0.5681841710838552,False,True,True,False
pt022,MR1,052_to_051_warp.nii.gz,1.1870473807202773,1.2911670251230503,10.445906957375588,0.002214246297358762,0.12672794486118102,0.6184165853619552,3.1870462517482503,1.0390031695291904,0.6760694201616467,-0.6953758250071989,0.0002178955078125,0.6648936444134672,False,True,True,False
pt022,MR1,053_to_052_warp.nii.gz,1.1180656474934343,1.275413289328799,11.446259581843572,0.0018874706858684079,0.10666942431605883,0.541680427726041,3.0520075869290935,1.0420856314761147,0.6540727185265012,-2.3109549011592847,0.000177001953125,0.5988447642624075,False,True,True,False
pt022,MR1,054_to_053_warp.nii.gz,1.0332486682087336,1.2470910251407759,7.975295394552392,0.001600935660642742,0.09702362785324277,0.43120615886243335,2.9734692540425747,1.0418176965714647,0.6206520920298663,-2.2711705190049614,0.000103759765625,0.5241167712300944,False,True,True,False
pt022,MR1,055_to_054_warp.nii.gz,1.1734883243809444,1.2833983554287187,13.293300639954571,0.0017247142537853914,0.12453438328415965,0.6126854244559103,3.1316711708367717,1.0382939185499025,0.6497895774172209,-0.5224203114354441,0.0001812744140625,0.6206246155869153,False,True,True,False
pt022,MR1,056_to_055_warp.nii.gz,1.177407003552179,1.2553083058782948,8.475648291244683,0.0019243413298856004,0.13479115127861102,0.6342911030252398,3.101136466335573,1.0392538371470617,0.6523821892580305,-0.6834528816070781,7.080078125e-05,0.620852022260987,False,True,True,False
pt022,MR1,057_to_056_warp.nii.gz,1.1286277277769756,1.223986609702577,8.884965934024928,0.0020597510078995142,0.12734408835988073,0.5953786100589026,2.9929380520107216,1.0443748307250875,0.644240136248803,-0.31964501486688174,3.96728515625e-05,0.5533102094978442,False,True,True,False
pt022,MR1,058_to_057_warp.nii.gz,2.4872750391928924,2.6676991685404703,27.25385470754802,0.002162674814259456,0.43058745567089396,1.679989395314411,5.201061094553313,1.0195226016226315,1.0916147989626632,-17.966459222978354,0.008905029296875,2.4678530795580342,False,True,True,False
pt022,MR1,059_to_058_warp.nii.gz,1.5530207315212314,1.324203412600509,11.443126980370211,0.006600558347386972,0.32604786556312665,1.0691633967339218,3.7003578660968497,1.0501763254611027,0.9754163498958548,-2.222857043940374,0.000810546875,0.9919894812446151,False,True,True,False
pt022,MR1,060_to_059_warp.nii.gz,1.3628671624376296,1.2775225884430337,9.40526567867556,0.0017218093687703668,0.22704925012483942,0.851882243773431,3.42478655517061,1.047681154243878,0.7935756140175207,-1.6937292183308899,0.000115966796875,0.7663333600720924,False,True,True,False
pt022,MR1,061_to_060_warp.nii.gz,1.0441772689957267,1.2291355013534488,10.201020555745176,0.0014685657420466386,0.10176362067440521,0.47427952765767645,2.9570376876386333,1.0438983253056089,0.6185556846493006,-0.45409051694886643,6.8359375e-05,0.5153983992067331,False,True,True,False
pt022,MR1,062_to_061_warp.nii.gz,1.0559613931309983,1.2475706345062754,10.46220953265877,0.001930705580015092,0.10167578457927333,0.46413137239574265,2.9830966371711973,1.0416233787681421,0.6217199960075946,-0.7727710629421629,6.77490234375e-05,0.5409872980451655,False,True,True,False
pt022,MR1,063_to_062_warp.nii.gz,1.0967312375914666,1.246570163938776,8.960597612238477,0.00100278764697338,0.10619828905376001,0.5336401044058614,2.9923194105238986,1.0438225186883168,0.6326701807063729,-0.7694444783002423,0.0001666259765625,0.5578460595107563,False,True,True,False
pt022,MR1,064_to_063_warp.nii.gz,1.2383157402948193,1.3049301150282517,11.433951345546339,0.002662790218496984,0.1525659246952988,0.6660712104830466,3.350129121598214,1.0371709881162081,0.6763603418609941,-1.060696613101349,0.0002130126953125,0.7039605217150364,False,True,True,False
pt022,MR1,065_to_064_warp.nii.gz,1.0477634253390693,1.2106127667892086,8.136298490719543,0.002523883372481473,0.11388307672809526,0.4842888851042301,2.9388572348352207,1.0448199666510924,0.613239338652982,-0.6367246310491087,3.96728515625e-05,0.5076670157372736,False,True,True,False
pt022,MR1,066_to_065_warp.nii.gz,2.507383934379899,2.6968588126611537,30.19505945641795,0.006214079094362355,0.44093055046691537,1.724468249307817,5.160105311725011,1.018701195112457,1.0903133581986677,-9.946471932244178,0.0086859130859375,2.5497359078894823,False,True,True,False
pt022,MR1,067_to_066_warp.nii.gz,1.7609080442791878,1.4477802343333779,13.119611962719633,0.005809428690078331,0.41224204588590063,1.2462208338770142,3.9114000093208205,1.0529825728927442,1.1837048747326353,-8.095076035341108,0.001673583984375,1.2720632797285771,False,True,True,False
pt022,MR1,068_to_067_warp.nii.gz,1.6083189839637086,1.6214944678190293,16.105103547866015,0.003305796710322728,0.2397195530674242,0.9759122210325709,3.9058129145604124,1.0306957339897933,0.8071694010391034,-5.441026256392239,0.001475830078125,1.134501765298817,False,True,True,False
pt022,MR1,069_to_068_warp.nii.gz,1.1461670087587787,1.2423302510788439,9.004207141694886,0.0009810416941883097,0.11257447662155778,0.6090028771908418,2.994230819059597,1.041402352859617,0.6516772204623916,-0.29168962196108517,9.8876953125e-05,0.5853337050582457,False,True,True,False
pt022,MR1,070_to_069_warp.nii.gz,1.159775283286462,1.252674782490211,11.402198949002413,0.0014031411249592308,0.13482983146696548,0.6081424854872522,3.0858590063089646,1.0386711913083841,0.6438052225256619,-2.154611042799466,0.000201416015625,0.6242046607294511,False,True,True,False
pt022,MR1,071_to_070_warp.nii.gz,1.7285126940658413,1.4250191570957886,15.0008045713881,0.004474263491905567,0.4014986643107808,1.221993063528899,3.8986612323598457,1.0523399723785898,1.1506802941775758,-3.992953517663927,0.0018255615234375,1.240464581568147,False,True,True,False
pt022,MR1,072_to_071_warp.nii.gz,1.2598754467116566,1.3351771673357884,14.712552615465533,0.0008358979702904395,0.14185390016478314,0.6907099555380338,3.3681371553975232,1.037558786464164,0.6898487601275611,-3.749169024144308,0.0003851318359375,0.7250361854575581,False,True,True,False
pt022,MR1,073_to_072_warp.nii.gz,2.2582670996212473,2.4104773816249363,26.36682398746568,0.004642541741523902,0.3824913965982917,1.5057394035610008,4.787566209691054,1.0198510286689817,1.0197316508025835,-11.709078691604681,0.0063885498046875,2.1006590625873747,False,True,True,False
pt022,MR1,074_to_073_warp.nii.gz,1.64922118850822,1.4086994515876652,14.186461726265046,0.0065705963208187446,0.35859336988711693,1.1285338873817097,3.8377100965140216,1.0513807394469594,1.0881671336657583,-3.803733188591029,0.0016851806640625,1.1346121944603802,False,True,True,False
pt022,MR1,075_to_074_warp.nii.gz,1.0984180952296279,1.2348416696529112,8.782890300773653,0.0014131158962050843,0.11490678649928401,0.5265394355233363,2.9871802347119334,1.040832865675707,0.6313382732727838,-2.011039403002645,0.0001025390625,0.5760131744717872,False,True,True,False
pt022,MR1,076_to_075_warp.nii.gz,1.083580594960007,1.2181707056306526,10.254024775252741,0.001878160420900242,0.11715440361168185,0.5272968026395186,2.967575564824231,1.0438906657869793,0.6252446534807942,-0.7796366849235518,6.7138671875e-05,0.5361472809097616,False,True,True,False
pt022,MR1,077_to_076_warp.nii.gz,0.9566570131126986,1.198357516721225,8.073977637203747,0.0013262506719293227,0.09176380370478558,0.37278896823400737,2.8973171966924354,1.042958940731279,0.573528719919424,-1.9035939431865796,5.92041015625e-05,0.44100139264896854,False,True,True,False
pt022,MR1,078_to_077_warp.nii.gz,1.0183755212236374,1.2189107848733174,9.91273370188101,0.0014688286979030532,0.10511896562333815,0.43290418346266357,2.9433607598663287,1.0411175097092868,0.5950957605349488,-0.32619353890908437,5.7373046875e-05,0.502963915403284,False,True,True,False
pt022,MR1,079_to_078_warp.nii.gz,0.9916887094060826,1.199957698510154,9.659129068390591,0.0008509730520763939,0.10371932011390302,0.4169915105838059,2.9098587899137143,1.043981164616554,0.5935554760267769,-0.3329768611751657,3.47900390625e-05,0.46133130281259255,False,True,True,False
pt022,MR1,080_to_079_warp.nii.gz,0.9748958204889902,1.212324685258358,8.617581215357495,0.0020425879144737365,0.09213814911203075,0.3814355725326443,2.9202119548586785,1.0428047070028676,0.5810030638573493,-0.18457640879877724,4.08935546875e-05,0.46765178660513085,False,True,True,False
pt022,MR1,081_to_080_warp.nii.gz,0.9861427534835889,1.2159817416684455,8.20415714546426,0.001296121734770915,0.09649909369260697,0.4033529340969445,2.9357645380843884,1.0420907181849992,0.5839954706394602,-0.6520892415220494,5.126953125e-05,0.4722058485336639,False,True,True,False
pt022,MR1,082_to_081_warp.nii.gz,1.0083344787319277,1.2153104716633465,9.292525968223886,0.0017716964484758584,0.09986205776257423,0.43596024171633685,2.931330113739696,1.042787609474087,0.5920580748295144,-2.034092934015812,0.0001116943359375,0.49327773595649177,False,True,True,False
pt022,MR1,083_to_082_warp.nii.gz,1.642431621593565,1.6663967232402255,25.017281110870286,0.0029540462070098542,0.1654974785850556,1.0805914680614432,3.9296565811731985,1.0379103638333915,0.900789817392734,-5.541158794996055,0.002275390625,1.1473191209656124,False,True,True,False
pt022,MR1,084_to_083_warp.nii.gz,1.7010483924519177,1.4021087535498065,11.991047534411472,0.005520067700943776,0.32687330084314886,1.2375864569112789,3.8921761887308857,1.0433767454293073,0.9997163617649166,-2.318503555028456,0.000814208984375,1.1151375762239975,False,True,True,False
pt022,MR1,085_to_084_warp.nii.gz,3.0112807852098795,3.153520274068417,34.51172802022735,0.008867295718230573,0.579634822633264,2.078276763271117,5.822832829216513,1.016992049738474,1.273034653998905,-27.442501002096662,0.0170037841796875,3.5954162298879573,False,True,True,False
pt022,MR1,086_to_085_warp.nii.gz,1.8740401341779966,1.4379452773130708,14.82419386261014,0.008135940619698818,0.4639736197502309,1.4311777681610571,3.945355407412804,1.0532254110921884,1.2524897159687574,-21.07115546475262,0.0029827880859375,1.4260132130454712,False,True,True,False
pt022,MR1,087_to_086_warp.nii.gz,1.8387689560037963,1.8239825307307203,27.426410748958173,0.004943224277818301,0.28831802962826725,1.232755611564823,4.115741286799051,1.0255861517025395,0.9076309368441197,-5.412106190936166,0.00292724609375,1.5050157725808737,False,True,True,False
pt022,MR1,088_to_087_warp.nii.gz,1.8074897402377144,1.8343221792193203,20.430647067200688,0.003378843283378126,0.29250220773793506,1.1479445306002845,4.117452624556923,1.026472104829946,0.8775392852727575,-8.653752288074092,0.0028802490234375,1.4125586564323447,False,True,True,False
pt022,MR1,089_to_088_warp.nii.gz,1.5610108099841293,1.3073543038172977,10.752153873122246,0.0038347906575774723,0.31207976138703786,1.1064802344427593,3.676817468968689,1.0490705309136183,0.9634268575291545,-2.638095554090589,0.000911865234375,0.9936730172118413,False,True,True,False
pt022,MR1,090_to_089_warp.nii.gz,1.3027440350453259,1.2622965293186303,9.713386818206104,0.002702422218346218,0.17832008648644104,0.8136420040586513,3.2592995540113527,1.0440983778747357,0.7428225298074539,-2.8604031809831882,8.48388671875e-05,0.6767535942366985,False,True,True,False
pt022,MR1,091_to_090_warp.nii.gz,1.0600328089814108,1.2669925134390156,12.418094312279669,0.0014096626151877348,0.10009384574944999,0.4711129218247134,2.9851225845733067,1.0420614595363318,0.6254349104814346,-0.5205404712403563,9.765625e-05,0.538378474409557,False,True,True,False
pt022,MR1,092_to_091_warp.nii.gz,1.1540328883308444,1.2717944561559575,10.560584012874992,0.001201822739317157,0.10708427160946374,0.6082698596127907,3.062908860307833,1.0386179945043081,0.6372157705378396,-0.4497117767345253,8.30078125e-05,0.5893399206144949,False,True,True,False
pt022,MR1,093_to_092_warp.nii.gz,1.0208203793115884,1.2050394631666204,7.796227597993502,0.0003350286218359705,0.09603355523360474,0.4598572825922671,2.920158100426921,1.041932601345417,0.5834973595987109,-0.2991371513700096,4.94384765625e-05,0.479761284449758,False,True,True,False
pt022,MR1,094_to_093_warp.nii.gz,1.0316683478983064,1.2349109724268172,10.043221614398517,0.001967410974224963,0.0947860184762793,0.43603317563338706,2.947329164727556,1.0419724170878168,0.5962493351086966,-0.5874419603094951,9.765625e-05,0.5024650600371582,False,True,True,False
pt022,MR1,095_to_094_warp.nii.gz,1.0771198518128784,1.2334468726766865,8.537631863691116,0.0011387300547453436,0.09805090652683751,0.5055397253593124,2.9573630221427822,1.0438765602472941,0.6179075878493403,-0.5110377113102637,5.126953125e-05,0.5423276778684994,False,True,True,False
pt022,MR1,096_to_095_warp.nii.gz,1.114922180046844,1.2362141875980728,10.733662033550607,0.0005663069772792676,0.11008811786382813,0.559459694518992,2.98155259362118,1.0445861994149523,0.6486619182519413,-0.8734958804084135,9.21630859375e-05,0.5654407249069614,False,True,True,False
pt022,MR1,097_to_096_warp.nii.gz,1.1256941826321027,1.2540330052152346,10.990589626471138,0.0010531962348429666,0.11545452921166617,0.5644574471871527,3.0108137778533153,1.0438977812349801,0.6527778994741074,-0.533968950284651,3.47900390625e-05,0.5938101193948474,False,True,True,False
pt022,MR1,098_to_097_warp.nii.gz,1.1255774631661448,1.2739231851757187,9.184635667669701,0.0009765605751074906,0.10279810775003093,0.5523376945699021,3.059975840695596,1.043038202773029,0.658560128476855,-1.1712754973109851,0.00010009765625,0.5949226224406188,False,True,True,False
pt022,MR1,099_to_098_warp.nii.gz,1.0433206180927763,1.2612309736637102,8.236640575056526,0.0005461291758381149,0.09855040087301763,0.42835859646320096,2.9937444631827157,1.0423610868784943,0.6209945173001633,-1.054750570009905,0.0001300048828125,0.5323920327361031,False,True,True,False
pt022,MR1,100_to_099_warp.nii.gz,1.2704579631012791,1.3278578753461263,11.686192252633637,0.0015349164907301552,0.15879217187960923,0.6999355145990169,3.4012740180517813,1.037052581294718,0.7045869421089894,-3.007349775777855,0.0001800537109375,0.7526068812048183,False,True,True,False
pt022,MR1,101_to_100_warp.nii.gz,1.0179133896139894,1.2154478002647835,8.181536695417828,0.0022632237783559144,0.10012578978520593,0.44628598089412924,2.937160045069575,1.0436971860712267,0.6003259277678309,-0.28576176415038124,3.0517578125e-05,0.48162848518732004,False,True,True,False
pt022,MR1,102_to_101_warp.nii.gz,1.0196163110138836,1.23422923290634,10.917145720724779,0.0014251162716998422,0.09631538120394302,0.4280346841544297,2.9551171025909344,1.042195673568425,0.5945639481701694,-0.7450393751812333,0.0001324462890625,0.4974311718770989,False,True,True,False
pt022,MR1,103_to_102_warp.nii.gz,1.1842584864888281,1.280738919976569,11.67512244812107,0.003279994070159403,0.13960150588430684,0.6214673421129211,3.179437944149135,1.0380829838793941,0.6535065730333179,-0.6546699261634454,0.0001568603515625,0.6493568782610575,False,True,True,False
pt022,MR1,104_to_103_warp.nii.gz,1.0240061088727817,1.1949260953095873,7.851989806925369,0.0020259781048535524,0.11103055401485765,0.472341094746456,2.917706226043324,1.0438593650387953,0.6050227450097388,-0.2680715139117237,5.615234375e-05,0.4861397578205214,False,True,True,False
pt022,MR1,105_to_104_warp.nii.gz,0.9954131349373935,1.210226983195065,10.974998598050195,0.0018537578294412686,0.09669928831310944,0.42672873990967775,2.9161261536643597,1.0420732747035608,0.5789314710884255,-0.3522101485246897,4.08935546875e-05,0.46542469937083697,False,True,True,False
pt022,MR1,106_to_105_warp.nii.gz,1.0120668042904106,1.2114867134850227,8.892138328084748,0.0006242574441247518,0.0942964576787143,0.44011913051267065,2.924570571270471,1.0423934609498944,0.5771407260748637,-3.312494297592663,4.150390625e-05,0.457951845962876,False,True,True,False
pt022,MR1,107_to_106_warp.nii.gz,1.1188610413797406,1.234438195955785,9.291827519839895,0.0015915596446797555,0.12005706120164668,0.5864471713124974,2.982240849052613,1.0412057771936594,0.6381647675585794,-0.58586476515467,6.8359375e-05,0.5834877274395506,False,True,True,False
pt022,MR1,108_to_107_warp.nii.gz,1.008081813424672,1.1917957586096675,8.481754940329749,0.0011119870169577152,0.10070520642127041,0.46690692042951076,2.8977098637698218,1.043452584574943,0.5793382921514478,-0.3495882078177623,3.90625e-05,0.4641068911023066,False,True,True,False
pt022,MR1,109_to_108_warp.nii.gz,1.3828874065770096,1.4232764564368927,12.57065603407176,0.0015312416095026994,0.19546984208755158,0.7973778183381621,3.625280663702625,1.0331278705492881,0.7313727996988862,-1.4859672239604493,0.0005908203125,0.8621801270567715,False,True,True,False
pt022,MR1,110_to_109_warp.nii.gz,1.1849346691348972,1.2150877181020427,8.558646333300802,0.0019559068615034956,0.17848621894783484,0.6695463065597946,3.0942848730731516,1.0463796509950967,0.6831350099851128,-0.43071301342155055,5.67626953125e-05,0.595009727148915,False,True,True,False
pt022,MR1,111_to_110_warp.nii.gz,1.0637869858261877,1.2058545560760239,8.86999452100208,0.0024453773407349007,0.12277258437204773,0.5234912499889245,2.938943575021484,1.039548397725402,0.608852072576963,-0.7160457880776825,5.06591796875e-05,0.5150965047216226,False,True,True,False
pt022,MR1,112_to_111_warp.nii.gz,1.150706251498394,1.2201315910948327,8.51125255503598,0.0019852541622629965,0.16256782634155634,0.6081954824539286,3.025772638153158,1.0460080573836554,0.663785335800692,-3.2890087446588483,9.09423828125e-05,0.5815515745114872,False,True,True,False
pt022,MR1,113_to_112_warp.nii.gz,0.9818152197018233,1.2065300312592266,8.56166528168782,0.001744191585132555,0.09651350660940439,0.42490944838110567,2.912135454823719,1.0429373696499646,0.569408897340069,-1.3584908906657374,5.859375e-05,0.44285519666352585,False,True,True,False
pt022,MR1,114_to_113_warp.nii.gz,1.0403056010563192,1.2109311712007254,6.764766816928973,0.0014667689408323758,0.09998095704301155,0.5064967206722286,2.9305561535830322,1.0435700963108236,0.6007917927110163,-3.066037249229939,1.40380859375e-05,0.5021208082399127,False,True,True,False
pt022,MR1,115_to_114_warp.nii.gz,0.9928416693048149,1.2066377759696787,9.05999063147582,0.000982255094869935,0.09736009047918673,0.43732539385587954,2.919196939343514,1.0425193698922892,0.5806222774712724,-0.26828817128771976,5.126953125e-05,0.46841035961292177,False,True,True,False
pt022,MR1,116_to_115_warp.nii.gz,1.1250457218463388,1.2204452708722353,8.316201444172261,0.003300966889950863,0.14502137501438128,0.5784595346203671,2.9840910364567135,1.0455175562781944,0.645523055541444,-0.41799871177688663,4.57763671875e-05,0.55724188352114,False,True,True,False
pt022,MR1,117_to_116_warp.nii.gz,1.0061861831097212,1.2252096793988705,7.666495688916554,0.0012353020371116015,0.09718988298910962,0.42856361328217857,2.952311761109078,1.04344247458128,0.5931007675334528,-0.7987951723374944,5.0048828125e-05,0.4682515596140921,False,True,True,False
pt022,MR1,118_to_117_warp.nii.gz,0.9788266067783133,1.230305441964657,9.099095825693938,0.0014180983429489852,0.09405925476118737,0.3929839733665518,2.948780421536694,1.0435703366091929,0.5858248259681571,-0.44030763032765907,2.685546875e-05,0.4541038535206695,False,True,True,False
pt022,MR1,119_to_118_warp.nii.gz,1.2688219654736501,1.3596927036000321,11.232881462937305,0.0019964313814863064,0.1627801373637146,0.6679602392965547,3.501689476687924,1.0354110404129144,0.6994835942573332,-1.7574200817149273,0.0002734375,0.7545956473020092,False,True,True,False
pt022,MR1,120_to_119_warp.nii.gz,1.3500532368200253,1.4060907684792863,12.022930775811254,0.0014641344356573773,0.18425198005059437,0.7446108219707512,3.6296191715996273,1.0343658009562402,0.7171870951616008,-1.3716559712389542,0.000394287109375,0.8129717661245075,False,True,True,False
pt022,MR1,121_to_120_warp.nii.gz,1.3564296838525909,1.3296779352841968,12.774676588899087,0.0017936608935868576,0.22910416178068907,0.7923080106177439,3.5367743778546203,1.0487930178877665,0.827535182225823,-3.5732938092321556,0.0004730224609375,0.7954866050621717,False,True,True,False
pt022,MR1,122_to_121_warp.nii.gz,1.1353489266517713,1.2670644287178212,9.908048926426728,0.0018580778508597295,0.11138966482678131,0.5872274706183215,3.0341374633450244,1.0447065831530917,0.6534009011840531,-0.8271616674461278,9.27734375e-05,0.5817944077609123,False,True,True,False
pt022,MR1,123_to_122_warp.nii.gz,1.3268973650205063,1.338381008576284,12.908484213183637,0.001993070318956047,0.17178357116043705,0.7713927425654747,3.443202563127994,1.0377991833790299,0.7226081529851597,-0.791335183579176,0.000181884765625,0.7761607421756453,False,True,True,False
pt022,MR1,124_to_123_warp.nii.gz,1.2098248349864236,1.2782426498035742,9.088481031463612,0.0015547420377107913,0.10782851344649083,0.6840072822278231,3.1074770296886745,1.0402465674099932,0.6670379425903,-0.3342934258021365,9.8876953125e-05,0.6351151148800619,False,True,True,False
pt022,MR1,125_to_124_warp.nii.gz,1.4285592263336633,1.4334991361039318,12.579428372493718,0.0016181930391753116,0.19764130628699925,0.8498931906767944,3.678536770146907,1.0327795486480336,0.7494224665568994,-1.3844043917249762,0.000654296875,0.9166158057239346,False,True,True,False
pt022,MR1,126_to_125_warp.nii.gz,1.0821468354673338,1.1976746280331985,7.272813929259518,0.0019779623939859,0.1081401129062547,0.5602123617973029,2.9353451852637753,1.042231996788763,0.6118206460142777,-0.5011236237110065,5.92041015625e-05,0.5170938132246848,False,True,True,False
pt022,MR1,127_to_126_warp.nii.gz,1.1067237281675621,1.2092612515838004,7.974516816151729,0.0017226199304610098,0.12891616637070763,0.5674257040495532,2.947917105859246,1.0448434312975308,0.638764419635299,-0.7006389170824987,3.23486328125e-05,0.5443182343873098,False,True,True,False
pt022,MR1,128_to_127_warp.nii.gz,1.055551385320525,1.2222402208365162,7.920155281939172,0.0017066896070699385,0.10158633106071029,0.4858109527053468,2.943578528909979,1.0427261646280968,0.6065051346820286,-1.0310526674038503,4.94384765625e-05,0.5163527392373947,False,True,True,False
pt022,MR1,129_to_128_warp.nii.gz,1.0497480650255064,1.2370515709614058,9.195218663943665,0.00110130355138554,0.09597600177577226,0.4551452852720211,2.960819953723507,1.04284513107315,0.6100717980149833,-2.2838812540517517,8.11767578125e-05,0.5241957150908904,False,True,True,False
pt022,MR1,130_to_129_warp.nii.gz,1.0227717537747127,1.2265217779768467,9.381219024705487,0.0018460841493599203,0.09444890879070479,0.422282258833805,2.9506349291883236,1.042664365226243,0.6086831874247046,-0.3497605363996936,6.591796875e-05,0.5101167137786432,False,True,True,False
pt022,MR1,131_to_130_warp.nii.gz,1.050722115092899,1.202064201716037,9.2145390160788,0.001540059752960589,0.11459274788995942,0.49741914078816535,2.927398063618881,1.0443591378820645,0.6112667063728123,-1.0775259512937978,5.859375e-05,0.5022656371173528,False,True,True,False
pt022,MR1,132_to_131_warp.nii.gz,0.9827432021049946,1.2175785651596966,7.870277131807936,0.00035982657676404786,0.09140079589751486,0.39327055972429925,2.9292872207207976,1.0429357310806266,0.5771961377249079,-0.25653745869646943,5.55419921875e-05,0.46062788818213707,False,True,True,False
pt022,MR1,133_to_132_warp.nii.gz,1.056143913946001,1.2217318537615514,9.214807056070374,0.0018839928585177288,0.11775024216693163,0.491786272332231,2.953297902744781,1.0403454899763789,0.606901764440954,-0.4144569959826292,0.0001458740234375,0.5261918741893628,False,True,True,False
pt022,MR1,134_to_133_warp.nii.gz,1.0561902180988079,1.2062913989735218,7.970581381080599,0.0011597406402927772,0.11411748501460245,0.5172436493165489,2.9400248492809316,1.041261640340547,0.6117866560866516,-0.8163390023076528,7.32421875e-05,0.5239947844065352,False,True,True,False
pt022,MR1,135_to_134_warp.nii.gz,1.1913911122066811,1.2589532639825898,9.681690971924569,0.0009270686286454175,0.10883695381825965,0.6896739798334669,3.0298065580009985,1.0435790204932618,0.6632289732545115,-0.7852355409215811,0.0001458740234375,0.6062099357047662,False,True,True,False
pt022,MR1,136_to_135_warp.nii.gz,1.2429082810272916,1.2696790412491183,12.85798155040974,0.0017194744260706476,0.13582750322996903,0.7436294793347247,3.0960997597410023,1.0403076097501809,0.663385091340008,-2.8248304230272496,0.00017578125,0.6344095118165186,False,True,True,False
pt022,MR1,137_to_136_warp.nii.gz,1.166639467492323,1.2433151731997443,12.329755498955684,0.002048138542913053,0.13453130931483687,0.6491162260118613,3.0227101691080986,1.0387909195446132,0.66480521859277,-1.5239812955955163,6.40869140625e-05,0.6198701804903697,False,True,True,False
pt022,MR1,138_to_137_warp.nii.gz,1.0987331980135517,1.2065000217310051,9.85576377384804,0.0016347850418735785,0.1096518249831087,0.579783625694232,2.9300679521925486,1.0421846603610625,0.6034565844821826,-0.5471522786954311,4.150390625e-05,0.49542519775852917,False,True,True,False
pt022,MR1,139_to_138_warp.nii.gz,1.1015207033322545,1.1817075072201317,7.745215295311619,0.002518271692135169,0.13157521843143657,0.6101430003618854,2.9210381034489146,1.0437485937410964,0.5978098811424749,-0.5082508835146204,1.220703125e-05,0.47537322891007194,False,True,True,False
pt022,MR1,140_to_139_warp.nii.gz,1.043254040193533,1.1860307964195649,10.891768496936102,0.00279921680386146,0.1246858357847289,0.5263738758675451,2.9147615109777965,1.0439119775036203,0.5974465044830858,-0.43634806524348935,1.8310546875e-05,0.4679193138388203,False,True,True,False
pt022,MR1,141_to_140_warp.nii.gz,1.062769834194059,1.21438829540126,10.179241265470937,0.0016310814746788003,0.11791625325807216,0.5340413778954264,2.945054380147496,1.0387635755293934,0.605074237818295,-0.2597002676854018,4.638671875e-05,0.509584886393301,False,True,True,False
pt022,MR1,142_to_141_warp.nii.gz,0.9533148713413143,1.2110349696872087,9.121646916471766,0.001130835511067418,0.09568570705642016,0.37734027320928243,2.9095473633951126,1.0435306105540116,0.5750954466437986,-0.4981393674636576,3.662109375e-05,0.43336919601454915,False,True,True,False
pt022,MR1,143_to_142_warp.nii.gz,1.0066146198353605,1.2015159949038867,10.203017432659907,0.0016774514887480415,0.11785910887027644,0.4505595629090059,2.915659438671489,1.044743165128584,0.5886588436582515,-0.23413315767349432,2.8076171875e-05,0.45825625194895125,False,True,True,False
pt022,MR1,144_to_143_warp.nii.gz,1.07840221619772,1.218206484570907,9.785811338347196,0.002584999201824149,0.13550154545589488,0.5402521612351743,2.9516100873405593,1.0461944818287057,0.6313237860586592,-0.25323605088273643,3.72314453125e-05,0.5151266714811109,False,True,True,False
pt022,MR1,145_to_144_warp.nii.gz,1.0535331307040467,1.2473594072053857,10.917948801410605,0.0009348483056542574,0.10982698772918494,0.4841788191270469,2.9584920986885384,1.0419270322281688,0.6197640909220574,-3.9567800068251984,0.0001019287109375,0.5151260124573898,False,True,True,False
pt022,MR1,146_to_145_warp.nii.gz,1.0289733720051804,1.2394928159993621,11.916886946864663,0.0013385296687274985,0.10072925558844174,0.45558414332441466,2.9507520430425918,1.0414681350121362,0.5979488607588009,-0.9959019838963472,9.033203125e-05,0.5004793354745226,False,True,True,False
pt022,MR1,147_to_146_warp.nii.gz,1.0873546966206025,1.2491311083883285,9.802066321577907,0.001900681065236335,0.11595917956405095,0.5242902159955996,2.9908964984096107,1.039592495797969,0.6327297171358047,-0.8497037255528235,7.080078125e-05,0.5483369341480422,False,True,True,False
pt022,MR1,148_to_147_warp.nii.gz,0.9691852010767785,1.2276796764083706,7.914953761615276,0.0015785788125939756,0.09360388804111944,0.37392319533039386,2.937838135182921,1.0430605418441532,0.5830498281670532,-1.1515526680745423,3.72314453125e-05,0.4490369497050149,False,True,True,False
pt022,MR1,149_to_148_warp.nii.gz,1.0570045162408992,1.2463147591105554,12.051440056945374,0.001546678615941749,0.10196314829656608,0.5042762784606527,2.9665241159386793,1.0398703053428409,0.6034459825160569,-1.2121822649432523,0.0001922607421875,0.5085208111706159,False,True,True,False
pt022,MR1,150_to_149_warp.nii.gz,1.1580510288618893,1.2461879538083354,10.078301437431987,0.002820968954221228,0.14193574219994548,0.6317589045852406,3.008724555962242,1.0406050275245655,0.6527632565748855,-1.0243370995936174,9.09423828125e-05,0.5983788221064082,False,True,True,False
pt022,MR1,151_to_150_warp.nii.gz,1.1462908268350747,1.2395465871046722,12.692336844761169,0.0025671245187860255,0.14983043251297132,0.5925736742633663,3.0400717838627846,1.0456243177872597,0.6666724170576508,-0.39487183035801865,8.056640625e-05,0.5786133726592269,False,True,True,False
pt022,MR1,152_to_151_warp.nii.gz,2.036643470059658,1.950725944051145,17.837941329515644,0.0036814032954077085,0.3261874264239478,1.4049795912766094,4.572178955462231,1.0294935542309422,0.9514199063278941,-5.986314922564299,0.002816162109375,1.5349405735313422,False,True,True,False
pt022,MR1,153_to_152_warp.nii.gz,1.1547394988745348,1.2398258145918362,11.135072899006483,0.0013674663953290428,0.10810300172061205,0.6298227164999283,2.986282905758378,1.042292122780402,0.6346574461506969,-0.8020411321860865,0.0001300048828125,0.5711514781481648,False,True,True,False
pt022,MR1,154_to_153_warp.nii.gz,1.2115586634406506,1.2242395253708709,10.391265679301117,0.0018371034720941067,0.15432864158561185,0.7052908726494175,3.0638826077442474,1.0438197379985343,0.68148273483546,-0.5332594528064254,6.89697265625e-05,0.6112773112249527,False,True,True,False
pt022,MR1,155_to_154_warp.nii.gz,1.2317012733348465,1.2565147675697226,11.11592716683219,0.0009711582725305521,0.16520404480991902,0.695382280058841,3.2073348405936413,1.0473830048805406,0.7235573071610139,-0.22262267741237393,0.00012451171875,0.6634279098050309,False,True,True,False
pt022,MR1,156_to_155_warp.nii.gz,1.1749908993161349,1.251680039790824,9.981838534434234,0.0017368792240721105,0.13620708212395052,0.6349237003961007,3.057731923403553,1.0454177247421408,0.681098411552648,-2.025665760162436,0.000157470703125,0.602405544824048,False,True,True,False
pt022,MR1,157_to_156_warp.nii.gz,2.317762053090389,2.3957523482639864,26.626769513031295,0.00506417726205881,0.39876732090056455,1.5979837995264887,4.887471743606829,1.0240017630714275,1.026789690429243,-17.20934876202609,0.0067523193359375,2.1273376394664036,False,True,True,False
pt022,MR1,158_to_157_warp.nii.gz,1.307962850901033,1.2804488591326022,9.074648028838173,0.0023371091920469816,0.1709677862324972,0.7760705119453453,3.3677700552462606,1.0448772932659105,0.7235342891687605,-0.7950096645738,8.7890625e-05,0.6850751989637213,False,True,True,False
pt022,MR1,159_to_158_warp.nii.gz,1.0506907855363623,1.2185446529185058,13.88203691424292,0.001401391588578668,0.10258617967824511,0.49708951553556224,2.941114581414289,1.0416304997879413,0.6037682454817846,-2.123097911357566,8.60595703125e-05,0.5157228000923946,False,True,True,False
pt022,MR1,160_to_159_warp.nii.gz,1.4102167141581747,1.322132637368055,12.22201901365363,0.003975138956202367,0.25479618148521865,0.869873900723328,3.6133400792971337,1.0496092174630811,0.8679248549473308,-5.387884164222084,0.0004595947265625,0.8498257485504493,False,True,True,False
pt022,MR2,002_to_001_warp.nii.gz,1.9491343118386555,2.1922980755862693,29.717001683478845,0.004818910983258554,0.34755788769230234,1.200364538275498,4.2684867299415385,1.0489999413431446,1.1602268461987872,-6.920392950686164,0.0016314697265625,1.3669310741536764,False,True,True,False
pt022,MR2,003_to_002_warp.nii.gz,0.9578583823301358,1.18751367165407,11.747793056693112,0.002105683112019391,0.09828494859174187,0.38179838990445014,2.8602745610627838,1.0403628081640037,0.5585999862242446,-0.5658610777221734,8.23974609375e-05,0.4357147806980848,False,True,True,False
pt022,MR2,004_to_003_warp.nii.gz,1.4027459004489584,1.8143681480866267,25.17136758617278,0.0018765087826652328,0.1862243848771062,0.7199415320546279,3.543788098418548,1.036851733296438,0.8182928925779064,-10.943210311871455,0.00073486328125,0.8946682882410125,False,True,True,False
pt022,MR2,005_to_004_warp.nii.gz,1.2838580194988904,1.6292688433982445,22.032116006639445,0.0038507441537030925,0.1943819063764163,0.6425203887258337,3.255030216385511,1.0465653965487398,0.7234089818258069,-4.056800534198282,0.0001239013671875,0.6857690376498027,False,True,True,False
pt022,MR2,006_to_005_warp.nii.gz,3.1780299234041887,4.712481248316397,47.71429091810744,0.004505757778954738,0.4336268457804492,1.7583197792985645,6.579509099730904,1.0264076222043566,1.1471610249344035,-24.608598529910854,0.014356689453125,3.4302263184962296,False,True,True,False
pt022,MR2,007_to_006_warp.nii.gz,2.217931611222093,2.314679652854953,29.59728198872285,0.012918149140858572,0.49106777416982417,1.4901470482234322,4.539235575347228,1.0511985487544937,1.404258564757456,-10.682160860072365,0.00297119140625,1.7116149339494826,False,True,True,False
pt022,MR2,008_to_007_warp.nii.gz,0.8558693905677779,1.1345343941778163,9.283891048795372,0.0005246661774627405,0.0810831214695394,0.28989755337354567,2.7490988661069165,1.0424204166438358,0.5173225109290198,-0.837771625671008,4.82177734375e-05,0.35560351849724453,False,True,True,False
pt022,MR2,009_to_008_warp.nii.gz,0.8746432548548512,1.1546010486874623,9.200710318277094,0.0004141740005797559,0.08642228906366825,0.3067357720921839,2.773466179021758,1.0419303429646023,0.5263077821368122,-0.3135926261267307,3.662109375e-05,0.379525266647633,False,True,True,False
pt022,MR2,010_to_009_warp.nii.gz,1.1155724117852435,1.320303873959339,18.85613025543235,0.0011408363187515864,0.12354552292614353,0.5071651813037308,3.115723846930172,1.040641201938565,0.6291278207283938,-1.8628875088065835,0.0003411865234375,0.5744135661586418,False,True,True,False
pt022,MR2,011_to_010_warp.nii.gz,0.9931501869257522,1.2022328997692666,13.128023037398469,0.0009310351831579486,0.09040353944137339,0.4178009805464483,2.864819153606529,1.0404018245544888,0.5732185911118728,-2.2829356981783553,0.0002056884765625,0.4580267732379664,False,True,True,False
pt022,MR2,012_to_011_warp.nii.gz,1.4465391824309677,1.6157342846501899,16.791884952562835,0.0015353048080804564,0.17173375703458588,0.8310929298696041,3.6290816241853414,1.0397729549478762,0.7486733742846344,-2.1452267023351648,0.0004345703125,0.8038747768785514,False,True,True,False
pt022,MR2,013_to_012_warp.nii.gz,1.040069183012275,1.186334328854479,9.495982264987834,0.002515947052973388,0.119410134276811,0.48848759769495664,2.8873892626551627,1.043825661217808,0.5725082000552367,-0.5763615466132279,1.64794921875e-05,0.45163403407658764,False,True,True,False
pt022,MR2,014_to_013_warp.nii.gz,1.1480302195596463,1.3212870501546548,10.972678588295462,0.0014244935458501955,0.13482283696246528,0.5645634178070024,3.101340665715382,1.0397869004088263,0.6321867603683929,-0.4419708817189749,4.638671875e-05,0.5536559261246251,False,True,True,False
pt022,MR2,015_to_014_warp.nii.gz,0.9244178366352247,1.1106881180894541,9.012805496159647,0.0018486357273673304,0.10945149467371894,0.39944600270921976,2.741786196515421,1.0396765185175387,0.5218035486696856,-0.21246337068422874,2.197265625e-05,0.37686527535386277,False,True,True,False
pt022,MR2,016_to_015_warp.nii.gz,0.9123093577023914,1.1234909084368094,9.52649316208663,0.0029398545569547458,0.11335274659853271,0.3709026285157982,2.7654179174629916,1.0444795083856784,0.5170021470247459,-1.710441301418884,3.41796875e-05,0.3574638857373196,False,True,True,False
pt022,MR2,017_to_016_warp.nii.gz,0.9384717751081015,1.1436918439026365,12.347256291976633,0.0018824566446043894,0.1027537725616911,0.3915651951748124,2.7853405238890203,1.0426375854307013,0.5330975784655954,-0.998195854667896,2.685546875e-05,0.38261057888737127,False,True,True,False
pt022,MR2,018_to_017_warp.nii.gz,0.8986073726119741,1.139916807605957,13.13488968709511,0.0006387004845431583,0.10013477982778944,0.33985560158747063,2.777240401977721,1.0436993293199204,0.5206933887665063,-1.0968356610886787,6.53076171875e-05,0.3611630849617171,False,True,True,False
pt022,MR2,019_to_018_warp.nii.gz,1.1417237823332627,1.4617545826336107,17.345532735444895,0.002552730157363255,0.14193701340428852,0.5201938256820731,3.0798215981662604,1.0450847005138002,0.6198317108304892,-1.044844523046995,0.0001556396484375,0.5394068537942737,False,True,True,False
pt022,MR2,020_to_019_warp.nii.gz,0.9756021396499212,1.1940512645343302,9.362041939077002,0.001667079787730692,0.09924653473403182,0.40634237195225786,2.8818470267155565,1.0423944881896872,0.5587631141751705,-0.3320292314583144,7.2021484375e-05,0.42887235932076595,False,True,True,False
pt022,MR2,021_to_020_warp.nii.gz,1.093692211953447,1.2449852534592944,11.084114153998332,0.0013571824863414853,0.12866172591361535,0.5410237611238611,2.9828483950415428,1.0366114050679185,0.6085746485092766,-3.2174062889630775,0.0001751708984375,0.510916062984034,False,True,True,False
pt022,MR2,022_to_021_warp.nii.gz,1.1562646973274708,1.3002908540955258,10.182416942280508,0.0022193119330421243,0.13281125043652164,0.5764372582672073,3.125914789060003,1.0414327600096425,0.6313295444601675,-0.6134846580367737,8.97216796875e-05,0.5477068093326118,False,True,True,False
pt022,MR2,023_to_022_warp.nii.gz,1.3448652252495537,1.639892616656577,21.10518459760291,0.001081954737266187,0.1878764020858227,0.7194805018567355,3.3743697243471598,1.044784431373757,0.7618001185428207,-2.3410194413266243,0.000225830078125,0.7376245055038527,False,True,True,False
pt022,MR2,024_to_023_warp.nii.gz,1.063893691226083,1.2689622471297783,12.189358753558409,0.001366661013442716,0.12709741529975732,0.47160130877470485,3.0114707222953716,1.039781490177436,0.6153741987297068,-1.4927817288729857,0.0001312255859375,0.52711660899762,False,True,True,False
pt022,MR2,025_to_024_warp.nii.gz,0.8848695236728547,1.2005370289292099,12.939255805529644,0.001666463324852899,0.08063214043622957,0.2730454491494253,2.804117743245868,1.0420539525882733,0.5422715552380619,-0.6293360447799118,0.000184326171875,0.40428558602264986,False,True,True,False
pt022,MR2,026_to_025_warp.nii.gz,1.0989514998398777,1.3059733315790822,12.225210974204966,0.001584431521729923,0.13807664024280422,0.5093013929937869,3.042847504931873,1.038843877946529,0.6221713513027978,-1.1099539952107391,0.0001715087890625,0.5439617631737383,False,True,True,False
pt022,MR2,027_to_026_warp.nii.gz,0.9009543087708635,1.1612546066152627,10.589713527716526,0.0008547964354359561,0.09151751807758104,0.3140890814895253,2.7899963895103768,1.0409407313744106,0.5338847322578258,-1.6123890061460255,7.6904296875e-05,0.3921711757171586,False,True,True,False
pt022,MR2,028_to_027_warp.nii.gz,1.0697206314408951,1.2521383858735124,11.322300283520454,0.0030497935417163266,0.14170673382881785,0.484895710978962,2.9503775576984754,1.0452581256643685,0.6212823090837966,-1.9256153172692494,0.000130615234375,0.500696374804662,False,True,True,False
pt022,MR2,029_to_028_warp.nii.gz,0.9172340290102096,1.1792878823102262,9.885497668035322,0.0007074955478217351,0.09349807831373474,0.3274860100939381,2.8240929563392023,1.0438848164511554,0.5368199962923568,-0.32171694040562127,0.0001068115234375,0.40118327733857806,False,True,True,False
pt022,MR2,030_to_029_warp.nii.gz,0.9797928026499383,1.1937996653032619,11.489618919326627,0.0013507858953949424,0.10378479354378925,0.3994588215364662,2.8782818274805124,1.0444142145697712,0.5750460056282218,-1.27358534299985,0.000145263671875,0.4476238471586504,False,True,True,False
pt022,MR2,031_to_030_warp.nii.gz,0.9130197302914529,1.1611046467259984,9.753535778053399,0.0017086343259042581,0.08665450971494369,0.3518466798402987,2.798531974269507,1.0413694290555788,0.5463750265604447,-0.789789420498233,0.00010498046875,0.4057292590246767,False,True,True,False
pt022,MR2,032_to_031_warp.nii.gz,2.511321912277404,3.5953561294541094,41.038271611442745,0.003452985869445335,0.3456856074290847,1.3889875760868873,5.083305928490327,1.0290052162799952,1.0864610914853288,-22.49546799835999,0.007177734375,2.3677997611952937,False,True,True,False
pt022,MR2,033_to_032_warp.nii.gz,1.7487650114411566,2.102199291449745,30.63895863323164,0.005417366775801232,0.3237403889129853,0.9945959559189312,3.902348131600247,1.0485633593883437,1.050055322645087,-7.106084285150312,0.001055908203125,1.2031945453062292,False,True,True,False
pt022,MR2,034_to_033_warp.nii.gz,1.435556044548819,1.9229230876156669,27.948808773675403,0.001575026760139116,0.19740274476594477,0.718778384619325,3.60811850143931,1.0362975270625023,0.8630883687685184,-27.790305006569696,0.0007568359375,0.916028271689776,False,True,True,False
pt022,MR2,035_to_034_warp.nii.gz,0.9074705050932446,1.1229240278921886,7.477865318217576,0.0007939742533525131,0.11133666971743927,0.3657639891599749,2.768964619128035,1.0443354170308357,0.5199594362972688,-0.23313784694997866,4.8828125e-06,0.354421284130293,False,True,True,False
pt022,MR2,036_to_035_warp.nii.gz,0.9231429656263679,1.1514042569490257,8.811742353024693,0.0021896500067158393,0.10873351881378165,0.3758628935150705,2.807881763394845,1.0442340600054236,0.5292811400643367,-0.3255589296065546,1.40380859375e-05,0.37529600191055656,False,True,True,False
pt022,MR2,037_to_036_warp.nii.gz,0.8676307965926024,1.1362362563839825,11.90794652970243,0.0015450245367494013,0.08704798417389056,0.3213931071674638,2.7394597077364304,1.0426422556167134,0.5167683715743825,-0.42139799769628344,4.57763671875e-05,0.3609779093443286,False,True,True,False
pt022,MR2,038_to_037_warp.nii.gz,0.8243841683303025,1.121610949445653,8.936651906357115,0.0008164416418244971,0.08100612277875588,0.2653540348292059,2.7166259217156172,1.0427642663566847,0.4956643503349573,-1.85580082544522,2.38037109375e-05,0.32533297605095435,False,True,True,False
pt022,MR2,039_to_038_warp.nii.gz,1.2080161731069297,1.4235178091203828,14.546374755056164,0.00186804190163518,0.15801769401021676,0.6028976993748135,3.263989160774973,1.0372197745669622,0.6749049902872474,-0.6769003435419924,8.97216796875e-05,0.6318025620384918,False,True,True,False
pt022,MR2,040_to_039_warp.nii.gz,0.8959740874137829,1.1287114622610868,7.381924999202358,0.0010824147255560476,0.09727599255284261,0.342950356846738,2.749703230233842,1.0438302726381257,0.5252637814117073,-0.6269293177286077,4.5166015625e-05,0.36762578366914317,False,True,True,False
pt022,MR2,041_to_040_warp.nii.gz,0.8613663409476929,1.1398127877492508,9.342016319656143,0.0012442139262878811,0.08667951109749482,0.2997383865052241,2.7401786815891698,1.0420300738418746,0.5217284019792073,-0.28932376212974736,5.4931640625e-05,0.3693070066271736,False,True,True,False
pt022,MR2,042_to_041_warp.nii.gz,1.175829817767245,1.3625189298908087,14.122169141363692,0.0008112871343816062,0.15772220545493448,0.5885875220911109,3.170314549224705,1.0388297074432666,0.6572363542158747,-0.41943895627801603,5.4931640625e-05,0.6057235820939418,False,True,True,False
pt022,MR2,043_to_042_warp.nii.gz,1.6920059395401885,2.014163176232206,27.800060052735212,0.0031273505228660483,0.3027818819119865,0.9863800870115482,3.8303023569576884,1.0488206444257429,0.996051145270489,-5.449558463748534,0.000789794921875,1.1598676437466109,False,True,True,False
pt022,MR2,044_to_043_warp.nii.gz,1.383062341393352,1.6518318169193664,21.0470462787357,0.0024559836371861508,0.17519181809804643,0.7265424492594169,3.5752744582857305,1.0379030063519468,0.7492882157699498,-6.82823741510763,0.0004931640625,0.8423025481770807,False,True,True,False
pt022,MR2,045_to_044_warp.nii.gz,0.8705470926927464,1.1549625033263076,11.398297114279549,0.0008124525580757708,0.08216286288387052,0.29450403098176947,2.7625926368253726,1.0423619203444492,0.5233839799728234,-0.6819004263352397,8.72802734375e-05,0.3804093029840303,False,True,True,False
pt022,MR2,046_to_045_warp.nii.gz,0.8859795820594496,1.1422188586266642,11.587474965045791,0.0016818915189635631,0.09233260206164658,0.33234623251898593,2.748109461291732,1.0411258709279207,0.523972718232716,-1.5032041034666543,8.9111328125e-05,0.37785907235276656,False,True,True,False
pt022,MR2,047_to_046_warp.nii.gz,1.120483614594189,1.362885036487089,15.608830947258115,0.0010514955966037715,0.14416960264535694,0.5276428917013847,3.002910057078679,1.0448656939614833,0.6248878858267737,-1.6336320873295365,2.38037109375e-05,0.5156658258634569,False,True,True,False
pt022,MR2,048_to_047_warp.nii.gz,0.8529166153192778,1.1313579158393992,10.285000264866929,0.0010340566661293622,0.0878185871322653,0.29321167449139995,2.7272773552767706,1.0416641054975837,0.511318087526885,-1.0114177583847168,0.000107421875,0.35635896040323817,False,True,True,False
pt022,MR2,049_to_048_warp.nii.gz,0.9050783323460381,1.1794591972027597,11.953130302986999,0.0010422637881278077,0.09099568597521938,0.31348971534375325,2.8114954907451244,1.0411077399743156,0.5361511176968422,-0.5507719073661681,7.8125e-05,0.399947237730862,False,True,True,False
pt022,MR2,050_to_049_warp.nii.gz,1.3471980588513444,1.5946860638746798,17.964513538526877,0.002286112299606883,0.1809830287375229,0.6945197406943727,3.4970179241051595,1.0370504449566447,0.7788341643316186,-2.4265383337036615,0.0004583740234375,0.7941950351307188,False,True,True,False
pt022,MR2,051_to_050_warp.nii.gz,1.3517988289083678,1.7301782864125022,23.24122581357991,0.0014899899987498941,0.2086417369316327,0.6822335226692359,3.3903914808070335,1.0471024864139695,0.7723298355089725,-4.939295419164734,0.00021484375,0.7747967942495003,False,True,True,False
pt022,MR2,052_to_051_warp.nii.gz,0.9372115790394462,1.1709554717106296,9.571683834589788,0.001515583761897327,0.09522408312060701,0.3700899803592307,2.820640517236087,1.0442279780780899,0.5546572273550966,-0.643580675622197,7.6904296875e-05,0.41466026572849,False,True,True,False
pt022,MR2,053_to_052_warp.nii.gz,0.8166603291219029,1.1374178852860948,9.10835944714562,0.0007718254646804014,0.07755327082182586,0.256615860167869,2.7387601847201415,1.0426598771750957,0.5083845495029569,-1.0283331704880647,4.57763671875e-05,0.33635935468381645,False,True,True,False
pt022,MR2,054_to_053_warp.nii.gz,0.8150394205052268,1.1330389321266914,8.944903942168764,0.0019128548385542754,0.0781316245108753,0.2540201789746007,2.7327371053215432,1.0431152411946136,0.49918903059576436,-0.5339609142596339,3.41796875e-05,0.3271220681620454,False,True,True,False
pt022,MR2,055_to_054_warp.nii.gz,1.2373812040739676,1.5342128800064914,19.133646653409677,0.001401913481194424,0.1621134250158614,0.6078876344161721,3.313464668821694,1.036831612552085,0.75370277145705,-3.9529033675461696,0.0002337646484375,0.6784012513413683,False,True,True,False
pt022,MR2,056_to_055_warp.nii.gz,1.6969646344163332,2.162183609698227,28.303556591574804,0.002414136710535904,0.23823087231371282,0.9112282449786044,3.886171834460816,1.0344462681788062,0.9075755162510967,-10.14156868030663,0.00141845703125,1.2231392927308398,False,True,True,False
pt022,MR2,057_to_056_warp.nii.gz,1.7856180871638145,2.1183800575173377,28.199653383462994,0.005077203726443648,0.3353289396242883,1.029613026707005,3.9288305383846307,1.049210593841015,1.0752082922305568,-10.162479273886333,0.00112060546875,1.2303719063854857,False,True,True,False
pt022,MR2,058_to_057_warp.nii.gz,0.8888061613908887,1.1487525792384938,10.277545144481431,0.0012760836252914815,0.09548563772769415,0.32677052618164526,2.7717951027880297,1.0414231570283494,0.5288954426209718,-0.8736463000173339,6.89697265625e-05,0.3798778086400569,False,True,True,False
pt022,MR2,059_to_058_warp.nii.gz,0.9346573137394638,1.13689946910009,10.340221067804412,0.0019226917146501884,0.10059638521349591,0.39591296022096,2.799379827910285,1.0418471296766234,0.518839553338409,-0.5018355368386573,1.46484375e-05,0.36494446463565977,False,True,True,False
pt022,MR2,060_to_059_warp.nii.gz,0.8262170220745972,1.1191195845581596,7.714158348424456,0.0015408256116200708,0.08625383124715674,0.27797790286693325,2.7152127229762746,1.0416069456406938,0.5021864481177765,-0.9081891108823185,1.708984375e-05,0.3291960892212994,False,True,True,False
pt022,MR2,061_to_060_warp.nii.gz,0.8870350212400724,1.143461308833768,7.480607812326191,0.002136359147998964,0.09025499552097603,0.3298345208074784,2.77993460075216,1.0438391365096897,0.5285981105035803,-0.1176729008566246,9.765625e-06,0.3618012698069459,False,True,True,False
pt022,MR2,062_to_061_warp.nii.gz,1.2161514665469852,1.483494791988087,15.51602331305616,0.0024661735093799908,0.15176323158213315,0.5832955745006445,3.317929722238045,1.0395324860646686,0.755457887360179,-1.2953255407617483,0.0001446533203125,0.6501889072479439,False,True,True,False
pt022,MR2,063_to_062_warp.nii.gz,1.0962813740205255,1.258863101691848,11.841497627212599,0.0015093870697244216,0.13550138362328598,0.5204356321554067,3.043958774096443,1.0374280063912535,0.6071524639170345,-0.9185314667850055,8.60595703125e-05,0.5247702747687399,False,True,True,False
pt022,MR2,064_to_063_warp.nii.gz,1.4050936799533558,1.8202077788124158,26.11243161831334,0.002546469213260166,0.21866977260639175,0.7224482434224342,3.4932038881696053,1.046093761572379,0.8358209359627274,-4.03014979638168,0.000399169921875,0.8274356858196683,False,True,True,False
pt022,MR2,065_to_064_warp.nii.gz,1.2404962962935002,1.4423820923953523,14.335186084160078,0.001346939832926959,0.14722222666001944,0.6144720968904772,3.3903903548232925,1.0405810849166046,0.7130509823842968,-2.964080438861618,0.0002227783203125,0.6382512462816904,False,True,True,False
pt022,MR2,066_to_065_warp.nii.gz,1.5931976414679279,2.0302894477689617,25.044127240857975,0.003323165927072345,0.22762323027204912,0.888724951384799,3.710403810248121,1.0332484892236948,0.8936480596311791,-19.940943271834463,0.00114013671875,1.0973380855142194,False,True,True,False
pt022,MR2,067_to_066_warp.nii.gz,1.5832175082265285,1.9365434936467822,25.664976773135884,0.006101258588167054,0.2710387621929536,0.8813010636822363,3.7109512475440276,1.0478922293597561,0.9512772357959159,-4.43444258646063,0.000518798828125,1.0346466948675341,False,True,True,False
pt022,MR2,068_to_067_warp.nii.gz,0.9049049607353686,1.1697848177260894,8.359350273707687,0.0018389978309968358,0.09169481945397112,0.3202749518020893,2.8232188019413402,1.0432247335523177,0.5353079792218373,-0.8754538656035113,8.9111328125e-05,0.3786737455365383,False,True,True,False
pt022,MR2,069_to_068_warp.nii.gz,0.9969233594726716,1.223957820499078,9.961858923369721,0.0013971110643791905,0.11344366383767929,0.41358077099429025,2.927104025121527,1.0404672670837096,0.5802801492315489,-0.5054165171083734,4.45556640625e-05,0.4622237655668443,False,True,True,False
pt022,MR2,070_to_069_warp.nii.gz,0.8885262188228622,1.153139994762227,10.671862101567324,0.001503358986428996,0.09050241242236962,0.3115893587836039,2.780834931350935,1.0437864753481139,0.5276305840655999,-0.2760639665925078,4.69970703125e-05,0.37574706985418865,False,True,True,False
pt022,MR2,071_to_070_warp.nii.gz,0.9779034998731787,1.2083174321495913,11.183220742236067,0.0018529605388252005,0.11243185025765012,0.39468986386047955,2.903955343869685,1.0444876430326033,0.5604936765010282,-0.30179699882397454,4.8828125e-05,0.42695497450193204,False,True,True,False
pt022,MR2,072_to_071_warp.nii.gz,0.8562370136159231,1.1691525404512266,13.314290470858438,0.0010514321477177882,0.07863002925325334,0.2643510953484354,2.7907949024828853,1.0419826419975324,0.5279326999554507,-3.779515732410648,8.60595703125e-05,0.37296923433597357,False,True,True,False
pt022,MR2,073_to_072_warp.nii.gz,1.0522142367023986,1.2818124391846923,11.768942721358213,0.0006644491294539384,0.12509293257310589,0.4641123133825137,2.9673260928316383,1.0400388080296892,0.6124762750437556,-0.8424556404682226,4.150390625e-05,0.49876728451110025,False,True,True,False
pt022,MR2,074_to_073_warp.nii.gz,1.2661566774730277,1.4814595645099184,15.257200642555096,0.0014909414537918608,0.15395845695673746,0.6359714022797657,3.397270361503778,1.039492122455127,0.6985828977419121,-1.7800679880785497,0.000235595703125,0.6595454483609267,False,True,True,False
pt022,MR2,075_to_074_warp.nii.gz,1.3414773066668761,1.7282680466411726,22.611224022534834,0.0016668671209919528,0.19946761866356288,0.6712697897449034,3.388739213618694,1.0473297544951055,0.7657856603659445,-5.761652308858869,0.000345458984375,0.7627001591513518,False,True,True,False
pt022,MR2,076_to_075_warp.nii.gz,0.972666601718628,1.172812401890298,9.958557665150066,0.001015883280281523,0.09855916644487767,0.41251557858714355,2.835653730904206,1.039340956453948,0.553398935528189,-0.8209700548405813,0.0001361083984375,0.4187260523224677,False,True,True,False
pt022,MR2,077_to_076_warp.nii.gz,0.9277922238656205,1.1877123084364964,11.681239307065848,0.0009892866833118767,0.09227412684594324,0.3334061391266958,2.849355763872466,1.0439081831776535,0.5559065166335552,-1.5101679206037664,0.000208740234375,0.42130273390718304,False,True,True,False
pt022,MR2,078_to_077_warp.nii.gz,0.9948932540256888,1.2242567017559256,14.749082831796658,0.0013482413924406065,0.1109378908970153,0.4014783939361056,2.9339038680302747,1.0404046144706756,0.5951867900827857,-1.6914504626593732,0.000201416015625,0.47841468368969003,False,True,True,False
pt022,MR2,079_to_078_warp.nii.gz,0.8917478490094355,1.1658241620731782,10.677941219590602,0.00022215899610034093,0.08997331445631912,0.3099933055072136,2.8080401177678262,1.0436004767365759,0.5450683244805118,-2.723536468913656,7.8125e-05,0.38283235522010517,False,True,True,False
pt022,MR2,080_to_079_warp.nii.gz,0.8940353610603693,1.170706218758645,10.988384522254897,0.001637798725743898,0.09393816284082138,0.32087503969163045,2.808313105860806,1.0434580394501998,0.5385034338285826,-2.4490397309596874,6.34765625e-05,0.37403303636711227,False,True,True,False
pt022,MR2,081_to_080_warp.nii.gz,1.604719101033978,2.113321570383584,26.86412934101328,0.0015801758339998003,0.21083255512861931,0.8371146103095052,3.7912445208154697,1.0357127996263586,0.8457270575479346,-22.989253796178037,0.00153076171875,1.1676487650556424,False,True,True,False
pt022,MR2,082_to_081_warp.nii.gz,1.3786830191116874,1.803300413406491,25.02537329204862,0.0038080056583821957,0.21021557111534292,0.6878615881767882,3.487751865467416,1.047111059033612,0.8056771450196122,-4.908004274420332,0.0005657958984375,0.834529880606416,False,True,True,False
pt022,MR2,083_to_082_warp.nii.gz,1.3336656798340607,1.676676867924596,21.80366010598429,0.0008392029974183864,0.16871601113658702,0.6537290152287892,3.507479410992101,1.038058253804373,0.824859032272194,-9.009272631905546,0.00065185546875,0.8092866234308922,False,True,True,False
pt022,MR2,084_to_083_warp.nii.gz,1.1769227165713942,1.440169870053175,17.6431761998222,0.002495736354424434,0.16710553543139414,0.5536833446185017,3.1675870473991012,1.0465189424745196,0.6624195191366119,-2.6360177989940596,0.0002069091796875,0.6006130819420575,False,True,True,False
pt022,MR2,085_to_084_warp.nii.gz,1.379819375186047,1.7318522932099858,22.524057309580073,0.0023074616123005117,0.17385840321511972,0.6795222945435062,3.6022843171517374,1.0378031961582381,0.8096572539512483,-7.869893194417637,0.0006439208984375,0.8513282159887754,False,True,True,False
pt022,MR2,086_to_085_warp.nii.gz,0.9365426543011217,1.1505407687912688,9.191040685271641,0.0009014716969261479,0.10370415980022045,0.37744284054358174,2.813726273216223,1.0431476668717063,0.5441875901584177,-0.8803283784703856,6.9580078125e-05,0.3857224499170438,False,True,True,False
pt022,MR2,087_to_086_warp.nii.gz,1.691544579467454,2.2416773341945793,27.842904988670366,0.00404787773991922,0.2311033519848532,0.8870642709877969,3.860504037364505,1.0338052351159746,0.8675740452197931,-37.712908524165705,0.0017840576171875,1.248356898705147,False,True,True,False
pt022,MR2,088_to_087_warp.nii.gz,1.8005780954381694,2.100337459128794,27.650572439257775,0.005246444963889718,0.33841261735371525,1.042315140478769,3.965750628004582,1.0492046969716162,1.0860397971659936,-10.644478584612733,0.00130126953125,1.2417922133318715,False,True,True,False
pt022,MR2,089_to_088_warp.nii.gz,0.8533483964234934,1.166434955347576,10.411899393928822,0.0014241588214584091,0.07805383720875378,0.26882501780549406,2.790238718281186,1.0424144415101915,0.5229271418862025,-0.6259973966543444,0.0001055908203125,0.37186949288711446,False,True,True,False
pt022,MR2,090_to_089_warp.nii.gz,0.9126874781042834,1.1712366218913448,12.057631074563263,0.0016299479826999109,0.08649858315402861,0.3521691944346142,2.814159784134459,1.0435758046301644,0.5406518353531944,-1.4314612311633774,0.00010498046875,0.3847888013835008,False,True,True,False
pt022,MR2,091_to_090_warp.nii.gz,1.2410468773542476,1.4252479832650213,15.884081705182307,0.0030909197856462023,0.16263784954704436,0.6778083870952083,3.230783766968775,1.0351413060608534,0.6733391948471755,-1.342400636843991,0.0002105712890625,0.651547020779669,False,True,True,False
pt022,MR2,092_to_091_warp.nii.gz,0.8683479854083125,1.1173319846232013,8.235138951656287,0.0014456584648794575,0.09560869980120422,0.3246467825386016,2.7461123252187285,1.0431632734337777,0.5044162888413903,-0.325256283039756,9.765625e-06,0.338806411321296,False,True,True,False
pt022,MR2,093_to_092_warp.nii.gz,1.2840762830759964,1.5482130133977763,17.28505971880213,0.0011739552871774185,0.16484985695766768,0.6402484929195642,3.445765543103499,1.0390410411194313,0.7411960499534442,-2.701815432246162,0.000286865234375,0.7216431854962334,False,True,True,False
pt022,MR2,094_to_093_warp.nii.gz,0.940591766107113,1.1447602235242087,8.11169079488707,0.0014439570217023158,0.10040813043254386,0.3890735213700125,2.7858632658203,1.0443564156795693,0.5375041347528889,-0.44376442701992275,1.03759765625e-05,0.37805056091602113,False,True,True,False
pt022,MR2,095_to_094_warp.nii.gz,0.9037254346658389,1.1662622088982912,12.70034493695906,0.00030404814832477863,0.0987441059967605,0.33525615279606313,2.7978559147057607,1.040556464326313,0.5331382831483616,-0.41365980703000743,8.1787109375e-05,0.3951302744301113,False,True,True,False
pt022,MR2,096_to_095_warp.nii.gz,1.0929842273863357,1.2795841079191432,12.768486746652348,0.001855109643721185,0.13799119524135595,0.5079348952303753,3.011346658064956,1.045014947537413,0.604806505837315,-0.38434088605788613,4.150390625e-05,0.48836532279628364,False,True,True,False
pt022,MR2,097_to_096_warp.nii.gz,0.9272751737012296,1.1522556538803579,9.070787964587252,0.0021887517524432835,0.09413272956210178,0.36673256895720163,2.80485898176316,1.04157425079432,0.5456869367556662,-0.8059021983614618,7.14111328125e-05,0.3844320292685113,False,True,True,False
pt022,MR2,098_to_097_warp.nii.gz,0.8605900415004969,1.1546404487621844,9.007993531051607,0.0012601370716234126,0.08733670513658867,0.2898013662695748,2.782249627215579,1.0413867728325423,0.523747349390341,-1.2091810218979524,0.00011962890625,0.36792405640571374,False,True,True,False
pt022,MR2,099_to_098_warp.nii.gz,0.8179050714818418,1.1386314543305323,10.153510401893296,0.0009357580562868339,0.07782303913071711,0.24842440623397127,2.737657491926942,1.0421064814388636,0.4985729319848169,-0.4371367923725772,3.173828125e-05,0.33293782456464577,False,True,True,False
pt022,MR2,100_to_099_warp.nii.gz,0.8147564217229778,1.134003577954212,9.022352157737824,0.000741049642729008,0.07791893601337845,0.24858293738408074,2.7319798171992162,1.0423990142544346,0.49938843030303914,-0.43132899934986146,2.5634765625e-05,0.3332330739859235,False,True,True,False
pt022,MR2,101_to_100_warp.nii.gz,0.9564769183217194,1.1950365496539102,11.771419640920415,0.001835635420155902,0.10521107313456951,0.37273373361483897,2.8849385751770997,1.0407995464223776,0.5621668040434351,-2.767045461998093,0.0001092529296875,0.4262470796662322,False,True,True,False
pt022,MR2,102_to_101_warp.nii.gz,1.1434082911778853,1.402202456312331,14.48234624482936,0.0006341349173059182,0.14519829874634171,0.5460515090501374,3.118291022918371,1.046114725770922,0.6230481524286255,-1.235440730158696,0.0002056884765625,0.5375725651646248,False,True,True,False
pt022,MR2,103_to_102_warp.nii.gz,1.0864381182798863,1.3033440997411283,14.554388645891501,0.0027515762704105194,0.13521593579659952,0.5109539425378825,2.9982135740963956,1.0383035651975998,0.6302848336962067,-0.4808632133175779,8.6669921875e-05,0.5264463394113145,False,True,True,False
pt022,MR2,104_to_103_warp.nii.gz,1.2877468715946068,1.5811036142978951,18.771156386222867,0.0008319664988228316,0.17310977398291452,0.6336996516818534,3.422666761374146,1.0374202604137372,0.727175103177013,-2.67697432970431,0.000355224609375,0.7235018981768616,False,True,True,False
pt022,MR2,105_to_104_warp.nii.gz,1.4650545195235432,1.8638268104745053,25.820167925510592,0.006285896918168131,0.23686207052722943,0.758285851514823,3.6202867373864773,1.0473739665624342,0.8710633736103683,-4.623662023060306,0.0004571533203125,0.8977699795331415,False,True,True,False
pt022,MR2,106_to_105_warp.nii.gz,0.9587007451965444,1.1811743038409597,11.91897258949983,0.0027147844194784477,0.11255126501860654,0.39748609439275956,2.87573694568456,1.0399869132000568,0.5558673122650096,-0.2671779813278476,7.568359375e-05,0.42666525891376866,False,True,True,False
pt022,MR2,107_to_106_warp.nii.gz,1.4044532280840303,1.7693331959648673,24.135872536065694,0.003287389852532821,0.19349920798158313,0.7219568913844286,3.5565144329089344,1.0366718618058868,0.8737779902920427,-14.908299728519529,0.00080322265625,0.8873770880039146,False,True,True,False
pt022,MR2,108_to_107_warp.nii.gz,1.3508076264091062,1.7098455988729977,23.870065990752977,0.003696164128016746,0.21176980772346263,0.6844328199638509,3.415685615198903,1.0470743289419397,0.7922829297052582,-2.970570248873976,0.0003106689453125,0.7556937383175907,False,True,True,False
pt022,MR2,109_to_108_warp.nii.gz,1.1295063769360616,1.3833787798896087,15.421802444092368,0.0012116366867454542,0.14562696343469314,0.5171502761596851,3.117043490780904,1.045829891026893,0.629975835052162,-2.3641599702003675,0.0001019287109375,0.5456853722212524,False,True,True,False
pt022,MR2,110_to_109_warp.nii.gz,0.8902828325672638,1.183031857768702,12.14858653238025,0.0013366702345027498,0.08453016870107526,0.3082987124960098,2.8214172519602565,1.042258471881745,0.540268533141261,-1.7253578798902074,0.00018798828125,0.4032815139341199,False,True,True,False
pt022,MR2,111_to_110_warp.nii.gz,1.0884689192443304,1.310556815420141,14.89639790052555,0.0004223647235314047,0.1264608605321921,0.4798181567806219,3.093629100283884,1.0401758185150922,0.6247904212367511,-0.8454967036162272,8.85009765625e-05,0.5409280256774189,False,True,True,False
pt022,MR2,112_to_111_warp.nii.gz,0.9043173658433588,1.1625002503017698,11.707685462102404,0.0018886883305013083,0.09119474129933691,0.331373642223323,2.8001628058526373,1.0429771674801582,0.5464105309664216,-0.7269541320563142,0.000157470703125,0.3966123534317556,False,True,True,False
pt022,MR2,113_to_112_warp.nii.gz,0.9387298679851506,1.1720871176125884,9.220015715289604,0.0014699450444728781,0.10505632778928346,0.35773989012371915,2.8594445057236513,1.044018749596645,0.5551846303512994,-0.771100877782694,8.7890625e-05,0.4064499947041868,False,True,True,False
pt022,MR2,114_to_113_warp.nii.gz,1.147970555834737,1.3496104028541909,14.026939397507862,0.0018522076830977405,0.13444611633074696,0.5422227731259261,3.205549289609149,1.0404983654029547,0.6531483744979801,-1.874618756384608,0.000135498046875,0.5830681593962528,False,True,True,False
pt022,MR2,115_to_114_warp.nii.gz,0.8715535727188366,1.1340354288560806,11.604811053808756,0.0007923963492954342,0.08453314386651632,0.320937966428696,2.7472135667844726,1.0413445627725053,0.5079869770522873,-2.817154550792776,9.33837890625e-05,0.342726996724971,False,True,True,False
pt022,MR2,116_to_115_warp.nii.gz,1.2676470884608804,1.5432178881399998,20.181050197661143,0.000950657048654763,0.1708512449654722,0.6624722947513879,3.3351878188378166,1.0355489909555693,0.7477305329440979,-12.39876530933142,0.0003582763671875,0.7077540649370794,False,True,True,False
pt022,MR2,117_to_116_warp.nii.gz,1.125954214627674,1.2795237218187605,11.134395381272252,0.0024729386189557396,0.15009200061173722,0.5663207241953846,3.0429644849047643,1.046067145964537,0.6246863113801745,-2.5270465691756363,0.0001055908203125,0.5315503099001273,False,True,True,False
pt022,MR2,118_to_117_warp.nii.gz,1.3142336908758194,1.5693230164595184,18.561078416020216,0.0020641972496201456,0.1760475469125837,0.6644822206562608,3.466262198302212,1.0373169785620435,0.8317426012781312,-5.821031120011215,0.0003448486328125,0.7594459114650571,False,True,True,False
pt022,MR2,119_to_118_warp.nii.gz,0.9881566962554545,1.1809115994678108,13.450136200139825,0.0008462973199012402,0.10316963506692582,0.41257014556183713,2.83386338004354,1.0427373111728329,0.5606729990371198,-0.6599051733898255,0.0001202392578125,0.43047345946931415,False,True,True,False
pt022,MR2,120_to_119_warp.nii.gz,1.2047992805189098,1.4551071914138212,16.04366817452908,0.002652738268951137,0.16195835579860704,0.588654771120888,3.2287855115622595,1.0442488631931282,0.6652078928336363,-1.4783123500876827,0.000115966796875,0.5851589260999482,False,True,True,False
pt022,MR2,121_to_120_warp.nii.gz,0.8542009927830122,1.1360575404117417,8.194338402265908,0.001117385211725263,0.08564263905450893,0.2927678749817626,2.7613513467128525,1.0431547853448457,0.5135813711448465,-0.627172523569947,3.47900390625e-05,0.352035882401149,False,True,True,False
pt022,MR2,122_to_121_warp.nii.gz,1.9547218884190327,2.551480566587784,31.70935917390572,0.0032438330062106477,0.2712456787484196,1.1098216057938504,4.315677638786865,1.0340258196770291,0.9959144335440159,-35.4097707395549,0.00279296875,1.568342890419662,False,True,True,False
pt022,MR2,123_to_122_warp.nii.gz,0.9415798515453839,1.1493722978476648,12.980430915175413,0.0008694882517875691,0.10827180031616168,0.3845231093977607,2.797288886374353,1.0435964304379957,0.5337258506358354,-1.7434129303408168,0.00010009765625,0.3946824939304811,False,True,True,False
pt022,MR2,124_to_123_warp.nii.gz,1.17910257355007,1.4537618504450869,18.08922788020887,0.0018063055298167387,0.1601899612402157,0.5558660864348949,3.168376026920576,1.0458183337548055,0.6546522462647327,-1.3363114857628549,8.1787109375e-05,0.5725906756410062,False,True,True,False
pt022,MR2,125_to_124_warp.nii.gz,1.0027683642897223,1.2053407427488767,11.124000163722076,0.0019960627039406083,0.11799809944956516,0.42826186926084514,2.9118176640890363,1.039380005146251,0.5717199161064002,-0.2995989034118203,4.0283203125e-05,0.4555082615127266,False,True,True,False
pt022,MR2,126_to_125_warp.nii.gz,1.158615063911467,1.4951554254997426,17.169362840333,0.0017290340030479384,0.1470992712137695,0.5150072520197124,3.146923274850811,1.0449304930728918,0.6497394944556919,-1.7700809410688096,0.000185546875,0.5563315592290607,False,True,True,False
pt022,MR2,127_to_126_warp.nii.gz,0.8902140915847332,1.152882923146029,9.097618143742483,0.0020313047739744976,0.09212789095124024,0.31434496479486373,2.8020597062254753,1.0433128568081782,0.5379750330024358,-1.4972178925838502,6.591796875e-05,0.3799411064966109,False,True,True,False
pt022,MR2,128_to_127_warp.nii.gz,1.6718632889982683,2.2212701587011408,28.71602153953791,0.0010570160818078884,0.22058104601857212,0.8856836025467726,3.8505336723362786,1.035556748975431,0.9535698700949002,-20.25309177939585,0.00149169921875,1.239883130547506,False,True,True,False
pt022,MR2,129_to_128_warp.nii.gz,1.0855710314280365,1.2657371883127355,11.80236069127341,0.0011721340517557037,0.13624384325149325,0.4984701210451655,3.0343859912877917,1.0390375001797552,0.6096599829587037,-1.707986821107867,0.00020263671875,0.5269587156829769,False,True,True,False
pt022,MR2,130_to_129_warp.nii.gz,1.0963302645337587,1.2849323378368853,13.431547887324966,0.0019395606731153845,0.14979229350869122,0.503058882079692,3.008640334503234,1.0452747688271362,0.6186299251963737,-0.9226985442289108,8.544921875e-05,0.5068305969868924,False,True,True,False
pt022,MR2,131_to_130_warp.nii.gz,0.8876515191482761,1.1803257465104455,11.900447418407916,0.0010683189087017319,0.08700241563086196,0.29337695887411597,2.798255869174137,1.043028701462558,0.5484647098362853,-1.486982789054845,0.0001513671875,0.39533393077628787,False,True,True,False
pt022,MR2,132_to_131_warp.nii.gz,1.0460178983516075,1.2489398793847402,12.201513624399366,0.0015993870577515066,0.12163490889533363,0.4513509384377694,2.9705639708463907,1.043826318889005,0.5959226327183161,-1.6647366899952931,0.0001727294921875,0.48367794148555576,False,True,True,False
pt022,MR2,133_to_132_warp.nii.gz,0.9745108847417052,1.244755458564791,12.332518822376064,0.001144084833335741,0.09524473790650258,0.3526023989237461,2.92003650363162,1.0420095190697967,0.5980183132974438,-3.936890776149445,0.0002874755859375,0.4613965741027266,False,True,True,False
pt022,MR2,134_to_133_warp.nii.gz,1.145617612163941,1.2729761390250118,12.974696358785367,0.00181834685723879,0.16025757163143636,0.5544836906755932,3.163119304772674,1.0459525140129404,0.666513658593676,-11.777811637795196,0.000244140625,0.588458833575109,False,True,True,False
pt022,MR2,135_to_134_warp.nii.gz,1.0445536082136844,1.2815054543354971,12.004394974427097,0.00096624797641289,0.1160193193134228,0.4304004930381161,3.0438603127729884,1.0443022716116372,0.5886445962059832,-1.1865388050362036,0.000174560546875,0.4980866583592173,False,True,True,False
pt022,MR2,136_to_135_warp.nii.gz,2.001796679167117,2.588610648983796,33.39761604511756,0.0018519614566869797,0.2835518998804039,1.1674025586469696,4.395931580818255,1.03252378089619,1.1221338862644092,-36.92439796525306,0.00330078125,1.7587094282855333,False,True,True,False
pt022,MR2,137_to_136_warp.nii.gz,1.235475939564031,1.2892781511182139,11.460285784230365,0.0010601562752531402,0.11322529592119347,0.6827730765259696,3.1543429879176226,1.0428174978633638,0.6612343121378247,-0.7939743350167592,0.0002362060546875,0.6072673510092693,False,True,True,False
pt022,MR2,138_to_137_warp.nii.gz,1.2123310682379087,1.2934049934614125,12.361689595482163,0.00045594232664293517,0.11083662943935217,0.6389557512009606,3.0698987567861717,1.0370647109273867,0.6271948418029014,-1.4039462602869932,0.000316162109375,0.5715567648793665,False,True,True,False
pt022,MR2,139_to_138_warp.nii.gz,1.3591362723681764,1.8055748916079053,21.857729482811884,0.002266841246644378,0.1874917920327222,0.6667911750094976,3.456003511016597,1.0462778663125822,0.7741262882738394,-9.01481888985493,0.0004888916015625,0.7652715261974856,False,True,True,False
pt022,MR2,140_to_139_warp.nii.gz,0.9913113240342665,1.2261789482907874,14.739329264065285,0.0011467084073001695,0.10419236121997036,0.38552260272407823,2.912148972219673,1.0411128717334035,0.5729814331068998,-1.020488620829021,0.000126953125,0.46888838910101827,False,True,True,False
pt022,MR2,141_to_140_warp.nii.gz,0.9042586496646834,1.1552437513034972,9.33632814238636,0.0003872609759799144,0.09183215739821382,0.3266042958647224,2.8036949613019697,1.0431118170232,0.5308785236157514,-0.17810491964478725,3.0517578125e-05,0.38125446738819524,False,True,True,False
pt022,MR2,142_to_141_warp.nii.gz,0.8750604685442398,1.1486934041263246,9.184831102391271,0.0012924449316290797,0.08654565405829423,0.2994058382938718,2.7802517994611735,1.0419251916593495,0.5265790447573949,-0.6727460141095721,3.41796875e-05,0.37525789577572544,False,True,True,False
pt022,MR2,143_to_142_warp.nii.gz,0.8927540267500305,1.1746103774457448,10.487280736641202,0.00045491203158674025,0.08604396816495516,0.29866113612850714,2.810786064325989,1.0419702415243695,0.5326335087223326,-5.643501761692687,8.48388671875e-05,0.4004870760626998,False,True,True,False
pt022,MR2,144_to_143_warp.nii.gz,0.9141855448268145,1.1729944646188608,11.116988756406784,0.0005823794416179254,0.08762145401344,0.34058385296361526,2.8190947303135894,1.0427097370155942,0.5413444780157638,-0.5246969070895086,6.77490234375e-05,0.39839598479160615,False,True,True,False
pt022,MR2,145_to_144_warp.nii.gz,0.861164769189026,1.1358321006052567,9.912910292931365,0.0024347874106510643,0.08762844680573313,0.296368498411454,2.7574039774793273,1.04136170717085,0.5093230027203174,-0.27431503409136176,2.44140625e-05,0.3585152014955149,False,True,True,False
pt022,MR2,146_to_145_warp.nii.gz,0.9910278709341255,1.207267873302411,11.007789742514182,0.0032157660638382837,0.11830528040809318,0.40735141407925646,2.8928822363107756,1.0443855054078013,0.5635339370387638,-0.6793989157289813,0.000113525390625,0.4416418114584038,False,True,True,False
pt022,MR2,147_to_146_warp.nii.gz,0.8609169937529589,1.144798094951542,9.27670239913469,0.0008886457240109406,0.08469129719838502,0.3042924026508587,2.7741726737991157,1.04278118367545,0.5200939124650552,-0.884061749872673,6.65283203125e-05,0.360428901100477,False,True,True,False
pt022,MR2,148_to_147_warp.nii.gz,1.7665692714053196,2.1779054416039623,29.126732710171026,0.00241937153647888,0.2577958402527716,1.0017128800548174,3.98355954795984,1.0335666951464835,1.0058650012937342,-33.42337859427861,0.0017999267578125,1.3511195061858983,False,True,True,False
pt022,MR2,149_to_148_warp.nii.gz,1.6716213455256173,2.198761486372372,27.097219240946494,0.0007560760337173659,0.23785780746885143,0.8981291542263119,3.812244303678241,1.0342631146706858,0.8768794123379573,-29.232451584424812,0.001175537109375,1.1408708234181184,False,True,True,False
pt022,MR2,150_to_149_warp.nii.gz,1.9161588334332051,2.0968562722574666,26.69475493294534,0.004618682648424804,0.38677521298921336,1.2416878483355083,4.075552819142808,1.0496516100106819,1.1713694552393155,-9.684343445773248,0.001337890625,1.3414112581742608,False,True,True,False
pt022,MR2,151_to_150_warp.nii.gz,0.9753135847499634,1.1712666340371176,9.033844454581097,0.0008220655435743266,0.0974760990591773,0.4137016809871363,2.8437840556908616,1.042560247366722,0.5701099518836945,-1.647245184560293,6.34765625e-05,0.434854636649013,False,True,True,False
pt022,MR2,152_to_151_warp.nii.gz,1.1024670340944451,1.2157231939961834,13.225268394011895,0.000755233491373495,0.1359767395126714,0.561215500841779,2.9818786541684954,1.0385705096059836,0.62062404241751,-1.3102056571761482,9.033203125e-05,0.5482320764234623,False,True,True,False
pt022,MR2,153_to_152_warp.nii.gz,1.071853668876467,1.2127407446882188,8.98487560345557,0.0014985213187410104,0.13393862284899943,0.5142306524753975,2.9571908296798735,1.045009620098723,0.60784550642316,-1.3321867971281447,2.197265625e-05,0.4932484842473832,False,True,True,False
pt022,MR2,154_to_153_warp.nii.gz,0.9875474973649585,1.182611723180838,11.839816955424682,0.0006272774520023167,0.10316073286863625,0.4344416085986288,2.8442444013885155,1.0415706277994945,0.5642318292359382,-0.8521559828490054,0.0001220703125,0.45522845605686885,False,True,True,False
pt022,MR2,155_to_154_warp.nii.gz,1.0210828260051346,1.1707665397297515,10.018527649820333,0.001570971031462771,0.10619770920927107,0.47149181899890147,2.8612627644109105,1.0421695635611117,0.5693713505034017,-0.46914431640897575,7.2021484375e-05,0.4385303203601839,False,True,True,False
pt022,MR2,156_to_155_warp.nii.gz,1.0679515657494283,1.238769611652706,15.618165502981952,0.002060108159307922,0.12649543661120166,0.4915217850712741,2.975643016309519,1.0395290329060354,0.6061246062511528,-1.8295318351745784,0.00019775390625,0.5291912786502513,False,True,True,False
pt022,MR2,157_to_156_warp.nii.gz,1.3161259743425526,1.4641282112876717,14.47338072278189,0.0013949012064451841,0.17358664653978403,0.6949568815073643,3.4879838146113515,1.0386714508724404,0.7264836529243659,-2.8735611832556653,0.0004010009765625,0.765188792175286,False,True,True,False
pt022,MR2,158_to_157_warp.nii.gz,1.3132839864746304,1.6203475031490797,19.126096648826227,0.002103596793936335,0.1881832026819061,0.6823269495045782,3.348499078670293,1.0444161800256102,0.7480255761401996,-3.1600840481941663,0.0003369140625,0.6960767469014022,False,True,True,False
pt022,MR2,159_to_158_warp.nii.gz,1.4229702459550204,1.6501234601628527,18.447333079204885,0.0012128286672846978,0.1804364893438832,0.7712849125695256,3.6396675451987552,1.0395409536528586,0.8207889810105987,-5.952409965193963,0.00048095703125,0.8573157701653861,False,True,True,False
pt022,MR2,160_to_159_warp.nii.gz,1.6455628466965997,1.8824436089112278,26.067655531599737,0.003444527347722601,0.27894001117772704,0.9804285572504714,3.8016092025997716,1.0477448327294248,0.9958820850890505,-8.109348831646678,0.000634765625,1.0922203689190564,False,True,True,False
pt022,MR3,002_to_001_warp.nii.gz,0.9804516246892591,1.1748146156942731,8.879530565756662,0.0018629758505366665,0.1252901862324997,0.4349377205752393,2.885967447149462,1.0444260065090882,0.5789170200010325,-0.8081684565165406,3.90625e-05,0.4476836825351704,False,True,True,False
pt022,MR3,003_to_002_warp.nii.gz,0.8426994577558469,1.1816780324101679,9.159824811933136,0.0010586581675689339,0.082857332511898,0.2707691380589224,2.834200283560968,1.0426012495745636,0.5300537474879417,-0.535803827996475,3.0517578125e-05,0.35916716450820985,False,True,True,False
pt022,MR3,004_to_003_warp.nii.gz,0.8576411154663585,1.1616439804477343,6.758306862263527,0.0014638865070236361,0.09596309937196965,0.3184086040774616,2.8219822690416647,1.0417058407450825,0.5306192910744304,-0.2777938136462267,2.38037109375e-05,0.358095343158108,False,True,True,False
pt022,MR3,005_to_004_warp.nii.gz,0.7943477878368895,1.1567111200894333,6.853351850275235,0.00035617913211554505,0.07973302436622248,0.24230858467979488,2.784095653793275,1.0427426808611497,0.50420810339207,-0.6164573075560074,1.77001953125e-05,0.3184105485687663,False,True,True,False
pt022,MR3,006_to_005_warp.nii.gz,0.8153987711788256,1.167694207563201,7.479123614643179,0.0011198019607908095,0.08144696615492604,0.25735647868789974,2.804197742369034,1.0425010540905872,0.5185998972018221,-0.7998079736570815,1.77001953125e-05,0.3382752960069065,False,True,True,False
pt022,MR3,007_to_006_warp.nii.gz,0.8437658508695018,1.1612961022510166,5.7893874088160855,0.0006933057098206728,0.08801892280420136,0.3031463335093588,2.8121988646725824,1.043446571229364,0.5243377231177743,-0.35718583195143705,9.1552734375e-06,0.34488399336978565,False,True,True,False
pt022,MR3,008_to_007_warp.nii.gz,0.8424984287494585,1.1618206704734493,10.408382907784581,0.00072259156154236,0.08940252048994873,0.29679334713539585,2.8066680018237053,1.0418399551605895,0.5189574581813254,-0.7070589790387968,1.953125e-05,0.34739002745211783,False,True,True,False
pt022,MR3,009_to_008_warp.nii.gz,0.8713169042533622,1.1716533179264952,7.800729652341475,0.0006084842433936575,0.08884225506164016,0.30510369412705296,2.823780868536939,1.0422734429027798,0.5346875155380624,-0.9139876914158009,2.25830078125e-05,0.3729756176439078,False,True,True,False
pt022,MR3,010_to_009_warp.nii.gz,0.9142825167907276,1.1651479790603974,9.621582374436963,0.0017560391921190531,0.10636712753699724,0.37747520190936756,2.8428382711625955,1.040742655181735,0.5493248378482398,-0.20700827861291196,1.77001953125e-05,0.4059737090082855,False,True,True,False
pt022,MR3,011_to_010_warp.nii.gz,0.8657416533526431,1.1756554468697644,7.85562075241999,0.001008966965488473,0.08607114857321584,0.2968178970122666,2.8334631608318763,1.0428368387049287,0.5395111833002958,-0.5211142391301471,4.150390625e-05,0.37347749317127393,False,True,True,False
pt022,MR3,012_to_011_warp.nii.gz,0.8766166566235136,1.17311302523983,9.127999067783037,0.001292434392325876,0.09178689336968913,0.313107779586975,2.8378130244304534,1.041329529925151,0.5423190520715234,-1.9140443942092484,5.37109375e-05,0.38583842784171934,False,True,True,False
pt022,MR3,013_to_012_warp.nii.gz,1.0304151114433278,1.1807279925493257,10.260333511669533,0.0014755332491852814,0.1430813518514031,0.47688512819714446,2.9093677787190027,1.0455375550261106,0.6100322771368497,-0.5117709902935513,3.7841796875e-05,0.48076536904524664,False,True,True,False
pt022,MR3,014_to_013_warp.nii.gz,0.8903097163677649,1.1645424817325711,7.4889969918252,0.0012772377279893507,0.10186688240201296,0.34860670081908585,2.8406995421884074,1.0415167582524072,0.5420905782973295,-0.6665567281485685,2.25830078125e-05,0.3841953306624319,False,True,True,False
pt022,MR3,015_to_014_warp.nii.gz,0.8153414673329823,1.1574466051915437,6.904393315107881,0.0006168972491049518,0.08344209259539784,0.2668383874051211,2.797547539362018,1.0431848625110727,0.5135024785494516,-0.28410709377508103,2.44140625e-05,0.3291049446592932,False,True,True,False
pt022,MR3,016_to_015_warp.nii.gz,0.8105712375686603,1.1540952122267292,6.607514462278565,0.0009493584942770834,0.08431121512595496,0.26880293069505107,2.787314111004813,1.0432064780546997,0.5106346512429696,-0.2541415612234701,7.32421875e-06,0.3205070768075713,False,True,True,False
pt022,MR3,017_to_016_warp.nii.gz,0.8815537340826773,1.1770125460268073,8.965108225231848,0.001178332844095826,0.09688158601725323,0.337441532200066,2.849986149457744,1.042598070788879,0.5386364610960908,-0.47583243741880754,2.0751953125e-05,0.3756732520917294,False,True,True,False
pt022,MR3,018_to_017_warp.nii.gz,0.8387906462426333,1.1668852354468957,8.283234525264389,0.0012555007307318421,0.08687506764505333,0.28108572960718414,2.8077651513392214,1.0424425543711868,0.5236333305604806,-0.5902585712579461,2.62451171875e-05,0.3470316730927422,False,True,True,False
pt022,MR3,019_to_018_warp.nii.gz,0.8635386232890073,1.159978443901538,6.5941290953090475,0.0012101895264669917,0.09026894700877998,0.3085907604903328,2.814243399777468,1.0429849514640477,0.5306835564117476,-0.06290761768328618,9.1552734375e-06,0.3626605836878399,False,True,True,False
pt022,MR3,020_to_019_warp.nii.gz,0.9782537423989216,1.1801142429530862,8.24506665789043,0.001103233012074754,0.11654894133086441,0.429855654765474,2.893023972450035,1.0404364794930214,0.5796598860925893,-1.1339112318563485,3.23486328125e-05,0.45800549982565103,False,True,True,False
pt022,MR3,021_to_020_warp.nii.gz,0.9156822259433575,1.1642722027792476,6.616120369313845,0.0011058880073145285,0.10159031020639803,0.38037144930705824,2.845007226872329,1.0442808681828506,0.5477526352895352,-0.4709574747635303,2.197265625e-05,0.3932660365832256,False,True,True,False
pt022,MR3,022_to_021_warp.nii.gz,0.8724931814554466,1.1718262172057288,9.410424858450114,0.0009675037933903714,0.08993955704057888,0.3144679304531741,2.83024525189575,1.0431988241204444,0.5412513679731833,-1.4136463201806553,4.57763671875e-05,0.37439920597004894,False,True,True,False
pt022,MR3,023_to_022_warp.nii.gz,0.9360989460587105,1.1674627449872539,10.18187876696191,0.0008044961654882642,0.11442163072204861,0.3970632961135633,2.8587549353363095,1.039860449389711,0.5581972898720715,-0.734093524424626,3.35693359375e-05,0.4179180404231952,False,True,True,False
pt022,MR3,024_to_023_warp.nii.gz,0.7915751575475052,1.1454732246435144,6.03250126181135,0.0011253859957372624,0.07997256093499738,0.24689341656355954,2.7682995672662267,1.0431457118884961,0.493546928828571,-0.0030986512961834137,1.220703125e-06,0.30463262688266535,False,True,True,False
pt022,MR3,025_to_024_warp.nii.gz,0.883303066845791,1.1412981965816031,6.792752108951328,0.002475979233508555,0.10761173680413647,0.35996189982650334,2.8014228160905117,1.040112107953026,0.5335530358926954,-0.0898382278131949,5.4931640625e-06,0.3708888495229199,False,True,True,False
pt022,MR3,026_to_025_warp.nii.gz,0.8185895058203633,1.1514693910633462,7.990697362850133,0.0006389028766884663,0.08119515320441037,0.2631861956106855,2.779090059774654,1.042151779723023,0.5050543522348652,-0.5620358457695904,1.28173828125e-05,0.3262452319960184,False,True,True,False
pt022,MR3,027_to_026_warp.nii.gz,1.10713489573373,1.1983128198350497,7.511271863374021,0.002383672302910004,0.1689611707910018,0.5516484316822907,2.969833963029995,1.046388548981386,0.6560965195337879,-0.5437295111453881,5.126953125e-05,0.5454557470851428,False,True,True,False
pt022,MR3,028_to_027_warp.nii.gz,0.8355112712076675,1.1677399834302042,6.515124049048336,0.000905252513200098,0.08522290229374826,0.2787317298456584,2.8173202094738343,1.0427140289916226,0.5196378222443567,-0.129014272010152,1.220703125e-06,0.3444604541089417,False,True,True,False
pt022,MR3,029_to_028_warp.nii.gz,0.8500116820012995,1.160709141208549,7.0550756258722895,0.0019284657031847586,0.09314209478114696,0.3039517335105132,2.8210252667173443,1.0419036785876243,0.5222503292539836,-0.1525015878294478,7.32421875e-06,0.3547516910890705,False,True,True,False
pt022,MR3,030_to_029_warp.nii.gz,0.8240663749601002,1.1511373361002144,6.036751795153969,0.0006607259325470252,0.08747049668692955,0.28904667736969425,2.792057847169709,1.0429245677282823,0.5123172504381371,-0.12204614040240849,2.44140625e-06,0.32973919912461597,False,True,True,False
pt022,MR3,031_to_030_warp.nii.gz,0.8313975745203132,1.1462412046298474,5.7129629111840545,0.0018711201630007854,0.09381948680209556,0.31137191087934746,2.7946178351675015,1.042126251859534,0.5143249463163393,0.014732147915601183,0.0,0.32764478649433043,True,True,True,True
pt022,MR3,032_to_031_warp.nii.gz,1.0457315861791465,1.1839697139636296,7.2450430380008175,0.002723343351314233,0.1446422790114188,0.5050460350189652,2.915533154643563,1.037667345360152,0.5989132782275106,-0.663165206736646,1.89208984375e-05,0.5049331307451566,False,True,True,False
pt022,MR3,033_to_032_warp.nii.gz,0.8031992966907525,1.111155003795976,5.413184222710224,0.0011522198745097401,0.09549210893802249,0.29996064904818814,2.7367122511915922,1.0432313757889742,0.4861500526725474,0.0344330384177406,0.0,0.28905439820534246,True,True,True,True
pt022,MR3,034_to_033_warp.nii.gz,0.8558844097216636,1.1264566769673363,6.922122455182715,0.0016076039519225735,0.10777472504304463,0.33619654846578906,2.783897149768118,1.0444444457886166,0.5125702062265703,0.034305524434437865,0.0,0.3278145479100246,True,True,True,True
pt022,MR3,035_to_034_warp.nii.gz,0.9711109275156078,1.159711684335997,8.367766944880117,0.0019967605251382968,0.12666571631732043,0.43913737046130674,2.8582945087130067,1.0395295109542173,0.5637149874112957,-0.22480673916434113,4.2724609375e-06,0.43447202836221366,False,True,True,False
pt022,MR3,036_to_035_warp.nii.gz,0.8858596658861293,1.1630474370070947,12.453987051076885,0.0009660849536550837,0.09723450400564178,0.3331525891170084,2.8218222740957883,1.0435049163534373,0.5358699169580852,-1.0039816653956495,0.0001239013671875,0.36774043877368867,False,True,True,False
pt022,MR3,037_to_036_warp.nii.gz,1.0024126959332356,1.1718043428451344,10.137423613372304,0.0021239248979463463,0.13030984472892126,0.46391737794906884,2.8917195532337576,1.0449738351707705,0.5865091831855561,-0.20711070986747632,6.103515625e-06,0.4492820398996969,False,True,True,False
pt022,MR3,038_to_037_warp.nii.gz,0.839664587311641,1.1617793734916257,7.867036975440057,0.001238658457761411,0.08397503475907969,0.2761033343288637,2.808386943394711,1.0428896373358585,0.5172042869475539,-0.020641239722839374,2.44140625e-06,0.3450543566583626,False,True,True,False
pt022,MR3,039_to_038_warp.nii.gz,0.8830919912672013,1.1532761975775478,7.0505147749876445,0.0014114351284780582,0.10271616258156517,0.350447983345076,2.8238696112808466,1.0411939096917628,0.5300782603967894,-0.13577738839689305,1.52587890625e-05,0.37146650957968463,False,True,True,False
pt022,MR3,040_to_039_warp.nii.gz,0.8409049755385967,1.1533250330159925,7.352974437145852,0.00177459462618961,0.09023583929683573,0.30924994237951897,2.802050904729705,1.0436421126281532,0.5141058433403123,-0.03507382453109841,2.44140625e-06,0.33271133161905525,False,True,True,False
pt022,MR3,041_to_040_warp.nii.gz,0.8004588511583188,1.1442400117345237,8.543916528257938,0.0019213645268331382,0.08582046709835994,0.2686539240968242,2.7707563290666664,1.0417638838337668,0.4988247809848849,0.0016874633180147792,0.0,0.3124982474842355,True,True,True,True
pt022,MR3,042_to_041_warp.nii.gz,0.779370384512558,1.1463498305633075,7.300162083358984,0.0011114461365603334,0.07940511653961797,0.2401262861322134,2.7679587077021397,1.043066262230555,0.4936697263438978,-0.32477175726019014,1.220703125e-05,0.30072231475816985,False,True,True,False
pt022,MR3,043_to_042_warp.nii.gz,0.8409288002630423,1.1499203901773891,7.075243979971593,0.0008952018639707751,0.0878572927174924,0.29767353061055435,2.792876921588003,1.0425933077815075,0.5096946968717146,-0.5357425996000152,1.8310546875e-06,0.3351095949321687,False,True,True,False
pt022,MR3,044_to_043_warp.nii.gz,0.9492222119028011,1.1696869372425769,9.906380250095657,0.0011464109924045575,0.11374716862515862,0.40773233147560056,2.8649035204085633,1.0403309421790756,0.5620239990050453,-0.33056873392497965,9.765625e-06,0.42939082622220165,False,True,True,False
pt022,MR3,045_to_044_warp.nii.gz,0.8601125359108689,1.153922185675311,7.285472453053918,0.0007897089853227809,0.08763923842350325,0.30740964729175957,2.7985488033333294,1.0423260434424184,0.5181753551136811,-0.5537854978242663,1.220703125e-05,0.35366208389892817,False,True,True,False
pt022,MR3,046_to_045_warp.nii.gz,0.8475934027787386,1.1426852030603012,6.181796914611409,0.0016621571250425588,0.09182290076249937,0.30868693600919456,2.793517639460446,1.0433246354421866,0.516272849942015,-0.12354079798855751,5.4931640625e-06,0.33439852242468093,False,True,True,False
pt022,MR3,047_to_046_warp.nii.gz,0.804295420438293,1.1474363811298325,6.438229180233091,0.0016332969881250564,0.08324428571466429,0.26239347290797654,2.773657493828202,1.0424605967395224,0.5007961653014924,-0.05583327010822257,9.1552734375e-06,0.31340119806464634,False,True,True,False
pt022,MR3,048_to_047_warp.nii.gz,0.820698193605861,1.1555626904050704,6.355704358712646,0.0012269028145556588,0.08424196137840856,0.2742905855180454,2.79677064366141,1.0428289083178803,0.5076692086759969,-0.07304079851186414,2.44140625e-06,0.3229251391648591,False,True,True,False
pt022,MR3,049_to_048_warp.nii.gz,0.9558768093502082,1.1595593498372099,8.935618409225762,0.0019472969313569213,0.11952241410598953,0.4292338246295089,2.859214233056559,1.0405752045501597,0.5609358842287301,-0.21225600897465385,1.15966796875e-05,0.41732452698445244,False,True,True,False
pt022,MR3,050_to_049_warp.nii.gz,0.9682927912146414,1.1593708334686366,8.697573002777444,0.001808153813829079,0.12744563837042971,0.4334783793919752,2.862022192635071,1.0446478860866286,0.5657200862641335,-0.4403772648791338,4.8828125e-06,0.4152813965103755,False,True,True,False
pt022,MR3,051_to_050_warp.nii.gz,0.8112607479396035,1.1529974060709058,7.333255677089683,0.0014154359097020423,0.08187369824697066,0.26382300872545106,2.789645508556142,1.0429818523804084,0.5042320338121068,-0.3184006459346943,5.4931640625e-06,0.3206447210520756,False,True,True,False
pt022,MR3,052_to_051_warp.nii.gz,0.8110113987566328,1.1596335701395781,6.4142103736435745,0.0010865935450286746,0.08229411935054076,0.2616726313893738,2.799566916156119,1.0424264914966042,0.5077199427286486,-0.029829565912403745,1.220703125e-06,0.31971662646100485,False,True,True,False
pt022,MR3,053_to_052_warp.nii.gz,0.8664986508984154,1.1602164430461597,8.206531347652513,0.0008914763767779859,0.0981436751278682,0.33320630085087716,2.829126327175364,1.0418230472571235,0.5302893930295021,-0.11239790346182166,1.8310546875e-06,0.3620912901161401,False,True,True,False
pt022,MR3,054_to_053_warp.nii.gz,0.9125901751820483,1.1613498684192296,7.054501315848948,0.0018304691599043679,0.10628975106803479,0.3773054852415049,2.843079555876762,1.0414546075262976,0.544257359152688,-0.0951901876367598,7.32421875e-06,0.39340378111112756,False,True,True,False
pt022,MR3,055_to_054_warp.nii.gz,0.8983985890554542,1.1726946054567668,8.746894499698278,0.0022210993855253046,0.09240068529175198,0.34558447778500234,2.8454276854281804,1.0422406521805903,0.5415923684187901,-0.22332712396328966,2.5634765625e-05,0.3814457248630825,False,True,True,False
pt022,MR3,056_to_055_warp.nii.gz,0.8753814300647261,1.1680627109220518,6.705133230676339,0.0013488815999575011,0.08984790053548354,0.3288766898717624,2.833692860879745,1.0431315045813305,0.5327055003181316,-0.49770507288233984,6.7138671875e-06,0.35987912719110526,False,True,True,False
pt022,MR3,057_to_056_warp.nii.gz,0.8371127632440405,1.151602107355112,5.996900866655936,0.0018006964767970529,0.09028850893569565,0.2993681837795712,2.7988054655988677,1.043315114715855,0.512888306641046,-0.04609712411488969,4.8828125e-06,0.3344279483170838,False,True,True,False
pt022,MR3,058_to_057_warp.nii.gz,1.1057568225965633,1.214404496632607,9.51048801999652,0.0014207261186807022,0.1509836102791393,0.5588484633350432,2.9678385530958216,1.0377777449578756,0.6202680591534856,-0.9203810901927679,2.86865234375e-05,0.5556224514733831,False,True,True,False
pt022,MR3,059_to_058_warp.nii.gz,0.916835728623935,1.1438122955864294,6.705404837927964,0.0011697177153360064,0.1141766324404593,0.3831416902709359,2.82639782040119,1.0442581110549056,0.5428299176156341,-0.07321749142993976,5.4931640625e-06,0.37683322238736994,False,True,True,False
pt022,MR3,060_to_059_warp.nii.gz,0.934841380062455,1.1597974521098977,7.258370630579572,0.001866640407902422,0.1126718341009484,0.4175685834780979,2.855378256650303,1.0445313822126416,0.5494759551059324,-0.3481911282470276,1.220703125e-05,0.3861168878087453,False,True,True,False
pt022,MR3,061_to_060_warp.nii.gz,0.957572918449136,1.1869877630192882,11.015947670386378,0.0016745234454173022,0.11642309842027243,0.4184872515005836,2.8871937718520253,1.0409496008821697,0.5783645636595638,-0.5023704037970879,7.6904296875e-05,0.4334192244496448,False,True,True,False
pt022,MR3,062_to_061_warp.nii.gz,0.8799658516232722,1.1517732336237154,6.784498034934543,0.00065128866255114,0.09792116033582865,0.3469875864863824,2.808304333750774,1.0421131410451225,0.5320445561506533,-0.0080766687718028,1.220703125e-06,0.36521802996216124,False,True,True,False
pt022,MR3,063_to_062_warp.nii.gz,0.837944495999958,1.1413162731738857,6.681906719223781,0.0014203564144841783,0.09380574735994668,0.3063849843603569,2.7877181275239162,1.043449596602008,0.5050809312576385,-0.011366777356466457,1.220703125e-06,0.3256097078700311,False,True,True,False
pt022,MR3,064_to_063_warp.nii.gz,0.8638917261012896,1.1526911955300874,8.445508935293772,0.0002850010004865334,0.09465933462173567,0.32870141613023174,2.8142614494838667,1.0421704699926837,0.5335595848550971,-0.1460206957592943,1.0986328125e-05,0.35437676504880344,False,True,True,False
pt022,MR3,065_to_064_warp.nii.gz,0.80546452285908,1.1462872839118683,10.035930706879858,0.00118332780642323,0.08236087244674489,0.26159609415663654,2.76929992632274,1.0421364060381466,0.49730572845748505,-0.835337702633499,2.74658203125e-05,0.31439699743975913,False,True,True,False
pt022,MR3,066_to_065_warp.nii.gz,0.8833579292688247,1.144657341569643,7.826986890808057,0.0010029284255871713,0.0995487355507915,0.363623578359758,2.8090424736440918,1.0399669888952148,0.5213466298443045,-0.11392826005146454,4.8828125e-06,0.3532392375635116,False,True,True,False
pt022,MR3,067_to_066_warp.nii.gz,0.9381238461603195,1.1437034871810616,5.625079477403807,0.0026760066749210686,0.12401921943148173,0.42276968901616435,2.8365740993114716,1.0447378494979056,0.5485299316006069,0.024549550310303838,0.0,0.38616330426831874,True,True,True,True
pt022,MR3,068_to_067_warp.nii.gz,0.8033454072013548,1.1354719872152392,6.6617895780156555,0.0015391422574700163,0.09186322183632394,0.28567647557818293,2.7702304461882727,1.0418903245089206,0.49831912118808624,-0.04058115628768251,6.103515625e-07,0.30860169355828065,False,True,True,False
pt022,MR3,069_to_068_warp.nii.gz,0.8411996071797152,1.1497219955573652,7.320063695822649,0.0015310017462631732,0.09088901585565295,0.3065953750672473,2.799163050814218,1.0429460633191021,0.505982546488232,-0.08697584280982489,4.2724609375e-06,0.323967970377878,False,True,True,False
pt022,MR3,070_to_069_warp.nii.gz,0.8620153018788612,1.1699173921669572,7.977274420907053,0.0015914050786098033,0.08894144918402552,0.30401205266439557,2.829035120484908,1.0422735620724333,0.5255465384997394,-0.1052971376826133,1.40380859375e-05,0.35319327050652716,False,True,True,False
pt022,MR3,071_to_070_warp.nii.gz,0.8274165379541607,1.1533486751877338,8.347633277663936,0.0006527412324549521,0.08708799687704907,0.28325328073179734,2.793738252452411,1.0425835550432823,0.5119720501076525,-0.10834615021754575,6.7138671875e-06,0.33258153821940467,False,True,True,False
pt022,MR3,072_to_071_warp.nii.gz,0.8484601831128877,1.1559931671815846,8.493915292319373,0.0010777735584757693,0.09331335787484558,0.3061521791752098,2.8095537150115617,1.0420935295122717,0.517358999561767,-0.13911584325737178,2.0751953125e-05,0.34724195741488195,False,True,True,False
pt022,MR3,073_to_072_warp.nii.gz,0.9161232315257942,1.1512398134976298,10.15373641784676,0.0009462030381113566,0.10994744521222216,0.40191329067088544,2.8298608874248927,1.0406039007540069,0.5383737088624736,-0.6123668800787326,2.5634765625e-05,0.387640625109524,False,True,True,False
pt022,MR3,074_to_073_warp.nii.gz,0.8996204475464751,1.1519942725294006,7.032203746765016,0.0014787123149031425,0.10589935797427491,0.3841690845865946,2.828003090258732,1.043864568227836,0.533026530734013,0.011337518901023521,0.0,0.3617412094059068,True,True,True,True
pt022,MR3,075_to_074_warp.nii.gz,0.8212913040773919,1.149629364237558,6.593139385409918,0.001478831810128577,0.08799127485667527,0.28786526132536017,2.790985852906168,1.0421882407798966,0.504734289879337,-0.02311383606622855,3.0517578125e-06,0.3175574547598787,False,True,True,False
pt022,MR3,076_to_075_warp.nii.gz,0.770835429842066,1.1376636818208996,5.582246897847354,0.0018077964153098169,0.08101248451868882,0.242804996805963,2.756501669256507,1.0427138294284837,0.48569467717829456,0.015120396900572243,0.0,0.28914730153336465,True,True,True,True
pt022,MR3,077_to_076_warp.nii.gz,0.9661090775350007,1.1642643157708048,9.459213562242063,0.0015097702896827154,0.12240797409029146,0.4524789928057291,2.871623340830812,1.039129616661696,0.5638009816631695,-0.4647398574023712,3.60107421875e-05,0.4289650387942466,False,True,True,False
pt022,MR3,078_to_077_warp.nii.gz,0.9563258610493623,1.1606787244438985,8.308566211766916,0.0016287902342810422,0.11727159889443992,0.44501000207977925,2.864926858290777,1.044454699152683,0.5595838373807711,-0.5238761820780947,4.0283203125e-05,0.4033115112858789,False,True,True,False
pt022,MR3,079_to_078_warp.nii.gz,0.9334597787920476,1.1490085304541753,7.357407128164982,0.00298252035272538,0.11819628363053089,0.4159366366372151,2.8394388560955686,1.0402195879239917,0.5448811687231212,-0.8136983049201296,1.220703125e-05,0.39980484065511945,False,True,True,False
pt022,MR3,080_to_079_warp.nii.gz,0.8783836256468424,1.1476880661369242,6.476840203454165,0.0008563819002713932,0.09723272565798544,0.3473116855263326,2.805954391355728,1.0411875406237234,0.5241468410937338,-0.2253311681471364,2.44140625e-06,0.36216015976660176,False,True,True,False
pt022,MR3,081_to_080_warp.nii.gz,0.8627263275442715,1.1336701168516194,7.353496493425249,0.0011862591976686137,0.10209438206545601,0.33839026344870454,2.7949701951485735,1.0438522835904351,0.5185624788519978,-1.3764506404171566,9.765625e-06,0.34221770961329817,False,True,True,False
pt022,MR3,082_to_081_warp.nii.gz,0.7825891988788236,1.1421385929629522,7.222562089160378,0.0014082009098491596,0.0810453882095245,0.24199490994471168,2.7628247456521606,1.0428473178723285,0.4906301119666144,-0.8141967873522628,1.15966796875e-05,0.30091098686195233,False,True,True,False
pt022,MR3,083_to_082_warp.nii.gz,0.7819070146921541,1.145291071773015,8.11645817955456,0.0015421514375057292,0.08014941725593024,0.2388145692320305,2.7668044620601044,1.0425303415114986,0.4921476454322211,-0.06795085369555554,3.662109375e-06,0.3014589062827689,False,True,True,False
pt022,MR3,084_to_083_warp.nii.gz,0.776925408617272,1.1328600233271462,5.619913275213367,0.0004404421801159973,0.08112144490154721,0.24816017872751245,2.7532411349206476,1.042411913632774,0.48530078145499933,0.002058550300722714,0.0,0.28986322157703287,True,True,True,True
pt022,MR3,085_to_084_warp.nii.gz,0.7915993226300173,1.1301502784112314,5.5743797796960335,0.0023380090741806623,0.0872779558505383,0.28135122555201897,2.759571189018938,1.0436571996345418,0.4924152342745509,0.010256333657308795,0.0,0.2938859595563544,True,True,True,True
pt022,MR3,086_to_085_warp.nii.gz,0.7558705492039175,1.1261203169745004,5.527662898726567,0.002001416125769442,0.0815547984732091,0.23800140015976837,2.743650029319131,1.0427741566803699,0.474858768749684,0.023617505058309615,0.0,0.27376964921232444,True,True,True,True
pt022,MR3,087_to_086_warp.nii.gz,0.8563563165301378,1.1527079741236734,7.973845539583549,0.0009875370920327598,0.09898965333457987,0.3236980160521873,2.8141512365954586,1.040715121631606,0.5233187793917418,-0.5375339846558049,1.0986328125e-05,0.35218256054756397,False,True,True,False
pt022,MR3,088_to_087_warp.nii.gz,0.8445729630913431,1.1616634903167105,8.337688926557883,0.0004399703639741473,0.08748610052257014,0.29227492465304894,2.8125980352764506,1.0416241419738745,0.5276726903189491,-0.585037846229856,3.35693359375e-05,0.34657173781333195,False,True,True,False
pt022,MR3,089_to_088_warp.nii.gz,0.8969942286421361,1.1591363161033723,9.044698209736657,0.0012959348939450678,0.10288007364729775,0.36220053016643217,2.8358283238174558,1.043901289723821,0.5418410830940561,-0.5641294439108325,3.60107421875e-05,0.3715941014250508,False,True,True,False
pt022,MR3,090_to_089_warp.nii.gz,0.8429148257243814,1.149264005026737,9.820906912002286,0.0013380880628174224,0.08843701962106595,0.2956602179766689,2.7900616658348727,1.042570381284318,0.5107619474806685,-0.03242097683001677,7.9345703125e-06,0.3356286746129166,False,True,True,False
pt022,MR3,091_to_090_warp.nii.gz,1.0562052022584094,1.1894631472973645,7.54001041062545,0.0007101035345597449,0.14121347988698563,0.5185718350490591,2.93172424897897,1.0382165331583808,0.6076443991305418,-0.029316427321381747,2.44140625e-06,0.5119264132091904,False,True,True,False
pt022,MR3,092_to_091_warp.nii.gz,0.9208331986991038,1.1394376785022444,5.81021758068549,0.000640522244727934,0.11763207088357665,0.41812177007732265,2.8310503569217884,1.0444588606905707,0.5408137090909207,-0.14281604904652084,2.44140625e-06,0.37021984331995084,False,True,True,False
pt022,MR3,093_to_092_warp.nii.gz,0.8166408311533293,1.1385592440045058,5.690956173727528,0.0012811369017221637,0.08996880912991784,0.294034908261929,2.778033173115134,1.04292519241375,0.49577571300472073,0.009412966487916443,0.0,0.30366164103239673,True,True,True,True
pt022,MR3,094_to_093_warp.nii.gz,0.7964322996909317,1.1353780298416303,6.756176259739002,0.001094039904647699,0.08868357614518817,0.27575867725823366,2.764248567262772,1.0422719932194635,0.4946654221288357,-0.015058198982064164,1.220703125e-06,0.30271833413280885,False,True,True,False
pt022,MR3,095_to_094_warp.nii.gz,0.7949586285850215,1.1405191269476906,7.407095609784192,0.0010457846104048342,0.08266945006892959,0.25558447321181166,2.766985897167193,1.0423117909036754,0.4974469435541394,-0.15703609794977444,1.15966796875e-05,0.30833638542426617,False,True,True,False
pt022,MR3,096_to_095_warp.nii.gz,0.8332470833342228,1.1582221125390824,10.033330862688965,0.0015990188841160933,0.08691874571734803,0.28863325789300187,2.804195867491725,1.0427756044065484,0.5182739603082,-0.782658805540136,4.8828125e-06,0.3399892007515429,False,True,True,False
pt022,MR3,097_to_096_warp.nii.gz,0.8865794236253515,1.1641386293186817,7.224229911396055,0.0015759811679132024,0.09426262235879143,0.3524553222602278,2.8409195465577923,1.0417686720126196,0.5301813137315959,-0.4564962206493713,2.38037109375e-05,0.3628243617908733,False,True,True,False
pt022,MR3,098_to_097_warp.nii.gz,0.8186734689971661,1.1564340175824708,6.9205730709600894,0.0007516661813287359,0.08610247418669262,0.2785054310646001,2.7965905389730557,1.0424523939744923,0.5130800747581646,0.003967936386230986,0.0,0.3281533106541367,True,True,True,True
pt022,MR3,099_to_098_warp.nii.gz,0.8618167130052181,1.1610893573969874,7.338345587929707,0.0017632828774213304,0.0905537338200513,0.322875198783603,2.8230997987402664,1.0434297076197019,0.5252334762333284,-0.1638751622947021,1.708984375e-05,0.35265890471448813,False,True,True,False
pt022,MR3,100_to_099_warp.nii.gz,0.8789236289745941,1.1780166905027074,11.70214631255638,0.002545537561671378,0.09601314678028205,0.33619240516502713,2.8441305629954803,1.0427341758676223,0.5365416385243381,-0.38218581000904367,3.84521484375e-05,0.37489236576010704,False,True,True,False
pt022,MR3,101_to_100_warp.nii.gz,0.9351478827817011,1.15928575334952,7.496791187509608,0.000532134594810326,0.10771295439740834,0.4314491287879546,2.8559110119348206,1.0390853549880334,0.5362978495366838,-0.11355098049545546,1.220703125e-06,0.3754629464944032,False,True,True,False
pt022,MR3,102_to_101_warp.nii.gz,0.8244043980665701,1.1440047563206504,5.755943069895489,0.0013856272621966385,0.0903864439452924,0.3007507622118038,2.791873502308626,1.04276235098142,0.5028429039957417,-0.013113638336847266,1.220703125e-06,0.3157544483225427,False,True,True,False
pt022,MR3,103_to_102_warp.nii.gz,0.7872134774522292,1.1278458678066454,5.576372897987614,0.001957050211267722,0.08673472148099812,0.2732028682853219,2.7612087655272965,1.0437698613530735,0.4856538527973178,0.021989062330827376,0.0,0.2877514916106357,True,True,True,True
pt022,MR3,104_to_103_warp.nii.gz,0.8713145301622721,1.140922779730182,5.753348103879504,0.0004319610723381322,0.10775733736118696,0.3627493324823571,2.8044686419938114,1.0412188595185072,0.5277530268942516,-0.011582982416571942,1.220703125e-06,0.35457309650926055,False,True,True,False
pt022,MR3,105_to_104_warp.nii.gz,0.8090647138879629,1.160558515534804,9.88926712443319,0.0011279619209410233,0.08359762241479865,0.2622041955677895,2.8021442495518443,1.0428609741485586,0.5050854193715886,-0.6154345710149759,1.46484375e-05,0.3176358393726833,False,True,True,False
pt022,MR3,106_to_105_warp.nii.gz,0.8369220228620418,1.1657768681703171,8.686005360476695,0.0014524333867260027,0.08876311067314269,0.2926001310495706,2.818027554554202,1.0426294729665049,0.5167392158898206,-0.6309515923132524,3.2958984375e-05,0.33987499815803784,False,True,True,False
pt022,MR3,107_to_106_warp.nii.gz,0.8154038815121303,1.1509868095949412,6.712863476327794,0.000475589262688714,0.0866872431086147,0.27286468516502005,2.7882484068688504,1.0417122510185803,0.5072658573448268,-0.09855555459673687,6.103515625e-06,0.32481347153542794,False,True,True,False
pt022,MR3,108_to_107_warp.nii.gz,0.9163671775658385,1.2127465574803409,15.579986367732838,0.0007277526709001969,0.09974462534246445,0.3542468881097119,2.8553078448789675,1.0414225768213796,0.5431603931992599,-2.118668889834387,0.0002008056640625,0.4074803473249753,False,True,True,False
pt022,MR3,109_to_108_warp.nii.gz,0.8975359707337046,1.161986841646049,10.934586097180528,0.0013448773281923476,0.10416814861141008,0.3602219492986261,2.8312165018515434,1.0435205998735642,0.541682611392123,-0.7215461668533226,3.47900390625e-05,0.37213542688825557,False,True,True,False
pt022,MR3,110_to_109_warp.nii.gz,0.8703210499237474,1.1510744896762157,7.348743889574741,0.001360350027674095,0.10008955065469957,0.34357757883427975,2.810208640389487,1.0417400146254432,0.5262529256836582,-0.05196415898733785,6.7138671875e-06,0.3548598326189119,False,True,True,False
pt022,MR3,111_to_110_warp.nii.gz,0.9785549868672156,1.149475257024653,5.710984961095951,0.0007331387688060347,0.12202578847821313,0.48597252645541916,2.848559241881092,1.041688431573439,0.560938908589472,-0.2797076262262754,1.220703125e-06,0.41358520895098416,False,True,True,False
pt022,MR3,112_to_111_warp.nii.gz,1.0783825953039885,1.1812403187125418,7.873051976800837,0.0016049090355029555,0.1566720719015198,0.545393121928776,2.9200251582075474,1.036908519315055,0.604501908462211,-0.15691669840723882,2.8076171875e-05,0.524247915131316,False,True,True,False
pt022,MR3,113_to_112_warp.nii.gz,1.296510643839651,1.3406470299849578,12.260870270530534,0.001349554848917728,0.22885798960841758,0.6881093142703715,3.55690115741799,1.047094228837817,0.7787394304527147,-3.1175083775005277,0.00031005859375,0.7146989791775894,False,True,True,False
pt022,MR3,114_to_113_warp.nii.gz,0.780444273578518,1.1429161942687327,5.54838679936628,0.00023914079053880018,0.08270138068191597,0.2545764115233935,2.770889023660996,1.0422216046304953,0.49284829815153597,-0.037593312604354,1.220703125e-06,0.2958898994464253,False,True,True,False
pt022,MR3,115_to_114_warp.nii.gz,0.9070163337233911,1.1434776219519718,5.884372872044116,0.0013295828466208636,0.11494973507455637,0.38762999688262806,2.8125355010952626,1.0401313578604623,0.5391815699589327,-0.02232127553460205,6.103515625e-07,0.3785355188837001,False,True,True,False
pt022,MR3,116_to_115_warp.nii.gz,1.0410150113423353,1.1762326554854727,8.720166267239389,0.0013342375672108686,0.14781110621639035,0.49537505100402257,2.9063786884879366,1.045554514423251,0.6065801408514863,-0.211795477244417,1.03759765625e-05,0.47731435099461594,False,True,True,False
pt022,MR3,117_to_116_warp.nii.gz,0.9388327105372298,1.185486040035669,8.593501647946928,0.0009630093777187834,0.11001968157193757,0.39358596744167046,2.882414347091351,1.041269772172906,0.5640172107142059,-1.199538713938672,6.53076171875e-05,0.423604690498642,False,True,True,False
pt022,MR3,118_to_117_warp.nii.gz,0.820458720943769,1.1506464737073974,6.672802497363013,0.0007907941007019363,0.08230815359102149,0.2665670644839483,2.788449123205113,1.0425349320664927,0.5089827385631804,-0.37109526912019014,4.8828125e-06,0.3296492487611051,False,True,True,False
pt022,MR3,119_to_118_warp.nii.gz,0.8299163531988789,1.1522266461618107,7.184804905063751,0.0005141594803060152,0.08687936559495907,0.28542632657643296,2.79956693240049,1.042898312277201,0.5074616695943638,-0.19213476529484402,1.03759765625e-05,0.32833435893528945,False,True,True,False
pt022,MR3,120_to_119_warp.nii.gz,0.8896453324870456,1.1503927254718378,6.575034272305197,0.000551933494602848,0.10089228975396482,0.3715127400545492,2.8297389541053626,1.0427794853337518,0.5262415995387828,-0.18039394106883797,1.8310546875e-06,0.3533100930900032,False,True,True,False
pt022,MR3,121_to_120_warp.nii.gz,0.9607819477298046,1.1681268350368097,7.274096872219209,0.0022622993838297455,0.12248455363627243,0.4328944441986702,2.867910961573669,1.0397697970692625,0.5657143380400523,-0.05945603754993436,5.4931640625e-06,0.42715709011895925,False,True,True,False
pt022,MR3,122_to_121_warp.nii.gz,0.9372511705544491,1.1488681600103103,5.667672491519474,0.0009050675010581842,0.1216788167741568,0.41940440291815695,2.8452044666725227,1.0441618498224836,0.5488109354634845,0.024216840120387446,0.0,0.3825512541369035,True,True,True,True
pt022,MR3,123_to_122_warp.nii.gz,0.8310805173494952,1.1592560301236585,7.073100836543505,0.0018882140669454128,0.08727052098465908,0.2944031811946347,2.8142828256535717,1.043033751003041,0.5158990467644117,-0.2932571363644408,3.0517578125e-06,0.33015667213889527,False,True,True,False
pt022,MR3,124_to_123_warp.nii.gz,1.0434739536394566,1.1816027579095643,8.41681624339981,0.001694334546264167,0.12195122051491952,0.5373585631119281,2.905698384171142,1.0419187245467665,0.5856208823953019,-0.12147280350967807,1.8310546875e-05,0.4544373106897741,False,True,True,False
pt022,MR3,125_to_124_warp.nii.gz,0.832034408072526,1.1633682991082295,9.574229596859357,0.0010664954046208477,0.08375320120443212,0.2731710049975823,2.8084010575364453,1.041945829627001,0.5103588068010895,-1.9491905191168382,4.45556640625e-05,0.3359300094811812,False,True,True,False
pt022,MR3,126_to_125_warp.nii.gz,0.8404945239805198,1.1579563822505998,8.964737843849063,0.0013096042697891418,0.08587160653337783,0.28958315120902955,2.803453468318462,1.042350305035641,0.5114235841614464,-0.19469729725695858,1.708984375e-05,0.33774242581453573,False,True,True,False
pt022,MR3,127_to_126_warp.nii.gz,0.8356628268658217,1.1477954212759347,8.340426242083074,0.0013930876122750597,0.08587136354734748,0.29606915321694877,2.788353763381888,1.0416466701586513,0.5068642419353799,-0.05341596472109796,1.8310546875e-06,0.32706294202153235,False,True,True,False
pt022,MR3,128_to_127_warp.nii.gz,0.8253784347920843,1.157551856290502,8.005999185861073,0.0017565846822092997,0.0839472900848316,0.26940756062890403,2.796702221074666,1.0429537650573193,0.509830396338115,-0.10537850196026773,4.2724609375e-06,0.3296984763981909,False,True,True,False
pt022,MR3,129_to_128_warp.nii.gz,0.8114159047177878,1.155039448133252,8.492737423713143,0.0009936763161029905,0.08331473800424849,0.2598533264804973,2.789479159452396,1.041778124358246,0.5060216656407622,-0.1545433372373324,6.7138671875e-06,0.3243261329408763,False,True,True,False
pt022,MR3,130_to_129_warp.nii.gz,0.8690756306725406,1.143658821692472,7.587843502606613,0.0019233075616451765,0.1006674905194565,0.3501564941880717,2.8140059185031974,1.0432283460160134,0.5192174446470255,-0.0061451737624938964,6.103515625e-07,0.3405423335031539,False,True,True,False
pt022,MR3,131_to_130_warp.nii.gz,0.8525512892348559,1.174957661866464,8.962720814717104,0.001036149364879588,0.09011677051191042,0.3058519700565437,2.843738588895581,1.0413291301493643,0.523309860859949,-0.15386806596644348,2.74658203125e-05,0.3488466352998595,False,True,True,False
pt022,MR3,132_to_131_warp.nii.gz,0.9385300496663223,1.1587767176670907,7.95705421515025,0.0011479865080968779,0.11721455942472835,0.41322893066777117,2.8466646759009127,1.0399814528622975,0.5532649648901328,-0.7114998713632898,1.15966796875e-05,0.40425918300092545,False,True,True,False
pt022,MR3,133_to_132_warp.nii.gz,0.8314110006635999,1.1541825686911502,7.562481513704122,0.0005255077675606158,0.0851015472911191,0.2769544401642128,2.792439763140967,1.0419760680091361,0.5135519258252168,-0.08807150035627037,1.03759765625e-05,0.33319408855017,False,True,True,False
pt022,MR3,134_to_133_warp.nii.gz,0.8073090739883807,1.1386909162714463,6.1028196303554205,0.001022861136366538,0.0848737672475726,0.2731737478834353,2.7750858179162248,1.0431748176467193,0.4961987967738241,5.7409822938657694e-05,0.0,0.30943851159260455,True,True,True,True
pt022,MR3,135_to_134_warp.nii.gz,0.8994468083991721,1.1488075849087396,6.642736011324056,0.0010807525655957273,0.10834045568223903,0.37018435874893624,2.8302181591198554,1.0446153596750947,0.5351476511229185,-0.019026622922524272,1.220703125e-06,0.36362324510587385,False,True,True,False
pt022,MR3,136_to_135_warp.nii.gz,1.0393790944714885,1.190893818626631,8.441354397926201,0.0022705050576175105,0.13032155545931595,0.5195453172101039,2.931711668459738,1.0382322639178159,0.591658434839862,-2.547322620544088,1.40380859375e-05,0.4833597046100727,False,True,True,False
pt022,MR3,137_to_136_warp.nii.gz,0.9057719735423106,1.1650435628333837,9.528899790863454,0.0010053834167717312,0.09674137925996379,0.3602282573844087,2.8406830783847665,1.0439210662839604,0.5387364375338118,-0.6275750752231338,1.52587890625e-05,0.3830480058732021,False,True,True,False
pt022,MR3,138_to_137_warp.nii.gz,0.9200207373125932,1.187710840502926,10.141761701157003,0.0015076599447634356,0.09992343911530911,0.36448485131108826,2.869801816819098,1.0413700964482318,0.5585493717360891,-0.18874920882343305,4.39453125e-05,0.40952801506284103,False,True,True,False
pt022,MR3,139_to_138_warp.nii.gz,0.9206639163059381,1.1662908536612269,10.428695232890457,0.0020905209920616665,0.10685954189183604,0.3832934648056824,2.8541367451735846,1.0436038795000797,0.5450341478262917,-0.09887989628357487,3.23486328125e-05,0.3849439501241864,False,True,True,False
pt022,MR3,140_to_139_warp.nii.gz,0.9455379341847688,1.1755602775086882,7.280277133084793,0.002049184148832939,0.09340697014312085,0.42349930829548277,2.87204374057742,1.0437918237480495,0.556932498832411,-0.1569394666292956,1.52587890625e-05,0.39187481540942043,False,True,True,False
pt022,MR3,141_to_140_warp.nii.gz,0.8995059139872806,1.1660115255650636,8.1133428505843,0.0006132106244034094,0.1008355641686857,0.360404604877213,2.839134088947873,1.0417102338471116,0.5382770807864484,-0.04124874338516527,1.220703125e-05,0.3797508902530379,False,True,True,False
pt022,MR3,142_to_141_warp.nii.gz,0.8401779269172986,1.1552513785798786,7.543112837286601,0.0008332329621531585,0.08491340769594842,0.2866914586909963,2.795241073334908,1.0423054226434618,0.5148817058630255,-0.3617480430453989,2.5634765625e-05,0.33596973884662423,False,True,True,False
pt022,MR3,143_to_142_warp.nii.gz,0.8299398518356037,1.1557784631570935,6.616884471480379,0.001590766528193287,0.08516446803466138,0.28155589235014283,2.800811861819344,1.0416378068295986,0.5091628340042478,-0.03525718948097328,7.32421875e-06,0.33241768049261433,False,True,True,False
pt022,MR3,144_to_143_warp.nii.gz,0.8236461445535707,1.1467428486328386,9.10354342081346,0.0011662107163938724,0.08719122465751905,0.2840136079940882,2.7865451899535896,1.0428974080881563,0.5004930487051109,-0.2504248550384494,2.44140625e-06,0.31824432396272884,False,True,True,False
pt022,MR3,145_to_144_warp.nii.gz,0.8003747684579153,1.1602421302176982,8.424328249289253,0.0011651024733288864,0.07962252030781708,0.24209024053863362,2.7949200892167334,1.0426880273617498,0.49831100624809455,-0.011671155100262145,2.44140625e-06,0.31487097606993697,False,True,True,False
pt022,MR3,146_to_145_warp.nii.gz,0.8635891404737371,1.1547769443256146,5.781181992914051,0.0017617661900763012,0.09714109366180726,0.33477368742134206,2.8158768296719354,1.0421865860841668,0.5264701681988194,-0.3426873403588965,4.2724609375e-06,0.3516024118988696,False,True,True,False
pt022,MR3,147_to_146_warp.nii.gz,0.8318913581695716,1.1580338842268552,7.944887347270336,0.001639708372269677,0.08624476840345978,0.2896614238931142,2.8072851570738058,1.0425551031506795,0.5132178978515833,-0.41947116953932045,8.544921875e-06,0.33069729865245073,False,True,True,False
pt022,MR3,148_to_147_warp.nii.gz,0.92136265218624,1.1623902102689516,7.67793147382923,0.0013438928309439495,0.10682494401771198,0.4000878875162853,2.850232826902497,1.042037592175821,0.5446077626709883,-0.03435221451114712,6.7138671875e-06,0.38159221916175023,False,True,True,False
pt022,MR3,149_to_148_warp.nii.gz,0.8571496188719016,1.1571617185380958,7.134406872962645,0.0011073720157798385,0.09206546665138547,0.31878257975917157,2.817169682158629,1.0423567175028816,0.5171049643032183,-0.48184027617585934,7.32421875e-06,0.33617768085134736,False,True,True,False
pt022,MR3,150_to_149_warp.nii.gz,0.9872440864030047,1.1742378983578265,8.52032517878944,0.001076775930701977,0.10222040293215817,0.47484458989621625,2.8912062076320173,1.0396048143869956,0.5423972616816441,-1.7876109637288824,5.4931640625e-06,0.3843730944249009,False,True,True,False
pt022,MR3,151_to_150_warp.nii.gz,0.9767564623119896,1.1727669398285752,8.672208347491067,0.0015810501728889283,0.12452912359299446,0.45420629664905376,2.8836851980190636,1.0404400895664312,0.5718146863496542,-0.07500329996438286,6.7138671875e-06,0.438487038730255,False,True,True,False
pt022,MR3,152_to_151_warp.nii.gz,0.8226406823562449,1.1601520355370336,6.458162273266945,0.0004843078989837344,0.08279069264640694,0.2696187029910791,2.7982774379993947,1.0426584329586186,0.5171457196447443,-0.0021704844880005127,1.220703125e-06,0.33546111177562293,False,True,True,False
pt022,MR3,153_to_152_warp.nii.gz,0.8211489720286079,1.150619556908497,8.345553932897978,0.00041217318463415275,0.08561660627932012,0.27729321182348743,2.7874134722305706,1.042975416206794,0.5027083905406656,-0.02724184907603577,7.32421875e-06,0.32401671003952154,False,True,True,False
pt022,MR3,154_to_153_warp.nii.gz,0.8402939301947332,1.1499273869708915,6.070070638270089,0.0008908621851813061,0.08789917065039467,0.3182195823912167,2.7984158135108923,1.0428440539938437,0.5096957137599798,-0.0014903662188760376,6.103515625e-07,0.326723081131976,False,True,True,False
pt022,MR3,155_to_154_warp.nii.gz,0.9171871691740747,1.1660976508560943,6.837314579844356,0.0018323628195195914,0.10126914879351316,0.3967573082673912,2.8525457989635963,1.0444589558227457,0.5466359113801547,-0.18086601969181001,1.708984375e-05,0.37979729881327556,False,True,True,False
pt022,MR3,156_to_155_warp.nii.gz,1.06960539312242,1.219659853667674,12.460962944092065,0.0014319061624207554,0.11398845776630502,0.5345473153342404,2.9512229338246847,1.0372442484389544,0.5828505014350402,-1.997477600560533,0.0001727294921875,0.4812539918909479,False,True,True,False
pt022,MR3,157_to_156_warp.nii.gz,0.9256272528845255,1.1906381424543813,9.879673483230961,0.0019487380890869652,0.09233223547726342,0.3515849372899723,2.8732570763487115,1.0423375020489223,0.5660949738274031,-0.6560916700112768,2.38037109375e-05,0.4002074127220075,False,True,True,False
pt022,MR3,158_to_157_warp.nii.gz,0.9065888354701039,1.1676160387666237,7.851119216917678,0.001617071349974508,0.09802103494256884,0.35693192364074944,2.846404363010353,1.0433524557180693,0.5384940239205287,-1.0578521030934958,2.99072265625e-05,0.3775298800828471,False,True,True,False
pt022,MR3,159_to_158_warp.nii.gz,0.8265470458710049,1.1688279123398042,7.116552105683889,0.0005062230058889165,0.08256052942334423,0.2666358804348852,2.8166553075276193,1.042236202509003,0.5159004048528084,-0.27661547058634384,8.544921875e-06,0.3377030893545242,False,True,True,False
pt022,MR3,160_to_159_warp.nii.gz,0.8392423222794515,1.1680950161722297,6.7721728742258405,0.0016848567021443784,0.09080180478536394,0.2900676931116365,2.8233879345729282,1.041975528213762,0.523435251540548,0.0008803733090009704,0.0,0.3417076491328135,True,True,True,True
