Patient,Session,File,Motion Mean,Motion Std,Motion Max,Motion Min,Motion P10,Motion P50,Motion P90,Jacobian Mean,Jacobian Std,Jacobian Min,Jacobian % Negative,Harmonic Energy,QA_JAC0,QA_JAC2,QA_HE,QA_Passed
pt002,MR1,002_to_001_warp.nii.gz,1.0450712481306212,1.4049169812559605,6.238357892777244,0.0018479195666521386,0.106680902859727,0.3953363812479591,3.1741781363222716,1.0425130773395872,0.6727954460067338,-0.9599882559636461,1.77001953125e-05,0.5596049286990114,False,True,True,False
pt002,MR1,003_to_002_warp.nii.gz,0.9833817585797013,1.42539698893567,7.695987201910602,0.0012790075331435308,0.08655652711331666,0.30415637112493865,3.1581089645847644,1.0428617852031017,0.6616488967711633,-0.2864875314186085,2.01416015625e-05,0.5304038194809135,False,True,True,False
pt002,MR1,004_to_003_warp.nii.gz,1.1350162312449195,1.418362536723032,7.526911447314083,0.001110836464214992,0.10046842293726173,0.45231899222817423,3.220630451498238,1.0424293711960997,0.6839736129380263,-0.6298691048541286,3.662109375e-05,0.5716916082716014,False,True,True,False
pt002,MR1,005_to_004_warp.nii.gz,1.026986628108127,1.427677836923206,8.81949742596289,0.0015684785814229845,0.09168702919182624,0.345819174325912,3.196021998928377,1.0419615654617043,0.6731784369381263,-1.304070583252358,9.521484375e-05,0.5688629092984576,False,True,True,False
pt002,MR1,006_to_005_warp.nii.gz,1.0868149222104644,1.4189489707149856,8.388195264459261,0.0007237596678959593,0.09734490579333568,0.4053621715752307,3.1964688609916876,1.0406777096494388,0.6781611368121727,-1.7787403847059526,6.04248046875e-05,0.5758725135807413,False,True,True,False
pt002,MR1,007_to_006_warp.nii.gz,0.9906265985114742,1.4357119870335104,9.037984176031582,0.001101491857167272,0.08584388055073557,0.2992304042213686,3.1683350042481297,1.0427717433648018,0.6657131915238241,-0.8658289963203952,3.2958984375e-05,0.5403210071267892,False,True,True,False
pt002,MR1,008_to_007_warp.nii.gz,1.0407702414537507,1.4191753941304173,9.73378086238523,0.0009043000515415301,0.09260829559970427,0.36338084533053183,3.172198039737767,1.0411037047444742,0.6652321964440365,-1.535256091513231,4.33349609375e-05,0.5481231820638454,False,True,True,False
pt002,MR1,009_to_008_warp.nii.gz,1.0026423677827367,1.426838676596201,8.85931513420888,0.0016686181213264992,0.09345045948181069,0.32662549293680987,3.173362765525437,1.042443559168721,0.6637663339934279,-0.4751675978692398,3.5400390625e-05,0.5423601083605689,False,True,True,False
pt002,MR1,010_to_009_warp.nii.gz,0.9782151732065425,1.4300138003380536,8.095945510883881,0.0008742661489285585,0.08603486903016411,0.290729252735919,3.1603629072571704,1.0427006662429028,0.6591796811710392,-0.46700492255174225,3.11279296875e-05,0.5242639941161934,False,True,True,False
pt002,MR1,011_to_010_warp.nii.gz,0.9857411166921881,1.423654928320045,7.121304590432979,0.0017782042002472721,0.08759757693914222,0.3138450394839748,3.1681719360091467,1.0428212739713565,0.6572860473970253,-0.706516354287188,1.64794921875e-05,0.5170886175105616,False,True,True,False
pt002,MR1,012_to_011_warp.nii.gz,1.1437137469957543,1.4226606557013695,7.5810217429976126,0.0010089815985877939,0.10083901948888706,0.45658083744359157,3.228348121772978,1.04241081212727,0.687321626762875,-0.25706263631407367,2.44140625e-05,0.575370925514859,False,True,True,False
pt002,MR1,013_to_012_warp.nii.gz,0.9967089164358235,1.4112629314108078,6.713485220534684,0.0013431032921865673,0.09545658227389453,0.34688655754585795,3.1609218873470804,1.041865173215161,0.6521951153802992,-0.9992790618894143,2.9296875e-05,0.5187974554676766,False,True,True,False
pt002,MR1,014_to_013_warp.nii.gz,1.0862140681764096,1.4048416143502302,7.170820256077076,0.0011578340764087727,0.098106987878655,0.4147262746117,3.1561992859149366,1.039239668064261,0.662514810585337,-0.38299242476554585,3.72314453125e-05,0.5339994172387764,False,True,True,False
pt002,MR1,015_to_014_warp.nii.gz,1.0053323813235187,1.4108889137806913,6.984499491812531,0.0013383991356068852,0.09067703892485669,0.3509286862330778,3.1691552427162413,1.0427140036209563,0.6495630978678911,-0.04085431343503108,1.03759765625e-05,0.5017235736253418,False,True,True,False
pt002,MR1,016_to_015_warp.nii.gz,1.0626021834187167,1.4035175967656544,7.207061065844742,0.001211947668318145,0.09874824057525115,0.41051298841509387,3.157304119862497,1.0403736403940775,0.6617080082158433,-0.16634328632021256,2.62451171875e-05,0.5359465595711481,False,True,True,False
pt002,MR1,017_to_016_warp.nii.gz,0.9808357632981408,1.415182134988481,7.348771343842942,0.0014446699285045118,0.09166443830682106,0.31786817397304123,3.1517303085593333,1.0426132679450486,0.6523506526010346,-0.5556465661587254,2.685546875e-05,0.5107402327747368,False,True,True,False
pt002,MR1,018_to_017_warp.nii.gz,0.9868610027919945,1.4157142111713914,8.482020367881978,0.0011598090073594222,0.09305580384693266,0.3194052969148891,3.1438921250949416,1.042689555430931,0.6535158823969526,-0.39678230949161053,1.953125e-05,0.5194450604328767,False,True,True,False
pt002,MR1,019_to_018_warp.nii.gz,0.9771881459790188,1.4161163290219025,7.6527463114159024,0.001013714732528888,0.08765226448866327,0.3154580748995751,3.1420941580700648,1.0426338855114325,0.6507672443576441,-0.3644819076605354,3.0517578125e-05,0.5076403398153758,False,True,True,False
pt002,MR1,020_to_019_warp.nii.gz,0.9611042223836876,1.4200771689505123,6.990619343407122,0.0011400500621464127,0.08514192746085807,0.28646631308040676,3.139703078384295,1.0425699699261979,0.6493750088800722,-0.1749912107389495,1.28173828125e-05,0.5005294199960346,False,True,True,False
pt002,MR1,021_to_020_warp.nii.gz,1.0192203333646546,1.413947170979604,8.147029199187651,0.0007256224980748932,0.09242969813200677,0.3602090455791343,3.1710126589471934,1.0427740888465495,0.6568219032576605,-0.16900785869038348,1.8310546875e-05,0.5250081475248375,False,True,True,False
pt002,MR1,022_to_021_warp.nii.gz,1.022847099704868,1.4139517899394047,8.633331008328264,0.0008576907664482608,0.09500147071800488,0.36886673075030396,3.1661107341334405,1.0427781956475617,0.6620059387576027,-0.4279028043786384,2.685546875e-05,0.5336329381998767,False,True,True,False
pt002,MR1,023_to_022_warp.nii.gz,1.030672986625693,1.4087912879288673,7.501833096209477,0.0005858315921652602,0.09607495263547944,0.37496239205075166,3.1641776805636415,1.0410884015633484,0.6619724842868442,-1.3815067792803388,4.82177734375e-05,0.54046249194851,False,True,True,False
pt002,MR1,024_to_023_warp.nii.gz,1.0109312674818987,1.4029159244265352,6.814964554856838,0.001641399323257736,0.09375406224234589,0.3646004098635094,3.1408560988871956,1.0411326547298072,0.6546774186717501,-0.3148178698972913,2.74658203125e-05,0.5146338365231672,False,True,True,False
pt002,MR1,025_to_024_warp.nii.gz,0.9519811817164212,1.4212334215915279,8.16354143501704,0.0014745235102891965,0.086650945344365,0.2903512592006301,3.1432032444366587,1.042762496115261,0.6495509417100149,-0.13716087295875481,1.77001953125e-05,0.5047527362690868,False,True,True,False
pt002,MR1,026_to_025_warp.nii.gz,0.9987469554487036,1.4187345559755875,7.773602401597172,0.00036590989579185365,0.09024768609963768,0.3323038035705115,3.166097539982039,1.0426136892568025,0.6599437036314956,-0.33352274298661916,4.33349609375e-05,0.5312848420288844,False,True,True,False
pt002,MR1,027_to_026_warp.nii.gz,1.0130957295080314,1.4170493674719622,8.555328891870511,0.0016141993980937634,0.09024185811127025,0.3470254443454781,3.170449792568908,1.0427308986776855,0.6641048589481056,-0.6350920582345722,2.44140625e-05,0.5325401911943188,False,True,True,False
pt002,MR1,028_to_027_warp.nii.gz,1.0208537802237454,1.4152974002304415,7.4705458808835825,0.0009724720681806488,0.09602033280078939,0.3634042551870388,3.17462419762313,1.041533058886423,0.6640137723379878,-0.21432661760835436,2.25830078125e-05,0.5526490049046928,False,True,True,False
pt002,MR1,029_to_028_warp.nii.gz,1.0609754598981218,1.4171508138319877,9.556274719253262,0.0013353849956586287,0.09734659236877582,0.38883125971968635,3.1791038126660958,1.040450631583861,0.6714407065988948,-0.8484663467155611,4.2724609375e-05,0.5560674365502597,False,True,True,False
pt002,MR1,030_to_029_warp.nii.gz,1.0027502996655229,1.4268270226533655,8.458541866726755,0.0005792746009028655,0.09061236057966422,0.32462848562579794,3.1775564619224137,1.0426557963795295,0.6667163207248384,-0.4632171643526041,5.79833984375e-05,0.5472441330993921,False,True,True,False
pt002,MR1,031_to_030_warp.nii.gz,1.0621539469674517,1.4305734156584364,8.36165004332524,0.001975817290362203,0.09543142856348066,0.3803453797427454,3.231076502633178,1.042774982659997,0.6828558730243734,-1.01610446659038,7.568359375e-05,0.5787829655966652,False,True,True,False
pt002,MR1,032_to_031_warp.nii.gz,1.0764051323127257,1.420957254695371,8.817154292357097,0.0007893305709131094,0.1010948787187003,0.40894325108361695,3.2229082323031393,1.042348316411835,0.6829265422430543,-0.5965874131559726,8.4228515625e-05,0.5802360610508244,False,True,True,False
pt002,MR1,033_to_032_warp.nii.gz,1.062732673822978,1.4246087715936173,8.431478536019783,0.001220999158365968,0.0974041317392759,0.38650447718887765,3.2203670092738843,1.041244061033523,0.6793980521433622,-0.6481797195828273,0.00010986328125,0.5793400463146484,False,True,True,False
pt002,MR1,034_to_033_warp.nii.gz,1.0505265177842158,1.4169798814977437,7.5130183957225,0.0003047875028832863,0.0963129085360286,0.38587481088974973,3.1812107689062366,1.0413291809951508,0.6794718607187935,-0.3931562443431366,3.0517578125e-05,0.5669055042541125,False,True,True,False
pt002,MR1,035_to_034_warp.nii.gz,0.9968661206644015,1.426679359443246,9.60770801183087,0.0015201991253146923,0.08836406069748168,0.31866536203911233,3.1576809337605676,1.0420846755617041,0.6617310323872013,-0.45182548383650445,5.92041015625e-05,0.5345203176959653,False,True,True,False
pt002,MR1,036_to_035_warp.nii.gz,1.0220438485498808,1.4252917668966023,8.895245240099424,0.0012705911748994822,0.09172599219190267,0.3470748954375895,3.183155494451464,1.0427325104373406,0.669572024785751,-0.6217871517904769,8.23974609375e-05,0.5427075059028931,False,True,True,False
pt002,MR1,037_to_036_warp.nii.gz,1.052178613611511,1.4354439297818098,9.001898831374888,0.001951248375882363,0.09252619886686833,0.35696288764619094,3.235276706779996,1.0428350207797523,0.6808316386685508,-0.9147559720888836,5.7373046875e-05,0.5711058568082974,False,True,True,False
pt002,MR1,038_to_037_warp.nii.gz,1.039923281166783,1.415971235009923,7.867514645654767,0.0012092114632028194,0.09532536619031229,0.3674054336580481,3.1616392188123865,1.041197679095206,0.669805424750777,-3.349522310935534,5.79833984375e-05,0.5605159213567849,False,True,True,False
pt002,MR1,039_to_038_warp.nii.gz,1.074399657314121,1.4125721400769642,7.772854649593614,0.0019607710766601206,0.09644018337625399,0.4002588306638204,3.169259321140274,1.0404990069789442,0.6643946166386332,-0.45934378588631103,4.638671875e-05,0.5513458540892292,False,True,True,False
pt002,MR1,040_to_039_warp.nii.gz,0.9863674830711766,1.4121318650157124,9.29383491860671,0.0007955893718469431,0.09318209459955558,0.3335278479989996,3.141277953359089,1.0419972273017541,0.6552862554242495,-0.41981346538807535,2.38037109375e-05,0.5185399151529059,False,True,True,False
pt002,MR1,041_to_040_warp.nii.gz,0.9820095738619574,1.416518953357966,7.655195007022261,0.0009464134660167509,0.08952749344665135,0.3170901539631662,3.1434195109186005,1.0428047681950823,0.6541753926689369,-0.5369745568073039,1.40380859375e-05,0.520522154664568,False,True,True,False
pt002,MR1,042_to_041_warp.nii.gz,1.0835522358567817,1.4166688235742737,7.85862592387182,0.0002933848957340593,0.09775768092487057,0.41603785740986543,3.2041023036866942,1.0426500224752073,0.6740794093380735,-0.4513492428896232,3.41796875e-05,0.5562468606115835,False,True,True,False
pt002,MR1,043_to_042_warp.nii.gz,1.0008387853327991,1.4230450184481556,8.292165774798002,0.0015058951550298517,0.09259442898891808,0.3294403653940156,3.170997035458225,1.0425967110568033,0.6632516998816079,-0.26281327392722775,4.21142578125e-05,0.5335701736154509,False,True,True,False
pt002,MR1,044_to_043_warp.nii.gz,1.0309095648813598,1.4105500363584431,7.9593003207466495,0.0009369627287156154,0.09518835838087249,0.377196328231883,3.161631244440625,1.041530736673154,0.6594467206896865,-1.4460179416513055,5.67626953125e-05,0.5332919837621745,False,True,True,False
pt002,MR1,045_to_044_warp.nii.gz,1.0421512000553697,1.406365746161363,8.963570337550971,0.0009649614670605035,0.09904478708269888,0.39813397844386766,3.158472499901632,1.0413385605636956,0.661175993989618,-0.256952974306916,3.662109375e-05,0.5390865221346033,False,True,True,False
pt002,MR1,046_to_045_warp.nii.gz,0.9332300355398223,1.4197477530939773,7.047111341411309,0.0019620084032503193,0.08439909300862487,0.27515305450825217,3.1282134583155083,1.0426769169557626,0.64766405453346,-0.6748683019913907,2.5634765625e-05,0.4887548171337945,False,True,True,False
pt002,MR1,047_to_046_warp.nii.gz,0.9424533760938111,1.4255825839360095,7.664509096037963,0.0011497862756325889,0.08568982316275177,0.27524774080866377,3.1427469692277503,1.0427590454848752,0.6440369344355947,-0.5626915219235288,3.90625e-05,0.49428871840752236,False,True,True,False
pt002,MR1,048_to_047_warp.nii.gz,0.9854257754391267,1.413767096790675,7.431074692227812,0.0018427645918303787,0.09119038163954594,0.32705466421832274,3.153097558712338,1.0427504208670317,0.6545940018629973,-0.5293308587308145,6.7138671875e-06,0.5192123264387668,False,True,True,False
pt002,MR1,049_to_048_warp.nii.gz,1.0494305014333214,1.4089884277808162,9.061081755043839,0.0016379177489912655,0.09570372986494918,0.3886029124723448,3.168600194949004,1.042587467467795,0.6576361512599198,-0.4570651950590129,1.953125e-05,0.5173038413096493,False,True,True,False
pt002,MR1,050_to_049_warp.nii.gz,0.9506068601229138,1.4068098414853123,5.901877390095807,0.0018793001592788035,0.08944290696166769,0.31185340389774824,3.128552581602395,1.0420771527709614,0.6412919255573705,-0.11614468880243059,8.544921875e-06,0.48649458642963483,False,True,True,False
pt002,MR1,051_to_050_warp.nii.gz,1.0098289344585012,1.3992357476600266,6.7657909360401565,0.0011695953776489527,0.09506084044595244,0.35942428516820724,3.132573794514755,1.0405881196583942,0.6460861542219914,-0.1251447606017308,1.15966796875e-05,0.4967623110069944,False,True,True,False
pt002,MR1,052_to_051_warp.nii.gz,0.942363391067114,1.4085974118623692,7.516021232405163,0.0010553570266633734,0.08746218858875528,0.29769799496396165,3.1201692606465516,1.0421605579881357,0.638637545304171,-3.6939303149864537,9.765625e-06,0.47827999475608424,False,True,True,False
pt002,MR1,053_to_052_warp.nii.gz,0.9959644021016417,1.415330854114697,8.318297085894253,0.0016691590388826756,0.09111713779833247,0.3322538388984716,3.1583203474012524,1.0427245392475981,0.6573736783836397,-0.355426538226921,2.38037109375e-05,0.5275827000212007,False,True,True,False
pt002,MR1,054_to_053_warp.nii.gz,1.0083168225428782,1.4163198316566212,7.5063929543832515,0.000958702978554435,0.08953531895239923,0.34259987992768537,3.1629387547173082,1.0429528164735986,0.6683742829887911,-0.7849757437458944,2.5634765625e-05,0.5283445494162115,False,True,True,False
pt002,MR1,055_to_054_warp.nii.gz,1.0382446706159643,1.417946005116352,8.983911346545986,0.0014186923304026489,0.09763173459303326,0.3760207757780516,3.184317272533708,1.0425863550692152,0.6730951195309336,-0.6907150988267572,2.3193359375e-05,0.5483080207810649,False,True,True,False
pt002,MR1,056_to_055_warp.nii.gz,1.035353940770449,1.4237144907202022,7.775851221600943,0.0010071798888703846,0.09305389781602323,0.3544301217588933,3.1803520925611886,1.041813762065505,0.669295070016528,-0.3271561590894976,2.5634765625e-05,0.5613588744237077,False,True,True,False
pt002,MR1,057_to_056_warp.nii.gz,1.089837471452368,1.4241457099423538,9.393711963065448,0.0017588223355370157,0.09822072717632571,0.4107492832057258,3.2103728392368263,1.040685664307364,0.6819815493453355,-0.7329970570211208,6.65283203125e-05,0.5924122558091035,False,True,True,False
pt002,MR1,058_to_057_warp.nii.gz,1.0249407369446468,1.431942698385572,9.195445716270292,0.0015011819835083148,0.093459464461601,0.33487490057472546,3.1988521974810893,1.0426842591857248,0.6753454724737022,-1.0082257006852111,6.53076171875e-05,0.5712910794722607,False,True,True,False
pt002,MR1,059_to_058_warp.nii.gz,1.0695081129993977,1.4319944259465966,7.778982568921136,0.0011925004861500904,0.09385594647763008,0.37817627863618536,3.2348259231179206,1.042610622286888,0.6899960125570004,-0.8900649848545522,0.0001043701171875,0.5894003935644393,False,True,True,False
pt002,MR1,060_to_059_warp.nii.gz,1.0270298311501425,1.4374848980891464,8.256540132892583,0.0012987780872699786,0.09198574522615627,0.3315444650835826,3.2116210217441843,1.0424309340373303,0.6772579480375885,-0.6473763660741038,5.126953125e-05,0.573888843575128,False,True,True,False
pt002,MR1,061_to_060_warp.nii.gz,1.0871531908485006,1.4228517388480062,9.86729973652261,0.0016988652525599345,0.09854129721384842,0.4124155330674695,3.207610713720076,1.0408209003316602,0.6810493983525933,-1.0163732876600993,0.0001361083984375,0.5844112323789719,False,True,True,False
pt002,MR1,062_to_061_warp.nii.gz,1.0138164495797022,1.4336228787251997,7.783709083905462,0.0018726653267049037,0.09110495860067118,0.32123927438889444,3.1875759270901214,1.042679223562538,0.6718435523593543,-0.4152401463047576,3.11279296875e-05,0.5571077863990209,False,True,True,False
pt002,MR1,063_to_062_warp.nii.gz,1.0649372262813777,1.4176325802743717,7.897249379461948,0.0006903916268491767,0.09844671675067515,0.40103350569104024,3.201448108172071,1.0427758366286464,0.6709644980092183,-0.3151626650304618,4.7607421875e-05,0.5593314369152627,False,True,True,False
pt002,MR1,064_to_063_warp.nii.gz,0.9891215401129559,1.4183948101033632,7.163736906573711,0.0014712557898756726,0.09277439929617795,0.3258896610777362,3.151636348329282,1.0426735532096376,0.6556042886352942,-0.3669554530054862,3.84521484375e-05,0.519770231315447,False,True,True,False
pt002,MR1,065_to_064_warp.nii.gz,0.9942508529179989,1.4137677834087141,9.709400207898716,0.0006957320703639092,0.09090084604161727,0.3432377826886133,3.153032524965428,1.0428418756569966,0.6505049756362576,-0.4811112321018215,2.74658203125e-05,0.5036658227989521,False,True,True,False
pt002,MR1,066_to_065_warp.nii.gz,0.9614576692518222,1.417684748005652,8.696568576049883,0.00036661097553090726,0.08980998039260926,0.3026413319351948,3.1316304580337007,1.042514491412902,0.6461225617170956,-0.48243359943223796,1.8310546875e-05,0.49249159550027727,False,True,True,False
pt002,MR1,067_to_066_warp.nii.gz,1.013004128258006,1.407342188871629,7.520130745687464,0.0008389976399087323,0.09539747399276283,0.3667310771372427,3.1587872846681897,1.0413221244649034,0.6540450732008132,-0.7260579905335993,2.38037109375e-05,0.5225619398485631,False,True,True,False
pt002,MR1,068_to_067_warp.nii.gz,1.004382682128665,1.4084007346432634,7.740123271502344,0.0014502956704035062,0.09408326095906552,0.3578002744576816,3.147501973521967,1.041395876817827,0.6527639734827996,-0.28254282408440595,2.13623046875e-05,0.5100007662439635,False,True,True,False
pt002,MR1,069_to_068_warp.nii.gz,1.0189728287638862,1.398712667386753,5.924124074067066,0.0009813840688098095,0.0958667149809487,0.37822945041318057,3.1413148176304495,1.0406167738413599,0.6503452061063606,-0.286954286261939,7.9345703125e-06,0.5065442113678025,False,True,True,False
pt002,MR1,070_to_069_warp.nii.gz,0.9764077306794171,1.4103794107787748,8.90011643016865,0.0001434044565079839,0.09155355710107442,0.33201420593675635,3.1500802404581445,1.0427298482970715,0.6555590744609372,-1.24248206186116,1.0986328125e-05,0.5020371980774941,False,True,True,False
pt002,MR1,071_to_070_warp.nii.gz,0.9617074949004387,1.4169227581018846,11.324195053933778,0.0001628844876265246,0.08750157662278427,0.3122619877550622,3.140853473793935,1.0428144557783032,0.6498484713761021,-0.17540720547556404,2.44140625e-05,0.49914190642292183,False,True,True,False
pt002,MR1,072_to_071_warp.nii.gz,1.015221000097817,1.4037248853470397,6.056697185746533,0.0009366380398840749,0.09621081023478922,0.3798546997931155,3.1587804899732856,1.0425228136631386,0.6574804451023304,-0.29414826817329426,1.3427734375e-05,0.5166143110233093,False,True,True,False
pt002,MR1,073_to_072_warp.nii.gz,1.042138671543702,1.4104522995207418,7.195064863123021,0.0015691427538530353,0.09887002693634384,0.39094050303721267,3.168661979834604,1.0410741264671157,0.6653286488033744,-0.359828643161676,3.7841796875e-05,0.5457415126600321,False,True,True,False
pt002,MR1,074_to_073_warp.nii.gz,1.016815912672824,1.4240320828285846,8.53070294674313,0.0004813195788171836,0.09374557980440484,0.34167793172262967,3.173758763895309,1.0424556819913349,0.6664619911340423,-1.7623551656569998,8.1787109375e-05,0.5478104307600375,False,True,True,False
pt002,MR1,075_to_074_warp.nii.gz,0.9984699692702936,1.422290055995924,7.820559036864081,0.0020188980000572596,0.09067732412183645,0.32011958102209137,3.154618849054971,1.0421808958664338,0.6618478179358239,-0.9088936587033958,4.150390625e-05,0.537101678896971,False,True,True,False
pt002,MR1,076_to_075_warp.nii.gz,0.9809272252802539,1.428201845139945,8.521029445217279,0.0010867980423636956,0.08624427784535707,0.29481007503301415,3.160460275897578,1.0427272094939857,0.6621638368220069,-0.2889741751911089,3.60107421875e-05,0.5347910669998389,False,True,True,False
pt002,MR1,077_to_076_warp.nii.gz,1.0985933523252631,1.4235296551709533,9.577079874287598,0.0010089733587412416,0.0992615575887571,0.42673771346396344,3.2385971866807988,1.0424813053979118,0.6842487938907791,-0.9529866440165323,4.39453125e-05,0.5887052613518781,False,True,True,False
pt002,MR1,078_to_077_warp.nii.gz,1.030699577303893,1.4235581884987212,8.244920934550874,0.0010154909307712621,0.09582777873721549,0.35452083203263923,3.1822863095776563,1.0425085653452475,0.6731814579784093,-0.3654841235439244,2.9296875e-05,0.5698759718575603,False,True,True,False
pt002,MR1,079_to_078_warp.nii.gz,1.0755117198432325,1.4252448634288482,8.926084650841121,0.0009460993148248952,0.09491805684292623,0.39497557139215156,3.199732827292282,1.0405919185218326,0.6800209445325811,-1.1994181404916933,0.0001031494140625,0.5821973807855387,False,True,True,False
pt002,MR1,080_to_079_warp.nii.gz,1.0201390261568697,1.4269152990425695,9.415711707250555,0.0021064145968702212,0.09435361529781029,0.34096080074986884,3.1811876759331748,1.0423516248466342,0.6741190476636685,-0.8404788336851232,3.662109375e-05,0.5620105721636643,False,True,True,False
pt002,MR1,081_to_080_warp.nii.gz,1.0879227468575174,1.4264214584267636,8.686226482930007,0.0018734589108243573,0.09817253967998826,0.40739855948212,3.231005267677545,1.0425804926792628,0.6868474982595553,-0.8157853581100334,4.2724609375e-05,0.578594909269957,False,True,True,False
pt002,MR1,082_to_081_warp.nii.gz,1.0181305447710587,1.4201063187775018,7.128111290614712,0.0013535121790206651,0.09662003945504663,0.34827862131400567,3.1810227742162334,1.0425861089611532,0.6712470147984719,-0.8159703924299194,4.638671875e-05,0.5520000863447558,False,True,True,False
pt002,MR1,083_to_082_warp.nii.gz,1.0808820401698938,1.4104508970325746,8.540504211490656,0.0015427004955527335,0.09985499593166923,0.42149889264875784,3.1744979485433986,1.0405035407316214,0.6699761282828364,-0.7202795854689685,5.37109375e-05,0.5623854308054255,False,True,True,False
pt002,MR1,084_to_083_warp.nii.gz,1.0215944344385564,1.414186765432239,8.395202629577158,0.0009034358279267596,0.09637094460403685,0.36664641003715587,3.1658860708380727,1.0416872605254834,0.6604484618208346,-0.6544344612544798,5.55419921875e-05,0.5340528481155548,False,True,True,False
pt002,MR1,085_to_084_warp.nii.gz,1.0004807837394194,1.4273947306860224,8.988295382053705,0.001106972921670588,0.0913375531384372,0.32088259159040117,3.1779018842040525,1.0427988436405997,0.6671331677636498,-0.5905195165662349,4.45556640625e-05,0.5469550204840089,False,True,True,False
pt002,MR1,086_to_085_warp.nii.gz,1.027922560395606,1.4270521967000884,8.46570260968237,0.001915232886758019,0.09221177178563031,0.3534631923600918,3.1924272182716793,1.0426942797989602,0.6711508793251104,-0.4015172842685596,6.40869140625e-05,0.5475269004491184,False,True,True,False
pt002,MR1,087_to_086_warp.nii.gz,1.0487373301296667,1.4186109648457246,9.502834395761525,0.0008028611503583382,0.0962742564220946,0.3865977469697603,3.1907887075420387,1.0426951853515887,0.6743599909209887,-0.46332054207658757,2.38037109375e-05,0.5546133340773338,False,True,True,False
pt002,MR1,088_to_087_warp.nii.gz,1.027194854863606,1.4244140165554822,8.927554944199814,0.0012511609998859742,0.09544347083536169,0.3604084186701172,3.18665226955712,1.0417753395029619,0.6655618087241553,-1.0383641374327444,5.79833984375e-05,0.5546121303367626,False,True,True,False
pt002,MR1,089_to_088_warp.nii.gz,1.0393839821113338,1.4113489678722537,9.03129971764695,0.0007929888476635247,0.09833035507542223,0.39149091501700883,3.1634875298947214,1.041388331638097,0.6607290694657638,-0.8591362644616061,5.9814453125e-05,0.539046445758447,False,True,True,False
pt002,MR1,090_to_089_warp.nii.gz,0.9982076067919826,1.4195530322562246,8.526453016810217,0.001289859690098528,0.09152061477903295,0.3377759205883518,3.159434026665294,1.0419216089864045,0.6609915266024071,-0.7725696774096549,4.57763671875e-05,0.5266074148795995,False,True,True,False
pt002,MR1,091_to_090_warp.nii.gz,1.001771235081078,1.4161350585080146,8.272876183984803,0.0009981709923942961,0.09272363999008824,0.3440023724588674,3.1631395797875848,1.0425682238362493,0.6591394599608686,-0.8659147311440488,2.62451171875e-05,0.5289265741060979,False,True,True,False
pt002,MR1,092_to_091_warp.nii.gz,0.99560362392745,1.414171195523098,7.267030182037344,0.0008595120007700671,0.0927680551168602,0.34159710769059104,3.158113775479861,1.0427633694585026,0.6601257196115263,-0.29480519393183174,2.74658203125e-05,0.5231520809948987,False,True,True,False
pt002,MR1,093_to_092_warp.nii.gz,0.9868778124811431,1.4116971345856149,6.798749194327728,0.0010322884134661666,0.09492539905273634,0.33363091186881866,3.1536739328717562,1.0425603746946397,0.6554913273245394,-1.0414401461736338,8.544921875e-06,0.5148481446525778,False,True,True,False
pt002,MR1,094_to_093_warp.nii.gz,0.9992991455996831,1.4283604673215335,7.626943999886153,0.0008818155318446329,0.08863098612801394,0.31708070308394987,3.1720647372390247,1.0427248306088566,0.6659572538436425,-1.0362580117922107,6.9580078125e-05,0.5370455977201692,False,True,True,False
pt002,MR1,095_to_094_warp.nii.gz,1.0116702597143892,1.4348557379059188,9.485491469820062,0.0014945950278528956,0.08953464081986127,0.31780149874462454,3.1861117278738367,1.0425100953432898,0.6703702116189671,-2.1065090113258993,5.4931640625e-05,0.5568279475742495,False,True,True,False
pt002,MR1,096_to_095_warp.nii.gz,1.0429522672832798,1.4285070179461976,9.228088361324692,0.0006694208842950698,0.09437303875685822,0.35462691365956955,3.1919007960012538,1.0421118574226633,0.6712933640759952,-0.2335864683912823,3.0517578125e-05,0.5698387103881042,False,True,True,False
pt002,MR1,097_to_096_warp.nii.gz,1.0822868331517719,1.4245476657616583,7.564645628095645,0.0005931988073897725,0.09691968361179497,0.4007944571967404,3.221325978668575,1.0408381022250222,0.6778707366445206,-0.8980650090801096,9.46044921875e-05,0.5802864008978209,False,True,True,False
pt002,MR1,098_to_097_warp.nii.gz,1.0312790245270316,1.4330924443243016,8.51098954815683,0.0016894947173157805,0.0948140009359259,0.340991690908307,3.209637018442175,1.0423409056915252,0.675863783168444,-0.6305534041577489,9.3994140625e-05,0.5676714357726483,False,True,True,False
pt002,MR1,099_to_098_warp.nii.gz,1.0172336823061208,1.4256251930633148,10.715344622470885,0.001468516180622147,0.09366770236469685,0.33212183072693824,3.172846247371136,1.0423771431529745,0.6708727021804632,-0.5457376585537469,2.50244140625e-05,0.5531197302541321,False,True,True,False
pt002,MR1,100_to_099_warp.nii.gz,1.022176223818964,1.4293492673499721,9.858478550957033,0.0006757068242678677,0.09310547434989845,0.3422467261317843,3.1830019912222087,1.042860262367565,0.6714470104413385,-0.4714768115201988,6.04248046875e-05,0.5550260915293361,False,True,True,False
pt002,MR1,101_to_100_warp.nii.gz,0.9920339440294108,1.4311243910271465,8.67493677261436,0.0004149527468039718,0.09044665572961086,0.3146869054514053,3.1771273123100356,1.0423062930660614,0.6654453567629561,-0.9189431133855035,6.65283203125e-05,0.5465970414080366,False,True,True,False
pt002,MR1,102_to_101_warp.nii.gz,0.9822143864593071,1.420283353813427,8.309394790145213,0.001546146147524535,0.09185933752212055,0.3216017703585238,3.1482410988029983,1.0422724359764954,0.6569641036570609,-0.34033672008229177,4.45556640625e-05,0.5234478806736503,False,True,True,False
pt002,MR1,103_to_102_warp.nii.gz,0.9515495060536067,1.4244350995919697,10.219346387396042,0.0009602933704807812,0.08704810174702736,0.284164751493143,3.138931458560826,1.0424414616767854,0.6498181974994424,-0.5242845496039693,6.65283203125e-05,0.5032842666770762,False,True,True,False
pt002,MR1,104_to_103_warp.nii.gz,0.9318022507863327,1.4197895285135678,7.869608000847724,0.0013478610914653532,0.08559701261514642,0.27513674637347385,3.131637965966589,1.0425442325177956,0.6407974888341875,-1.6351249612726049,2.13623046875e-05,0.48908661501616524,False,True,True,False
pt002,MR1,105_to_104_warp.nii.gz,0.9288344082586026,1.4196839712838998,7.469892988818636,0.0013860419437272007,0.08366342014876907,0.2660034476316354,3.1295370418499884,1.0426739766276953,0.6400556909037296,-0.22284257625109208,1.3427734375e-05,0.4833455946004065,False,True,True,False
pt002,MR1,106_to_105_warp.nii.gz,0.9694071377502492,1.4095783962056185,5.982094639811421,0.0010109572986048928,0.09001146355919477,0.3232429687550046,3.140616013886303,1.0426867197934704,0.6475498990811612,-0.09898999342763987,3.0517578125e-06,0.48648303753631245,False,True,True,False
pt002,MR1,107_to_106_warp.nii.gz,1.005363045128998,1.4030067766410999,6.477749653375925,0.0005740866995737578,0.09386648771571451,0.3639018819148409,3.151015789691033,1.0426755113650328,0.6527028120023087,-0.1488574362272196,4.2724609375e-06,0.5009985447117962,False,True,True,False
pt002,MR1,108_to_107_warp.nii.gz,0.9708700430062135,1.4047359221887572,7.083726792819784,0.0009755886024721132,0.09290705223708735,0.3314019737979717,3.1353146793772164,1.0418062571608069,0.6469618013260181,-0.0805158627656903,3.662109375e-06,0.4994859011644095,False,True,True,False
pt002,MR1,109_to_108_warp.nii.gz,0.9556887901326466,1.4106481438639964,7.47483311000828,0.002127235202959943,0.09110941546745759,0.3143401590932008,3.130566167865909,1.041783801790376,0.6430964730402253,-0.3572621801555708,2.13623046875e-05,0.4897009203757672,False,True,True,False
pt002,MR1,110_to_109_warp.nii.gz,0.9336348797513202,1.4233948547913367,8.064837681386457,0.0014456076754995792,0.08339867079478198,0.268218702473763,3.1363913540873227,1.0427640115510513,0.646115588176987,-0.4525666143729291,2.38037109375e-05,0.492930096878731,False,True,True,False
pt002,MR1,111_to_110_warp.nii.gz,0.94007687040935,1.4260088117567296,7.971133058124009,0.002186718821532198,0.0847097092380459,0.2694874390601486,3.139482206540142,1.042397932328132,0.6461405432306391,-1.8764330226460766,5.2490234375e-05,0.49685271391399893,False,True,True,False
pt002,MR1,112_to_111_warp.nii.gz,0.958218059031667,1.4333519548639388,9.556878479558522,0.0006204214985649305,0.08471534541992591,0.27307128504452804,3.15585377657035,1.0425792423455469,0.653651624288676,-0.7362745578696066,6.65283203125e-05,0.5208548229442731,False,True,True,False
pt002,MR1,113_to_112_warp.nii.gz,0.9740869120706388,1.4325865413117889,8.12763072544625,0.0007422823486217526,0.08561194072995723,0.2871887443638125,3.1667009281538574,1.0426286718029856,0.663601957226852,-0.21263331506681893,2.8076171875e-05,0.5330998837404892,False,True,True,False
pt002,MR1,114_to_113_warp.nii.gz,0.9666135604578976,1.4371823604964173,11.284600911270173,0.0009675485943161773,0.08296667306231889,0.2760882766446299,3.1602120607282793,1.042584129055917,0.6580118865642126,-0.7498018840952089,3.72314453125e-05,0.5251202515744514,False,True,True,False
pt002,MR1,115_to_114_warp.nii.gz,1.007194333458404,1.4376212590885906,9.0782441064881,0.0017055329126967858,0.08876023863023452,0.3157906421188429,3.1924911545377963,1.042747154988333,0.6725780732057689,-0.8199771490816815,5.18798828125e-05,0.5558213474731081,False,True,True,False
pt002,MR1,116_to_115_warp.nii.gz,0.9803404205237619,1.435122684542113,9.058785334140962,0.0017339786981581712,0.09001409544936805,0.29050851062950933,3.1687896226043084,1.0426709275709178,0.6647273991170403,-0.719988833406166,5.43212890625e-05,0.5371433054658972,False,True,True,False
pt002,MR1,117_to_116_warp.nii.gz,1.0993009930476216,1.4190138899143079,9.953392777318626,0.0013304992373837127,0.09868759461802995,0.4067883361482655,3.1960357228784892,1.039603134746911,0.671376550908646,-0.4213572177276745,4.638671875e-05,0.5687950119417118,False,True,True,False
pt002,MR1,118_to_117_warp.nii.gz,0.9775373245140102,1.4362068155792898,8.374655963917478,0.000752258265685177,0.0870122284683006,0.28518321882376724,3.163088990911145,1.042411137721788,0.667640670909173,-0.5975850689825978,5.0048828125e-05,0.5376088118618263,False,True,True,False
pt002,MR1,119_to_118_warp.nii.gz,0.9581506439503031,1.4304282780396522,10.060527040878274,0.0012936782461865682,0.08503849938309349,0.2734324526336501,3.1495823989947853,1.04255397436344,0.6542893395186539,-1.6001523829568702,5.37109375e-05,0.519398033537416,False,True,True,False
pt002,MR1,120_to_119_warp.nii.gz,1.0218363333608604,1.424985371430293,9.156883066100653,0.0008284296427641748,0.09018189291492608,0.3443981568518628,3.1775613197046773,1.0427585833282302,0.663462577188198,-0.26029235457426353,7.32421875e-06,0.5395649485982887,False,True,True,False
pt002,MR1,121_to_120_warp.nii.gz,0.9533058033082372,1.4219095801391959,7.91106824943274,0.0006627825048528217,0.08425372914174437,0.2847981696915981,3.1387834001862984,1.0425861353375345,0.6479402018216213,-0.9838162311166625,1.5869140625e-05,0.5032199404890284,False,True,True,False
pt002,MR1,122_to_121_warp.nii.gz,0.9540389938657747,1.4216740924191849,8.853216507955537,0.0015374425457819513,0.08656600778503469,0.2919891370575558,3.136316187248891,1.0428458190698344,0.6523432011892046,-0.38432127273081185,1.46484375e-05,0.5069706113590565,False,True,True,False
pt002,MR1,123_to_122_warp.nii.gz,0.9764232741170383,1.4135103175180448,8.48250202374971,0.0012003859392184855,0.09215926643729086,0.3250312467488312,3.1448987220699274,1.0419893535025886,0.652747221178695,-0.46646509574589223,3.662109375e-05,0.5140799296035358,False,True,True,False
pt002,MR1,124_to_123_warp.nii.gz,0.9445028776899005,1.421155388336163,7.257082225854216,0.00047691108473349203,0.08539217884880923,0.2784874504278858,3.135606276605097,1.0424139208768297,0.6501170138665013,-0.19265117939945098,1.52587890625e-05,0.5038262057956895,False,True,True,False
pt002,MR1,125_to_124_warp.nii.gz,0.9582563410856122,1.4362275915494136,8.17963525393298,0.0011893855088095087,0.08239742799056887,0.2676514716934473,3.1647191538195423,1.042494158344514,0.657390636345944,-0.6466172735184093,5.67626953125e-05,0.5235769596606051,False,True,True,False
pt002,MR1,126_to_125_warp.nii.gz,1.0346902621597365,1.4164221047570498,8.999422725521173,0.0017315742351131879,0.09530501806814888,0.36524835011440926,3.1687720645209834,1.0412860416458534,0.6640242018354428,-0.24952033283039138,3.0517578125e-05,0.5434894156494108,False,True,True,False
pt002,MR1,127_to_126_warp.nii.gz,0.9878876319163278,1.4336772165894718,9.031196707681529,0.0015035183374253946,0.08672350868933437,0.29643323358018714,3.1720653457231665,1.0425642700908544,0.664660670528916,-1.522027204134325,4.57763671875e-05,0.545933866036589,False,True,True,False
pt002,MR1,128_to_127_warp.nii.gz,1.1095798407703443,1.4298882024559139,7.702898688042786,0.0012277400821189579,0.09561464475101418,0.40519400064697086,3.231751078720197,1.0426087703163853,0.6850767749899028,-0.5268406661562178,4.57763671875e-05,0.5691712174128,False,True,True,False
pt002,MR1,129_to_128_warp.nii.gz,1.0101447537836676,1.4314858654277984,9.693695304020244,0.0017654976434714853,0.09247935193310151,0.32967295846482636,3.178495482446019,1.0417841431880854,0.6676469342095482,-0.6126794549590302,3.0517578125e-05,0.550323326756831,False,True,True,False
pt002,MR1,130_to_129_warp.nii.gz,1.0091946831022085,1.4261763498712083,8.429117791530329,0.0014224812958529309,0.09107480835016031,0.32873881419929135,3.1780738654549157,1.042075385752984,0.6695404012357713,-0.3579704626447251,4.33349609375e-05,0.5522610421754132,False,True,True,False
pt002,MR1,131_to_130_warp.nii.gz,1.0244377922705494,1.4222594517733582,9.323330814594978,0.0013802572653447468,0.09629144263621899,0.3555538788944552,3.171075110809771,1.0419204914477025,0.6689497810907183,-1.093364448929765,2.8076171875e-05,0.5499335556501037,False,True,True,False
pt002,MR1,132_to_131_warp.nii.gz,0.9822910055334699,1.4223435348933442,7.759007030788172,0.0007508207932698183,0.08885925448673555,0.29847015394477105,3.1472815920363844,1.0424311162862008,0.6579212546075935,-0.5491789732157318,2.62451171875e-05,0.527800416297749,False,True,True,False
pt002,MR1,133_to_132_warp.nii.gz,0.9923925129618641,1.4253958249715648,7.963528245758381,0.0005779108782372602,0.08724554269551793,0.3127902925302376,3.165255425375523,1.0427385809770506,0.662036919122818,-0.7712555849415442,8.30078125e-05,0.5258544014089772,False,True,True,False
pt002,MR1,134_to_133_warp.nii.gz,1.0416407363529037,1.419321095970733,8.299199140731474,0.00101130230058709,0.09145962615254248,0.36550565291636067,3.1823859795291236,1.0428756498470604,0.6688464468526523,-0.46639026316821475,2.74658203125e-05,0.5351681712486911,False,True,True,False
pt002,MR1,135_to_134_warp.nii.gz,0.9628661883273127,1.4161052609424485,8.2457875567399,0.0015889693777669262,0.08977308027852032,0.31095055672525285,3.140075512115803,1.0426330252429081,0.6542456313161934,-0.7596383447883397,3.7841796875e-05,0.5048178993399003,False,True,True,False
pt002,MR1,136_to_135_warp.nii.gz,0.9522113414777412,1.4223707289727419,7.71641301589826,0.0014493289493497717,0.08699804940051428,0.2904717432997522,3.1515878452237365,1.0424615185235315,0.6462806932304277,-0.7810239426817732,1.953125e-05,0.5012242117689835,False,True,True,False
pt002,MR1,137_to_136_warp.nii.gz,0.9769583061496528,1.407927681937556,7.815376131637814,0.0011891632511867296,0.09118610086895666,0.33446077023100274,3.1330093357020767,1.041702846636181,0.6481742104487839,-0.3629380246093171,2.01416015625e-05,0.498748692516661,False,True,True,False
pt002,MR1,138_to_137_warp.nii.gz,0.9919769461536749,1.4109939022159015,11.180742662358675,0.0017035885835761885,0.0920194247517348,0.34593068337996113,3.1393503108923286,1.0412204289473441,0.6484733687704112,-0.5503574981156029,2.685546875e-05,0.5006369976805987,False,True,True,False
pt002,MR1,139_to_138_warp.nii.gz,0.9813215223863514,1.4146788861900577,8.974866525330775,0.0013793651328933168,0.08958195724710756,0.32590969832578964,3.150436537490513,1.0425628030454328,0.6526079063145255,-0.6988420856068821,2.3193359375e-05,0.5109547998124606,False,True,True,False
pt002,MR1,140_to_139_warp.nii.gz,0.9207176167742648,1.427593759753957,8.736869040711168,0.0005851721860547478,0.0807469326193137,0.2544554468116222,3.133702002502623,1.042614674844949,0.6419386635869646,-0.3582126481797275,1.40380859375e-05,0.4846376382656479,False,True,True,False
pt002,MR1,141_to_140_warp.nii.gz,0.9379528253962782,1.4219349883962806,7.58896971859725,0.0006162303093148732,0.08587058810145723,0.2795931579558097,3.1338374921020464,1.0426342110267346,0.6428748934041092,-0.0708530650602437,4.8828125e-06,0.4932425991369969,False,True,True,False
pt002,MR1,142_to_141_warp.nii.gz,0.9277890390769744,1.4220200675930335,8.025423570622241,0.0014589659664247456,0.08527209650211182,0.26896556303096614,3.1319461224658016,1.042665213173572,0.6397356730150112,-1.2672342029814294,4.2724609375e-05,0.4844515801085785,False,True,True,False
pt002,MR1,143_to_142_warp.nii.gz,0.9838437175752537,1.4144239932484135,10.144702350862495,0.0009324207507150876,0.09210530024754561,0.32879117105392053,3.1448817207044497,1.0420010651011276,0.6497321695108956,-0.2949706024706562,1.89208984375e-05,0.5123865045137663,False,True,True,False
pt002,MR1,144_to_143_warp.nii.gz,0.9971478108070734,1.4081595436022794,7.087809268652067,0.0015158900658537755,0.0950115955256508,0.33867223772549815,3.1435668811232578,1.042355988945237,0.6506867651602356,-0.5765600158622878,2.9296875e-05,0.5077246931502781,False,True,True,False
pt002,MR1,145_to_144_warp.nii.gz,0.9559052986866496,1.4167699275624466,8.879075680329791,0.0006416377414197985,0.08826272534637895,0.29537307042726113,3.1395479703762703,1.0426073763326187,0.6473719961459568,-0.32270785432964405,1.708984375e-05,0.49764141223647246,False,True,True,False
pt002,MR1,146_to_145_warp.nii.gz,1.0047692202249712,1.413855688707952,6.822314413573741,0.0010169845268294183,0.09235865865139914,0.3439351161188752,3.1587996832568184,1.0427224908389214,0.6576456050879919,-0.5176083576351259,1.953125e-05,0.5259102758666625,False,True,True,False
pt002,MR1,147_to_146_warp.nii.gz,0.9947294313428326,1.4171090603637098,8.419894725973833,0.0008967817378205741,0.09034097058301668,0.33103832462422067,3.153586734771769,1.0427366646062175,0.6582245649313898,-0.33403971935025106,1.8310546875e-05,0.5213372842603877,False,True,True,False
pt002,MR1,148_to_147_warp.nii.gz,1.0239307934045976,1.416813078115132,10.367787643638088,0.0016683385130354445,0.09860851183229519,0.36401462626559766,3.176847047936667,1.0426112709678883,0.6638751161586952,-1.650226261188408,3.47900390625e-05,0.5463630612599544,False,True,True,False
pt002,MR1,149_to_148_warp.nii.gz,1.036281585341504,1.4178317347394824,9.178938983483118,0.0013684158126618872,0.09530635673996972,0.36874690572129065,3.173886921855624,1.0414736358891596,0.6689499987125351,-0.3837141222757797,4.638671875e-05,0.548508307478537,False,True,True,False
pt002,MR1,150_to_149_warp.nii.gz,1.0549785075676092,1.4209633895565472,9.082658582276725,0.002072560945554368,0.09459461364307556,0.3797187279153489,3.1871470772200485,1.0410096253499292,0.6710636508837591,-0.6368769118777525,6.103515625e-05,0.5604679195538274,False,True,True,False
pt002,MR1,151_to_150_warp.nii.gz,1.005780843839855,1.423292018155325,7.310348139519468,0.001238246471859954,0.09036821581623442,0.32436543856340083,3.166162144478562,1.042260722406736,0.6649104797413777,-2.03086004323117,6.65283203125e-05,0.5380274352787842,False,True,True,False
pt002,MR1,152_to_151_warp.nii.gz,1.0255498364601285,1.4233136757765006,9.468558285040423,0.0022520300423718997,0.09510307610381735,0.34998461567751404,3.1764088778772344,1.042407554347454,0.6686070782066821,-0.5001208854650503,4.21142578125e-05,0.5569834499158344,False,True,True,False
pt002,MR1,153_to_152_warp.nii.gz,1.0865912948042316,1.415203575148132,8.830590175510391,0.0017688639342192697,0.09975158724545606,0.42668368580516836,3.201777227246764,1.042551394254291,0.681524728858683,-0.7856195767020707,4.45556640625e-05,0.5666058959433764,False,True,True,False
pt002,MR1,154_to_153_warp.nii.gz,1.0264245896444553,1.411099846380258,7.697736416965122,0.001365065252696075,0.09882596026447157,0.37420149866246777,3.162215589568179,1.0416144944462091,0.6608284845491119,-0.5473385653924534,2.13623046875e-05,0.5393595736823271,False,True,True,False
pt002,MR1,155_to_154_warp.nii.gz,0.9476794491957616,1.4194148483226778,7.108409263244846,0.000860403524686523,0.08390728559404391,0.27463874596546906,3.127380621403284,1.0426555075636115,0.6470342536840095,-0.572936764056093,1.953125e-05,0.4962729996733991,False,True,True,False
pt002,MR1,156_to_155_warp.nii.gz,0.9697482547897194,1.4081123774780506,7.9039951223968234,0.0013906897336769715,0.09237556091813579,0.32119562435793525,3.130855732395707,1.042314497274007,0.6463340022497785,-0.26458974130445007,1.52587890625e-05,0.4962173730823103,False,True,True,False
pt002,MR1,157_to_156_warp.nii.gz,0.9664265034577398,1.4098062320128177,7.969222042506823,0.001409380135499527,0.09089070252519223,0.3216456089685771,3.1322061348226806,1.0421463730356244,0.643262484427393,-0.7302494065256003,5.2490234375e-05,0.4952026286087337,False,True,True,False
pt002,MR1,158_to_157_warp.nii.gz,0.9565525507370134,1.4141640071339938,9.116574740405925,0.0010988288044177287,0.09109942987540415,0.30837914731083116,3.1342747696862316,1.0424536169091794,0.6460931703071986,-0.3194130016077144,1.40380859375e-05,0.501501225122906,False,True,True,False
pt002,MR1,159_to_158_warp.nii.gz,0.9935484212392359,1.4205744677433767,8.16906686670373,0.0016261633040636336,0.09080707435066337,0.3287847771441796,3.1649154330792286,1.0426306195182837,0.6566454681612336,-0.821953380159549,3.72314453125e-05,0.5200201258737063,False,True,True,False
pt002,MR1,160_to_159_warp.nii.gz,0.9470675978177574,1.4121348621560617,6.407557325123746,0.0010598278765522038,0.08660543339569525,0.2958925409561225,3.127430339112412,1.0425988106740476,0.6448460723524265,-0.16682264881797498,7.9345703125e-06,0.49053774584536747,False,True,True,False
pt002,MR2,002_to_001_warp.nii.gz,0.8331865100942014,1.3866550236269168,6.3971020616601315,0.0010092742873023365,0.06754329558373673,0.20184139715418586,3.04795659115567,1.0427428350276111,0.6035892085291574,0.007693211575675614,0.0,0.4104802929830123,True,True,True,True
pt002,MR2,003_to_002_warp.nii.gz,0.812386622273311,1.389958768809259,5.881480396688334,0.0009996299590806904,0.06149023494278116,0.18256677087088327,3.0478905763245856,1.0426512038642537,0.5988738101774083,-0.010873548202215992,1.220703125e-06,0.4008094080639708,False,True,True,False
pt002,MR2,004_to_003_warp.nii.gz,1.0353141665311443,1.3993415318326723,6.753626156928805,0.001262828165214637,0.07779192452941883,0.3358324278716264,3.1133918037898614,1.0427451036602908,0.6424087922125384,-0.17063825781114444,8.544921875e-06,0.4774891822296523,False,True,True,False
pt002,MR2,005_to_004_warp.nii.gz,0.9158039084270702,1.3734980240101011,7.474627034132575,0.0011955056374019326,0.06826676231048208,0.26917321832208435,3.057094937777468,1.040906307580808,0.6098196650188739,-0.10915503666388131,6.7138671875e-06,0.4310298339089956,False,True,True,False
pt002,MR2,006_to_005_warp.nii.gz,0.82752086826162,1.3923782797039632,8.33723189487777,0.0008175891242645665,0.06505451390349173,0.20393853389533695,3.053686193628115,1.0429642382781181,0.6046868635611291,-1.0043723812506278,3.96728515625e-05,0.40868940803997456,False,True,True,False
pt002,MR2,007_to_006_warp.nii.gz,0.8755182779168862,1.3927754381895088,7.02137366719986,0.0010103737048560695,0.06815837305183686,0.24386535926385972,3.0745203230891236,1.0429265580621714,0.6162330539661826,-0.008671375846802594,1.8310546875e-06,0.4264724194020956,False,True,True,False
pt002,MR2,008_to_007_warp.nii.gz,0.9310119747002195,1.3754957212439365,6.449651286211735,0.0005929236936586206,0.07008251912661545,0.2829151116326848,3.061453028766823,1.0409467103588874,0.6153268043973591,0.009678854489231321,0.0,0.43573223311663006,True,True,True,True
pt002,MR2,009_to_008_warp.nii.gz,0.8088258671262324,1.3941323361900306,5.9774738543940025,0.0005190688771534702,0.06165366788992509,0.17920981209730885,3.050475057491402,1.042725682302161,0.60068346357022,0.006009942742147721,0.0,0.4023369272200067,True,True,True,True
pt002,MR2,010_to_009_warp.nii.gz,0.8329826495861257,1.3877940575905099,6.172512935556074,0.0009444963553719037,0.06505752148738031,0.20831477294392656,3.051309419301174,1.0426204986908778,0.6053978696608817,-0.009157615936286128,7.32421875e-06,0.41180634219422335,False,True,True,False
pt002,MR2,011_to_010_warp.nii.gz,0.8539922234630672,1.3892182967754376,6.071711676118624,0.0007686493075063293,0.07074525847258326,0.23099391537973984,3.0574633918368423,1.0426985406324771,0.6132673119265974,0.0015743835433131318,0.0,0.4239196061993323,True,True,True,True
pt002,MR2,012_to_011_warp.nii.gz,0.8149049323778357,1.3940939999173076,6.398108325265692,0.000637994908403409,0.06189784995438642,0.1837305873546331,3.0474632579793157,1.0428752948436995,0.6027199084753829,-0.7368974548682039,4.8828125e-06,0.4065298888705348,False,True,True,False
pt002,MR2,013_to_012_warp.nii.gz,0.8363542683538178,1.3983852445061107,8.153237353224558,0.0008827135525440065,0.06506395704556397,0.2020679866145419,3.0633713990494553,1.0427763349012336,0.6103063230830167,-0.18767805791937797,1.89208984375e-05,0.4183234933128243,False,True,True,False
pt002,MR2,014_to_013_warp.nii.gz,1.06513136581628,1.4110315160843647,11.817214282652587,0.0006622450271939374,0.08208921767552045,0.3550151246046225,3.136727294850422,1.0426413510254635,0.6561288918714424,-1.3058159422721105,4.94384765625e-05,0.5062497950191596,False,True,True,False
pt002,MR2,015_to_014_warp.nii.gz,1.1113213894222687,1.4114415070766364,7.236474269061253,0.0009765502155982225,0.07921935397077519,0.38384733081346695,3.1427713210512,1.0378638447486241,0.6413095263740064,-0.21292710371683204,3.41796875e-05,0.5020510574593705,False,True,True,False
pt002,MR2,016_to_015_warp.nii.gz,0.8122464735124653,1.3844757544484139,5.892247226161338,0.0011873631605353284,0.06420922617248853,0.19136737271105497,3.035463412785527,1.0424885323679605,0.5987532091345678,0.015995260726218787,0.0,0.39973463085128436,True,True,True,True
pt002,MR2,017_to_016_warp.nii.gz,0.8668565221910312,1.3865824412926318,5.9784589784624655,0.0012069225085948841,0.07102485590910018,0.24550580218875126,3.059240874391227,1.0426976290916847,0.6144226363046043,0.012001467078035882,0.0,0.42806572727940084,True,True,True,True
pt002,MR2,018_to_017_warp.nii.gz,0.9155601302024787,1.3889879009349655,6.0670832388673155,0.0009579591056275695,0.07057718353929178,0.27453723156687126,3.0863205649341796,1.0428385210637827,0.6249454303994141,0.014744654824262845,0.0,0.4519183341868448,True,True,True,True
pt002,MR2,019_to_018_warp.nii.gz,0.8547170725533362,1.3862083705169308,6.294194402769094,0.0008076076319854948,0.06693966608566364,0.22950101657291733,3.0544687996126454,1.0429391703006028,0.6112561568247877,-0.03661471359559148,6.103515625e-07,0.42240488460745257,False,True,True,False
pt002,MR2,020_to_019_warp.nii.gz,0.8144404313200388,1.392950793849001,5.905393321519493,0.001023289087115756,0.06567049311783762,0.19004288909894512,3.047295876188466,1.042454568288359,0.6032341445487877,-0.007601091218760759,2.44140625e-06,0.4042803741834596,False,True,True,False
pt002,MR2,021_to_020_warp.nii.gz,0.8244392764401043,1.3887508138315205,6.784922359476994,0.0009132115709021313,0.06556450991329749,0.2039883393157758,3.047021350321174,1.0426497953378202,0.6020880895285462,-0.06541291495581954,7.9345703125e-06,0.4060029110142514,False,True,True,False
pt002,MR2,022_to_021_warp.nii.gz,0.816350395882874,1.3939828931633829,5.966281265577392,0.0010926555164242336,0.06377978732743882,0.1915284113489683,3.0507005128721914,1.0426597790412435,0.6040843962924783,-0.0038413223033561266,6.103515625e-07,0.4068324319842179,False,True,True,False
pt002,MR2,023_to_022_warp.nii.gz,0.8195705336288966,1.3901913120732778,7.297077513114144,0.0008783509379987816,0.06453571252401204,0.19635324440938937,3.045252156048192,1.042692312706905,0.6031890532936915,-0.006854951373677456,6.103515625e-07,0.40573094948420263,False,True,True,False
pt002,MR2,024_to_023_warp.nii.gz,0.8549246482632258,1.3901690947417336,7.363668061836446,0.0011242271278688364,0.06807440321931107,0.22643533738217336,3.059783714683502,1.0425037020082102,0.6140658983333888,0.013274863371048388,0.0,0.43206053780935777,True,True,True,True
pt002,MR2,025_to_024_warp.nii.gz,0.854614909523875,1.3820971615566349,6.863635576408642,0.0008481950653619311,0.06759448674111142,0.2369536687339398,3.0491724748382434,1.0422431947688475,0.6055897449844472,-0.10088987068229814,6.103515625e-07,0.4154768549838129,False,True,True,False
pt002,MR2,026_to_025_warp.nii.gz,0.8486570987202051,1.3863707115276953,6.78893551523272,0.0007713477643298451,0.06863554985099835,0.23339268190066695,3.055319485938075,1.0428178951584337,0.6079849010951601,-0.0007506178720818754,6.103515625e-07,0.4139983760163879,False,True,True,False
pt002,MR2,027_to_026_warp.nii.gz,0.8478872017837392,1.384131155682255,5.955585445927154,0.0009017502451791088,0.06586347478369238,0.2289106399509694,3.0542431729396986,1.0425016297024399,0.6026243084931697,-0.0402284531544756,3.0517578125e-06,0.4093283274737592,False,True,True,False
pt002,MR2,028_to_027_warp.nii.gz,0.8088119428790265,1.3919093537417206,6.576125242949866,0.00014421629351501317,0.06243878667860214,0.18201945994376034,3.041333159099415,1.0425988754497546,0.6020959136072878,0.015159249263219031,0.0,0.4030261554382634,True,True,True,True
pt002,MR2,029_to_028_warp.nii.gz,0.9003988476473056,1.386371523914282,6.531148183843759,0.0008828795845130029,0.06949256379996781,0.2525562664421269,3.0653045167405204,1.042890753895733,0.6202039974126746,0.01413107214168403,0.0,0.43346983593759414,True,True,True,True
pt002,MR2,030_to_029_warp.nii.gz,0.8275750059748436,1.3976736183801162,6.062704018495574,0.0009075213652552674,0.06428234620462521,0.19765248338520974,3.0575581058214034,1.042912045012777,0.6089683611695303,-0.021884468689204944,6.103515625e-07,0.4141754522383046,False,True,True,False
pt002,MR2,031_to_030_warp.nii.gz,0.889246877975269,1.3764721270948057,7.254566477549926,0.0010161064401322452,0.07002513038329253,0.2602013070102117,3.0550688235799153,1.0413758431379365,0.6112940515369578,0.009060054883339733,0.0,0.42908816845052494,True,True,True,True
pt002,MR2,032_to_031_warp.nii.gz,0.8278775008637662,1.3892928114404561,5.919696363026173,0.0008619097731794881,0.06463617939920116,0.2065436017374651,3.0458420103970587,1.0427739399671605,0.6043998873565393,-0.15943510514183246,1.8310546875e-06,0.410485454778437,False,True,True,False
pt002,MR2,033_to_032_warp.nii.gz,0.8641374643614224,1.3899596259871245,8.302995189153613,0.0007162742939230951,0.06709536356927179,0.23598572902404158,3.0661014981916126,1.042770359269838,0.6130145794498832,-1.2130553613524768,1.708984375e-05,0.42633654308849606,False,True,True,False
pt002,MR2,034_to_033_warp.nii.gz,0.8296854631778889,1.3982280171647519,7.1242516724631395,0.0019491891595522404,0.06388569211022312,0.19692290577968125,3.060927871692269,1.042941618122039,0.6087344253481829,-0.006281465371717792,6.103515625e-06,0.4199191985436872,False,True,True,False
pt002,MR2,035_to_034_warp.nii.gz,0.9907739367853121,1.3758849192629816,5.9686319148056866,0.0010325577598687733,0.07478408235896128,0.32903115740149,3.077542445606273,1.0398655687596494,0.6240579099302629,-0.2147898123852511,1.46484375e-05,0.45982682796121793,False,True,True,False
pt002,MR2,036_to_035_warp.nii.gz,0.8401838728051437,1.389760963020544,6.466954217298989,0.0011429733250987678,0.06697673011477788,0.2147877356957471,3.053568994464593,1.0426564427613016,0.6088146545054754,-0.09915705133322449,7.32421875e-06,0.4171338783702406,False,True,True,False
pt002,MR2,037_to_036_warp.nii.gz,0.8279900504224261,1.3924323150181535,8.105421105210034,0.0007812032775044656,0.06516983012029771,0.2033359710825298,3.049769542760406,1.0427773426019387,0.6071154528608433,-0.09594951180957058,1.3427734375e-05,0.4119633084312001,False,True,True,False
pt002,MR2,038_to_037_warp.nii.gz,0.823535317017965,1.3980945729945864,6.294530283161916,0.0008302879661753172,0.06325743786740902,0.1928181095749752,3.059801548281082,1.0428212721682626,0.6079922200385192,-1.2031171376751493,6.7138671875e-06,0.41411086237763106,False,True,True,False
pt002,MR2,039_to_038_warp.nii.gz,0.8151116359890682,1.3971535977911433,5.953651756810366,0.000531649621486622,0.06260103280171136,0.18229284803628276,3.049613992142115,1.042714286027998,0.6056188754175027,-0.3281359085583673,1.3427734375e-05,0.4102037663371534,False,True,True,False
pt002,MR2,040_to_039_warp.nii.gz,0.8042811729544306,1.3968129826856226,6.107286594538037,0.001032147568959672,0.06104933022411726,0.17672949119895487,3.0502757709237893,1.0429741135459225,0.6006156056715224,0.015550076530741556,0.0,0.3997101406774668,True,True,True,True
pt002,MR2,041_to_040_warp.nii.gz,0.8478538636829779,1.3859849914668592,5.966407885379917,0.0007804319868936796,0.06714604648846248,0.22458740350276357,3.052160978265638,1.0427454652511225,0.6094118294800311,0.0005856728346984487,0.0,0.41176465607867685,True,True,True,True
pt002,MR2,042_to_041_warp.nii.gz,0.8169161681757632,1.3894189670788888,6.669981369462194,0.0007911742224453893,0.06455600632811669,0.19826528286408585,3.0447911297817365,1.0426030342784114,0.6023913429955035,-0.030923626360151453,1.220703125e-06,0.40361595011916857,False,True,True,False
pt002,MR2,043_to_042_warp.nii.gz,0.8072204867019882,1.3954159279424012,5.887545839389198,0.0007363584238105804,0.06172363626645566,0.17883072841766434,3.044720358581042,1.042772874060982,0.6013694669822657,0.00292594769380201,0.0,0.4028145973404247,True,True,True,True
pt002,MR2,044_to_043_warp.nii.gz,0.8173829560434913,1.391750536218353,5.926567974945256,0.00105225029182742,0.06445914417701573,0.19890265261894563,3.049204313622746,1.0427505534701922,0.60244265760158,0.01483004724325195,0.0,0.40311712289515816,True,True,True,True
pt002,MR2,045_to_044_warp.nii.gz,0.8250414776743935,1.391553527285601,5.938206858904028,0.0011369472604511406,0.06514146917922622,0.20498890782301332,3.050771609782453,1.0428471889844122,0.6041939203177488,0.0129512754344097,0.0,0.4066277494634351,True,True,True,True
pt002,MR2,046_to_045_warp.nii.gz,0.8434734386145604,1.3797033816525817,5.885224236188862,0.0007019841912783468,0.06660249081365201,0.2278199421618453,3.0410577983600224,1.0419640066078577,0.6020524720455847,0.00505887954086421,0.0,0.40564757450727923,True,True,True,True
pt002,MR2,047_to_046_warp.nii.gz,0.826799973840776,1.3928684690199062,8.35742430819681,0.0012388186688275095,0.0646327881628894,0.2064293103833536,3.0529028044390927,1.0430343525340395,0.6049407134840779,-0.06934014872116724,6.103515625e-07,0.4071553640039129,False,True,True,False
pt002,MR2,048_to_047_warp.nii.gz,0.8449445594519348,1.3864077406688746,5.942309937122013,0.0008184293319924888,0.06705634204576554,0.2229638693437635,3.0539070444056975,1.0423159516356086,0.6054207529309122,0.016066919350778412,0.0,0.4137955479520581,True,True,True,True
pt002,MR2,049_to_048_warp.nii.gz,0.8028965896917998,1.3878369101441992,5.898042329440774,0.0011183370621146475,0.06197851488918257,0.18810728964647472,3.0386099205989447,1.0424961890942495,0.5968060475327372,0.016495808509142375,0.0,0.39346881904875736,True,True,True,True
pt002,MR2,050_to_049_warp.nii.gz,0.8206978752332459,1.3881847217856285,5.912332358800632,0.0005433180544312875,0.0669103477385148,0.20056829587189168,3.044886377112258,1.042624441689444,0.6034260658296802,-0.011599508233544376,6.103515625e-07,0.4056199208185484,False,True,True,False
pt002,MR2,051_to_050_warp.nii.gz,0.8047354080352581,1.3983271352832838,5.945653830474144,0.00045331636939109984,0.06082335564059964,0.1769468298556828,3.0519399037228085,1.0428810896005531,0.6023531302709516,0.010498043487960086,0.0,0.40292987664328217,True,True,True,True
pt002,MR2,052_to_051_warp.nii.gz,0.8478787869855675,1.3866032079379669,6.937214634887304,0.001550497328779245,0.06680652185545362,0.22697647220970263,3.0540786442613466,1.0427370827184095,0.609406447174842,-0.007401564110492531,4.2724609375e-06,0.41502331582162305,False,True,True,False
pt002,MR2,053_to_052_warp.nii.gz,0.8874189068022612,1.378387379828337,5.9189988949201,0.0007307308739613519,0.06721387533824087,0.2526208607849417,3.055978931853023,1.0416158772565405,0.6072258490978589,0.0032670107226154617,0.0,0.4189022663449109,True,True,True,True
pt002,MR2,054_to_053_warp.nii.gz,0.8467055749934488,1.381281425056022,6.7783528687322905,0.000913376542136524,0.06728593410274841,0.22773838115493655,3.040815366933529,1.042213511906947,0.6067831508620001,-0.12186095098696877,1.8310546875e-06,0.4168858352749749,False,True,True,False
pt002,MR2,055_to_054_warp.nii.gz,0.8484470566209471,1.387068623235269,8.750752040975552,0.0015533038317161647,0.06889511666904785,0.2266477859200029,3.0542292567434726,1.0426241031746513,0.6103334870017572,-0.023259501414630682,1.220703125e-06,0.4231280485079926,False,True,True,False
pt002,MR2,056_to_055_warp.nii.gz,0.8839869643185304,1.3913850829591534,7.97152836032841,0.0014438993495707818,0.0684037491092668,0.2524942154724664,3.075476519617446,1.0429555866385596,0.619848801584889,-0.07077469261742433,7.32421875e-06,0.44134209684516207,False,True,True,False
pt002,MR2,057_to_056_warp.nii.gz,0.9023795018893321,1.3827896977100615,6.376913230253584,0.0005767539973568267,0.0718735033289198,0.2689427713693793,3.0681466141871545,1.0415589664703184,0.6193894926078012,-0.026620407330927555,1.03759765625e-05,0.44477042184350024,False,True,True,False
pt002,MR2,058_to_057_warp.nii.gz,0.8331017570268503,1.3872874058168392,5.988530960586838,0.0014420338927556896,0.068742199338647,0.20949444818804078,3.046174211871868,1.0425135587444332,0.6102594393573736,-0.01973621645927364,6.103515625e-07,0.4206820705989795,False,True,True,False
pt002,MR2,059_to_058_warp.nii.gz,0.8054302455484885,1.3969387576769081,6.075719246938136,0.0010502456827899437,0.061263517492978245,0.17986511915949946,3.0472945532644826,1.0428069454081734,0.6019523941904352,-0.01367573673244323,1.220703125e-06,0.40136279983048945,False,True,True,False
pt002,MR2,060_to_059_warp.nii.gz,0.8177636666594675,1.3900176040896433,5.9354211659645,0.0005914703096488842,0.06514378302217931,0.19998086567367332,3.04541154335658,1.0424817188495406,0.6018407306696767,0.015931075340655427,0.0,0.402481520117222,True,True,True,True
pt002,MR2,061_to_060_warp.nii.gz,0.8113185213047399,1.3947961632536452,6.146679164197756,0.0010136252838109999,0.06276632885273638,0.1865230007963331,3.0484172187818093,1.0428963030566738,0.6023358407995694,0.002081261649745605,0.0,0.4041516461056121,True,True,True,True
pt002,MR2,062_to_061_warp.nii.gz,0.8271880183375323,1.384106536853754,7.172870815536524,0.0006775581507393505,0.06723069208132873,0.21356316409499387,3.041490921966087,1.0426280835559403,0.6017939642437846,0.01589652398477814,0.0,0.4062017659578548,True,True,True,True
pt002,MR2,063_to_062_warp.nii.gz,0.8044693038143029,1.3960728708754835,8.394396854942592,0.0001991742101384191,0.06191415460039241,0.1788259401977051,3.046225479528926,1.0427172230712463,0.6026579926278061,-0.0519239989682035,1.8310546875e-06,0.4025732710873278,False,True,True,False
pt002,MR2,064_to_063_warp.nii.gz,0.8057099212311029,1.3968300977510826,6.613427268849703,0.001135811573759211,0.061755237036389826,0.17668610947505428,3.0478132607477892,1.0428589351749122,0.6013796408904813,0.011870966024775421,0.0,0.4024322950783416,True,True,True,True
pt002,MR2,065_to_064_warp.nii.gz,0.818637463363891,1.3901469437022975,5.903764364621994,0.0004685972722003901,0.06387672393138319,0.19369226287881652,3.049974798543776,1.0427057514982188,0.600213090125379,-0.11664570786467983,1.8310546875e-06,0.4027618743810642,False,True,True,False
pt002,MR2,066_to_065_warp.nii.gz,0.8087133855644886,1.388704394232299,5.938252138676416,0.0008387588317969664,0.06369230618583382,0.18819433010098296,3.039473421767108,1.0425207788619224,0.6007250740907397,0.015843668240749963,0.0,0.4009015392438767,True,True,True,True
pt002,MR2,067_to_066_warp.nii.gz,0.8261480360745311,1.398127771762197,5.984522372312531,0.0009231491617093071,0.06411614883637212,0.1911044278574,3.058363995717665,1.042991888446714,0.6062036730211716,-0.0032870963086488007,6.103515625e-07,0.41207073483737067,False,True,True,False
pt002,MR2,068_to_067_warp.nii.gz,0.8296396632516928,1.370188158418553,6.08623143070634,0.0012389643060668825,0.07073157418666899,0.21243335510798567,3.0273957463685344,1.0414089754101354,0.5994247519693892,0.014324657633702251,0.0,0.4025257322714294,True,True,True,True
pt002,MR2,069_to_068_warp.nii.gz,0.887478874847013,1.3858551747643428,5.985404139691651,0.0016182577308655,0.07127571667522718,0.2546327890949113,3.067336815713282,1.0427782164930148,0.6182606401621406,0.01533612109212155,0.0,0.42807392230445146,True,True,True,True
pt002,MR2,070_to_069_warp.nii.gz,0.8895815829746856,1.4278360083859498,6.020586285955159,0.0013246697975893746,0.07893107220134475,0.2486028516727482,3.1535367076874703,1.0438660286503296,0.6280949745593616,0.015613043253542786,0.0,0.4441830556995274,True,True,True,True
pt002,MR2,071_to_070_warp.nii.gz,0.8440890775067045,1.3767181958740393,5.958963041220882,0.0011922664028349936,0.06848179538597461,0.2350019945297761,3.0391863579174077,1.042240459662811,0.602637432316431,-0.06113014680467821,1.220703125e-06,0.4080655269207073,False,True,True,False
pt002,MR2,072_to_071_warp.nii.gz,0.8403065153072821,1.4026442584116174,6.033918306550798,0.0011100085615212078,0.06642539204689205,0.20831090892271625,3.0781334259238937,1.0430814902405765,0.6112980934810117,0.014478334674097055,0.0,0.4204810462102785,True,True,True,True
pt002,MR2,073_to_072_warp.nii.gz,0.893502918077823,1.3753365552152115,5.978843543183583,0.0008868461387698456,0.07096617570782796,0.27046942387458683,3.053168183844866,1.0416531797284636,0.6111869128114832,0.015158830664765813,0.0,0.42834361306435986,True,True,True,True
pt002,MR2,074_to_073_warp.nii.gz,0.840233446540475,1.3870069031156995,6.116790000200161,0.0012001116941178793,0.06828615550923624,0.21662786582776328,3.0481259746721956,1.0424646487154399,0.6114462693003687,0.0022357373309793583,0.0,0.42204806021821367,True,True,True,True
pt002,MR2,075_to_074_warp.nii.gz,0.895416702668707,1.3889127279622606,6.081515347112095,0.002045849365004096,0.07053738902282365,0.2625246672536711,3.0741155599315007,1.0429651151713148,0.6219982606169392,-0.0464963148600053,1.8310546875e-06,0.4453637940266997,False,True,True,False
pt002,MR2,076_to_075_warp.nii.gz,0.8202744242738634,1.3925360171415113,5.912467054950091,0.0013165487565146951,0.06447815396222363,0.19484383427876384,3.0528043247451686,1.0427561018899545,0.603369726470429,0.015979439525710418,0.0,0.4091238047226635,True,True,True,True
pt002,MR2,077_to_076_warp.nii.gz,0.8864092448694884,1.3721208283031914,6.513326005297384,0.0015745083706077416,0.07306465645223496,0.26861147813520836,3.0456468803888463,1.041451002645927,0.6138090906437099,-0.21312628144634194,1.0986328125e-05,0.43577925310878773,False,True,True,False
pt002,MR2,078_to_077_warp.nii.gz,0.8547392802283713,1.388789157538491,7.190529275488849,0.0007381858851244791,0.06695381748346324,0.23135730783361058,3.062128391541111,1.0429355426507685,0.6118579835120921,-0.02313931096203501,1.220703125e-06,0.4270942820939629,False,True,True,False
pt002,MR2,079_to_078_warp.nii.gz,0.8516641807325966,1.3842179236451249,7.155135535500459,0.0009202536527519773,0.06794668130243822,0.23289656323604413,3.050473533972285,1.0425043758347057,0.6101811640202919,-0.028692394238737998,6.103515625e-07,0.42483942751083204,False,True,True,False
pt002,MR2,080_to_079_warp.nii.gz,0.8975092233552259,1.3835689061872944,7.752783172060811,0.0009922945953170761,0.07136690841444435,0.26908919123842956,3.068470975380727,1.042000379365676,0.6173802728166229,-0.4330531125857236,1.953125e-05,0.44200190551122176,False,True,True,False
pt002,MR2,081_to_080_warp.nii.gz,0.8229692837610888,1.386899922367152,5.901566770157106,0.0013415994461338679,0.06524172379839425,0.2015525388518784,3.039993579611258,1.0425013548838935,0.6061606403163159,0.01596722102473926,0.0,0.4131482693657817,True,True,True,True
pt002,MR2,082_to_081_warp.nii.gz,0.8401670780934427,1.3857641114934407,7.159179944181502,0.0004386165189857837,0.06754848654585366,0.21486023011978722,3.0498406361842374,1.0428454992186023,0.6044583413381278,-0.22371064894187995,1.28173828125e-05,0.4155705724081898,False,True,True,False
pt002,MR2,083_to_082_warp.nii.gz,0.8597149262702716,1.3815452839277484,5.9591362454717,0.0007803315702192414,0.06804785795883926,0.24295451160781734,3.052695291238353,1.0426093828074599,0.6097361364153439,0.015737297429562504,0.0,0.4172296896993929,True,True,True,True
pt002,MR2,084_to_083_warp.nii.gz,0.8134191096923586,1.3888845885179033,7.499167570528396,0.001323136521193299,0.06342332378905464,0.19492244710808543,3.0422061707716663,1.0426447358250766,0.598837506372047,-0.11330192159564452,1.8310546875e-06,0.40077409912688566,False,True,True,False
pt002,MR2,085_to_084_warp.nii.gz,0.8183519347781142,1.3813376994459026,5.928234536153148,0.0006888137593596338,0.0640173019712973,0.20763644872945408,3.035727457527415,1.0423275074215612,0.5981677772706372,0.009276177505424381,0.0,0.3987823581943581,True,True,True,True
pt002,MR2,086_to_085_warp.nii.gz,0.8185355185243576,1.3912014032917577,7.21968543717439,0.0009682082308732566,0.06403544142596486,0.19480304778289811,3.0458829226990694,1.0426381821737092,0.6032722256684633,-0.034724201170467026,3.0517578125e-06,0.40941364941370856,False,True,True,False
pt002,MR2,087_to_086_warp.nii.gz,0.815665347468095,1.3840201924878563,6.013457026006339,0.0011863840472387782,0.0656171955577772,0.2029138096661681,3.0365765632742945,1.0425077040242359,0.5994981687463523,0.015695601816660645,0.0,0.401341431023773,True,True,True,True
pt002,MR2,088_to_087_warp.nii.gz,0.8086090588624606,1.387237120085089,5.995479450432522,0.0005800596782822778,0.06506134990812457,0.19483894378326533,3.037022929121415,1.0427349231064071,0.5983925228715974,-0.06932906488260689,1.220703125e-06,0.3968958638243318,False,True,True,False
pt002,MR2,089_to_088_warp.nii.gz,0.8026185572899682,1.3912811689629705,6.001499589517122,0.0006992627236228934,0.06265800391980013,0.18653972395477647,3.041635093000571,1.0428251969991171,0.5992893829653612,-0.0032302860952707845,6.103515625e-07,0.3970302338260167,False,True,True,False
pt002,MR2,090_to_089_warp.nii.gz,0.8332153257027993,1.387683536569433,6.004039463014475,0.0012535631117182597,0.06574061868021559,0.21420589443740476,3.0499766509968054,1.0427142608012134,0.6052223824110949,-0.02676412354524517,6.103515625e-07,0.4097307759257479,False,True,True,False
pt002,MR2,091_to_090_warp.nii.gz,0.8524871497093142,1.3870186789729495,5.956556801386743,0.001669523431166498,0.06648414537879392,0.23195864509688033,3.055746873597304,1.0427725111523933,0.6087588374512312,0.015610218487623192,0.0,0.41189048388367444,True,True,True,True
pt002,MR2,092_to_091_warp.nii.gz,0.8354203714801589,1.3768529958474043,5.861287283774654,0.0005349679732876821,0.06569744228653598,0.22469225991875535,3.0367990052051113,1.0421366582821203,0.5983746089039675,0.015451155406663909,0.0,0.3996019352984033,True,True,True,True
pt002,MR2,093_to_092_warp.nii.gz,0.8030067614272022,1.397350168662117,9.568155714825897,0.0006015890549407387,0.06103298048028141,0.1769850980539269,3.04414064651745,1.0426812997999995,0.6025972195959606,-0.2807170416493928,2.44140625e-06,0.4046205173016273,False,True,True,False
pt002,MR2,094_to_093_warp.nii.gz,0.8115721420300249,1.392362276992961,6.036574630974686,0.0005305055497634845,0.06394484494606914,0.1914212210119056,3.0436745524112125,1.0426329011622875,0.6001924560128447,0.01359071218009414,0.0,0.402310057911937,True,True,True,True
pt002,MR2,095_to_094_warp.nii.gz,0.8184898969479549,1.3914296058207827,5.97568644102226,0.0008187249931045868,0.06450660575527838,0.19922304361075371,3.0466897131900916,1.0428303634848575,0.6023562351570593,-0.11323644580935098,6.103515625e-06,0.4034037700696016,False,True,True,False
pt002,MR2,096_to_095_warp.nii.gz,0.8208808143864529,1.378617282354261,5.88252944721188,0.0009947481264646063,0.06572991254529342,0.21491253032549837,3.0340190179228963,1.042313395418328,0.5969662778469743,0.009180987927066753,0.0,0.39735303985751635,True,True,True,True
pt002,MR2,097_to_096_warp.nii.gz,0.8331948806184976,1.3795907309311828,5.930542423834927,0.0008391973891739491,0.06622426697065525,0.2250289924720958,3.040905882009548,1.0421801514260818,0.6009781085074825,-0.27190079417593194,1.220703125e-06,0.40437759740069057,False,True,True,False
pt002,MR2,098_to_097_warp.nii.gz,0.7988650839874996,1.3872808056834094,6.017471711487113,0.0011135658062800585,0.06307761547940538,0.18357553424848105,3.0347722737957,1.0428017092105972,0.5975574148203807,0.015804890144834445,0.0,0.3950770283318977,True,True,True,True
pt002,MR2,099_to_098_warp.nii.gz,0.7903200594662495,1.3886415623514716,6.008965361760003,0.000504882690798801,0.06085606736480406,0.1727353354959974,3.0342785872878673,1.0426780378611054,0.5954011189287814,0.016069385698606907,0.0,0.39111884679663417,True,True,True,True
pt002,MR2,100_to_099_warp.nii.gz,0.7987020159764414,1.3915900050933578,5.878348156176314,0.0007844633747223639,0.06111320475476536,0.177615245949874,3.0416852285034306,1.0428038491681506,0.5978778590074907,0.01683236752487724,0.0,0.39619233779533447,True,True,True,True
pt002,MR2,101_to_100_warp.nii.gz,0.8490085813726221,1.3862750623799405,6.363426394399094,0.00044278323880826817,0.06748536292612817,0.2267457039479413,3.0542123263870358,1.0426257748698742,0.6086299123160387,0.01559767133438609,0.0,0.41317092551864143,True,True,True,True
pt002,MR2,102_to_101_warp.nii.gz,0.8763404300267312,1.388399690767557,6.015139780786602,0.0007917516482033384,0.06902353168638409,0.2423435878731953,3.0611965191131274,1.042861379278716,0.6146694383334756,0.01593767866709388,0.0,0.421718598211215,True,True,True,True
pt002,MR2,103_to_102_warp.nii.gz,0.8277733554255116,1.3807112811029003,5.888433377248265,0.0009872206327887795,0.06722635554905702,0.2214739796063081,3.0386625635426414,1.0422202746720846,0.6004808539106954,0.01630759460315134,0.0,0.40131006252974066,True,True,True,True
pt002,MR2,104_to_103_warp.nii.gz,0.801895410300443,1.3957247618765596,5.956301191266716,0.0013630814511336514,0.06179064215460482,0.17883119693696142,3.0453624766657894,1.0427061596285687,0.6007326398030889,-0.0028207810551642803,6.103515625e-07,0.39985252794524806,False,True,True,False
pt002,MR2,105_to_104_warp.nii.gz,0.8533885464117071,1.3849050418448112,5.888109815751456,0.0011430261332468154,0.06754569858607562,0.23426066770641324,3.057569830619572,1.042254790650234,0.6052442540236517,0.012265888605238194,0.0,0.4141476427832633,True,True,True,True
pt002,MR2,106_to_105_warp.nii.gz,0.8469398640869525,1.378118275852154,6.55884551372773,0.001018395403007084,0.06754214649978037,0.23658687619621016,3.0419081031761213,1.041973681362058,0.6041609093992673,-0.05607138110259243,1.220703125e-06,0.41384685569379165,False,True,True,False
pt002,MR2,107_to_106_warp.nii.gz,0.8009008294991783,1.392788455825271,6.024085516157243,0.0004760732963546485,0.06116948729700553,0.17751686473436154,3.041391662056973,1.042761177767953,0.599736755875192,0.015347530448867925,0.0,0.3992392140237833,True,True,True,True
pt002,MR2,108_to_107_warp.nii.gz,0.8705150105604621,1.3872418037808296,6.041794797988276,0.001047140494020808,0.06988117273541636,0.24712182221147877,3.0584092727352954,1.0428768763371004,0.6135151778562583,0.015300983239893177,0.0,0.42304772540798324,True,True,True,True
pt002,MR2,109_to_108_warp.nii.gz,0.8585356034471553,1.3852897296829798,5.956800116252323,0.0012248968702951904,0.06934398426402091,0.2373753948878598,3.0572040006765944,1.0426157613593536,0.6129686432733965,-0.018988631485166083,1.220703125e-06,0.43175169884220294,False,True,True,False
pt002,MR2,110_to_109_warp.nii.gz,0.824115875303938,1.388177168359462,5.946475060208091,0.000993038269089244,0.06532227004243792,0.2018075061045536,3.048750548178675,1.0425974655520809,0.605209970651563,0.0011977442704142315,0.0,0.412026416676454,True,True,True,True
pt002,MR2,111_to_110_warp.nii.gz,0.832393298089615,1.3847240679512762,6.019373074083357,0.0010650272092766649,0.06488515399620602,0.2136643156934244,3.042902757161856,1.042330837012436,0.6035030894204637,0.015631216364029858,0.0,0.4106997237639885,True,True,True,True
pt002,MR2,112_to_111_warp.nii.gz,0.8233948457590595,1.3822319739473656,6.043110045341156,0.00057985462898719,0.0659629385327369,0.21290735484068724,3.036805693855608,1.0422126932152032,0.6024627892475284,0.015214318372849003,0.0,0.405168338197938,True,True,True,True
pt002,MR2,113_to_112_warp.nii.gz,0.8056831440953851,1.3929034681199672,6.302075292451185,0.0011646531111572582,0.062444342430633945,0.18700732499702877,3.044216860875143,1.0429820403605659,0.6000369476434856,0.015755797983385677,0.0,0.39921393660232096,True,True,True,True
pt002,MR2,114_to_113_warp.nii.gz,0.8550954170356847,1.38518167650022,5.987320084264863,0.000851142864919309,0.06724968818609336,0.2321199618670035,3.052790753742348,1.0426960324114405,0.6103774963432343,-0.006452069056149944,6.103515625e-07,0.41692917081142694,False,True,True,False
pt002,MR2,115_to_114_warp.nii.gz,0.7988766647491552,1.3925304782039774,6.091189522484638,0.0010563113964153414,0.06287068172062447,0.18206109311837776,3.0420225354835053,1.0426885144008078,0.5973604661315088,0.015480969048074559,0.0,0.39441813592757136,True,True,True,True
pt002,MR2,116_to_115_warp.nii.gz,0.8170745364318293,1.384056468621441,5.874550419667834,0.0005000120027333545,0.06638844227451207,0.20499469967076148,3.0362357442100203,1.0424282729674248,0.6004423824190408,0.016399371881921275,0.0,0.401553499125676,True,True,True,True
pt002,MR2,117_to_116_warp.nii.gz,0.8417628472200834,1.389357431211128,5.904186820873954,0.0009671920755524338,0.06767147414069749,0.2179652873932686,3.057020127321479,1.0427325881884797,0.6071210150970192,0.006326001167736485,0.0,0.41732807530754223,True,True,True,True
pt002,MR2,118_to_117_warp.nii.gz,0.8502372231600741,1.384307237633947,7.50230448189089,0.000900138501810388,0.06947269208023021,0.23783100577522742,3.0500168494883737,1.0422428900518224,0.6102524910477864,-1.4852127317199173,2.25830078125e-05,0.42297117408209073,False,True,True,False
pt002,MR2,119_to_118_warp.nii.gz,0.8360642671349311,1.3905680022452134,8.245068256685494,0.0005917912885574901,0.06687058566922156,0.216915815476929,3.052750207036808,1.0425782804755703,0.6055367620006601,-0.10481182692823221,9.765625e-06,0.41383186352122114,False,True,True,False
pt002,MR2,120_to_119_warp.nii.gz,0.8218755250217313,1.385415386612771,9.074077056825352,0.0012754823004823511,0.06533903794030743,0.20249951762216706,3.040293631028797,1.0425835071242369,0.6017354526537811,0.0027941546871077965,0.0,0.40805137104603434,True,True,True,True
pt002,MR2,121_to_120_warp.nii.gz,0.863503179237131,1.3842623858619727,7.697837978807929,0.001319093772688134,0.06887514700103403,0.24173923074577833,3.053661975696604,1.0429184034953716,0.6095999196838187,-0.07727626009857917,2.44140625e-06,0.42209145257888464,False,True,True,False
pt002,MR2,122_to_121_warp.nii.gz,0.8185336446604008,1.3865535186485425,5.8828962728300445,0.0004044238705270422,0.06559697707346525,0.20077296121996574,3.041508028670019,1.04248130319754,0.6014434411180812,-0.0005871982888818109,6.103515625e-07,0.4055702460273823,False,True,True,False
pt002,MR2,123_to_122_warp.nii.gz,0.8284503747818697,1.3963590364483598,7.543779804573248,0.00040414047466612524,0.0652650477474996,0.20377257040256438,3.0568291483000416,1.0428422464376597,0.6077616506599022,-0.03337812713325392,3.662109375e-06,0.4154481571571885,False,True,True,False
pt002,MR2,124_to_123_warp.nii.gz,0.8808138155680387,1.379545008277729,6.0076938605457935,0.0009984995964114466,0.06966692983289409,0.2606871168731588,3.056000316296045,1.041898870612503,0.6125705672676188,-0.008578616858671948,6.103515625e-07,0.43074106136683754,False,True,True,False
pt002,MR2,125_to_124_warp.nii.gz,0.8214971499167647,1.384771555953729,6.518198035688492,0.0007583455647774724,0.06581294793068634,0.2059862038381376,3.040750642808575,1.042474921553724,0.6012670719066131,-0.05807144370072432,1.8310546875e-06,0.4063424385060741,False,True,True,False
pt002,MR2,126_to_125_warp.nii.gz,0.8245829938276799,1.3838684843447198,8.791347459026905,0.00034794198364545534,0.06649060758087345,0.2104145107177206,3.0394370388114385,1.0424657530178514,0.5994856075873642,-0.09877776813019774,1.8310546875e-06,0.40604593935947947,False,True,True,False
pt002,MR2,127_to_126_warp.nii.gz,0.8006928451468059,1.3912536626557679,6.125668974117038,0.0009750522655610396,0.06116184994093437,0.178672346148943,3.0405413272198114,1.0428471137900035,0.5982162630766539,0.014071459176134641,0.0,0.3974084859244303,True,True,True,True
pt002,MR2,128_to_127_warp.nii.gz,0.7970638175829409,1.3904316630460953,6.038148424785648,0.0008992541827150412,0.06161441222470092,0.17599186109672188,3.0386769735526875,1.042714932998195,0.5978444625510634,0.014646306909378402,0.0,0.3953078853333164,True,True,True,True
pt002,MR2,129_to_128_warp.nii.gz,0.7907742976130401,1.3892726974610803,5.955406669678369,0.0009744398629941758,0.061222288400681134,0.17241761920584717,3.0346768822535863,1.0425579786808732,0.5958807720036051,0.016032993025484166,0.0,0.39254210459805733,True,True,True,True
pt002,MR2,130_to_129_warp.nii.gz,0.7971787269319147,1.3847899641152237,5.908990323298682,0.000530039601177991,0.061489196585373,0.1792842751787262,3.034127724339855,1.042716561431842,0.5958679064134684,-0.1204447212716173,2.44140625e-06,0.3938863173771553,False,True,True,False
pt002,MR2,131_to_130_warp.nii.gz,0.798889199507284,1.389859801987904,5.946569759189231,0.0007880217562160609,0.061928550126198786,0.17906862352454106,3.0382320536487626,1.0427913232262318,0.59869326589255,0.015421159001484169,0.0,0.3968899165387856,True,True,True,True
pt002,MR2,132_to_131_warp.nii.gz,0.795364540378675,1.3868842240895782,5.928062551384827,0.0005347451788734754,0.061121725829537205,0.17872193902366845,3.035648451883939,1.0425478160131216,0.5958102299307753,0.016038975069806387,0.0,0.39211848005591265,True,True,True,True
pt002,MR2,133_to_132_warp.nii.gz,0.8036166923769231,1.3923788297554767,5.99949311333369,0.000802801197396824,0.061639970529862295,0.18073102335275298,3.0401398403597932,1.0425889089269014,0.6002710172502106,0.015765484836062868,0.0,0.40043664623633535,True,True,True,True
pt002,MR2,134_to_133_warp.nii.gz,0.794452334163621,1.3931399260731983,6.0103653160458475,0.0008816577258218618,0.05993235893948807,0.1711808099447592,3.0397753783436445,1.0427967223529493,0.5971678632599934,-0.0876917757902272,1.220703125e-06,0.39512708089716475,False,True,True,False
pt002,MR2,135_to_134_warp.nii.gz,0.8109887809372528,1.3839516140913413,5.9079448055027095,0.001198120884358538,0.06481463755906924,0.20028108213997875,3.0386081885639107,1.042571013811608,0.5978849981200473,0.0164764457541111,0.0,0.3970085102148181,True,True,True,True
pt002,MR2,136_to_135_warp.nii.gz,0.8023044710374151,1.3853670791087849,5.937281911872665,0.0006139906389945771,0.06301888093183315,0.18358580945083616,3.0336911013797936,1.0425143832444315,0.596081985814453,0.01618097315870664,0.0,0.39495358826064364,True,True,True,True
pt002,MR2,137_to_136_warp.nii.gz,0.8004182749815151,1.3895824531273506,6.512111074502303,0.0008301919697867498,0.06150984133542811,0.17897375494242235,3.039541793876113,1.042474159461647,0.5975696847455716,-0.11462551355125775,1.220703125e-06,0.39830576456605243,False,True,True,False
pt002,MR2,138_to_137_warp.nii.gz,0.8115711312658216,1.3880632338621666,6.02415338344941,0.0009427246127820082,0.06440188374056392,0.19674074542549636,3.040859970931402,1.042889205638156,0.6011397144321745,0.01613427936171527,0.0,0.40080081722900773,True,True,True,True
pt002,MR2,139_to_138_warp.nii.gz,0.8215048249095136,1.3868752799218171,8.039615520396923,0.001400651387755635,0.06581714307085249,0.20701177471054946,3.042575119822725,1.0429319651914273,0.6004714419888783,-0.30751232997772665,9.1552734375e-06,0.40278464874144,False,True,True,False
pt002,MR2,140_to_139_warp.nii.gz,0.8457641268541276,1.3852143453408148,7.135764399611733,0.0008166235759056107,0.0672480270998172,0.22819266970136207,3.050247396624805,1.04260501522771,0.6077073938830372,0.006761364162885387,0.0,0.41234168942339494,True,True,True,True
pt002,MR2,141_to_140_warp.nii.gz,0.8141984374790853,1.3917189167263158,6.016108308051305,0.0007635157668097454,0.06357278803256096,0.19559532989827877,3.0486676235016863,1.042649244793009,0.6007331232415426,0.0008417799234839695,0.0,0.40209306248783816,True,True,True,True
pt002,MR2,142_to_141_warp.nii.gz,0.8474283532546275,1.3852500216837802,5.9300739410437835,0.000662642898334051,0.06770080767690495,0.23199608781555486,3.0548700721917914,1.0424573689571586,0.6060906105594824,0.01620825044554009,0.0,0.4154250879261046,True,True,True,True
pt002,MR2,143_to_142_warp.nii.gz,0.82331250372314,1.3899615640223628,6.19771551039346,0.0013342521646123712,0.06582304981872067,0.2021082752860725,3.044562982902886,1.0425848836764917,0.6053039533170241,-0.2597922670690364,7.32421875e-06,0.41095145977539543,False,True,True,False
pt002,MR2,144_to_143_warp.nii.gz,0.8129553725388848,1.3887367338983145,6.026911275608629,0.0006758829085956367,0.06316871672671286,0.18816993523564918,3.0389466420729554,1.0426121197764509,0.6010741957826848,0.005845576423406693,0.0,0.4039725687927922,True,True,True,True
pt002,MR2,145_to_144_warp.nii.gz,0.805207809320761,1.3914818094637202,6.030127402789373,0.001136648914766806,0.061167582541010276,0.17920377263452142,3.041545531732676,1.0426823925006228,0.600020871710675,-0.16280169532949826,7.9345703125e-06,0.39990449987271987,False,True,True,False
pt002,MR2,146_to_145_warp.nii.gz,0.8238385709082523,1.3855904151645855,5.915300993376698,0.0003285075225132412,0.06436095073904526,0.19738565202740282,3.038625703813716,1.0426783842635563,0.601827267992932,0.01064184099074688,0.0,0.4073410949073127,True,True,True,True
pt002,MR2,147_to_146_warp.nii.gz,0.856220486960094,1.3839534607609698,6.037395215643147,0.0006633334931389667,0.06804193506022825,0.23002652801193202,3.047231354138355,1.0427522481499352,0.6105492930357325,-0.008226421920156967,6.103515625e-07,0.42342415731693245,False,True,True,False
pt002,MR2,148_to_147_warp.nii.gz,0.8444031716764457,1.3879654816379268,5.952289577875842,0.0013950245454833628,0.07000238461008179,0.22299621012880422,3.0523713131281776,1.0426910153136266,0.6086252041866554,-0.01425012759423516,6.103515625e-07,0.4170390126789424,False,True,True,False
pt002,MR2,149_to_148_warp.nii.gz,0.851948420767795,1.3880743184760114,5.959098004962671,0.0006300838982750559,0.06875381386888144,0.23164795572819682,3.0526153589733793,1.0424071300234719,0.6090225988119283,-0.0023351804361856684,6.103515625e-07,0.42143807439834946,False,True,True,False
pt002,MR2,150_to_149_warp.nii.gz,0.8602607396637808,1.3830661392681165,6.0279635943924115,0.0011696566046528463,0.06916258846804299,0.24652141016400592,3.054197612070571,1.0422498623412968,0.6093260387018025,-0.029289642164163507,6.103515625e-07,0.4216758359083145,False,True,True,False
pt002,MR2,151_to_150_warp.nii.gz,0.8464092607199887,1.3839401620819995,6.098983656565726,0.001428946879633761,0.0689693341272432,0.23159143430514917,3.0465725981732623,1.0423190945840415,0.6081136105580486,-0.024817665686867878,1.220703125e-06,0.41785866813572037,False,True,True,False
pt002,MR2,152_to_151_warp.nii.gz,0.821917784467811,1.3848513804535252,8.240140711187811,0.0010545434544723415,0.06780016171343581,0.2024768679947711,3.0394481881019555,1.0421235865365304,0.6050826015451228,0.015190265615087696,0.0,0.40873982275233156,True,True,True,True
pt002,MR2,153_to_152_warp.nii.gz,0.8209714294193414,1.4004129995277241,7.328894418839485,0.001275582995034869,0.06466938166488827,0.1928353859496274,3.0585314663121137,1.0431092289455124,0.6067851249549832,-0.0005001386741029602,1.220703125e-06,0.41074436084554655,False,True,True,False
pt002,MR2,154_to_153_warp.nii.gz,0.8462979910968095,1.4084590585904035,9.326526225061368,0.001069037938441849,0.06524291267954269,0.21267666135438384,3.0862478460226135,1.0433106957330691,0.6121141549545814,-0.9617385249979861,1.77001953125e-05,0.42318616632208866,False,True,True,False
pt002,MR2,155_to_154_warp.nii.gz,0.831014166949915,1.3872249005127821,9.614893513176748,0.0012938305918507292,0.06711648250480784,0.21622144345800015,3.048677426042159,1.0425053977335788,0.6036128772480307,-0.00483844739781121,4.2724609375e-06,0.4101966771610857,False,True,True,False
pt002,MR2,156_to_155_warp.nii.gz,0.8414058848502713,1.396797858460223,5.902189205126211,0.000914926654250522,0.06497141516201899,0.21501272870212731,3.0648780671471787,1.0430968431480658,0.6102268244532991,-0.0044106197536332705,6.103515625e-07,0.41965769327588975,False,True,True,False
pt002,MR2,157_to_156_warp.nii.gz,0.8061127850408184,1.389088112602581,5.907775166657702,0.00020089901991234252,0.0639237335984739,0.189431243311099,3.0396447599411696,1.0426089965208845,0.6004332200413912,0.016441516609981315,0.0,0.3992173431350463,True,True,True,True
pt002,MR2,158_to_157_warp.nii.gz,0.8183571887194495,1.3856703473584133,5.885244807387288,0.0005884147045691351,0.06630776195288844,0.21128973568922507,3.0425763432525295,1.0424630290702732,0.5992113702585006,0.01721574098784416,0.0,0.3978689470652194,True,True,True,True
pt002,MR2,159_to_158_warp.nii.gz,0.7953279373051835,1.39337739562081,5.8810636808115175,0.0007375818740920105,0.0607327803905198,0.17421163924098293,3.0416330704769363,1.0426832329900335,0.5988326611883278,0.009420087778662888,0.0,0.39693925670446745,True,True,True,True
pt002,MR2,160_to_159_warp.nii.gz,0.8246087700808229,1.387892241366873,5.909645683099162,0.0013267398302304334,0.06551764495753865,0.21089594357407654,3.0454865331674434,1.0426642809357072,0.6015581303117951,0.01699975466261391,0.0,0.4042723467304857,True,True,True,True
pt002,MR3,002_to_001_warp.nii.gz,0.8733298908347367,1.39194967032821,8.978100855386016,0.0015018037850564449,0.08246449877469156,0.24509527772597473,3.092775155972139,1.04307324305848,0.6141544972344807,-0.3629336081651285,4.8828125e-06,0.43406584218173544,False,True,True,False
pt002,MR3,003_to_002_warp.nii.gz,0.8284036563882967,1.37054638587575,5.969292219217592,0.0009683619399711124,0.06766722865707826,0.20353008335796835,3.029919496155719,1.0425199683776865,0.5992182537314927,-0.15533565790591228,2.44140625e-06,0.4091794159198114,False,True,True,False
pt002,MR3,004_to_003_warp.nii.gz,0.8184648590332363,1.3707882417361927,7.153731026285094,0.0009047673876112571,0.0672741182053234,0.19535252133755726,3.0250725483432874,1.0423422270779814,0.5957608856779556,-0.7854352243946138,9.1552734375e-06,0.40309516940669676,False,True,True,False
pt002,MR3,005_to_004_warp.nii.gz,0.8729645489741854,1.367634700947221,7.068160902126366,0.0005926518265423966,0.0749438828253527,0.2525333444516145,3.043480187700207,1.0426654270671254,0.6090385920087884,-0.25537709950753995,6.7138671875e-06,0.4253921593327224,False,True,True,False
pt002,MR3,006_to_005_warp.nii.gz,0.8500285207189261,1.3720944236587156,6.185839379445467,0.0002710787140066493,0.0720711640348555,0.23008967440959388,3.036771958684398,1.0424854958062997,0.6063760211459801,0.015098330034132228,0.0,0.4161057717875208,True,True,True,True
pt002,MR3,007_to_006_warp.nii.gz,0.8277397687439629,1.3774226954826787,6.284968230862871,0.0009579850971826576,0.06773904236009007,0.19955522584436275,3.0360407702190324,1.0425615806108928,0.6015221469783733,-0.3195249012022116,1.03759765625e-05,0.40889105539118176,False,True,True,False
pt002,MR3,008_to_007_warp.nii.gz,0.814373023283048,1.374759956222137,7.697536954322215,0.0007761427021306011,0.06491729796025199,0.18916486949979383,3.026499911044193,1.0424188731930186,0.595577316915847,-0.08475124042748368,1.220703125e-06,0.4017509376359827,False,True,True,False
pt002,MR3,009_to_008_warp.nii.gz,0.8219681612242818,1.3767555998409486,7.199833803728805,0.001036002233603587,0.06684868005051707,0.19516176548920505,3.0296662554368545,1.0424315953773573,0.6000604442869737,-0.4734875143821257,1.8310546875e-05,0.40865853104369493,False,True,True,False
pt002,MR3,010_to_009_warp.nii.gz,0.8275632477073838,1.37926776083165,6.970605276298009,0.001488587113248269,0.06721486819807118,0.198997254694319,3.037007900631389,1.042490958047352,0.6034904633782258,-0.812974658110307,6.7138671875e-06,0.412772376195219,False,True,True,False
pt002,MR3,011_to_010_warp.nii.gz,0.8345119007446472,1.3752087479613213,6.015765934432094,0.0008770253850481418,0.06786183810178602,0.21236844205152577,3.0349476236571022,1.0424687224893388,0.5995655960152617,-0.1529934704593855,1.46484375e-05,0.40970173492830525,False,True,True,False
pt002,MR3,012_to_011_warp.nii.gz,0.8205329718663887,1.3773142871583803,6.480604037174766,0.0010017455269081862,0.0654665554438699,0.19349551104479537,3.0317470032512897,1.0424944592879246,0.5996744046034314,-0.030713109521050778,2.44140625e-06,0.4066506453853795,False,True,True,False
pt002,MR3,013_to_012_warp.nii.gz,0.8359436162401663,1.3699911405270129,6.652413966864194,0.0012903911879235137,0.067327373627634,0.21618490491907763,3.031930188885619,1.0424161785575645,0.5968054212317525,-0.052545458611434864,3.0517578125e-06,0.407700716682481,False,True,True,False
pt002,MR3,014_to_013_warp.nii.gz,0.8421838498601022,1.3630606574059292,6.1597592748815275,0.0015174521529023165,0.07103359561978569,0.2272933171384986,3.0215668606984654,1.0419357854912294,0.5989687093097142,-0.06072245911228043,6.103515625e-07,0.41050919044819634,False,True,True,False
pt002,MR3,015_to_014_warp.nii.gz,0.8219949237849694,1.3743080322418444,6.124916137061162,0.0013396284832784397,0.06711286428133842,0.1966061137886117,3.030368701644215,1.042498955212544,0.5978784041707105,-0.19760190949233467,7.9345703125e-06,0.4069273990851661,False,True,True,False
pt002,MR3,016_to_015_warp.nii.gz,0.8371833745020812,1.3703724746914805,6.841201684769663,0.001159786106495413,0.06922064381696928,0.21298988315126915,3.034121632054656,1.0425970530820121,0.599388904992501,-0.5630571451373348,2.01416015625e-05,0.41174267210714094,False,True,True,False
pt002,MR3,017_to_016_warp.nii.gz,0.8248304425857047,1.371418084301561,9.484148718413715,0.0007712911006038754,0.07251336060898377,0.201625479523586,3.028692545146133,1.0406426404791544,0.6026575406004541,-0.6906015765520518,2.13623046875e-05,0.4104548712004518,False,True,True,False
pt002,MR3,018_to_017_warp.nii.gz,0.8580387362094462,1.412221872271218,6.230115493743016,0.0012136291721852553,0.07249726319718824,0.21680385415241174,3.1209453227028967,1.0438197466430186,0.6153977572443174,-0.1358930981640779,3.0517578125e-06,0.4303242328180154,False,True,True,False
pt002,MR3,019_to_018_warp.nii.gz,0.8209294843477578,1.3786965694304802,6.4915939432229255,0.0008726362739410419,0.06524450760828203,0.1911836834436752,3.034266180906062,1.0425614013446958,0.5995209489765306,-0.11325960358596034,6.7138671875e-06,0.40746949694222534,False,True,True,False
pt002,MR3,020_to_019_warp.nii.gz,0.8152671029121018,1.3794799431969789,8.597842157857151,0.00032673935565342386,0.06472983003677607,0.1840839237322791,3.02913576209642,1.0424404071818703,0.5988238958545864,-0.5858564358661976,2.5634765625e-05,0.406450218333657,False,True,True,False
pt002,MR3,021_to_020_warp.nii.gz,0.8348794150183031,1.370450208240466,7.100026446656873,0.0010596360363061626,0.06986908788382193,0.2113326013400151,3.0284110588613626,1.042452711926166,0.6029919568595237,-0.055925750123368895,4.2724609375e-06,0.4133138284119081,False,True,True,False
pt002,MR3,022_to_021_warp.nii.gz,0.8219084425705396,1.376970377485673,7.398137309818087,0.0011348379196541413,0.06614589955429659,0.19372837506973112,3.0340673381580805,1.0424164026238254,0.598856179234853,-0.32378764481869793,1.15966796875e-05,0.406765833686459,False,True,True,False
pt002,MR3,023_to_022_warp.nii.gz,0.8734729484955062,1.3654583007351218,7.483023672172631,0.00048383869169476293,0.0739977649209267,0.25699568606535483,3.0376857359414347,1.0420419940002879,0.6037497585617654,-0.17183776672429055,2.13623046875e-05,0.42342694878510984,False,True,True,False
pt002,MR3,024_to_023_warp.nii.gz,0.8431429907591427,1.3701221989584174,7.030721884520572,0.0005849451475943994,0.07318616709442465,0.22266166302795407,3.0306611755044726,1.041821670918558,0.6054491213613241,-1.3671948910918088,1.8310546875e-05,0.4182218346086768,False,True,True,False
pt002,MR3,025_to_024_warp.nii.gz,0.8237978419495171,1.3870455752325006,6.649124458701532,0.0001420194939576172,0.0658564263398707,0.18998154226794778,3.0523083635682275,1.0430345060414774,0.6003040005205241,-0.27860288366229435,6.7138671875e-06,0.41038078471725403,False,True,True,False
pt002,MR3,026_to_025_warp.nii.gz,0.8345192838262249,1.3721406174276323,6.569090270450607,0.0005799941755647523,0.06880057647266408,0.2058745572667155,3.0288632018116584,1.04261037934385,0.6011404905747976,-0.48803369499308,9.765625e-06,0.4153959103510488,False,True,True,False
pt002,MR3,027_to_026_warp.nii.gz,0.8292296003117227,1.3743423357090487,6.024868425219098,0.0009174671326307738,0.06897989466593178,0.2061019945804117,3.030828880882945,1.0424362242363308,0.6023056121384985,-0.05754565887295367,2.44140625e-06,0.41103191788268556,False,True,True,False
pt002,MR3,028_to_027_warp.nii.gz,0.8587804872795872,1.375290429748093,6.067181598542873,0.0012600558901269883,0.07045939141569352,0.23399414324094686,3.0487478904374408,1.0430851327400987,0.6065177731183402,-0.14221666267627653,1.8310546875e-06,0.41992476977743365,False,True,True,False
pt002,MR3,029_to_028_warp.nii.gz,0.8216532895592963,1.3786142158670847,6.069311523845017,0.0012592200023085784,0.06575056298146431,0.19178689175340796,3.03297268192102,1.0424212036224596,0.6027478490145347,-0.5155490017234589,4.8828125e-06,0.41038558535166353,False,True,True,False
pt002,MR3,030_to_029_warp.nii.gz,0.8259413119083396,1.3769374032473567,6.6818862284082545,0.0006370185013253255,0.06597087236402607,0.20258605062365184,3.0316744820909265,1.04240463033399,0.6001460384878036,-0.19670086834381856,1.40380859375e-05,0.4075149610482425,False,True,True,False
pt002,MR3,031_to_030_warp.nii.gz,0.822008786145728,1.379598504448845,7.7008956133706645,0.0007722336254840569,0.0659418085049754,0.1921827282459884,3.0370568614353237,1.0424489463562763,0.6002086308509564,-0.9495253962432466,1.64794921875e-05,0.4090767104934215,False,True,True,False
pt002,MR3,032_to_031_warp.nii.gz,0.8456017834586997,1.3783787454444252,7.739512908557617,0.0012440045673985571,0.07131183701998352,0.22297721508932083,3.0404259060413534,1.0425220110886892,0.6089023777387105,-0.5741262923015695,7.9345703125e-06,0.41931185701859325,False,True,True,False
pt002,MR3,033_to_032_warp.nii.gz,0.8278602612123533,1.379342595845238,9.30835206019286,0.0009172623807984196,0.06719494114471565,0.20137400296160463,3.037924831852189,1.0427607136104509,0.6014140843114434,-0.4805715850774344,3.662109375e-06,0.4091206990905169,False,True,True,False
pt002,MR3,034_to_033_warp.nii.gz,0.8365251565602737,1.3838927130268435,6.5723789364076435,0.0008366466738482521,0.06821058486304549,0.20479387771687405,3.044869688248246,1.0427133066361525,0.6055014359225104,-0.03418591865495618,3.662109375e-06,0.41784060904627096,False,True,True,False
pt002,MR3,035_to_034_warp.nii.gz,0.8345730471889763,1.3784495938997636,9.417728571385513,0.0007020083870932512,0.06715849472691296,0.20313630723202725,3.0359842249168754,1.0425125498370111,0.6040027569064731,-0.78763143862669,1.220703125e-05,0.4151386723989949,False,True,True,False
pt002,MR3,036_to_035_warp.nii.gz,0.8392324840562566,1.3684293566964456,5.989411353614232,0.0016593924439909837,0.06947076618789025,0.21913023913155608,3.0285154530955167,1.0421896499646552,0.6006345903790433,-0.1739120468581715,1.46484375e-05,0.41159552523428533,False,True,True,False
pt002,MR3,037_to_036_warp.nii.gz,0.8130618924825761,1.3772484757654726,8.668743974281035,0.0010171224924693494,0.06561175793153913,0.18758308593342857,3.0249600447522043,1.0424084394158282,0.5994222112069052,-0.08639270603064245,6.7138671875e-06,0.40443450914436213,False,True,True,False
pt002,MR3,038_to_037_warp.nii.gz,0.8220386017301883,1.3826223958455977,6.183604260197207,0.0013994193510535869,0.06500409368712878,0.18995571444750303,3.0445094954676737,1.0428392195269118,0.598373056574793,-0.08742062065337101,4.2724609375e-06,0.4065871133624318,False,True,True,False
pt002,MR3,039_to_038_warp.nii.gz,0.8184628977780244,1.3809232985066198,7.570494124944182,0.0006056851061105665,0.06506330212143052,0.18718082110993473,3.032760673737888,1.042679365805557,0.5999638546012258,-0.2684506718160448,1.52587890625e-05,0.4087506975434698,False,True,True,False
pt002,MR3,040_to_039_warp.nii.gz,0.8238907553411763,1.3784074679274676,10.119066988740821,0.0008030567205840412,0.06616226100417438,0.19456502145576382,3.0346062771823865,1.0425305658706543,0.6018037625102277,-0.9680883482504781,3.23486328125e-05,0.41200236291121023,False,True,True,False
pt002,MR3,041_to_040_warp.nii.gz,0.8177212519653265,1.377401143978285,7.618961599283542,0.0012530512172842748,0.06539514444830696,0.1897631830778839,3.0295676271394134,1.0423943322096514,0.5992651189943592,-0.23189189855356526,8.544921875e-06,0.4071846863572055,False,True,True,False
pt002,MR3,042_to_041_warp.nii.gz,0.8185205886427523,1.3781398280726305,6.942628321796098,0.001113809666688342,0.0642688527297034,0.18526454148447924,3.0294472146271905,1.0426556460143883,0.6001753153696524,-0.17620019569618836,5.4931640625e-06,0.40984020720570613,False,True,True,False
pt002,MR3,043_to_042_warp.nii.gz,0.8249908755695143,1.377292261507356,8.84739791951636,0.0013090891521318477,0.06675194059171051,0.19691014080821057,3.030386401659889,1.0423279632659317,0.60201440893644,-0.4899980954444511,9.1552734375e-06,0.4120494913518587,False,True,True,False
pt002,MR3,044_to_043_warp.nii.gz,0.8259400122180895,1.3777178334685647,6.741828690251747,0.0011974770310913033,0.06670646441899715,0.19771289352168295,3.034339438912087,1.0426496596462407,0.6022506804390029,-1.2743298721283443,2.13623046875e-05,0.41302681148965853,False,True,True,False
pt002,MR3,045_to_044_warp.nii.gz,0.8192313326567436,1.3809986832117571,7.467728851125866,0.0003647305436118236,0.06537912926707519,0.18763068485664242,3.033028070979655,1.0426458742572535,0.6053856125321416,-0.22468575514207198,1.3427734375e-05,0.411277081200521,False,True,True,False
pt002,MR3,046_to_045_warp.nii.gz,0.8148549654330828,1.375622855099069,7.066898857163007,0.0006768995182768662,0.06538418313193917,0.18860114242208809,3.0269818465274714,1.0425155081549855,0.5980016681686845,-0.4693567489879229,4.8828125e-06,0.40411119219839586,False,True,True,False
pt002,MR3,047_to_046_warp.nii.gz,0.8212227777122791,1.384511998809142,6.843480266611147,0.0013244519853578703,0.0652100459665001,0.18680533001550337,3.0431758867906433,1.04282949738976,0.6029842103234598,-0.6978541807234697,1.28173828125e-05,0.411320125619429,False,True,True,False
pt002,MR3,048_to_047_warp.nii.gz,0.823205494299123,1.3774930105050327,8.265672046471662,0.0010583178119903422,0.06580831126260211,0.1922297882988679,3.030129985845239,1.0423703329334246,0.6012605671078309,-0.2139674995286246,5.4931640625e-06,0.4103137110454737,False,True,True,False
pt002,MR3,049_to_048_warp.nii.gz,0.8125719376480075,1.3811574343183686,8.41657587266774,0.0006403611595547778,0.06379998020902657,0.18145442854415117,3.03511995984256,1.0426623702140123,0.5983689034821583,-0.3486539216579689,1.40380859375e-05,0.40602863635671743,False,True,True,False
pt002,MR3,050_to_049_warp.nii.gz,0.8119043188782936,1.376786200478312,8.275286042465265,0.0008325774693052404,0.06428195040690714,0.18322854508280229,3.025250976344345,1.0424525455547828,0.5982034178106885,-0.056201154203223525,3.0517578125e-06,0.4055196690179216,False,True,True,False
pt002,MR3,051_to_050_warp.nii.gz,0.8131609231890583,1.3814101245624382,8.771817305183875,0.0005140884014862853,0.0631922866010628,0.18048442430781325,3.0342015188723543,1.042770137972207,0.5992715320598722,-1.2511201005054133,1.46484375e-05,0.4086530983797092,False,True,True,False
pt002,MR3,052_to_051_warp.nii.gz,0.8155988482279889,1.378010841033911,7.240434785061204,0.0005248241654202171,0.06435356659458981,0.18618728038921964,3.030265858760851,1.0426063994634738,0.6029938422408915,-0.18823494441012065,9.1552734375e-06,0.40738416361057683,False,True,True,False
pt002,MR3,053_to_052_warp.nii.gz,0.8183601016171208,1.3788689339361495,7.488144668388944,0.0007763781258289754,0.06536882146378542,0.1893093601297941,3.029628632561249,1.042354377644344,0.6021340661477318,-0.26649619887387943,5.4931640625e-06,0.409132866375135,False,True,True,False
pt002,MR3,054_to_053_warp.nii.gz,0.8260321379512259,1.381192206404893,7.665105255056825,0.0006520742470654757,0.06617195249522256,0.19281860973404075,3.037812671295747,1.042609125974885,0.6028944255326576,-0.11150148233660721,5.4931640625e-06,0.41254319301318126,False,True,True,False
pt002,MR3,055_to_054_warp.nii.gz,0.8458705076997632,1.380701272431257,7.599133217179359,0.0009198576758689102,0.0696404034813909,0.21167204759810254,3.045221593100771,1.0426534970973957,0.6096163813714011,-0.32037353117125483,1.46484375e-05,0.42641338903471543,False,True,True,False
pt002,MR3,056_to_055_warp.nii.gz,0.8618953776509086,1.3752154891237973,6.199660704799055,0.001353986776390435,0.07073336381647996,0.23559803366744964,3.0505033893791875,1.0427401498356916,0.6130683943691037,-0.46551532259006784,1.8310546875e-06,0.4260268290553486,False,True,True,False
pt002,MR3,057_to_056_warp.nii.gz,0.9068095410242845,1.3623983803777358,6.513164641649648,0.0012956393997545514,0.0741871506966349,0.27981747467599466,3.04180482671893,1.0409804193755072,0.6124371785349466,-0.2653729712585717,3.2958984375e-05,0.43546101223363,False,True,True,False
pt002,MR3,058_to_057_warp.nii.gz,0.8335077750350369,1.3947751164817295,8.839710094425081,0.0009124174404052865,0.06673932002157323,0.19507654857857515,3.0657399997424943,1.0432102890790818,0.6059485197715622,-0.2187213725336325,9.765625e-06,0.419298343861009,False,True,True,False
pt002,MR3,059_to_058_warp.nii.gz,0.8174038519743366,1.3842634997977175,7.06333395894577,0.000634726166801323,0.06354446939349287,0.1834496863489749,3.037945299872882,1.0429787971900986,0.6006165808373543,-0.21566391556104864,1.52587890625e-05,0.4069711894388914,False,True,True,False
pt002,MR3,060_to_059_warp.nii.gz,0.8152781814334175,1.3807324496257125,6.62812811949664,0.001134861436386717,0.06367323634407737,0.18245239584586442,3.0347329994427663,1.0427168356596035,0.6029218481782209,-0.3669359539502457,1.15966796875e-05,0.40662093562666635,False,True,True,False
pt002,MR3,061_to_060_warp.nii.gz,0.8158815104707086,1.3857052973830972,9.932767217749143,0.0008328338109251824,0.06421189208539996,0.18190518745641904,3.037348452618993,1.0426388287304214,0.6002601903029733,-0.770615587868434,5.126953125e-05,0.41061178669804993,False,True,True,False
pt002,MR3,062_to_061_warp.nii.gz,0.8176990287774037,1.37314401620702,6.742771779296675,0.0014974126415154964,0.06536014103469755,0.1957842048317487,3.0246287713460505,1.042460957107502,0.5993006819019054,-0.201372306454809,1.52587890625e-05,0.40093576973004086,False,True,True,False
pt002,MR3,063_to_062_warp.nii.gz,0.8131677946783697,1.3793715013715817,6.955680495625039,0.0004258555029280966,0.06629699266397984,0.18922137469251868,3.032187036276683,1.0427790880708043,0.5997424353780194,-0.15291426044629366,7.32421875e-06,0.403239370130415,False,True,True,False
pt002,MR3,064_to_063_warp.nii.gz,0.8201903675373946,1.376649368905875,5.982110343059139,0.0007522940913667703,0.06833172632738013,0.19602334580274744,3.0313954065938518,1.0421082446682466,0.6020024669678471,-0.6773485401620116,5.4931640625e-06,0.40728756920958326,False,True,True,False
pt002,MR3,065_to_064_warp.nii.gz,0.8350231068468206,1.4074689479115792,6.0077388434016274,0.0008982899663494564,0.06550488830579189,0.19285944102806096,3.0887618730879502,1.0437059202906112,0.6099919917110941,-0.023170664283485385,2.44140625e-06,0.42122397929390004,False,True,True,False
pt002,MR3,066_to_065_warp.nii.gz,0.8403889920959233,1.377524265444194,7.396163376122594,0.0010362053956285626,0.07017979661714506,0.2205558577149781,3.0438156196569244,1.0428481980720579,0.6049832056881185,-0.22770764726157627,7.9345703125e-06,0.4139240254722897,False,True,True,False
pt002,MR3,067_to_066_warp.nii.gz,0.821428917011276,1.388450782577059,6.026950663848598,0.0005102068681550672,0.06466076064565769,0.18931355606364797,3.0450681210171235,1.0425110555624113,0.6057162706702576,-0.45269455151410976,1.0986328125e-05,0.4109240665717507,False,True,True,False
pt002,MR3,068_to_067_warp.nii.gz,0.8264681856402055,1.381360707083328,6.050862913569846,0.0007952279094615856,0.0677037489570773,0.20308605373562005,3.0380697266539074,1.0428814751959603,0.6039913624648277,-0.0475096428833846,1.220703125e-06,0.4086937946304806,False,True,True,False
pt002,MR3,069_to_068_warp.nii.gz,0.8083336578119729,1.3837933391549107,6.480331533648275,0.0010614826572645777,0.06432193731438252,0.18168457060694626,3.034865439264868,1.0423785001021675,0.602428847593857,-0.08400078339096288,3.0517578125e-06,0.4045110808311312,False,True,True,False
pt002,MR3,070_to_069_warp.nii.gz,0.837291998734624,1.3893028426959055,7.138882271378456,0.0008542389461557151,0.06764786548786424,0.21131398906878474,3.0556094806967486,1.0425635020300064,0.6080785817657933,-0.4196156916538586,8.544921875e-06,0.4150011368932576,False,True,True,False
pt002,MR3,071_to_070_warp.nii.gz,0.8410613347025361,1.3993134451376013,6.3996121089413744,0.0013986474766661992,0.06709061425641809,0.20155712520273228,3.0805464141526575,1.0434567125525696,0.6098867974085642,-0.5124594881278389,1.0986328125e-05,0.42055316325780495,False,True,True,False
pt002,MR3,072_to_071_warp.nii.gz,0.8636847396938296,1.3763007375274574,7.20356021075933,0.0007622104040432633,0.07069783056889933,0.24261822396662802,3.0490004368353842,1.0423455539208248,0.6075152426848826,-0.11782615498785474,1.15966796875e-05,0.42544352751377945,False,True,True,False
pt002,MR3,073_to_072_warp.nii.gz,0.8369192041083501,1.376639707086558,6.2346766462025425,0.0010364502624482113,0.0696836428160705,0.2108020114289726,3.0354615480815337,1.0425141056128522,0.605066664712757,-0.19827221699160028,4.2724609375e-06,0.4161499752973989,False,True,True,False
pt002,MR3,074_to_073_warp.nii.gz,0.8264609616957275,1.3870951337104247,6.627104241368874,0.0008002959416826036,0.06549105508088984,0.19272831782147776,3.0547648612529366,1.0430241424599997,0.6002936941623602,-0.06795042922125015,6.7138671875e-06,0.41004756509369417,False,True,True,False
pt002,MR3,075_to_074_warp.nii.gz,0.8176196358429868,1.3803653428426133,6.603193621513538,0.001108568813957982,0.06408947108526593,0.18615372062214253,3.0340383999125766,1.0428299801541752,0.6024929953598099,-1.0789367377537202,1.77001953125e-05,0.408834662240818,False,True,True,False
pt002,MR3,076_to_075_warp.nii.gz,0.8253479533847028,1.3751725352710298,6.54239933234277,0.0016094825684428694,0.06665275774065636,0.19615500120364132,3.0300621865766506,1.0426751939098131,0.6021691994070116,-0.4343286062888202,7.32421875e-06,0.4103878452504147,False,True,True,False
pt002,MR3,077_to_076_warp.nii.gz,0.841836256615082,1.3789606331709805,6.668553142422242,0.0006587530534051517,0.06811155105732422,0.20720735396474857,3.042033755841522,1.0426866482709856,0.608695088610173,-0.1607858631996943,7.9345703125e-06,0.4196635399828409,False,True,True,False
pt002,MR3,078_to_077_warp.nii.gz,0.8304326159437322,1.3872994581849116,6.036928233333523,0.0010909222152227147,0.0657462230161105,0.1935855634102501,3.0518813206015754,1.043083880925653,0.6032476324995456,-0.06635942129079875,4.2724609375e-06,0.41264729451087506,False,True,True,False
pt002,MR3,079_to_078_warp.nii.gz,0.841650636174956,1.3850606611608152,9.33644113113982,0.0006225185478659494,0.0677942505334202,0.20212832651728307,3.0449501986670415,1.0421765418492928,0.6083862979206458,-0.09868618956698519,4.2724609375e-06,0.4232745794791204,False,True,True,False
pt002,MR3,080_to_079_warp.nii.gz,0.838624181337121,1.3933868780385708,5.955936498199423,0.0006133681792525495,0.0667686122277367,0.20019085948055867,3.065222103074232,1.043143615667277,0.6065649043896786,-0.2867497117631356,2.5634765625e-05,0.41855238316765975,False,True,True,False
pt002,MR3,081_to_080_warp.nii.gz,0.8265979192235742,1.3789755831094213,6.1263893549076265,0.0011227585194818757,0.06500255956759485,0.19184785343980254,3.036052073311198,1.0426095070546704,0.6020215440697755,-0.0792862364348398,9.1552734375e-06,0.41246106270003347,False,True,True,False
pt002,MR3,082_to_081_warp.nii.gz,0.8295493317474353,1.38544602391257,7.124413634481631,0.00071401435610809,0.06487286213127012,0.19115571283858449,3.0392775801509693,1.042684617645331,0.6050969509675751,-0.21189076860016953,1.40380859375e-05,0.4182275716664733,False,True,True,False
pt002,MR3,083_to_082_warp.nii.gz,0.8283243451458228,1.382585675463639,8.6258544581,0.0011947754995264646,0.06798365662780004,0.1958386384422312,3.0396896305678966,1.0422867297066474,0.6050200890328397,-0.27891202383756664,8.544921875e-06,0.41721850829227114,False,True,True,False
pt002,MR3,084_to_083_warp.nii.gz,0.8399727221806984,1.3994206829234297,8.94814411971907,0.0010534511427055992,0.06614526205592157,0.1969570174660759,3.08012836545256,1.0434070872239785,0.6059929894368304,-0.15967865213853005,1.28173828125e-05,0.42139346993856885,False,True,True,False
pt002,MR3,085_to_084_warp.nii.gz,0.8278872306572809,1.377427447111014,6.822842191752993,0.0013135378376717911,0.06642495585370257,0.1968295761026938,3.03429537996337,1.0426859318514992,0.6026992780930732,-0.2665681294700515,6.7138671875e-06,0.4125340448710494,False,True,True,False
pt002,MR3,086_to_085_warp.nii.gz,0.8413774034615956,1.3799761944434588,7.163222754994392,0.00071090471942863,0.06993671046731449,0.20933549359236764,3.038126154114852,1.0419479385203596,0.6072242194305276,-0.13002723115958512,3.662109375e-06,0.4207094230308159,False,True,True,False
pt002,MR3,087_to_086_warp.nii.gz,0.8137313050755656,1.3864603005976504,6.62568265974979,0.0008651261650043524,0.06399287650033283,0.18337553724926217,3.043322432545869,1.0430641708825428,0.6009436773035192,-0.04129733302134579,1.220703125e-06,0.4049430940081571,False,True,True,False
pt002,MR3,088_to_087_warp.nii.gz,0.815036318848403,1.3852084118960106,5.9501926286958655,0.0003683795449462926,0.06411270699534635,0.18652303547603377,3.042094932000654,1.043119156143126,0.6003260085577122,-0.0735828735881954,1.220703125e-06,0.4045247228177823,False,True,True,False
pt002,MR3,089_to_088_warp.nii.gz,0.8178933941837698,1.3878666160486919,7.597747486741511,0.0011141055384931526,0.06481132831155174,0.1875111856915131,3.0434528113308885,1.0426564659549273,0.6025899564606646,-0.49739478543624155,1.64794921875e-05,0.4091190878630612,False,True,True,False
pt002,MR3,090_to_089_warp.nii.gz,0.8150330586403097,1.3840748210388247,6.410577365051465,0.0014832698545242983,0.06539440411839927,0.18677450482254218,3.0428351193644794,1.0429925903031045,0.600674364912189,0.009379981560034605,0.0,0.40516500429777025,True,True,True,True
pt002,MR3,091_to_090_warp.nii.gz,0.82448116519865,1.3898548670461375,6.0363871930897135,0.0012278367250643653,0.06518024628079201,0.1903380818477029,3.0510829390639063,1.043190346959875,0.6042964911148531,-0.42641409923375345,1.220703125e-06,0.412364507736986,False,True,True,False
pt002,MR3,092_to_091_warp.nii.gz,0.8176375834387523,1.3827682858250097,7.274935988609893,0.0012054255056002268,0.06683111601293375,0.19444267368401108,3.041113211866625,1.0428894469195462,0.602818311061477,-0.5862206270595263,2.74658203125e-05,0.40769340956176103,False,True,True,False
pt002,MR3,093_to_092_warp.nii.gz,0.8302420654140681,1.384177928444576,6.092491396331127,0.000893048423185511,0.06701331267938324,0.19812674837733385,3.041243581117172,1.0427735543801595,0.605790765426068,-0.14879912750439683,1.220703125e-05,0.4157157262131155,False,True,True,False
pt002,MR3,094_to_093_warp.nii.gz,0.8143459619991295,1.3916680407241597,6.434963822147037,0.0006248164079767017,0.06285799881071974,0.18024647699419583,3.047837890212954,1.0429057035634905,0.6036538419473354,-0.37513294844186584,1.220703125e-05,0.4085708412513614,False,True,True,False
pt002,MR3,095_to_094_warp.nii.gz,0.8218413062938863,1.3847279290657688,6.034322808358758,0.000778746306417976,0.06669021042535901,0.19284922468457422,3.0396776202114926,1.042922679747467,0.6013005546880852,-0.05084136009424538,3.662109375e-06,0.40699148614663655,False,True,True,False
pt002,MR3,096_to_095_warp.nii.gz,0.8215119039344908,1.388254666246645,6.082776577613949,0.0004549037775227302,0.06407198073438508,0.18711110695205885,3.050876026133925,1.0431293351430553,0.6025498792443682,-0.19975133523547045,3.662109375e-06,0.4098763331734143,False,True,True,False
pt002,MR3,097_to_096_warp.nii.gz,0.8243504671026785,1.3927278342149279,6.073149184904132,0.001569926092730218,0.06587758325121536,0.18907535231624367,3.057812498298419,1.0431874214914152,0.6059783544689517,-0.596900576008838,1.40380859375e-05,0.41344930185243134,False,True,True,False
pt002,MR3,098_to_097_warp.nii.gz,0.8272670188555279,1.373077492460165,6.68068384110959,0.0009283063715362336,0.0674356678738539,0.2036413297049653,3.0282371273841995,1.0425326827437393,0.5978074435736671,-0.6070358317737246,1.40380859375e-05,0.4068543000192603,False,True,True,False
pt002,MR3,099_to_098_warp.nii.gz,0.817557661538362,1.3754840263449424,6.027227481202459,0.001199067938775689,0.06587944317768894,0.19165996435071153,3.028453785196235,1.0426949089881,0.5999021208584076,-0.28019529099228707,4.2724609375e-06,0.40558900296233796,False,True,True,False
pt002,MR3,100_to_099_warp.nii.gz,0.8149631037097569,1.385843231044344,6.6449863195898065,0.0006515386020107077,0.06343792709690096,0.1821218538709638,3.03947827301304,1.0427904736223284,0.6010757663505326,-0.048237973391438316,4.2724609375e-06,0.4074995496518762,False,True,True,False
pt002,MR3,101_to_100_warp.nii.gz,0.82044904107799,1.3834197254827527,6.863401694264164,0.0013666590576432863,0.06544600698309859,0.19151319574809184,3.0429778957977938,1.0429128124009923,0.5991662622700182,-0.1505255290654404,2.44140625e-06,0.4062071212290558,False,True,True,False
pt002,MR3,102_to_101_warp.nii.gz,0.8106690547389064,1.3808936142797563,9.177537996220389,0.0004510124837662044,0.06309650964984999,0.1802370706043725,3.0314685894943887,1.0429308325369406,0.5976556314841103,-0.21411799606459317,1.46484375e-05,0.40395225410818164,False,True,True,False
pt002,MR3,103_to_102_warp.nii.gz,0.8166725973133385,1.3826844762095638,7.248221486888349,0.0007220857561578868,0.06390447514070996,0.18482137480735805,3.035580798331264,1.0428865032705779,0.6004304246831409,-0.42343751987764283,7.32421875e-06,0.40919217130344265,False,True,True,False
pt002,MR3,104_to_103_warp.nii.gz,0.8160658987061232,1.379193239542659,6.368909947619497,0.0008804322804815511,0.0648245953637745,0.1845077381268846,3.0309895710257755,1.0426324181999989,0.6009433923039631,-0.046306120286566846,6.103515625e-07,0.40649169444251565,False,True,True,False
pt002,MR3,105_to_104_warp.nii.gz,0.816237962332766,1.3758329455854559,6.87690741128396,0.0004129349640270689,0.06529715736194786,0.18858040049838362,3.028313580964497,1.0427212774391577,0.5971362148768004,-0.16699366233016638,7.9345703125e-06,0.4043742800280979,False,True,True,False
pt002,MR3,106_to_105_warp.nii.gz,0.8178010934805898,1.3792534950984594,6.21785916491564,0.0004971240248813941,0.06735022806422598,0.19207105749744655,3.032015811941496,1.0423453295950587,0.6027055649018007,-0.34019563102569755,1.220703125e-06,0.4084559483623435,False,True,True,False
pt002,MR3,107_to_106_warp.nii.gz,0.8139802792657281,1.3920206717663903,5.981426677273411,0.00039467088930799315,0.0637190818951403,0.18228336073392098,3.053418254652939,1.0434212244413876,0.5994741686712819,0.01496445361134905,0.0,0.4042101794968441,True,True,True,True
pt002,MR3,108_to_107_warp.nii.gz,0.813724356094901,1.3828092124391542,7.001404988388723,0.0010527871802830696,0.06375709550176262,0.18260488937687397,3.035082851672692,1.0430828790553095,0.6006741621325082,-0.09818897058667127,1.220703125e-06,0.405776586422393,False,True,True,False
pt002,MR3,109_to_108_warp.nii.gz,0.8293458823009074,1.3770048519384948,5.92300323724137,0.0009200420710040004,0.06893738560436455,0.21061328385253386,3.034750874497071,1.0428542533117982,0.6028862548810395,-0.13545147782421235,4.2724609375e-06,0.4093651441667654,False,True,True,False
pt002,MR3,110_to_109_warp.nii.gz,0.8314049980709466,1.381534913371361,5.978653331136149,0.001136019244494602,0.06877440177903993,0.21064316060621363,3.040474662763122,1.0428912215501065,0.6055863115971357,-0.19321327473176106,4.8828125e-06,0.4107361029387486,False,True,True,False
pt002,MR3,111_to_110_warp.nii.gz,0.8335658197604161,1.3878678435872296,7.067654832252872,0.0010001016521618636,0.06684944830398759,0.20932722216766025,3.0531598456984614,1.042771281925666,0.6048906725967501,-0.3931279506738035,2.74658203125e-05,0.41316449262414506,False,True,True,False
pt002,MR3,112_to_111_warp.nii.gz,0.8179738112821046,1.3811226002056265,6.403793668388028,0.0007674044923867227,0.06627636154516747,0.19304133999992562,3.0363158647244526,1.042698475461704,0.6002019288430301,-0.2802646536428461,1.52587890625e-05,0.40543077855277315,False,True,True,False
pt002,MR3,113_to_112_warp.nii.gz,0.8510420031131898,1.3796876281090535,6.875253560928005,0.0005798215116843211,0.07091274984519057,0.2283092707379788,3.050115333585305,1.0429939951729406,0.6094984841383566,-1.2948708134415736,3.662109375e-06,0.418715248704841,False,True,True,False
pt002,MR3,114_to_113_warp.nii.gz,0.866774497382427,1.3700086268648113,5.994235744044537,0.0005209036853283036,0.07138755947955612,0.25645516858836304,3.0463195493060535,1.0420121178169695,0.6029221396870906,0.005127389074298754,0.0,0.41528954844897165,True,True,True,True
pt002,MR3,115_to_114_warp.nii.gz,0.8115184420954152,1.3861663934496653,6.0053361262775935,0.0011626052425838791,0.06360960381534587,0.1808744736979513,3.0383825259601127,1.0429205931701615,0.6017929218326715,-0.13563162197893788,1.8310546875e-06,0.4075980103178206,False,True,True,False
pt002,MR3,116_to_115_warp.nii.gz,0.8144418199306405,1.3782212605757147,5.951545768773191,0.0011356793187329848,0.0659052166922954,0.1950141567275887,3.0322277908595057,1.0425150614223748,0.5986298331012607,-0.04630949037347861,1.8310546875e-06,0.4006200891442958,False,True,True,False
pt002,MR3,117_to_116_warp.nii.gz,0.8297581487480108,1.3823120695947753,7.676875478141241,0.0007177581551643786,0.06860264516614031,0.20735188785256203,3.0440944450711735,1.0430667324551166,0.604251649204575,-0.20135648425433145,3.662109375e-06,0.41117713699407005,False,True,True,False
pt002,MR3,118_to_117_warp.nii.gz,0.823655256367378,1.388750503445255,7.674144634183047,0.0004980736878908601,0.06496161551330316,0.19448276840301823,3.0516383070344077,1.04288887447345,0.6057193615887854,-0.1681899084825192,1.0986328125e-05,0.41178239961856505,False,True,True,False
pt002,MR3,119_to_118_warp.nii.gz,0.8301034694918928,1.3811909911874485,8.366981257376523,0.000862194547274338,0.06771022067754169,0.206358630431258,3.040357333640534,1.0426609499821529,0.6050521932214346,-0.053143176999854574,1.8310546875e-06,0.4140110239139803,False,True,True,False
pt002,MR3,120_to_119_warp.nii.gz,0.850613357671425,1.3771523258018474,6.567505077001697,0.0009802982843140052,0.06853732330196134,0.23123535701073475,3.04926758830486,1.0424255741700483,0.6050574427466241,-0.08527627423759213,2.44140625e-06,0.41561313577415576,False,True,True,False
pt002,MR3,121_to_120_warp.nii.gz,0.82597717637577,1.3733678438457062,6.4848868897216665,0.0017001808959955752,0.06810366635094806,0.2118380017292795,3.0312996595848944,1.042542074711046,0.5985406598288324,-0.10582111507956052,1.28173828125e-05,0.4028910475280662,False,True,True,False
pt002,MR3,122_to_121_warp.nii.gz,0.8078240445495228,1.378145303396629,6.7591338948234325,0.0006379105651970447,0.06508865605316337,0.19144793131050586,3.0319112699823125,1.0432861986828705,0.5961927954052415,-0.016071878525069555,1.8310546875e-06,0.3973619060831327,False,True,True,False
pt002,MR3,123_to_122_warp.nii.gz,0.8168490853511132,1.383863120735998,6.006604613920686,0.0010493001136858736,0.06597775204467031,0.19393355128206607,3.0377551898645305,1.0430816395692049,0.6032228697862471,-0.20938953734150623,4.2724609375e-06,0.40722581285498194,False,True,True,False
pt002,MR3,124_to_123_warp.nii.gz,0.8212651355134895,1.387136913248412,8.646873408125458,0.0007064204131226497,0.06640447175669544,0.19273149077457455,3.0475498860586714,1.0432045293941532,0.602008987233206,-0.34735632786730924,5.4931640625e-06,0.40843752132453437,False,True,True,False
pt002,MR3,125_to_124_warp.nii.gz,0.8331407728919801,1.387299990685047,6.015761773954434,0.0007143502833324703,0.06757079260438578,0.20386872516474944,3.0508653856922416,1.04325804114264,0.6063132219683622,-0.228432860965288,5.4931640625e-06,0.41705046923846206,False,True,True,False
pt002,MR3,126_to_125_warp.nii.gz,0.8083536572697517,1.3773784592714091,5.917632096871043,0.0004385605759473601,0.06492575052563865,0.18822440441574312,3.030951313333042,1.0428449555664907,0.5962028507913151,0.016417826564956595,0.0,0.3979593630176354,True,True,True,True
pt002,MR3,127_to_126_warp.nii.gz,0.8106914887666045,1.3873881399831864,6.080469980703224,0.0011398760506157709,0.06418088613960542,0.1853706495751561,3.0375873440906713,1.0430870298732342,0.6014944852913339,0.004543807542428992,0.0,0.40490201589423036,True,True,True,True
pt002,MR3,128_to_127_warp.nii.gz,0.7998699042649678,1.3844346643713883,8.972123099059408,0.0012087160137761704,0.06331767791143805,0.18035488479238293,3.0359416167951365,1.0428928380208913,0.5959587113342595,-0.569877792293386,4.2724609375e-05,0.39618695323145,False,True,True,False
pt002,MR3,129_to_128_warp.nii.gz,0.8081158197603419,1.3875810141475124,6.147312297378705,0.0008206712630132994,0.06393612851716736,0.18231642158828892,3.0407353283552605,1.043014555233657,0.6000183071937233,-0.10249850893689547,1.220703125e-06,0.4028825025314646,False,True,True,False
pt002,MR3,130_to_129_warp.nii.gz,0.829667452674025,1.3854079621907887,7.178364997511283,0.000983269579429848,0.06673494094446482,0.20628364798339716,3.0464801045012533,1.043106591163341,0.6057187184842044,-0.4218160820456717,1.64794921875e-05,0.413502738850379,False,True,True,False
pt002,MR3,131_to_130_warp.nii.gz,0.8299931791414545,1.389286551248293,7.034969615327541,0.0007870524479884161,0.06676952057429118,0.20068441505758944,3.050449775491597,1.042832986932622,0.6087928114430691,-1.5758989283256806,1.46484375e-05,0.41743336769610495,False,True,True,False
pt002,MR3,132_to_131_warp.nii.gz,0.8626263667980603,1.379981149211665,7.040078354990232,0.00025765295062179426,0.06870080990130491,0.2416284304902433,3.0612903843366723,1.0422154329993578,0.6070363928910968,-0.21309466188923948,3.0517578125e-06,0.419902819876134,False,True,True,False
pt002,MR3,133_to_132_warp.nii.gz,0.8295964942606829,1.3843478577373793,5.950491264675951,0.0006458147516524463,0.06655285632295568,0.20284268546067763,3.052214934970754,1.0433225323337638,0.6004719750141918,0.010037694959407501,0.0,0.4094499584230277,True,True,True,True
pt002,MR3,134_to_133_warp.nii.gz,0.8174353264923474,1.3783016033161932,8.476103296519488,0.0007216060678694761,0.06645935307994658,0.19602337033322664,3.0335191887498154,1.0429509887979302,0.6014344062193906,-0.8181666684621647,1.46484375e-05,0.40648750319006205,False,True,True,False
pt002,MR3,135_to_134_warp.nii.gz,0.8150420373417423,1.3842154194573717,7.61067391597982,0.0005219803863916616,0.0664339476134864,0.18947682385215853,3.036210236954626,1.042841627327332,0.6036568818883168,-0.9216498491144813,3.96728515625e-05,0.4092208323189055,False,True,True,False
pt002,MR3,136_to_135_warp.nii.gz,0.8248524788791157,1.389591005846504,6.39059620415745,0.0005658285196278335,0.0656605388143155,0.19468842656204594,3.048155211622602,1.0431680912217443,0.6078055568737281,-0.046339467840237396,3.0517578125e-06,0.41338061948156934,False,True,True,False
pt002,MR3,137_to_136_warp.nii.gz,0.8163141710105367,1.3867937670771573,6.970288937547044,0.0006039944125366941,0.06534136612015738,0.1892262559672333,3.0417358378468866,1.0430263100083494,0.6028964483994148,-0.11679892542290056,1.40380859375e-05,0.40809668913966995,False,True,True,False
pt002,MR3,138_to_137_warp.nii.gz,0.8166147035332024,1.3882787290093792,5.9878399927207235,0.0011148348146761678,0.06504113036203461,0.19024697762257167,3.0447593193886586,1.0433670160898962,0.6037567131124074,-0.38629006055665543,6.103515625e-06,0.40875813675059425,False,True,True,False
pt002,MR3,139_to_138_warp.nii.gz,0.8181525602896694,1.3925414157493614,6.722512699079756,0.0009655210197981226,0.06440113813315007,0.18647160960576098,3.0492490224655477,1.0430318140978656,0.6087350831219993,-0.14093363598781108,3.662109375e-06,0.41288527104896866,False,True,True,False
pt002,MR3,140_to_139_warp.nii.gz,0.8184793628932874,1.3996904833572097,7.518362905280081,0.000662611764139136,0.063871137129738,0.18125898566487297,3.0599558178707937,1.0431773205528299,0.6080931931868107,-0.5305093852603892,2.25830078125e-05,0.41284522908642346,False,True,True,False
pt002,MR3,141_to_140_warp.nii.gz,0.8169196636043528,1.3898829390239638,6.108294277895206,0.0017432802375194104,0.06394545673671458,0.18970343471333034,3.0467865206099622,1.0431950806088885,0.6047848675810297,-0.022545358481298034,1.220703125e-06,0.40884306644394647,False,True,True,False
pt002,MR3,142_to_141_warp.nii.gz,0.839172329579219,1.3819357545450481,5.929236346120997,0.0002822373840605761,0.06724766099028164,0.22343676945586277,3.050086451831801,1.0425637610628982,0.6030356910793083,0.015570284363294067,0.0,0.4105625322335873,True,True,True,True
pt002,MR3,143_to_142_warp.nii.gz,0.8122264901411144,1.3952303760094473,5.9859009485133665,0.0006891250837879401,0.06271165122218697,0.17879265852619464,3.052750994850376,1.0431428156433364,0.605016478461151,0.0015475074806112611,0.0,0.4094225465764425,True,True,True,True
pt002,MR3,144_to_143_warp.nii.gz,0.8191438682389414,1.389958663323254,6.427689045724712,0.0011998602855110084,0.06504801522176991,0.1903468663116693,3.0479485694466786,1.0430041308000575,0.6040412609503131,-0.09776468079980008,3.662109375e-06,0.4106564131543527,False,True,True,False
pt002,MR3,145_to_144_warp.nii.gz,0.8214731448638553,1.3838522243993783,5.96221674550706,0.0012578980066631966,0.066049632788508,0.19751601361644933,3.0439884201204097,1.0430063392492017,0.6022718499923408,-0.053715369292698066,1.8310546875e-06,0.4066624478240511,False,True,True,False
pt002,MR3,146_to_145_warp.nii.gz,0.812227648211629,1.3857662325887363,5.978061166783122,0.001169414667454895,0.06547892865857348,0.18944984741968252,3.0410830249823064,1.0431874809721637,0.6022386584815148,0.007713752870459935,0.0,0.40461869627098646,True,True,True,True
pt002,MR3,147_to_146_warp.nii.gz,0.8067875119111518,1.391166762096852,5.989758340154961,0.0005351912217857451,0.0632205856827735,0.17951935689648435,3.045856799845816,1.0430908883568482,0.6022235172161835,0.01601107594990126,0.0,0.40276199302856197,True,True,True,True
pt002,MR3,148_to_147_warp.nii.gz,0.8117873824572347,1.3927910232953462,5.907070070126788,0.0008822040301248032,0.06290821844160546,0.18226076193459673,3.0512679781680068,1.043285243391642,0.6028140638120995,-0.005735850117692497,6.103515625e-07,0.40505033767648835,False,True,True,False
pt002,MR3,149_to_148_warp.nii.gz,0.8082117614953526,1.390641092170734,5.9944801518132005,0.0005396293060650476,0.06245686422048586,0.17959181575350058,3.044984539866744,1.0431268648024201,0.600371447011567,0.004174206762901041,0.0,0.4028410636564299,True,True,True,True
pt002,MR3,150_to_149_warp.nii.gz,0.8110894794887212,1.3866969029337788,5.9593287947826825,0.0011369580498867948,0.064130424442413,0.18512283036265006,3.0410054461275573,1.0429955055732951,0.6005648521871964,-0.0041665644231305135,6.103515625e-07,0.4027839647953881,False,True,True,False
pt002,MR3,151_to_150_warp.nii.gz,0.8267155260194925,1.3893484284705835,5.953197393809279,0.0010171392684690261,0.06754592872426404,0.19988442939773626,3.050709214111406,1.0432769205292294,0.6076157917211613,0.0114267336978963,0.0,0.41227713243959946,True,True,True,True
pt002,MR3,152_to_151_warp.nii.gz,0.8191926337533907,1.3916224167030071,5.9677688678696885,0.0006195051151850552,0.06432277840020148,0.1878875821141986,3.0506425263848604,1.042998125048859,0.6065713608610087,-0.09841668873090186,6.7138671875e-06,0.41251128763936423,False,True,True,False
pt002,MR3,153_to_152_warp.nii.gz,0.8283580614858146,1.3929384937423102,6.03776409694849,0.00101195032190565,0.06596498451383721,0.20131779074194184,3.0556563898260305,1.0428450794747908,0.6072570146712479,-0.5262958002170485,5.4931640625e-06,0.41347230877983565,False,True,True,False
pt002,MR3,154_to_153_warp.nii.gz,0.8310055433768551,1.389048919025558,7.153188842990024,0.0014088039306749984,0.06770956123453317,0.2000169744302678,3.050671787185524,1.0432253326816217,0.6065430795744716,-0.28755188298813505,1.220703125e-06,0.41700330487037574,False,True,True,False
pt002,MR3,155_to_154_warp.nii.gz,0.848796716660652,1.37830992015347,6.339379033388217,0.0011632652411711825,0.07069815247007007,0.22768742788812668,3.0463754473765947,1.0425506947132641,0.6048639492010074,0.014235848618070151,0.0,0.41670375819649097,True,True,True,True
pt002,MR3,156_to_155_warp.nii.gz,0.8166992135676219,1.3866804466265614,5.919812784235436,0.0006699904509528593,0.06605737490809206,0.1937239519261912,3.0439188739009424,1.0430967009198386,0.6033470318221009,0.010836641144926537,0.0,0.4059873823526138,True,True,True,True
pt002,MR3,157_to_156_warp.nii.gz,0.8078028618973211,1.3917642226390101,5.91154115925317,0.0009995368830976851,0.06292438172121091,0.17961690003151137,3.045419172584772,1.0432530548611085,0.601111379664267,0.016400654696469782,0.0,0.4020094827869422,True,True,True,True
pt002,MR3,158_to_157_warp.nii.gz,0.807075237234005,1.3915015159417359,5.944403200027625,0.0009414579501066534,0.06403141357492162,0.18007732756631994,3.047009106691674,1.0431476096447603,0.6016557377046551,-0.16944087824644136,1.8310546875e-06,0.40266797504390245,False,True,True,False
pt002,MR3,159_to_158_warp.nii.gz,0.8129559956700784,1.3969590064471065,6.373757833764665,0.00048031752335645644,0.06289271072130304,0.17869721030600094,3.0529696685444287,1.0433173882998397,0.6060392241550178,-0.04027810975991766,3.0517578125e-06,0.41028915439604774,False,True,True,False
pt002,MR3,160_to_159_warp.nii.gz,0.8101334143190401,1.398469540529061,5.989455632307673,0.0006149567300198088,0.06272080427306147,0.1764069903028211,3.055253916028201,1.0432707786726507,0.6056969344780022,0.013957035773238197,0.0,0.40789806123599026,True,True,True,True
pt022,MR1,002_to_001_warp.nii.gz,1.2300410940479862,1.4275411656835209,9.577975484873358,0.0015070114944998434,0.10731991926727402,0.5911813705190877,3.357895940304396,1.0425011407241798,0.7179593827915346,-0.7574288018549509,8.1787109375e-05,0.7270053093822518,False,True,True,False
pt022,MR1,003_to_002_warp.nii.gz,1.184165165550957,1.432420266162506,7.6236968959044065,0.0011172648045668471,0.08787083867734122,0.5299719486843888,3.2761378750307273,1.0440277101232394,0.7152698550254291,-0.4447992526370235,5.43212890625e-05,0.6799591164760328,False,True,True,False
pt022,MR1,004_to_003_warp.nii.gz,1.2765965775965717,1.4410639061270574,9.372274683618766,0.0017639913430726826,0.08845787714979333,0.6754926159946827,3.4342010888386256,1.0431101722298595,0.7446548428562425,-5.4778712409494,0.000135498046875,0.7587864191543798,False,True,True,False
pt022,MR1,005_to_004_warp.nii.gz,1.2777662041590347,1.4477219787551336,11.115615372671579,0.0008814514505726197,0.09123612815857494,0.6685594872610017,3.47526924186611,1.042923116579206,0.7444991532933198,-2.107490027381709,0.0001220703125,0.7559925741186726,False,True,True,False
pt022,MR1,006_to_005_warp.nii.gz,1.299455249534891,1.4385664770803372,9.526986507990644,0.00038419772336305193,0.09515884296430174,0.6996508709429607,3.435859291650621,1.0380882605135884,0.7322888377844329,-0.7846492336093074,0.0001531982421875,0.7673554216522436,False,True,True,False
pt022,MR1,007_to_006_warp.nii.gz,1.2409725796736948,1.4233787970909413,9.712440881360344,0.0015943833694081683,0.09211354679829513,0.637113542757382,3.3797320388912064,1.0403363352882922,0.7192726867427186,-0.9455709290222747,0.0001593017578125,0.745568065417547,False,True,True,False
pt022,MR1,008_to_007_warp.nii.gz,1.1895399370243027,1.4176261364935645,7.952187882887988,0.001890860845375594,0.08829729567884567,0.553612188334323,3.2839857424090306,1.042141369764693,0.7102841391783766,-0.6233017588280412,0.0001336669921875,0.6979987320688528,False,True,True,False
pt022,MR1,009_to_008_warp.nii.gz,1.1436688865058025,1.4187893918730372,10.490733513449031,0.0005300640973723902,0.08591489448806505,0.48218083231564174,3.2377631539021485,1.0431712304693286,0.6994443095683518,-0.7048518926683188,6.9580078125e-05,0.6630996250544048,False,True,True,False
pt022,MR1,010_to_009_warp.nii.gz,1.2617599939030875,1.4230445023367193,8.171272828872707,0.0009853858638110395,0.0909968513818072,0.6738360761149504,3.3476710235266527,1.0430459524813402,0.724057986047857,-0.8017101902105744,0.0001214599609375,0.7258980304983933,False,True,True,False
pt022,MR1,011_to_010_warp.nii.gz,1.1502108431516582,1.4135781222237047,8.118710671347559,0.000973644974929142,0.08887381497580771,0.504370361736554,3.248655876300876,1.041456893655082,0.6997417527225331,-1.1886262824328337,6.65283203125e-05,0.6771453801246046,False,True,True,False
pt022,MR1,012_to_011_warp.nii.gz,1.1426772467202533,1.4238775852133738,10.446006479608187,0.000532241317792964,0.08807029026311462,0.481254552180703,3.248093389902844,1.042777078305071,0.6973168336043931,-1.1434231978380325,0.0001007080078125,0.6650401755611756,False,True,True,False
pt022,MR1,013_to_012_warp.nii.gz,1.187898413280297,1.425355128088804,11.564574012559557,0.0011928655200286952,0.08917786458896876,0.5549900900191799,3.3225969694226145,1.042667305020941,0.7021867943025524,-0.540136959212646,0.00012451171875,0.6830661964324399,False,True,True,False
pt022,MR1,014_to_013_warp.nii.gz,1.150227372198918,1.4241006286681421,11.589043106877245,0.0007573295852272146,0.08972519526489778,0.4999942234762482,3.2650904976957738,1.0408511256515556,0.6982611049667494,-0.38853196279727953,8.056640625e-05,0.6711366783370393,False,True,True,False
pt022,MR1,015_to_014_warp.nii.gz,1.1889101849611814,1.4136932661181254,8.480697271489237,0.0008136945238559218,0.09787396208878113,0.5535546870641298,3.3043098732276777,1.0383316540541658,0.7110099432252625,-2.293352308663292,0.000107421875,0.6974254801896183,False,True,True,False
pt022,MR1,016_to_015_warp.nii.gz,1.1270868195482826,1.429925752911517,9.647918250394005,0.0008623797704468342,0.08447549522509705,0.4558991730476733,3.229905510706838,1.0430392883742912,0.6923991204053197,-1.2118552756206136,3.84521484375e-05,0.6365872425517665,False,True,True,False
pt022,MR1,017_to_016_warp.nii.gz,1.1389299394576708,1.4256195953435296,8.031735617135483,0.0012276539432360986,0.09134740072765503,0.4970467404782949,3.228005261770466,1.0425920771062283,0.6893593627111022,-0.358217886491539,3.2958984375e-05,0.6195382972945755,False,True,True,False
pt022,MR1,018_to_017_warp.nii.gz,1.128400210033535,1.424888728511869,8.946824737262826,0.0007873911135396402,0.0829409433207618,0.4476899479052487,3.2451665763000443,1.0424093423784775,0.6893098701412168,-1.1503302703642067,7.9345703125e-05,0.6395695151251037,False,True,True,False
pt022,MR1,019_to_018_warp.nii.gz,1.1556493684510665,1.430455137404223,9.81056571885216,0.0018855128892739566,0.08431502931258862,0.5059375186342379,3.2847092494680123,1.0429031201495647,0.7013484785498288,-0.6390633619356927,0.0001617431640625,0.6586879588772012,False,True,True,False
pt022,MR1,020_to_019_warp.nii.gz,1.1255273249217295,1.4309099776344525,11.160837609764162,0.00042327253131152807,0.08149117083837687,0.44500053209499224,3.2639805731046327,1.043041898157719,0.6938247142973112,-0.5156031797622054,0.000113525390625,0.6566830940084516,False,True,True,False
pt022,MR1,021_to_020_warp.nii.gz,1.2055442036611066,1.4090102861747595,9.442802689926781,0.0009781920298558514,0.09150703273493209,0.6033791398132607,3.2946514806654275,1.0393580979982109,0.71007179209847,-0.5765825537822413,0.00010498046875,0.6996722230364676,False,True,True,False
pt022,MR1,022_to_021_warp.nii.gz,1.1587902286375722,1.422255110456248,7.390132395707291,0.0009026094820658795,0.08668067502611385,0.5094031168660886,3.255504426852505,1.0431170032222086,0.7068960994964651,-0.8648614076232853,7.01904296875e-05,0.667713449892966,False,True,True,False
pt022,MR1,023_to_022_warp.nii.gz,1.181116419169621,1.4195829017103827,11.10099448904037,0.0010604915753140178,0.08686403702113824,0.5640621965774923,3.2864348626236692,1.0427464669132118,0.7078621969683365,-0.7783025564918228,0.000140380859375,0.6895986889436847,False,True,True,False
pt022,MR1,024_to_023_warp.nii.gz,1.1724671738266936,1.4041481789331143,7.839981616785295,0.0009785614832006643,0.0982531893884892,0.552940916185829,3.2824728993177557,1.0406802471681051,0.69964257195491,-0.6325149856277039,5.31005859375e-05,0.6746423411741702,False,True,True,False
pt022,MR1,025_to_024_warp.nii.gz,1.1957283240582697,1.431919358627059,7.980848670291466,0.000908145035308283,0.0918490214488564,0.5616597434465487,3.3082303261281227,1.0434896864314007,0.7149155907241588,-0.45791260212735746,5.43212890625e-05,0.6903467411922901,False,True,True,False
pt022,MR1,026_to_025_warp.nii.gz,1.2329005781314408,1.421192534273067,9.005379400716157,0.0017522095211650072,0.09406352288542884,0.6387002115990933,3.300789023643546,1.0421619641591569,0.7213018714479376,-0.6108186493601181,7.01904296875e-05,0.7180657993751666,False,True,True,False
pt022,MR1,027_to_026_warp.nii.gz,1.2127994485695621,1.4419992981286232,8.935214901444784,0.0013011585066930345,0.08685444824986335,0.5540135015388032,3.377112353434335,1.0427136814468096,0.7207911198155071,-1.104278267722266,0.000101318359375,0.7236901076436052,False,True,True,False
pt022,MR1,028_to_027_warp.nii.gz,1.2308644658795986,1.4337240269870826,9.081655704510823,0.0006656811066978917,0.08780946274128822,0.6011847208919706,3.363542257889873,1.0421213008647325,0.7285954328431165,-1.382707209300654,0.0001220703125,0.7369063689814312,False,True,True,False
pt022,MR1,029_to_028_warp.nii.gz,1.2385833756484441,1.4377629528016531,12.945301988398143,0.001031239488091573,0.09458389081000408,0.6042771675755945,3.4299384959289876,1.0401065279885835,0.7249279157870131,-1.0737618572135728,0.000203857421875,0.7489010339773262,False,True,True,False
pt022,MR1,030_to_029_warp.nii.gz,1.2089154374785713,1.4187551008866246,7.904846001815757,0.00128990752146362,0.0935133735867622,0.6062412110510045,3.2981557179144456,1.0409825656819478,0.7170581258458998,-0.6336799961003062,5.31005859375e-05,0.7041720076599711,False,True,True,False
pt022,MR1,031_to_030_warp.nii.gz,1.1630572309723113,1.4312649673953837,8.00881416383954,0.0008062632563637033,0.08995630462081665,0.49435195952327626,3.2679747578838945,1.043996679423447,0.7017533518413386,-0.5956986479087601,5.43212890625e-05,0.6578900671780569,False,True,True,False
pt022,MR1,032_to_031_warp.nii.gz,1.16909996542331,1.409597868206808,9.612141942422618,0.0015748105535868975,0.08787642666839676,0.5464274862723448,3.239903348323611,1.0428072079003528,0.7007738468824153,-1.2615480617004424,9.82666015625e-05,0.6699301039404019,False,True,True,False
pt022,MR1,033_to_032_warp.nii.gz,1.2021429712788916,1.4134763090186153,7.520706257450538,0.0011769772976277773,0.08630753595964304,0.6059418003088421,3.275852999047327,1.0428930445242253,0.7058583406422507,-1.2825665002101303,3.2958984375e-05,0.6730105226570862,False,True,True,False
pt022,MR1,034_to_033_warp.nii.gz,1.2746504183919531,1.4337558262080177,9.584945091142542,0.0006150695578404461,0.09146812496622608,0.6884014022939395,3.3935513376066373,1.0433512706311987,0.7314675493610471,-0.41604977678933935,8.11767578125e-05,0.7210488275871907,False,True,True,False
pt022,MR1,035_to_034_warp.nii.gz,1.1960001033692755,1.4245010728218328,7.977276949063205,0.0009865268594428061,0.09399112805136771,0.5684874757682559,3.2708664019049727,1.0420638967319458,0.7101233444819254,-0.3822619525898431,8.36181640625e-05,0.6877828115660941,False,True,True,False
pt022,MR1,036_to_035_warp.nii.gz,1.1699178049194723,1.4218100140254069,8.382907260936967,0.001277470715009018,0.09168216104869616,0.5166010266997844,3.2793484471316527,1.0420316154663407,0.7074097652466571,-0.8027825244139958,0.000108642578125,0.6852049216940043,False,True,True,False
pt022,MR1,037_to_036_warp.nii.gz,1.1382881252768862,1.4141404410442113,8.549916205129666,0.002080364573510155,0.08801611359229113,0.4773299906712599,3.217089808594658,1.0421363533751729,0.6898985250974919,-1.6202910953861818,7.2021484375e-05,0.6447467190207635,False,True,True,False
pt022,MR1,038_to_037_warp.nii.gz,1.122077827660698,1.423900109983167,8.752708143764698,0.0013146827373789036,0.08432748277530797,0.454804302619877,3.2358839588529973,1.0429569652522035,0.6958094327288946,-0.327425662907254,5.7373046875e-05,0.6470826998688818,False,True,True,False
pt022,MR1,039_to_038_warp.nii.gz,1.1536735429272538,1.4107671285088497,7.901469078790818,0.0014519873622073983,0.08868587069996957,0.5261960633118392,3.23410026262525,1.0421265940522746,0.692372865510116,-5.441608308001267,0.0001220703125,0.6475383594903135,False,True,True,False
pt022,MR1,040_to_039_warp.nii.gz,1.1464341232193282,1.4243129848079217,9.146870324280366,0.001279096378732506,0.086532362394493,0.48751455385254794,3.2678009999012816,1.0424417783439697,0.6973383052801544,-0.5941391030483615,7.99560546875e-05,0.6665541392485649,False,True,True,False
pt022,MR1,041_to_040_warp.nii.gz,1.1764342765357056,1.4114222188910903,8.384269918326483,0.0009538249471305418,0.0972073339684355,0.552501566275388,3.3098574362276687,1.0396274768475164,0.7001827761886023,-0.3301304650192729,6.9580078125e-05,0.6804166509182707,False,True,True,False
pt022,MR1,042_to_041_warp.nii.gz,1.1757133943228255,1.4141706267918923,8.500366127809247,0.0007573342337640144,0.09297573423329888,0.5594532350634924,3.270951960460328,1.041182090936804,0.708692723683504,-1.3667790027345255,7.87353515625e-05,0.6836019530619104,False,True,True,False
pt022,MR1,043_to_042_warp.nii.gz,1.1409985639419389,1.4184225596513358,8.749200529534546,0.0008949601467960679,0.09087063569487423,0.5142716188755898,3.2423332488363545,1.0420706068024672,0.6967321347384422,-0.7049928562111418,4.08935546875e-05,0.6508404832241435,False,True,True,False
pt022,MR1,044_to_043_warp.nii.gz,1.085960003614279,1.408779848201976,8.594064341293462,0.0006220877531570671,0.08925809280157067,0.4442839178309991,3.1903427465553897,1.0420135123112078,0.6741726932947967,-0.105039700719369,3.7841796875e-05,0.5908683517581663,False,True,True,False
pt022,MR1,045_to_044_warp.nii.gz,1.1043259461381993,1.4257413442069828,7.370445892760425,0.00128415083516963,0.09034452788829454,0.4526403274976676,3.22773451730378,1.043790642046488,0.6867181663825688,-0.49120578685329774,2.9296875e-05,0.6007155368728134,False,True,True,False
pt022,MR1,046_to_045_warp.nii.gz,1.127881771106628,1.423033527108416,9.20392631648822,0.0012717147065999855,0.08554586050094036,0.4853882061371245,3.2529916482743744,1.0426363113343051,0.6933160258149476,-0.5364418233663408,6.77490234375e-05,0.6374484157951339,False,True,True,False
pt022,MR1,047_to_046_warp.nii.gz,1.1677685295985003,1.4303301879302384,8.952089230054055,0.001838672439353871,0.08483119894639661,0.5258647814119711,3.325729713457193,1.0432668013932103,0.7015258635005223,-2.7458818677281758,8.48388671875e-05,0.6643364529067114,False,True,True,False
pt022,MR1,048_to_047_warp.nii.gz,1.2093419835561483,1.4291604883074942,8.207831317652971,0.0010504460334036416,0.08433307974558969,0.5725460076217899,3.3264996065056245,1.0430430927869765,0.7181038957467265,-0.7773799104710195,8.9111328125e-05,0.7125173214896651,False,True,True,False
pt022,MR1,049_to_048_warp.nii.gz,1.1937527461520496,1.4229757731518364,9.928515788890472,0.0006149761631030711,0.08739091486785164,0.554339302809453,3.3005776986012174,1.0404682701769312,0.7171316292555033,-0.688817102308688,0.0001336669921875,0.7202188699392853,False,True,True,False
pt022,MR1,050_to_049_warp.nii.gz,1.1711131667335404,1.4296083148899885,8.882939381269827,0.001635105405003795,0.08401140418274713,0.5240552889673897,3.3098884479697706,1.0432374219691458,0.7088284870119032,-0.865436918347562,0.0001141357421875,0.6908902805357521,False,True,True,False
pt022,MR1,051_to_050_warp.nii.gz,1.1468278067433753,1.4235265684918692,8.295795897517515,0.0006440925811090075,0.08478157056886952,0.4834878271301616,3.2519263298519876,1.0429921562417572,0.7030195648589509,-1.0903647069920057,5.126953125e-05,0.671413676743019,False,True,True,False
pt022,MR1,052_to_051_warp.nii.gz,1.1811804678533289,1.4299888123867965,9.650901649056124,0.0008589313615329077,0.08485942216724503,0.5251832864440353,3.336171093019919,1.0415132081831138,0.7143018562153627,-1.056342276256564,0.0001507568359375,0.7002629598099134,False,True,True,False
pt022,MR1,053_to_052_warp.nii.gz,1.205025880155319,1.431451290861766,9.430422217391708,0.0012810895735329952,0.08955321804093617,0.5623710221807277,3.3563160666352836,1.0413773442667253,0.7209664495324289,-2.261917504094942,0.00021484375,0.7196935578586142,False,True,True,False
pt022,MR1,054_to_053_warp.nii.gz,1.1253698769309028,1.427782186905439,7.884238268096104,0.0003084851374220054,0.08123896986454997,0.4412099997821607,3.262124094323283,1.0425519252679962,0.7011737661555515,-0.8695953799836184,0.00010009765625,0.6565609314398178,False,True,True,False
pt022,MR1,055_to_054_warp.nii.gz,1.201808199269907,1.4256135206130933,9.146859035319206,0.0009990200857270847,0.08662141516501327,0.5727118159658138,3.3040738736688096,1.0388090754606654,0.69734333943146,-0.592564450392064,0.000111083984375,0.6671687118217916,False,True,True,False
pt022,MR1,056_to_055_warp.nii.gz,1.1602541585697421,1.4222982365201684,7.818021120740635,0.0006578576684054777,0.08479290288958374,0.5193959218566588,3.284614585585845,1.042743934866651,0.7019103632936017,-1.0743810937724219,6.7138671875e-05,0.6591385319053751,False,True,True,False
pt022,MR1,057_to_056_warp.nii.gz,1.1830097814989502,1.4279504902462086,8.724618258166098,0.0006555701827770626,0.08650107991664596,0.5507315655043281,3.312152447218353,1.0411011418222342,0.70034264137749,-0.7426852490743299,6.28662109375e-05,0.671667580223357,False,True,True,False
pt022,MR1,058_to_057_warp.nii.gz,1.1400767542702268,1.4091416568025594,9.55918489796659,0.00022472212989721338,0.10061894932042277,0.4850884991156439,3.257291698664685,1.0402341266426232,0.6916913229194058,-2.2939876085492514,7.8125e-05,0.6541497803720537,False,True,True,False
pt022,MR1,059_to_058_warp.nii.gz,1.2663376126298622,1.4519559288039754,8.960880147653853,0.0018353515136513559,0.10054665695093468,0.6349618699461216,3.457194184183573,1.0443898439117612,0.738397204975943,-1.5589342109650752,0.000137939453125,0.7239790843313701,False,True,True,False
pt022,MR1,060_to_059_warp.nii.gz,1.20705661439796,1.4287055816752918,7.479173645124824,0.001692225340980487,0.09232888946748367,0.5846146152553795,3.3201353595298384,1.0412024691545556,0.7123803807673507,-1.4947176265935107,6.53076171875e-05,0.6874658175233646,False,True,True,False
pt022,MR1,061_to_060_warp.nii.gz,1.1474409478846803,1.4204278576441018,9.100746164369127,0.0008550182570802998,0.08439002906032589,0.4940529516861628,3.2509470200434967,1.0432230593354481,0.7002007521237711,-0.7627185086639595,7.4462890625e-05,0.6602322660646436,False,True,True,False
pt022,MR1,062_to_061_warp.nii.gz,1.1467628598794817,1.424477388673316,9.112651628065139,0.0009992591415107445,0.08584405391985891,0.4785343174900428,3.266173987621731,1.0417799269518437,0.6993099745351582,-0.35581286956994307,7.38525390625e-05,0.6684096285761386,False,True,True,False
pt022,MR1,063_to_062_warp.nii.gz,1.1823002381167016,1.4240544471523322,8.344555711080682,0.0012866213958168146,0.08807766652351821,0.5421816095697167,3.2943003486813307,1.0423509600961232,0.7061468823284237,-0.5133410974137536,0.000126953125,0.6899246114252798,False,True,True,False
pt022,MR1,064_to_063_warp.nii.gz,1.1339383683266182,1.4165281368306142,8.68930704184781,0.0010601675885338006,0.08558967497154839,0.47458850237365807,3.2495780516175232,1.0418020628807154,0.6872535860902098,-0.26715915453948225,4.69970703125e-05,0.6447575387685709,False,True,True,False
pt022,MR1,065_to_064_warp.nii.gz,1.1073528095916405,1.4246279589129254,8.550604578112106,0.0007888146364070219,0.07980954132792366,0.4292772023107526,3.220527930322032,1.0433721282691044,0.69001450977333,-0.6543272695591217,4.2724609375e-05,0.6333436422134419,False,True,True,False
pt022,MR1,066_to_065_warp.nii.gz,1.1311653985511878,1.4089212489731098,10.221754723381792,0.0012108066465662591,0.09907874015068886,0.48830057374944175,3.254410854597583,1.0388384757870492,0.6843668379462505,-1.6639978607140122,0.0001324462890625,0.6453965118742627,False,True,True,False
pt022,MR1,067_to_066_warp.nii.gz,1.146870008212653,1.4325882297088508,8.486366649850288,0.00159370254819479,0.09811232995331004,0.4832681329793861,3.249462458405478,1.0440839613795372,0.6983969922401599,-0.40478664681913784,4.7607421875e-05,0.632834192417093,False,True,True,False
pt022,MR1,068_to_067_warp.nii.gz,1.1535836169701903,1.400689521341028,9.238677911075555,0.0005486368562847622,0.09270193450599831,0.5357373475224618,3.2441817168420886,1.0423624830042257,0.6927391484988941,-0.36102109601960414,3.90625e-05,0.6548291171429246,False,True,True,False
pt022,MR1,069_to_068_warp.nii.gz,1.2387882602516178,1.42950599217842,8.332019878330657,0.0019278555303777858,0.0927152480414763,0.6249355591829557,3.353207290751624,1.0427113220597688,0.7254287115274947,-0.6345657276709398,6.2255859375e-05,0.7194054481148129,False,True,True,False
pt022,MR1,070_to_069_warp.nii.gz,1.190718025792746,1.4243260411478633,7.884116116809979,0.0014640378584891906,0.09100425712964848,0.5529799923044648,3.304170628662084,1.0412556382766758,0.7105949024247311,-0.6847650927783463,7.75146484375e-05,0.6955029043813776,False,True,True,False
pt022,MR1,071_to_070_warp.nii.gz,1.163198547012557,1.4313626165514304,7.811296224873485,0.0015214143561037927,0.10057156869212054,0.5147245481472205,3.2767021304226263,1.0437997583490122,0.7051286668229102,-0.248667037332378,2.86865234375e-05,0.6555236068307656,False,True,True,False
pt022,MR1,072_to_071_warp.nii.gz,1.2282115463177654,1.4294128844912921,8.846956947420406,0.0011810073103278246,0.0878423969383559,0.6054985321137638,3.379495336279507,1.0388274410981468,0.7113818246206415,-1.3340041631192792,0.0001348876953125,0.712143353354239,False,True,True,False
pt022,MR1,073_to_072_warp.nii.gz,1.1488168696068546,1.4177232757791285,8.817075196896273,0.0013115838598573683,0.09524232371480082,0.4690635219340822,3.2781734655767867,1.0399710033903837,0.7002635600011017,-0.6135735220913264,6.2255859375e-05,0.678710129958728,False,True,True,False
pt022,MR1,074_to_073_warp.nii.gz,1.1595364153591872,1.442249617168418,9.013221065224766,0.0007576302790612567,0.09321094902232532,0.49091219772593087,3.3000225508839063,1.0442514209193234,0.7150694625395673,-1.1895617390939888,9.6435546875e-05,0.6726321651073869,False,True,True,False
pt022,MR1,075_to_074_warp.nii.gz,1.152593912386295,1.4287501066164026,8.155310467192747,0.0008880252036251565,0.08684816791701815,0.4712724928157548,3.2699007730008924,1.0430384245884767,0.7072907405082276,-0.80928382836135,7.01904296875e-05,0.6813501799213257,False,True,True,False
pt022,MR1,076_to_075_warp.nii.gz,1.1533288930324184,1.427497134625172,8.628366178993021,0.001344892322656166,0.0876935428246382,0.491016670087326,3.2683822499498603,1.0425861143599306,0.7016871396505082,-0.6045089854868567,9.1552734375e-05,0.6743449985778437,False,True,True,False
pt022,MR1,077_to_076_warp.nii.gz,1.0696530150112036,1.4145252079991908,7.014526902675636,0.00040225324556409563,0.08118338865656864,0.38926364662668933,3.181375212340993,1.0433871723063144,0.6741253979659197,-1.1157321036515357,6.77490234375e-05,0.595503215012469,False,True,True,False
pt022,MR1,078_to_077_warp.nii.gz,1.077048890354084,1.4253470455713904,7.769678860059752,0.0009128475518443959,0.07865428411534431,0.37407643816690916,3.2115138794864495,1.0431812932481075,0.6807781167856214,-0.48022178320087616,7.75146484375e-05,0.6113371500130556,False,True,True,False
pt022,MR1,079_to_078_warp.nii.gz,1.0747607825354235,1.4216997696701867,9.700782879707749,0.00047579475948390175,0.07995101727334762,0.38596540368354565,3.1898536806271327,1.0429900226194364,0.6822214587632702,-0.5346617556332893,6.591796875e-05,0.6018725527721919,False,True,True,False
pt022,MR1,080_to_079_warp.nii.gz,1.0828972170004976,1.424470448503222,7.859537788359471,0.0012186169886042252,0.0803366690519078,0.392505714470286,3.215018115665555,1.0430568383995131,0.6828744467834534,-1.3716064604436211,0.0001153564453125,0.6207490330895733,False,True,True,False
pt022,MR1,081_to_080_warp.nii.gz,1.0795410532398355,1.4174725886058799,8.075205529202885,0.0010081302943690503,0.08136232353704305,0.40453194019282046,3.211926413828851,1.0430025498544924,0.677782910893429,-1.2560111383260255,7.080078125e-05,0.6076965753049253,False,True,True,False
pt022,MR1,082_to_081_warp.nii.gz,1.1143202607052876,1.4207790909881848,8.601404626824797,0.0011461470356103134,0.08493043660094293,0.45166214413648453,3.23911034707862,1.0434503975931566,0.6864675371005432,-1.0206360511607273,0.0001239013671875,0.6390191369976965,False,True,True,False
pt022,MR1,083_to_082_warp.nii.gz,1.6866279699432745,1.726203568311732,20.840692245928075,0.0022291286772370355,0.13009180393759223,1.0572257460143435,4.098265112770315,1.0398818094653353,0.902710156495537,-6.476937628937012,0.0023968505859375,1.139640166357475,False,True,True,False
pt022,MR1,084_to_083_warp.nii.gz,1.4643611008465813,1.4839490659503258,9.41045087012424,0.00155565633447176,0.11628301338164342,0.904066242592442,3.8912979378176598,1.0340026372919566,0.7666447821194133,-1.4824435775388667,0.00028564453125,0.8386300141027394,False,True,True,False
pt022,MR1,085_to_084_warp.nii.gz,1.3389106003032898,1.4380715682443883,13.910426796312962,0.0015709678234700048,0.11998365642091556,0.7615354811700525,3.5514413987846276,1.0310677466093232,0.7277388142125077,-0.958375994236243,0.000186767578125,0.7806971156692629,False,True,True,False
pt022,MR1,086_to_085_warp.nii.gz,1.2150537951991394,1.4316898312989796,8.476558346042566,0.0016999212433900389,0.10572505414523307,0.597327189545998,3.3222825512104106,1.0447183372348665,0.7267012018314133,-0.5525223893044551,7.2021484375e-05,0.711869861454698,False,True,True,False
pt022,MR1,087_to_086_warp.nii.gz,1.270565791612161,1.4243419226269503,10.55068254394179,0.0013483576771543624,0.09536494825340847,0.6794991504426866,3.4397277313554424,1.0363791040581196,0.7248561036361625,-0.7079957970993098,0.000150146484375,0.7493151816613367,False,True,True,False
pt022,MR1,088_to_087_warp.nii.gz,1.1770484860741426,1.4297975597378887,13.772697925834958,0.0007122154088987072,0.09465890104326208,0.5264170963572059,3.3610987430989003,1.0400146270674169,0.6974123203399738,-0.8616323092369688,0.0002252197265625,0.6799193929513828,False,True,True,False
pt022,MR1,089_to_088_warp.nii.gz,1.3496067309375583,1.4612434976991622,10.950992108217667,0.0010015405454924708,0.10755699507955886,0.7527529419379269,3.5847028913325856,1.04312318040925,0.7615018329969742,-1.2203585864276913,0.00020263671875,0.7802954398866437,False,True,True,False
pt022,MR1,090_to_089_warp.nii.gz,1.2705968182544063,1.424801079144818,8.363638374135933,0.0004121048543832134,0.09107981008358426,0.6830957886484755,3.343713675344166,1.0383283477972518,0.7155356863625278,-0.49018454408057416,7.2021484375e-05,0.7011889587209348,False,True,True,False
pt022,MR1,091_to_090_warp.nii.gz,1.142447887310272,1.4314091050341278,10.735603663704422,0.0004301526747666288,0.08454125475776923,0.4774333618385387,3.3018617079297004,1.042570511246117,0.7009652413979297,-2.6498540091654754,0.0001025390625,0.6607628568015365,False,True,True,False
pt022,MR1,092_to_091_warp.nii.gz,1.2433800864543223,1.422468572748357,8.726456798409306,0.0002479565889832489,0.09029734009297771,0.6458129699564208,3.346342339272658,1.0378021825517316,0.7067654980769708,-0.4825337398658035,8.056640625e-05,0.6896996533315527,False,True,True,False
pt022,MR1,093_to_092_warp.nii.gz,1.1374831632885862,1.41027049287564,7.612305757431211,0.0015131010903935654,0.0838138188548439,0.4963491084868602,3.2176344930113006,1.0414235560421412,0.6839178492231949,-0.5289202397157352,6.591796875e-05,0.6354948119959365,False,True,True,False
pt022,MR1,094_to_093_warp.nii.gz,1.1376952225717825,1.4246153212106685,10.472252320300672,0.0013603093701579408,0.08298597130559157,0.4604996846992985,3.2437368783666605,1.0419758743460539,0.6913700558917248,-1.6129522731229462,9.33837890625e-05,0.6449910897347213,False,True,True,False
pt022,MR1,095_to_094_warp.nii.gz,1.1824056743791258,1.4283752941963421,7.899628342868958,0.0004921473850026401,0.08228168116373302,0.5208286174658772,3.290167200661655,1.0431985265925483,0.7037025874549342,-1.7309296883559244,0.0001092529296875,0.6915319628888755,False,True,True,False
pt022,MR1,096_to_095_warp.nii.gz,1.2132674425942114,1.4374119173166895,10.075059477619998,0.00024879672586261103,0.08254050022115465,0.5746089379609651,3.352749881011,1.043761892790433,0.7173905344828893,-0.5987864507010362,0.000147705078125,0.697921857250756,False,True,True,False
pt022,MR1,097_to_096_warp.nii.gz,1.2055213331351298,1.4286365238142171,8.849983030047587,0.0006447896034665401,0.08803372811532566,0.5655844391167492,3.3212888731644368,1.0426274425808195,0.7166466682316498,-0.45482781636308983,5.0048828125e-05,0.7160091104593426,False,True,True,False
pt022,MR1,098_to_097_warp.nii.gz,1.2227692946565596,1.4342575642215627,10.240918951283533,0.0016410050977762934,0.08524629992097127,0.5897840846389155,3.3854116199526616,1.04217996091603,0.7234648782419613,-2.089501114414558,0.000128173828125,0.7263725873555464,False,True,True,False
pt022,MR1,099_to_098_warp.nii.gz,1.1223623252674215,1.4296292949901417,8.949354563466455,0.0009315651114109664,0.08122349596850442,0.4232909412331766,3.255187790164737,1.0427052318642342,0.6934752824884732,-0.514529472001918,9.21630859375e-05,0.6501857236093092,False,True,True,False
pt022,MR1,100_to_099_warp.nii.gz,1.1632060092901264,1.4152507068140177,7.761661088756814,0.0007957443400523798,0.08767577523670347,0.5282102595283671,3.280779205148581,1.0411234011001989,0.703118768846004,-0.3305636235010997,4.638671875e-05,0.6807848912246781,False,True,True,False
pt022,MR1,101_to_100_warp.nii.gz,1.1164300019518405,1.4209696262087748,7.886141525122791,0.0010894121421160868,0.08399099948921608,0.4461475602162473,3.233713121137193,1.0426780796396007,0.6888765121212302,-0.5853623619909419,2.50244140625e-05,0.6302369783180984,False,True,True,False
pt022,MR1,102_to_101_warp.nii.gz,1.1246527059338942,1.426422974641997,10.433289329130162,0.0005457385303605553,0.08572045697993254,0.45124426214654934,3.239137783202202,1.0426393300635182,0.6906535134813773,-0.6180569660506875,0.0001165771484375,0.6377989122226092,False,True,True,False
pt022,MR1,103_to_102_warp.nii.gz,1.1588336450595866,1.4125569268097202,8.959049523694244,0.0010139582790037686,0.08989259900569556,0.5271857020608539,3.2483929592292804,1.0406984869624416,0.6949915361468478,-0.5805358455679012,6.591796875e-05,0.6594478178000139,False,True,True,False
pt022,MR1,104_to_103_warp.nii.gz,1.1086237997537218,1.4147027639477823,7.933597013754705,0.0016450067210610508,0.08500792833219623,0.451762429393018,3.2068939003716377,1.042774124726067,0.6900821151137895,-0.23072795289758538,3.0517578125e-05,0.6305602147369499,False,True,True,False
pt022,MR1,105_to_104_warp.nii.gz,1.0938861576626602,1.4165095969090655,9.867881627893784,0.0007947894700153618,0.08201573875998965,0.43448916617579,3.209263478456584,1.0429674553193964,0.6797003634777312,-0.39403947469570155,4.45556640625e-05,0.6035625618600209,False,True,True,False
pt022,MR1,106_to_105_warp.nii.gz,1.123192462109237,1.4114286855220437,8.38417482732445,0.0009237238821306988,0.08210469940762934,0.47434071582991705,3.2054730736665253,1.0415828118563621,0.6754228230887929,-1.152762535491684,3.7841796875e-05,0.6037087476947556,False,True,True,False
pt022,MR1,107_to_106_warp.nii.gz,1.1761817974067648,1.413866846644125,8.234229494383905,0.0005152111447010391,0.08900399197958116,0.5623671507729389,3.274340620470233,1.0429923904490375,0.7068678785029846,-0.5585922814962747,9.27734375e-05,0.6857979113639853,False,True,True,False
pt022,MR1,108_to_107_warp.nii.gz,1.1180384349492198,1.412426996619514,9.811155711275816,0.0009295676878004032,0.0853881190330483,0.4846688825070997,3.205731582565091,1.0426816339470475,0.6834837807451635,-0.5804333433070483,7.9345703125e-05,0.6253749272552911,False,True,True,False
pt022,MR1,109_to_108_warp.nii.gz,1.1297867203257448,1.4000986224285632,8.65125430129198,0.0008956091386421152,0.09030931322725007,0.5194326107115882,3.2150539616790117,1.0408293807543945,0.6822142221466494,-0.32788775130778597,5.0048828125e-05,0.6289908012620727,False,True,True,False
pt022,MR1,110_to_109_warp.nii.gz,1.1019979699575635,1.403530661096395,6.7114046811432315,0.0006571263664628778,0.08495590867791397,0.49387177786936265,3.182828166045276,1.0424116109366839,0.6770692121266001,-0.4691875778492265,3.0517578125e-05,0.5923508799118234,False,True,True,False
pt022,MR1,111_to_110_warp.nii.gz,1.067518280449115,1.407532334006318,8.397903277927977,0.0014802902533978513,0.08110070357303793,0.4085945791387806,3.174166554303749,1.042935524131758,0.6763751196754608,-0.42366367839378577,2.01416015625e-05,0.5812974303452827,False,True,True,False
pt022,MR1,112_to_111_warp.nii.gz,1.0956479946876223,1.4213528911168682,8.713489631512447,0.0013850618264783143,0.0856461284789701,0.43800141410286875,3.223940855521015,1.0433951086478557,0.6831040461427482,-0.8494013188479083,7.38525390625e-05,0.6127348446308555,False,True,True,False
pt022,MR1,113_to_112_warp.nii.gz,1.0970127389098672,1.4122658670595196,8.415829359908818,0.0009282792804841114,0.08396286789024397,0.45363378560075385,3.2048691501841224,1.0436587159738424,0.6725466218981732,-1.9390752360007455,4.39453125e-05,0.5911379861667646,False,True,True,False
pt022,MR1,114_to_113_warp.nii.gz,1.155455536048463,1.4065442370203936,7.069827106972833,0.0014932721971834836,0.08816544958310484,0.5501099175867664,3.234978415944069,1.0436437372874174,0.6982861269195236,-1.261213736033374,5.31005859375e-05,0.6533454616101886,False,True,True,False
pt022,MR1,115_to_114_warp.nii.gz,1.10294250472481,1.4124512120413857,7.785186493755716,0.0011803725539422934,0.08386623748750097,0.4616751135939574,3.216116477534424,1.0433471562001224,0.6820418403863633,-0.5115240280248345,4.69970703125e-05,0.6174120057338713,False,True,True,False
pt022,MR1,116_to_115_warp.nii.gz,1.116601618928953,1.426088251949463,8.763574746576522,0.0008536714973092518,0.08325954851145072,0.4449361812276955,3.2276037024886133,1.0432092066786034,0.6827783741569398,-0.5881038124742348,5.615234375e-05,0.6179873504338683,False,True,True,False
pt022,MR1,117_to_116_warp.nii.gz,1.1041519617475801,1.408318425675048,7.612780414958979,0.001274702647360608,0.08404944631063171,0.44726741113156626,3.1970249510587716,1.0430411953346297,0.6782978040785167,-1.3944771986789868,6.591796875e-05,0.6044603749368941,False,True,True,False
pt022,MR1,118_to_117_warp.nii.gz,1.0689535673012354,1.4139059421797175,8.151697522699758,0.0009628040972196793,0.08048543845822886,0.3977013034673689,3.18746352639427,1.043157916825507,0.6715757185184392,-0.5748684121961743,5.43212890625e-05,0.5853827378227895,False,True,True,False
pt022,MR1,119_to_118_warp.nii.gz,1.0806360924180076,1.4043035822237815,8.615956774515272,0.001830833725162175,0.08395366210170845,0.4431098289972454,3.198659729834086,1.041005640572413,0.6750352022413741,-0.3950293152689697,3.60107421875e-05,0.5952427625564278,False,True,True,False
pt022,MR1,120_to_119_warp.nii.gz,1.072573808255717,1.412984555552895,7.196916366770967,0.0011117096332093567,0.08286065200853948,0.39534224829732373,3.204323998128179,1.0422792895846285,0.6725769346569963,-0.38774678889354786,4.2724609375e-05,0.5864680565350255,False,True,True,False
pt022,MR1,121_to_120_warp.nii.gz,1.1066328719982537,1.433778917631984,7.896144316436595,0.0009629112084672019,0.08697662263466388,0.42428517313266056,3.245894905367324,1.0440299805692557,0.6852835865474927,-0.6298674290951111,9.82666015625e-05,0.6158388669195972,False,True,True,False
pt022,MR1,122_to_121_warp.nii.gz,1.21791063859017,1.432729249863116,11.124222137471474,0.0011857200682354415,0.09029148293178013,0.5994649420573255,3.3708176310624776,1.0433177959389806,0.7167611911927954,-0.3931617798748675,0.0001336669921875,0.6983298910511146,False,True,True,False
pt022,MR1,123_to_122_warp.nii.gz,1.2089588403409877,1.423210991267068,8.806417858571523,0.0017027693679977861,0.09414077691019304,0.5935074866524372,3.331725041380167,1.0422141506965759,0.7177486579106634,-2.6879270391250767,8.7890625e-05,0.7066299270855032,False,True,True,False
pt022,MR1,124_to_123_warp.nii.gz,1.2953613236200965,1.4256427274829981,7.539729370192562,0.0016852253129569761,0.09320148198645543,0.7123347152211188,3.372975959494207,1.037453819702813,0.7245516606547173,-0.37914235760262655,0.0001055908203125,0.7439342875800489,False,True,True,False
pt022,MR1,125_to_124_warp.nii.gz,1.1630486709910755,1.4047219669741569,7.160288757845677,0.0009257293605969612,0.0873895044316094,0.5423997523192823,3.246551149567043,1.0407437155856665,0.6986509441781703,-0.4145803968250063,4.5166015625e-05,0.6701602185174128,False,True,True,False
pt022,MR1,126_to_125_warp.nii.gz,1.1937598269729264,1.4193826348875531,8.740377314155367,0.0013044477826993444,0.0851740852050754,0.5839842119008424,3.2727122943907614,1.0410712585929063,0.7079545804574793,-0.7270425646846567,7.8125e-05,0.6834314376179023,False,True,True,False
pt022,MR1,127_to_126_warp.nii.gz,1.1520062523416137,1.4254391977607923,9.704017954165053,0.0007216415976648529,0.0841750287443867,0.4958278435152789,3.2487963464106167,1.0429019632975212,0.7000332814752953,-1.5149320183916166,8.544921875e-05,0.6594689091994057,False,True,True,False
pt022,MR1,128_to_127_warp.nii.gz,1.1656324112583283,1.4182772215776631,7.688318706149646,0.0014073507597214211,0.08491138808783917,0.5141292363078545,3.2423771891523177,1.042762956842104,0.6984682048767118,-0.602097108146486,5.67626953125e-05,0.6660939901021462,False,True,True,False
pt022,MR1,129_to_128_warp.nii.gz,1.1605780007546287,1.430815873738903,7.9912242990590965,0.0009560206581672483,0.08319424809601164,0.4854821813666064,3.281736741159304,1.042910550686929,0.7033745489828949,-0.4035584196692961,9.033203125e-05,0.6773262509241783,False,True,True,False
pt022,MR1,130_to_129_warp.nii.gz,1.1279293494136606,1.4258764779176567,8.448004060581896,0.0013072227213522633,0.0803633298199717,0.43528096469773225,3.226875415718947,1.043464702162241,0.7003146271083432,-0.9201343947699165,8.11767578125e-05,0.656795244304402,False,True,True,False
pt022,MR1,131_to_130_warp.nii.gz,1.1150417191114106,1.4242047351781184,9.149426396433926,0.001505545543020972,0.08011321725275067,0.44282996575039923,3.222211358519814,1.0433322370314755,0.6886125661144609,-0.5425505414431453,0.0001031494140625,0.631171360500302,False,True,True,False
pt022,MR1,132_to_131_warp.nii.gz,1.083051323192203,1.41268496600588,8.26911211962853,0.0012421791440320432,0.0791150660845202,0.40915904537427894,3.189145494123765,1.0437167725686995,0.6733653436007802,-0.5074487588521431,7.26318359375e-05,0.6020071042117059,False,True,True,False
pt022,MR1,133_to_132_warp.nii.gz,1.0702254935827196,1.4160256838570116,8.929525616724085,0.0010747820888064713,0.08048375189512186,0.3871260779946701,3.1924312761928104,1.04301074245758,0.6732928352107694,-0.4500697873855843,0.0001068115234375,0.598668807456189,False,True,True,False
pt022,MR1,134_to_133_warp.nii.gz,1.1119774499897364,1.4028439269032917,7.11450181361658,0.001447295443085216,0.0869535581525808,0.47667479041493654,3.1994035779790315,1.0429732699362544,0.6897538444384919,-0.29677276776206823,4.0283203125e-05,0.6318455234540308,False,True,True,False
pt022,MR1,135_to_134_warp.nii.gz,1.315144548937514,1.4339544253468302,8.490322661282287,0.0008918550826278743,0.09490124305179252,0.7471917205785308,3.442774797296318,1.0436372876775224,0.7347105590883496,-1.883100392570284,0.0001190185546875,0.7318230318594026,False,True,True,False
pt022,MR1,136_to_135_warp.nii.gz,1.3029361993506114,1.4354672064846887,11.285662900918457,0.0008803249472258717,0.0954238231616025,0.726830164268763,3.40373356308061,1.0426976978053464,0.7220105770317821,-1.428947465991149,9.58251953125e-05,0.704254200585853,False,True,True,False
pt022,MR1,137_to_136_warp.nii.gz,1.1828725067267467,1.4120744755475994,7.613960021297735,0.0011098093980663319,0.09300013032590398,0.5842645429067408,3.267509210086157,1.0418772036225015,0.717641305873437,-0.48564736096078776,5.7373046875e-05,0.6897821324499747,False,True,True,False
pt022,MR1,138_to_137_warp.nii.gz,1.1990391287593447,1.4174973482858964,8.166481996342252,0.0004243804843898142,0.08742357718258312,0.5917317846928811,3.2557704774887046,1.0385512332472764,0.6956948067353564,-0.512311288285704,4.57763671875e-05,0.6490988274588585,False,True,True,False
pt022,MR1,139_to_138_warp.nii.gz,1.162144867196875,1.4029725241274873,7.704743420602287,0.0009479716749754937,0.08694904372324953,0.5801855150990947,3.212706041403646,1.0401071422364105,0.6742092096186424,-0.7492255416593249,5.2490234375e-05,0.5936909088708902,False,True,True,False
pt022,MR1,140_to_139_warp.nii.gz,1.1061435176222154,1.4064532994497962,9.923006711059461,0.0019138888973686556,0.08749929123581826,0.4796298226271384,3.1901735728621796,1.0420309947182254,0.6749649978229727,-1.4684637212943425,5.06591796875e-05,0.5908964465526912,False,True,True,False
pt022,MR1,141_to_140_warp.nii.gz,1.1109989705249956,1.3927843965073043,10.436820489815378,0.001534273506533414,0.08906571496380819,0.5110644038493215,3.181797899021708,1.0406393093686028,0.6735926052422155,-0.7014394413586105,5.67626953125e-05,0.5986761977497135,False,True,True,False
pt022,MR1,142_to_141_warp.nii.gz,1.0590991094079412,1.422111484601816,8.185916493181468,0.001256986455726981,0.08336626959427816,0.3936213371238317,3.2175446214195,1.043869767744682,0.6761546204773754,-0.4909796002598939,5.615234375e-05,0.5840315529443458,False,True,True,False
pt022,MR1,143_to_142_warp.nii.gz,1.0525468123688888,1.4226184197727303,9.564710767518816,0.0010257440824664598,0.08423742821951442,0.3797108022153648,3.1957894061601113,1.0435528836857115,0.6692733880676538,-0.5243165652541929,3.96728515625e-05,0.5759301699943855,False,True,True,False
pt022,MR1,144_to_143_warp.nii.gz,1.0782255256061242,1.4046231135848108,6.109894382515924,0.001288069182185861,0.08628001455302013,0.4543525730341613,3.1966278319934176,1.0442652008726203,0.6750335853580129,-0.12575745658660617,8.544921875e-06,0.5758839786270192,False,True,True,False
pt022,MR1,145_to_144_warp.nii.gz,1.0990801729536868,1.4084003980926643,7.267474024245878,0.0013713568468656347,0.08951741780972938,0.4597016207927237,3.221983758570995,1.0429823927190796,0.6891050850448426,-1.684583343475085,6.77490234375e-05,0.6069705560050516,False,True,True,False
pt022,MR1,146_to_145_warp.nii.gz,1.1095496048495779,1.4092984719802593,10.013135336122343,0.00115380126546135,0.08676311552073415,0.470646505057737,3.2144445271491517,1.0408893862023065,0.6818505938969226,-1.1973637898589353,9.82666015625e-05,0.622099636541293,False,True,True,False
pt022,MR1,147_to_146_warp.nii.gz,1.126760111224156,1.405905788992564,8.727238006804493,0.0009742826215016649,0.0871957789144094,0.4975805962990868,3.218443337331796,1.0404297162537244,0.6855904260801265,-1.1617463576058533,6.591796875e-05,0.6160712724276302,False,True,True,False
pt022,MR1,148_to_147_warp.nii.gz,1.0683370392336369,1.4266440882807212,7.678522941086444,0.0013383879719750691,0.08133084031546063,0.38345352453976334,3.2220909820709545,1.0431728710228274,0.6765789364342957,-1.2237119315137408,5.55419921875e-05,0.5867663310497879,False,True,True,False
pt022,MR1,149_to_148_warp.nii.gz,1.1470836951979146,1.4076349234200047,11.244905693657406,0.0016745589158132326,0.08549308791952713,0.5375332481216317,3.2303452237557955,1.0400393008958546,0.6770282484843606,-3.621338732293955,0.0001104736328125,0.6108481544585037,False,True,True,False
pt022,MR1,150_to_149_warp.nii.gz,1.1488712772618788,1.410272988704283,11.198207035704012,0.00092432816945454,0.09091707621085841,0.5290471741596803,3.245882868259499,1.043455116838492,0.6924629070380797,-0.49779331790011183,0.0001312255859375,0.6291897875534693,False,True,True,False
pt022,MR1,151_to_150_warp.nii.gz,1.118202213717367,1.4240344422991926,8.25921179529592,0.0006844852425005626,0.08554748405553005,0.4469353779643277,3.2256035856831917,1.0435202256297684,0.6889139803239823,-0.4483217732026835,4.08935546875e-05,0.6271203445975219,False,True,True,False
pt022,MR1,152_to_151_warp.nii.gz,1.3490941053729413,1.449847303371889,9.135799618385867,0.001108304043525027,0.10324373650264333,0.7585178837063611,3.589808794875018,1.041758021087898,0.7423441387623864,-0.6064764257443838,0.0001025390625,0.7420947306064515,False,True,True,False
pt022,MR1,153_to_152_warp.nii.gz,1.2609690673808833,1.4334174723469282,8.57936673689653,0.0016250299720792492,0.09276432413650423,0.6598280735458157,3.380944443005669,1.0398021079045523,0.7212821772154606,-1.2024898388795853,8.9111328125e-05,0.7300892755193377,False,True,True,False
pt022,MR1,154_to_153_warp.nii.gz,1.2382737524046776,1.4258247926188963,9.40473331468513,0.0008506731461328285,0.08909329373768565,0.6351630326473434,3.3278321554383568,1.040282315825958,0.7142309857637066,-0.49045233221366197,8.6669921875e-05,0.7011149168276978,False,True,True,False
pt022,MR1,155_to_154_warp.nii.gz,1.1799556887479075,1.4244155324817143,7.09825697274607,0.0008850901245217038,0.0862351653688096,0.5471475545671018,3.28077576012532,1.0444414733465834,0.7112687181816825,-0.45143706484559,7.75146484375e-05,0.6853678621274036,False,True,True,False
pt022,MR1,156_to_155_warp.nii.gz,1.2150656839033243,1.4292280176251495,8.386847376432176,0.0006607982882162983,0.08282580508655787,0.5907151613897694,3.316962411794513,1.0436358911738268,0.713490169753224,-0.751724413195758,8.11767578125e-05,0.6766742507148112,False,True,True,False
pt022,MR1,157_to_156_warp.nii.gz,1.2272779660092645,1.423620558745427,9.202706475605595,0.0009680622967305007,0.09908104499949927,0.5907254427968855,3.3908130807864834,1.0400686749527448,0.7181220228216992,-0.7710638774209244,0.0001055908203125,0.7017140125360166,False,True,True,False
pt022,MR1,158_to_157_warp.nii.gz,1.2607136711742128,1.4407675724106666,9.101220074079986,0.001238516453096277,0.08964755730281164,0.6398223933476936,3.3762289940967296,1.038215954062193,0.7243145501125025,-1.0210229120261434,8.9111328125e-05,0.7175934731179966,False,True,True,False
pt022,MR1,159_to_158_warp.nii.gz,1.1476197445988485,1.4193274066947579,9.321547068432187,0.0009065766769732499,0.08470135943341381,0.5081228628049128,3.259302782302855,1.0428735834023763,0.7006647043090815,-0.8743991877599229,4.94384765625e-05,0.6569987505132321,False,True,True,False
pt022,MR1,160_to_159_warp.nii.gz,1.134821516509746,1.430081146867115,8.514694420292209,0.0007895862091321903,0.08418565821601151,0.47600520708318944,3.2452195293240647,1.0444249659346463,0.6939954143001723,-0.29178888937477376,2.99072265625e-05,0.6277728105267795,False,True,True,False
pt022,MR2,002_to_001_warp.nii.gz,1.1043389884593597,1.418890660393823,11.41647552275546,0.0016502731042590153,0.10383659289414315,0.43492426020880137,3.2119670153708633,1.042529376675498,0.6823418365428394,-0.6915329427772465,4.7607421875e-05,0.6008307841179308,False,True,True,False
pt022,MR2,003_to_002_warp.nii.gz,1.030033656910509,1.4101255247886504,10.833749939809424,0.0015238114079862855,0.07188063607654398,0.35815286533302404,3.144442945440885,1.042098698259587,0.6654687308072085,-0.47643537650321355,8.30078125e-05,0.5699441437478159,False,True,True,False
pt022,MR2,004_to_003_warp.nii.gz,0.9702461715996705,1.4060254513027968,10.740922848968582,0.0010949078135263379,0.06897971982991043,0.2702149904237029,3.119606545233998,1.043236034327223,0.6473281752811316,-0.4797685100604161,2.8076171875e-05,0.5250870164181146,False,True,True,False
pt022,MR2,005_to_004_warp.nii.gz,0.9872105838771738,1.4291410876538053,7.130284929430882,0.0009805503916379729,0.07140279948040594,0.28348496180079413,3.1547260152086594,1.044348591998759,0.6581750927655805,-0.27121670122552,3.35693359375e-05,0.5374755404571039,False,True,True,False
pt022,MR2,006_to_005_warp.nii.gz,0.9805767802437108,1.4018237553252713,9.055276964177555,0.0009264434578824125,0.07949772890054826,0.2924684121560761,3.1275431052654556,1.0420056950596654,0.6493746854648824,-0.4947054752428535,6.04248046875e-05,0.5388612696735461,False,True,True,False
pt022,MR2,007_to_006_warp.nii.gz,1.0512058018722683,1.4320888178723736,8.043577773327742,0.0012577649678720414,0.09139336501141337,0.3695587704150505,3.209029528870793,1.045872065574913,0.6789150607922189,-0.5118957477264447,4.57763671875e-05,0.5693411614793732,False,True,True,False
pt022,MR2,008_to_007_warp.nii.gz,0.9794342938155809,1.4127185951323082,8.909073172412475,0.0014568450983218168,0.06489938662223008,0.2865945579022986,3.1163094063043277,1.0431654318293646,0.6519802375046879,-0.7306974286135258,6.40869140625e-05,0.5314111514257989,False,True,True,False
pt022,MR2,009_to_008_warp.nii.gz,0.9859695609736527,1.4148475876695519,8.558002210004506,0.0011030048760856984,0.0690652732322547,0.2869029166993904,3.1310096893219055,1.0436787787204416,0.6519070877058828,-1.1641925611318482,5.43212890625e-05,0.5378526738461538,False,True,True,False
pt022,MR2,010_to_009_warp.nii.gz,1.0358152101158844,1.4320939876304757,11.999753615118577,0.0008477471734645848,0.07000611629360752,0.3273690159257281,3.199740268711489,1.043841899946385,0.6705750717605686,-1.277570105127111,0.0001617431640625,0.5841352509539073,False,True,True,False
pt022,MR2,011_to_010_warp.nii.gz,1.1106664007568239,1.4409235550003767,11.665624459878558,0.0008061489865214644,0.0725781899110182,0.41198208663462577,3.2933338450219845,1.0404313675176105,0.6879644568173804,-2.3982735229871017,0.0002264404296875,0.6253513907909986,False,True,True,False
pt022,MR2,012_to_011_warp.nii.gz,1.2049325213733353,1.4420190725528366,9.599117957983879,0.00137971116206081,0.08243550730929612,0.517754519058596,3.3684397818491005,1.0441084807532623,0.7028345638972278,-0.9436958756687089,0.0001165771484375,0.6409379988951759,False,True,True,False
pt022,MR2,013_to_012_warp.nii.gz,1.0524598006116106,1.4254387278271046,7.936079612784299,0.0006402482284239137,0.07197491732464951,0.3610362976522713,3.170265163222404,1.042442424597511,0.6692736352113711,-0.4310937745188345,3.90625e-05,0.5765091395009759,False,True,True,False
pt022,MR2,014_to_013_warp.nii.gz,1.0459761640453247,1.4169218753212471,8.40404399597973,0.0008719506686650861,0.07398886972846387,0.36275210594830437,3.1781501005730193,1.0437573283889068,0.6692368048430095,-0.29336925065689695,2.9296875e-05,0.5673981732770905,False,True,True,False
pt022,MR2,015_to_014_warp.nii.gz,1.0049376529751095,1.4189974229746247,8.865980844359823,0.0005131569421721324,0.07064650784492509,0.32723112818619116,3.1413028160178382,1.0421762014677518,0.6563413288721567,-0.404982633835975,3.90625e-05,0.5395954195103534,False,True,True,False
pt022,MR2,016_to_015_warp.nii.gz,0.9404258153885716,1.4307511515634823,8.056447814544391,0.0010816646033393787,0.06474433574498535,0.2390451052639233,3.1196092113532816,1.0442309072131823,0.6450326022832197,-0.2952294389778896,2.86865234375e-05,0.5067594426439548,False,True,True,False
pt022,MR2,017_to_016_warp.nii.gz,1.018862012012049,1.4308989433907993,12.920461307045263,0.0010359882832602998,0.06743625396013918,0.33617914524625037,3.1463605698393096,1.0422739746701277,0.6607974463328152,-0.5603709300473096,5.43212890625e-05,0.5492324387713171,False,True,True,False
pt022,MR2,018_to_017_warp.nii.gz,0.9644233232143453,1.4313737832914102,10.134272110908787,0.0008222806133610869,0.06658119095887034,0.2597745010351922,3.1355624407856157,1.0436674764451346,0.6510748009149834,-1.4767211642281015,7.01904296875e-05,0.5218901993428663,False,True,True,False
pt022,MR2,019_to_018_warp.nii.gz,0.9975399174897965,1.4246237267170723,10.305379580576226,0.0002987090706574645,0.06802685628782187,0.3113162110893151,3.151475568111323,1.043156666671127,0.6527077711840807,-2.0244090773843073,6.8359375e-05,0.5406257095167828,False,True,True,False
pt022,MR2,020_to_019_warp.nii.gz,1.0246075997143753,1.414415035112105,9.194041259199881,0.000788570649491583,0.06999589432579245,0.34620977118390944,3.169511141192045,1.044516372079129,0.6576354300873152,-0.2250027473409904,4.7607421875e-05,0.5462661381178532,False,True,True,False
pt022,MR2,021_to_020_warp.nii.gz,1.0758528449384521,1.4123332697977256,10.393113891183262,0.0010534796134274303,0.07267546102086903,0.39586128165043605,3.171827100586883,1.0390345881521,0.6645969401406961,-1.8243686023034809,0.000152587890625,0.5711384852359589,False,True,True,False
pt022,MR2,022_to_021_warp.nii.gz,1.0878302112984377,1.4217421310441238,10.220424180888385,0.0007601791231143754,0.07540429120365284,0.3973001980443668,3.2188086789286317,1.0444354897585977,0.6777066332721055,-0.8968073393745132,4.5166015625e-05,0.5791813267064585,False,True,True,False
pt022,MR2,023_to_022_warp.nii.gz,1.080677280164682,1.4377034813884502,9.258373842682303,0.0002072482270834136,0.07298957796933848,0.3721067933825891,3.218843616096337,1.0410591817743649,0.6816322227716588,-3.680974216378927,0.000169677734375,0.5937974993997104,False,True,True,False
pt022,MR2,024_to_023_warp.nii.gz,0.9943796555942235,1.4333742225337656,9.615221665544674,0.0009151552387181523,0.06669477650823548,0.2680787865219373,3.1719197466364686,1.0430654819407181,0.6617155731214082,-1.0286394168233712,0.0001226806640625,0.5640438848200536,False,True,True,False
pt022,MR2,025_to_024_warp.nii.gz,0.991047430001972,1.4412665565353526,8.937100083180109,0.0008679954382504204,0.06327805535255772,0.25375187411504774,3.168635074428049,1.0437662290491434,0.6690199290918925,-0.900059832546329,0.0001611328125,0.5611648400511469,False,True,True,False
pt022,MR2,026_to_025_warp.nii.gz,0.9669249071932371,1.4290780089535073,8.985698178441305,0.0006313982679450371,0.06443380088110447,0.24977183220494492,3.141881095926443,1.043171064735002,0.6524483845933996,-0.6423349606178103,0.0001025390625,0.5381986477245745,False,True,True,False
pt022,MR2,027_to_026_warp.nii.gz,0.9861035576286458,1.4477232038981456,10.124829642139105,0.0007800264062700659,0.0645973989078116,0.2508288613331631,3.1849223619299405,1.043809016627327,0.6636286717909361,-0.43195758704337567,9.27734375e-05,0.5554220038989273,False,True,True,False
pt022,MR2,028_to_027_warp.nii.gz,0.9992218138655913,1.4623302226729367,9.746827657861083,0.0010006102504981815,0.06503458653434023,0.2572958356609,3.2019110364376773,1.0443250436363278,0.6740585729737515,-1.209693436088095,0.0001165771484375,0.5713071356405578,False,True,True,False
pt022,MR2,029_to_028_warp.nii.gz,0.9943379214791253,1.4472426511792482,10.007624368397433,0.001070238090561477,0.06382449364731141,0.2660318588721696,3.183783147535483,1.0443665396992967,0.6629843782778985,-0.3678203150505868,0.000146484375,0.5614631627118607,False,True,True,False
pt022,MR2,030_to_029_warp.nii.gz,1.035876067407052,1.4457785511614625,9.538110994619615,0.001159606200916675,0.0669607739295522,0.31785023711957533,3.2117492301682464,1.044451819286192,0.6761948819269321,-2.9726295456255865,0.00016845703125,0.5905917333057007,False,True,True,False
pt022,MR2,031_to_030_warp.nii.gz,1.0400872887778352,1.423209503788728,8.74827269610893,0.0007897819581840045,0.06904848384941217,0.35933612354296807,3.1853832979476215,1.0423271570824244,0.6698716983439895,-2.952549793455306,9.765625e-05,0.5773848165376186,False,True,True,False
pt022,MR2,032_to_031_warp.nii.gz,0.9690549496021086,1.4015114414025678,12.112292341894303,0.0012746827365843127,0.07589820687101147,0.2886070418900821,3.1202776407456243,1.0420044165937465,0.6448041850150591,-0.3814185915603635,5.9814453125e-05,0.5253373407532332,False,True,True,False
pt022,MR2,033_to_032_warp.nii.gz,0.969050641748461,1.4406236479214654,8.83628786708203,0.0004953956579981402,0.07493256781642779,0.2714333262141695,3.170464018130898,1.0451387690428842,0.6556039454744745,-0.6389115771728356,4.57763671875e-05,0.5213123083083848,False,True,True,False
pt022,MR2,034_to_033_warp.nii.gz,0.9148109878924612,1.3936172471235484,8.559258470995253,0.0009659207800673012,0.06860007318159857,0.24449460607846396,3.0771544639028616,1.0432065397981776,0.6278541772136053,-0.8552340569216316,1.3427734375e-05,0.4714871233313323,False,True,True,False
pt022,MR2,035_to_034_warp.nii.gz,0.939142872136281,1.4239123763596928,7.698575337187601,0.0014657962690189706,0.0646536420299598,0.24640241257920922,3.1126834401894685,1.0444465692463156,0.6438395073368529,-0.10899883042618644,3.0517578125e-06,0.49796188926162144,False,True,True,False
pt022,MR2,036_to_035_warp.nii.gz,0.9679333008046097,1.4259803704569955,8.778528752470068,0.0008630295554651707,0.06560532579583714,0.28105287937249024,3.1365579074901495,1.0445070033162187,0.6515906363932739,-0.3080854330834438,3.662109375e-05,0.5211984801984693,False,True,True,False
pt022,MR2,037_to_036_warp.nii.gz,0.9938569496797998,1.4183655627039566,9.842123507556343,0.0005725102810826108,0.06905435348112432,0.3155388210679548,3.1302711221695,1.0429511863289258,0.6557620665643958,-1.9446486622644992,7.38525390625e-05,0.5411899254097188,False,True,True,False
pt022,MR2,038_to_037_warp.nii.gz,0.9465092339628733,1.4201272740226334,7.899824171913997,0.0006539485189462714,0.06361237090211315,0.24527512411116908,3.11062270502488,1.043644255143316,0.644124633828728,-0.42450060263155404,3.662109375e-05,0.5076005474395846,False,True,True,False
pt022,MR2,039_to_038_warp.nii.gz,1.012395321490759,1.404081068720887,10.40073322715304,0.0008930913108933571,0.07341520970954284,0.34836395402470316,3.1437215831784346,1.0417448912419824,0.6493577616109552,-0.19358477011894382,3.72314453125e-05,0.5332577105841899,False,True,True,False
pt022,MR2,040_to_039_warp.nii.gz,0.979392612151767,1.430165168603957,7.502845699465902,0.001314753352478932,0.06762999762055567,0.278636826547366,3.147474792664302,1.0442739373166976,0.6584627968671305,-0.44266757746268603,4.45556640625e-05,0.5381559286367623,False,True,True,False
pt022,MR2,041_to_040_warp.nii.gz,0.9830861021189883,1.4259391624533335,8.952563812263381,0.0004047241969261205,0.06936669644204739,0.2812226323285436,3.1437766009338617,1.0436908681130561,0.6587527141178416,-1.0987604979246932,5.43212890625e-05,0.5452477673215091,False,True,True,False
pt022,MR2,042_to_041_warp.nii.gz,0.98839393992845,1.4087529422401424,8.120096865927252,0.0002508480052331135,0.07175852912935708,0.31076645776182965,3.1281171135133032,1.0436355068389522,0.6528725742595035,-0.3815093972466983,1.5869140625e-05,0.5330344238572262,False,True,True,False
pt022,MR2,043_to_042_warp.nii.gz,1.0483299835055129,1.4359198062739245,9.5995387745378,0.001203010091942139,0.07801156997852163,0.3610652180428674,3.207480512787407,1.0454027553634393,0.6768262995092206,-0.4456059947853724,6.16455078125e-05,0.5781360295642111,False,True,True,False
pt022,MR2,044_to_043_warp.nii.gz,1.0406650258042656,1.4134559011075796,9.65904485561542,0.0003262063412511117,0.07260071871569236,0.3502897588157392,3.1810488988438648,1.0433248949851877,0.6710367552553509,-1.9182241529801742,8.60595703125e-05,0.5803543552719685,False,True,True,False
pt022,MR2,045_to_044_warp.nii.gz,0.9915589399195217,1.4349896133212168,9.570482238299391,0.0012716392071260778,0.06567500378618286,0.2794637860006031,3.1617336457702967,1.0435704226490015,0.6612355662877925,-0.7377924792346463,0.000103759765625,0.5592131545268474,False,True,True,False
pt022,MR2,046_to_045_warp.nii.gz,0.9966419814780556,1.4323595785343182,12.085857247135952,0.0012763492629461386,0.06712091216865537,0.2993378993523329,3.154802105911252,1.0430426213747332,0.6594232750812332,-1.021152752086171,0.00010498046875,0.5534995481996945,False,True,True,False
pt022,MR2,047_to_046_warp.nii.gz,1.0046002148356248,1.4238056564086718,7.468246272376474,0.0010052571951935827,0.0691745448297804,0.3203163420890065,3.150313462387593,1.0429518489403988,0.6615802544515353,-0.4627738872053353,4.57763671875e-05,0.542295819402399,False,True,True,False
pt022,MR2,048_to_047_warp.nii.gz,0.948586528902306,1.4216483687124597,9.852348230184777,0.0011282825723857733,0.06372318353607832,0.24127748054854783,3.1105983082636968,1.043670273553539,0.6478228412046632,-0.9207381828444581,9.8876953125e-05,0.5207807156775235,False,True,True,False
pt022,MR2,049_to_048_warp.nii.gz,0.9747284569364161,1.4306329064410266,10.555981161221998,0.0007815056073171265,0.06465949631688117,0.2567012848440594,3.148200616048888,1.0435170497743953,0.6556081423172151,-0.34434513652855125,5.126953125e-05,0.5395278280344611,False,True,True,False
pt022,MR2,050_to_049_warp.nii.gz,0.9858386233502583,1.4265177529113044,10.692103836466677,0.0004579704054549215,0.06773422101679842,0.26463782948478975,3.154765840272449,1.042969997445577,0.6645539462858466,-0.7606770416004014,7.2021484375e-05,0.5458926229631852,False,True,True,False
pt022,MR2,051_to_050_warp.nii.gz,0.9811305534811962,1.450337440421076,12.876651867118364,0.0009966858118589507,0.06602108049358585,0.25792757610316125,3.166597771691874,1.0447622954620106,0.6610628638908608,-2.2310231154065794,9.46044921875e-05,0.5476068663618827,False,True,True,False
pt022,MR2,052_to_051_warp.nii.gz,1.0285271598356507,1.4315184887890267,10.630756137891918,0.000976722467353204,0.0683767007978752,0.3328814037712228,3.1911358721362992,1.0446147950672653,0.6704164388825335,-0.9241443727350966,8.30078125e-05,0.577240226095341,False,True,True,False
pt022,MR2,053_to_052_warp.nii.gz,0.9370906965827968,1.4199540378278406,9.280684821104119,0.0010774125706981036,0.06201315255902819,0.23859550100187676,3.1098108048508477,1.0441245593764146,0.6445642512189791,-0.5877255032887113,0.0001287841796875,0.5093958620443859,False,True,True,False
pt022,MR2,054_to_053_warp.nii.gz,0.9301168555728156,1.4244806102356695,7.470852698847039,0.0012918389187083308,0.061059047027054586,0.22561091109973352,3.117079621214196,1.04391254856511,0.6409424163446289,-1.7314608286765434,5.4931640625e-05,0.5032988028837116,False,True,True,False
pt022,MR2,055_to_054_warp.nii.gz,0.9662342234612571,1.403735518736711,7.972552101036219,0.0005215485786897751,0.06657900607548511,0.29360012330095764,3.112968790692678,1.0417246462605934,0.6421462964186015,-0.6823099094160328,5.79833984375e-05,0.5087620570324435,False,True,True,False
pt022,MR2,056_to_055_warp.nii.gz,0.9424478366003954,1.4006285380824923,7.8663218160513715,0.0013857583854434603,0.06899625129883791,0.2680006636840814,3.10411744866921,1.043338657934272,0.6371608411892904,-0.34241852712222237,7.50732421875e-05,0.4975642337543897,False,True,True,False
pt022,MR2,057_to_056_warp.nii.gz,0.9623283575026346,1.4374322244551032,7.78416867832679,0.0013947938753043297,0.07439877751429672,0.2686455444092598,3.165063509720825,1.0451388761034588,0.6549282573985602,-0.111739404360492,9.1552734375e-06,0.5157174587603742,False,True,True,False
pt022,MR2,058_to_057_warp.nii.gz,0.9567388972122458,1.424242254126332,11.478016322505383,0.000757720303291101,0.06514582717861922,0.2538189596636522,3.124348440620243,1.043691073328632,0.6486941384459902,-0.5951004711817433,5.06591796875e-05,0.5274833862779483,False,True,True,False
pt022,MR2,059_to_058_warp.nii.gz,1.0119316490971233,1.4141407134303816,10.144153714839712,0.0008082201331309659,0.06799216377641956,0.3419934949386829,3.1342768064536037,1.0411378411837786,0.6455586512382646,-0.9111930349564878,3.84521484375e-05,0.5244003008237733,False,True,True,False
pt022,MR2,060_to_059_warp.nii.gz,0.9198535940469844,1.4121294771944888,8.098797950193788,0.0007393727129398446,0.062085802834872555,0.22523317267137902,3.0878708382029196,1.043740672072602,0.6381562848637267,-2.987018950806063,3.41796875e-05,0.49267947489283664,False,True,True,False
pt022,MR2,061_to_060_warp.nii.gz,0.983040430816678,1.4205277551741569,8.739213615444761,0.0003820062231845487,0.06459866543100287,0.2915329544226888,3.1399520020774125,1.0447251286210524,0.6556230357406431,-0.4282022453440636,1.52587890625e-05,0.5265101647370065,False,True,True,False
pt022,MR2,062_to_061_warp.nii.gz,0.9820162110719057,1.4145185930913284,7.340732177988569,0.000673539281654017,0.06895311584984654,0.29554163002670736,3.1432490960181876,1.0438145542905397,0.6544134029187583,-0.4078917909213214,5.18798828125e-05,0.5327757735990815,False,True,True,False
pt022,MR2,063_to_062_warp.nii.gz,1.0052832898389084,1.4194436094624325,9.20260256373665,0.0009001711308015234,0.06634203051686553,0.30438317901109213,3.1467891439605506,1.0414634632393507,0.6552256564669642,-0.386452911168392,4.33349609375e-05,0.5399421052258058,False,True,True,False
pt022,MR2,064_to_063_warp.nii.gz,0.9963886258723816,1.4325489009477026,8.186872231536103,0.0006987964662550451,0.06863761775413672,0.3082120399850912,3.1650106535268514,1.0430174915327528,0.6578963944269189,-0.9910837271060848,4.5166015625e-05,0.533937457136914,False,True,True,False
pt022,MR2,065_to_064_warp.nii.gz,1.0458617532212244,1.4247336160061015,10.031508602820223,0.0010188164715684083,0.07167564812669491,0.34273092321604337,3.2020540328150022,1.0444233183663167,0.6740545481875176,-0.7972832249573901,6.8359375e-05,0.5545432258295484,False,True,True,False
pt022,MR2,066_to_065_warp.nii.gz,1.056517793073111,1.420130219228856,10.71862323275305,0.0005592677870117753,0.07570538058728157,0.36280003900729363,3.196053542966377,1.0402115536768743,0.6648067708638317,-0.961681438696069,0.0001300048828125,0.5856018589227542,False,True,True,False
pt022,MR2,067_to_066_warp.nii.gz,1.0289955758005798,1.4499551352400488,9.399654227381046,0.0013010752761021729,0.0755292268256113,0.313586240034225,3.2162535509111865,1.044150293026962,0.6780971503806501,-0.5401543112577463,8.9111328125e-05,0.5837683998786661,False,True,True,False
pt022,MR2,068_to_067_warp.nii.gz,0.9785081844742588,1.4320902479927753,8.35251184012481,0.0006171632027960963,0.06329283376729766,0.25789367187914347,3.143091297129475,1.0436213055567363,0.6580482320574107,-0.8799740537163039,8.97216796875e-05,0.5424464094090046,False,True,True,False
pt022,MR2,069_to_068_warp.nii.gz,0.9685495563925379,1.4293529373499796,10.206359154356175,0.0004891028492791408,0.0647429396471324,0.25079099499926394,3.1456811245229974,1.0436214730689692,0.6607966235354471,-0.8935648311600771,8.6669921875e-05,0.5462668782970322,False,True,True,False
pt022,MR2,070_to_069_warp.nii.gz,0.9639415456184983,1.4487475083755126,10.621274131757742,0.0009863267175430034,0.06070455483022467,0.22914991622008968,3.1551804736371505,1.0441468206722748,0.6567386472137506,-0.5474176929101351,6.591796875e-05,0.544846962457918,False,True,True,False
pt022,MR2,071_to_070_warp.nii.gz,0.9774019272969415,1.4367011052605212,10.085079801381417,0.0006982435366215792,0.06382548787644791,0.26438438421131416,3.152146453294067,1.0444051300649875,0.6564983494259722,-0.9008550133525637,9.27734375e-05,0.5412657277562422,False,True,True,False
pt022,MR2,072_to_071_warp.nii.gz,0.9711738649832153,1.4331267666397767,10.728634944574782,0.0006911852292876067,0.06234524833634028,0.24925770749778686,3.143769893714136,1.0433137463481341,0.6551589819485809,-0.4660078555545943,8.23974609375e-05,0.543696868118771,False,True,True,False
pt022,MR2,073_to_072_warp.nii.gz,0.9453196428587596,1.4164675585410131,8.54875151370605,0.001026157242242661,0.06272470976419958,0.2350643680637976,3.1153836610938095,1.0436118827339966,0.6486420655842223,-0.5698163053102668,6.40869140625e-05,0.5157595643386412,False,True,True,False
pt022,MR2,074_to_073_warp.nii.gz,1.0353147829081941,1.4226402030931131,8.519781066575499,0.000993757976733837,0.0686946615422272,0.32650597307775464,3.182890190640059,1.0442981009142351,0.6703318911665548,-0.9457043066409048,7.26318359375e-05,0.5498941353961567,False,True,True,False
pt022,MR2,075_to_074_warp.nii.gz,0.9931576355094687,1.4453732027184778,11.571798829824022,0.0004387902415094558,0.06953771822858072,0.2827158994662998,3.1757027839653458,1.044203498557102,0.6655815792026452,-0.28232336364854066,7.26318359375e-05,0.5570131159648948,False,True,True,False
pt022,MR2,076_to_075_warp.nii.gz,1.084562583199626,1.4177761915221372,8.614874711250337,0.00084567759156553,0.07465997332009394,0.40020277634136703,3.197211040186129,1.0398743215458381,0.6692765435372002,-0.8241850588194269,0.0001605224609375,0.569308781147361,False,True,True,False
pt022,MR2,077_to_076_warp.nii.gz,1.0102879447299307,1.44404767591275,9.497477138212586,0.0009352003843729103,0.06657445791418938,0.2922153945511876,3.2057581166108,1.0443205394161972,0.6733074475900472,-1.562930240376942,0.0001617431640625,0.5785766084746586,False,True,True,False
pt022,MR2,078_to_077_warp.nii.gz,0.9871735331005231,1.435659370361827,11.728823976589151,0.0011791937219748259,0.06746996459563055,0.26873748488330823,3.1604532211297798,1.0432942357822292,0.6676594369122241,-1.0936326797507776,0.000135498046875,0.5664864609646428,False,True,True,False
pt022,MR2,079_to_078_warp.nii.gz,0.9925444543538131,1.4393696174285786,11.22385622417036,0.0015788179970308402,0.06731748791823311,0.2799536723597885,3.1748503210204566,1.0442433944472809,0.6681499590867105,-0.7274555025702408,0.0001348876953125,0.5533426383567344,False,True,True,False
pt022,MR2,080_to_079_warp.nii.gz,0.9655026911849448,1.428111897989268,9.977929301359863,0.0011912508081461926,0.06356097600304111,0.25719864709150575,3.1314836613008956,1.0439158834772448,0.6564586819424716,-2.732467330320513,0.0001177978515625,0.5321429614535791,False,True,True,False
pt022,MR2,081_to_080_warp.nii.gz,0.9859248310321206,1.422366051877265,9.730457736656701,0.0005849840617468757,0.06849504848073047,0.27748407936271674,3.1613787496304098,1.0431517255980305,0.6551875592025371,-1.5457541359408487,0.0001495361328125,0.5451847967204329,False,True,True,False
pt022,MR2,082_to_081_warp.nii.gz,0.975529030295527,1.4369649664420003,7.781342435897255,0.0007015669456693996,0.06772354601899183,0.2698609871201145,3.1569254410331173,1.0441369291424414,0.6553268492260482,-1.6470868117611785,0.0001007080078125,0.5304285382462333,False,True,True,False
pt022,MR2,083_to_082_warp.nii.gz,0.9701020072120613,1.420818479339461,9.029708206289198,0.00045760985030999395,0.06681868612886578,0.2598770777667032,3.145514358829163,1.043386965658559,0.6568170980839273,-0.689884488990561,0.000157470703125,0.5345046605627705,False,True,True,False
pt022,MR2,084_to_083_warp.nii.gz,0.9923264947461183,1.4652197196689454,16.722982230743995,0.0010795857298082287,0.06486461130597754,0.2706967600752941,3.1845584932064295,1.044781998926869,0.664409034051917,-0.6390706202447742,0.00016845703125,0.5588271795842155,False,True,True,False
pt022,MR2,085_to_084_warp.nii.gz,0.986980608185947,1.4169308583891551,8.414670509709417,0.0007759204128961036,0.06763016453022783,0.28955511247624166,3.152808741274584,1.0434113844598867,0.652635442785517,-1.2048503694293073,7.4462890625e-05,0.5430881170355311,False,True,True,False
pt022,MR2,086_to_085_warp.nii.gz,0.9856440372471067,1.4264261111559502,10.995356944030053,0.0006787308518144662,0.06632228769563212,0.30104573183437894,3.1316481882534144,1.0425054749354,0.6560079154828256,-0.44212790755268083,8.056640625e-05,0.5349525864236583,False,True,True,False
pt022,MR2,087_to_086_warp.nii.gz,0.9336204248802881,1.403630783436485,8.061880834483055,0.00017520144827589415,0.06722716333135206,0.24483549940242896,3.0919634914020695,1.0426014565778892,0.6384028014552289,-1.037347154950585,9.70458984375e-05,0.5003299841563092,False,True,True,False
pt022,MR2,088_to_087_warp.nii.gz,0.964697933658257,1.4439103428501128,9.255308388229018,0.0009298231198058935,0.07111692242380474,0.2607638389004038,3.17279070992145,1.0453688363313964,0.651520507045631,-0.7303143127444773,1.46484375e-05,0.5168422426165941,False,True,True,False
pt022,MR2,089_to_088_warp.nii.gz,0.9696433753016845,1.4321273254054663,9.90698873414613,0.0009097395492688897,0.06262747817873324,0.2575751009563043,3.1434260789408994,1.0434040200377679,0.6528952066472863,-1.0511743002818605,0.000137939453125,0.5366783713678985,False,True,True,False
pt022,MR2,090_to_089_warp.nii.gz,1.034202004183179,1.422571691838236,9.177383468380093,0.0007969694747244502,0.06996101209941043,0.35416742791895117,3.179931782468066,1.0446423206162772,0.6626666301652655,-1.4517960873995084,0.0001025390625,0.5462697889320229,False,True,True,False
pt022,MR2,091_to_090_warp.nii.gz,1.0684986788265434,1.4051764050733306,9.928392409238949,0.001570498439900623,0.07248444098487547,0.374576958421787,3.1515539465792806,1.0382820904191812,0.6551571841404311,-1.0277177944311495,6.591796875e-05,0.5432008864958618,False,True,True,False
pt022,MR2,092_to_091_warp.nii.gz,0.9469560795810951,1.4196183048768327,8.151412577126226,0.0004933882002068672,0.06369446807752628,0.25540561336177436,3.111586362659818,1.0433673853062835,0.6413989841607975,-0.44503512630800307,2.5634765625e-05,0.5062866766409957,False,True,True,False
pt022,MR2,093_to_092_warp.nii.gz,0.9816392119395536,1.4075658266956228,9.325029552363759,0.001314683904070753,0.06893075058381824,0.30595937262673123,3.140684936093564,1.0438414200422472,0.6517925764085544,-0.3016253927176326,3.173828125e-05,0.5313197923557889,False,True,True,False
pt022,MR2,094_to_093_warp.nii.gz,1.0290511315508148,1.4250515166756326,7.946554498771772,0.0008599948345952227,0.06780732313903877,0.32991643061011894,3.1614714155894754,1.0448593562885482,0.6644549417763866,-0.6817253941530393,2.13623046875e-05,0.5387644511530041,False,True,True,False
pt022,MR2,095_to_094_warp.nii.gz,0.9634637076785139,1.4320068188540047,10.339413834937266,0.0007575953381739425,0.06539555220044782,0.2607542601469092,3.1429642496519645,1.042954931492837,0.6535895181533516,-0.6464144384620135,6.40869140625e-05,0.5354761395565106,False,True,True,False
pt022,MR2,096_to_095_warp.nii.gz,0.9946735747308854,1.4250390045285966,8.129212017238512,0.0009322514865672544,0.06775245220302269,0.31008065778784205,3.1475147777158137,1.0425995952396467,0.6602169130270719,-0.34509910532061555,4.94384765625e-05,0.5369468937469769,False,True,True,False
pt022,MR2,097_to_096_warp.nii.gz,1.014717096975607,1.4198984675301742,9.795352868291172,0.0011898439230134906,0.06770875558156864,0.32754505755701274,3.150095674190925,1.041242043700458,0.6619809715670236,-1.17899476162106,9.33837890625e-05,0.5493969330193544,False,True,True,False
pt022,MR2,098_to_097_warp.nii.gz,0.9527163987678807,1.4260826733288205,8.934924801125065,0.0006814268219434687,0.06346700510020725,0.24862454857756497,3.130436259902346,1.043331269933823,0.6487355783841512,-1.6132816486877901,9.1552734375e-05,0.5260932895154007,False,True,True,False
pt022,MR2,099_to_098_warp.nii.gz,0.9370778003860883,1.4245439154243682,10.115920889207207,0.0010210712981304707,0.06159605459019142,0.2267575914535125,3.108324479206932,1.0435907321564313,0.6409378759017921,-0.46625553515663726,3.662109375e-05,0.5070968359329684,False,True,True,False
pt022,MR2,100_to_099_warp.nii.gz,0.9390292887180859,1.429423546908257,8.672670204736791,0.00050201957771956,0.061857728869232916,0.2283299956395958,3.116995002094769,1.043771108260481,0.6461184112886832,-0.8103687709102421,4.638671875e-05,0.5161425340009272,False,True,True,False
pt022,MR2,101_to_100_warp.nii.gz,0.9609675411400275,1.4291537854456402,10.472562657881193,0.001179844987410415,0.06424154072590164,0.2512197072134713,3.1387397226274545,1.0438707114722856,0.6556672525155175,-0.33115433851941345,7.080078125e-05,0.5298386025909361,False,True,True,False
pt022,MR2,102_to_101_warp.nii.gz,1.0336777546975227,1.4316619615201172,8.326882337282058,0.0010365738774527754,0.06911891185536469,0.3518705422273565,3.1917669413873804,1.0449679820328437,0.6647494814659594,-1.5228014525336666,7.38525390625e-05,0.5565622007589074,False,True,True,False
pt022,MR2,103_to_102_warp.nii.gz,1.0051136912657725,1.405627260216406,8.523185346678451,0.0002711497086811086,0.06820119406043544,0.33353180353908424,3.1291900763516285,1.0412958139956034,0.6502508311660408,-0.4633421173034456,3.7841796875e-05,0.5297887461764929,False,True,True,False
pt022,MR2,104_to_103_warp.nii.gz,0.9303158889816915,1.41592284139128,9.12061702032197,0.001058635056329051,0.06550238185788228,0.23546403208815525,3.1047220548005807,1.0434251513900237,0.6510215983120345,-0.40256433550773285,3.90625e-05,0.5004231295376819,False,True,True,False
pt022,MR2,105_to_104_warp.nii.gz,0.952568237209016,1.4390400839533954,8.633949411531718,0.0009167849705969902,0.06754911776537281,0.25095093855394573,3.151361578557606,1.044297599451361,0.6502611325617881,-0.8965629140427319,5.0048828125e-05,0.5141672767166189,False,True,True,False
pt022,MR2,106_to_105_warp.nii.gz,0.9545938235624206,1.411135846851509,9.190552991574453,0.000960378606451288,0.06670263625395265,0.27361033837852167,3.1174332711838226,1.0428962292668515,0.6394430481821134,-0.2837642931142557,3.7841796875e-05,0.5098272285328878,False,True,True,False
pt022,MR2,107_to_106_warp.nii.gz,0.9376440564868213,1.4130800193158768,9.741614697157017,0.0009031913812946388,0.06749709474591861,0.2482750985881324,3.1071228917365996,1.0433794233345075,0.6452580748860886,-1.2676302977865717,8.11767578125e-05,0.5109742513806901,False,True,True,False
pt022,MR2,108_to_107_warp.nii.gz,0.9796289449695709,1.4498281435165774,10.023037113313856,0.0006585414562721256,0.06730203130095948,0.2597396526687201,3.177713183992411,1.0449326213209449,0.6670244510436807,-1.047420603458476,0.0001171875,0.547863769949831,False,True,True,False
pt022,MR2,109_to_108_warp.nii.gz,1.0162533726890641,1.4429455494155354,9.446647424229182,0.0005927709358343419,0.06600505274670072,0.3047415848160876,3.1961650751115274,1.0446627204648218,0.6719425579771907,-1.8334513174278295,0.000111083984375,0.571720613784834,False,True,True,False
pt022,MR2,110_to_109_warp.nii.gz,0.981069835812259,1.4268715196348025,12.148074175040088,0.000890276241412253,0.06442598781266337,0.2798881550440455,3.1412851426529995,1.0439605589903156,0.6580084045452573,-2.699817700904664,0.0001629638671875,0.5547612226184914,False,True,True,False
pt022,MR2,111_to_110_warp.nii.gz,0.9871237478206456,1.423300063776557,8.588125327394836,0.0007837852618133086,0.06590996434019944,0.2802003515063244,3.1532667254632236,1.0435985857182377,0.661026971076864,-0.38594473745586083,7.01904296875e-05,0.5443048575626398,False,True,True,False
pt022,MR2,112_to_111_warp.nii.gz,1.004984344860912,1.4382457760420597,12.27071023272918,0.0009554872123322231,0.06764698789945837,0.30204401747647996,3.175796269444604,1.0429591843615262,0.6754315495319471,-6.889596904873221,0.0002471923828125,0.5702937342658795,False,True,True,False
pt022,MR2,113_to_112_warp.nii.gz,0.9647901647981146,1.4436214539235959,9.05369302536745,0.0009563234374970825,0.061878697292170784,0.2371260252713122,3.160036749148607,1.043840776006804,0.6618501782154983,-0.8677801833841753,0.0001446533203125,0.5406434459519273,False,True,True,False
pt022,MR2,114_to_113_warp.nii.gz,1.0096997636252505,1.41227016632651,12.096625208597787,0.0006957010893646126,0.07008153693785955,0.3284684404994024,3.164844454475476,1.0440033629219299,0.6555439890252833,-4.267014162118749,9.3994140625e-05,0.5441442130967507,False,True,True,False
pt022,MR2,115_to_114_warp.nii.gz,0.997397939116061,1.4195130578383894,11.396588399935307,0.000818490572045921,0.06715504155454546,0.3241495569519812,3.127688119833603,1.0417197411846455,0.6492745692087676,-3.2729108808320544,0.0001043701171875,0.5211487105626883,False,True,True,False
pt022,MR2,116_to_115_warp.nii.gz,1.0102311792730847,1.4063969792698474,10.006944039310396,0.0018029291921253627,0.07184477248664514,0.3410127753537013,3.132851699600446,1.0402055305341806,0.6519413659422748,-0.3476022164015599,5.18798828125e-05,0.5291696452415805,False,True,True,False
pt022,MR2,117_to_116_warp.nii.gz,1.070903254985744,1.4467455789437949,11.399595597349792,0.0015251821115736647,0.0721915009582288,0.3652916367577145,3.2265412724444666,1.0451255762449934,0.6789013608629021,-0.5583783900191143,0.0001531982421875,0.5822293808156789,False,True,True,False
pt022,MR2,118_to_117_warp.nii.gz,0.9698391315980811,1.418340375022922,9.990369859023337,0.0015040761698505126,0.06786000953075041,0.26721047247195523,3.135609378815087,1.0432563795800716,0.6568801265011203,-0.8244528919768592,4.69970703125e-05,0.5362894215249686,False,True,True,False
pt022,MR2,119_to_118_warp.nii.gz,1.0551191820169175,1.4517779544465517,13.741939877778613,0.0006069015968291458,0.07195602918299003,0.3485592316095155,3.220500529734139,1.0422417020819021,0.679610178971191,-1.3154380980379998,0.0001580810546875,0.6003225370940506,False,True,True,False
pt022,MR2,120_to_119_warp.nii.gz,1.043416192441316,1.4411197801191808,9.38361968278936,0.0009447296603469947,0.07053939054286894,0.3505825863466897,3.1971699009161267,1.0419587789566684,0.6807401183878526,-2.15663058645247,0.000172119140625,0.5802864845124357,False,True,True,False
pt022,MR2,121_to_120_warp.nii.gz,0.9657579056666146,1.4243307738074789,8.272090005905023,0.0012514307949828033,0.06548876826981186,0.2697932174920943,3.136531042318406,1.043954344819806,0.6516178589679925,-0.6185213192946075,2.01416015625e-05,0.5325522517376899,False,True,True,False
pt022,MR2,122_to_121_warp.nii.gz,1.019975520111687,1.3981159977217794,9.66293744836955,0.0010227601676145773,0.07395743618526368,0.3354736592043173,3.148401137754838,1.0434241395961958,0.6531213611806981,-0.8004042165976433,7.568359375e-05,0.5306907449218415,False,True,True,False
pt022,MR2,123_to_122_warp.nii.gz,0.9879964934842975,1.450476774376121,10.275517478721476,0.0004834229082797242,0.06597930047994105,0.2701953601754037,3.1711668521277234,1.0435755490082903,0.6644263076737248,-1.5449047873151247,9.33837890625e-05,0.5591159765166391,False,True,True,False
pt022,MR2,124_to_123_warp.nii.gz,0.9848358312839136,1.440273163151325,10.0004230455273,0.0007593741381173297,0.06703647388405924,0.2832146855802339,3.155657035597758,1.043408234355022,0.6625629443551941,-0.6730073471186026,6.04248046875e-05,0.5470996674089473,False,True,True,False
pt022,MR2,125_to_124_warp.nii.gz,0.9824087047598193,1.423487845314211,10.031830446224236,0.0008159649752158998,0.06705314559463664,0.28739324183305687,3.136210172634493,1.042663410292028,0.653215586261798,-0.662973843069738,4.638671875e-05,0.5412195833836294,False,True,True,False
pt022,MR2,126_to_125_warp.nii.gz,0.9989238483639997,1.4478467592935875,10.482271952755903,0.000467682268399136,0.06502891615140531,0.28270197868086167,3.175722798378576,1.043642199698205,0.6689370141997941,-0.9668148936825454,7.38525390625e-05,0.5610120695828328,False,True,True,False
pt022,MR2,127_to_126_warp.nii.gz,0.9749577629777388,1.4367386175816135,9.15363254661711,0.0010252131026923504,0.0637200391773336,0.24752058407197985,3.1530343179028684,1.0436772092989544,0.6602489004656308,-0.5543945020853148,6.34765625e-05,0.5464065342810706,False,True,True,False
pt022,MR2,128_to_127_warp.nii.gz,0.9836377944605317,1.4498620672031812,15.173116290274917,0.0002622535366374382,0.06882343348801379,0.253405019195592,3.1634184131605956,1.0431268380163958,0.6596415785216047,-1.8984071471189172,0.0002410888671875,0.5591609246133341,False,True,True,False
pt022,MR2,129_to_128_warp.nii.gz,0.9784933499877567,1.4333476122177804,8.118418854508466,0.000984853791193667,0.06600207418532686,0.25288491220588116,3.14934457194594,1.0432966009948113,0.6574868754039536,-0.5684448678112877,0.00010498046875,0.5463303766755334,False,True,True,False
pt022,MR2,130_to_129_warp.nii.gz,1.0009386215404839,1.4519531442345524,9.216939931465273,0.000785420481365074,0.06884116830155713,0.28703478139292515,3.1877630936783317,1.0447543870857063,0.6707465639049147,-1.4879697381007655,0.00010986328125,0.5604497413887666,False,True,True,False
pt022,MR2,131_to_130_warp.nii.gz,1.0089203588593072,1.4554279517295132,11.404476894632285,0.000800201462562809,0.06900863105569775,0.2798427895246639,3.2126099247659696,1.0442384635714348,0.6800905821507731,-1.2342097164541272,0.0001434326171875,0.5751674195158709,False,True,True,False
pt022,MR2,132_to_131_warp.nii.gz,1.0286686059643833,1.457707714072323,10.907481793691183,0.001311390581692129,0.06673044695946993,0.31043265717062923,3.221223469626947,1.0430411503508004,0.6761498597657511,-0.7707211729209965,0.000167236328125,0.5910763275694666,False,True,True,False
pt022,MR2,133_to_132_warp.nii.gz,1.0485041352780176,1.4629170219836216,12.64696196486101,0.0009827638752926623,0.06925490793382466,0.3066205774619871,3.2824784949072257,1.0439448183699906,0.6954073793714115,-1.2871142185135904,0.000224609375,0.6074428724432381,False,True,True,False
pt022,MR2,134_to_133_warp.nii.gz,1.0215452877797908,1.4743707593892563,12.737184625262149,0.0004253566355731474,0.06616207897880853,0.27513481348316715,3.240602063354026,1.044486421049689,0.6778897075844109,-1.6080362775184125,0.00024658203125,0.5973511971322416,False,True,True,False
pt022,MR2,135_to_134_warp.nii.gz,1.0227102751463697,1.4446418440572775,11.369814227018274,0.001027346885364394,0.06750526735849356,0.2981010678638728,3.193524402128755,1.0432242350415046,0.6685131915239604,-0.664865275035971,0.0001556396484375,0.5816105145640986,False,True,True,False
pt022,MR2,136_to_135_warp.nii.gz,1.0095400637694667,1.4253829311723187,10.7374715777018,0.0008186938961248513,0.07326286912441905,0.28276659745777916,3.1853560588705285,1.0427814822429218,0.6635029011689817,-1.0008461736990972,0.0002020263671875,0.5787552238488237,False,True,True,False
pt022,MR2,137_to_136_warp.nii.gz,1.3679512284330506,1.4923952364121302,10.02488815474068,0.0014812900813175578,0.10134067679062758,0.6768240366851922,3.7333181919848304,1.0441489954769358,0.751181673369749,-1.1633175026713372,0.0002569580078125,0.7465659495163203,False,True,True,False
pt022,MR2,138_to_137_warp.nii.gz,1.3230602822025523,1.4715341779203275,11.46455763809353,0.001301477605257741,0.09617815179888317,0.6388735235288404,3.52470646927955,1.0341168366018865,0.7151416394407678,-1.4940291213148515,0.00033935546875,0.7180835376409792,False,True,True,False
pt022,MR2,139_to_138_warp.nii.gz,1.0436481087010447,1.4462242323084151,9.588483658568233,0.00029198753375277663,0.070476035479138,0.3323633675415994,3.198791107184216,1.0434926009677228,0.6745517907860688,-1.624495577917501,9.1552734375e-05,0.5783025906784363,False,True,True,False
pt022,MR2,140_to_139_warp.nii.gz,1.025200621456734,1.4381315129964851,10.691636132929876,0.0010097561680161872,0.07028118116415019,0.3011813254353207,3.194407377612696,1.043282098982067,0.66617408210793,-1.4170938628023475,0.000169677734375,0.578231416786993,False,True,True,False
pt022,MR2,141_to_140_warp.nii.gz,0.9960531092753029,1.4305567665873253,8.172662856043662,0.000982753205433333,0.06644777700935106,0.28117290172879006,3.1475222544495383,1.0435266799719356,0.6570225588650217,-0.6747355162313489,6.591796875e-05,0.5462415867746714,False,True,True,False
pt022,MR2,142_to_141_warp.nii.gz,0.9836590857298863,1.4210708787607431,8.045142879687933,0.0008049796036493932,0.06757188982515004,0.2685730370419461,3.1264636585675696,1.0435348137326201,0.655004910774388,-0.6595886523338099,4.0283203125e-05,0.538130585689824,False,True,True,False
pt022,MR2,143_to_142_warp.nii.gz,0.9978234732349144,1.4430876962706398,8.925885652769086,0.0005466103973979403,0.06597015044942349,0.25837120118394835,3.177742761757994,1.043834065687139,0.6650104583769458,-1.2017814588788132,7.2021484375e-05,0.5660113259785335,False,True,True,False
pt022,MR2,144_to_143_warp.nii.gz,1.0129583059494265,1.430393775454655,10.491682511551453,0.0007243074807909598,0.06980218174908284,0.314079858470943,3.169974850923953,1.0444186209198065,0.6616949537195572,-0.9802374896819496,6.16455078125e-05,0.5583409443385622,False,True,True,False
pt022,MR2,145_to_144_warp.nii.gz,0.9800328404007278,1.431878092282668,11.13554799426558,0.0011861941118336084,0.06799312599440938,0.27040761867119706,3.1395455594078574,1.0432147830453755,0.6518027113567273,-0.7226719133361519,3.60107421875e-05,0.537920795114212,False,True,True,False
pt022,MR2,146_to_145_warp.nii.gz,0.9903103773696448,1.445304668051505,10.572764733406018,0.0009078570683619214,0.06643230128192035,0.26318782927891315,3.159109660490503,1.0442930837149411,0.66290369628938,-5.784687491674329,0.000107421875,0.5563396437857387,False,True,True,False
pt022,MR2,147_to_146_warp.nii.gz,0.9866461003822156,1.4208546978275547,9.409629966133414,0.0009985964111841994,0.06969819637530679,0.2959113353698772,3.1358309570094542,1.0441546534453203,0.656607819193084,-1.4629380603906148,0.0001031494140625,0.5388659812344516,False,True,True,False
pt022,MR2,148_to_147_warp.nii.gz,1.004088337704746,1.4017838578259365,9.145360920404013,0.001300753003574422,0.07507694904402525,0.32360285963419433,3.136951461839822,1.0419107452013798,0.6515289912998103,-0.40501623519138485,4.45556640625e-05,0.5409667667772697,False,True,True,False
pt022,MR2,149_to_148_warp.nii.gz,0.9941176280157857,1.404408939430211,8.353261014775354,0.0005390049149606697,0.07611112700013643,0.307263481197055,3.1236849331891783,1.042514242759517,0.6526752287189622,-1.0268985523871128,8.97216796875e-05,0.5374099135189592,False,True,True,False
pt022,MR2,150_to_149_warp.nii.gz,1.1631752497527217,1.447035180650071,10.812199600686332,0.0017712132551296084,0.09023799812416906,0.47246669507287786,3.2905467892605382,1.045778810287448,0.7053855780101356,-4.324426713498893,0.000106201171875,0.6231419428919872,False,True,True,False
pt022,MR2,151_to_150_warp.nii.gz,1.059741776948746,1.4301626959871174,8.807741981546041,0.0003555327264241906,0.07229516415236002,0.3774402690214569,3.207216952494692,1.041878650302163,0.6772378389097383,-0.45792606363413224,6.16455078125e-05,0.5979017081026928,False,True,True,False
pt022,MR2,152_to_151_warp.nii.gz,1.0928464077230735,1.4212327077682936,14.09053073743426,0.0008382026317257673,0.07960154338376763,0.4265688172716401,3.208022996697539,1.041318320170055,0.6797601013448825,-1.7097413906157857,0.00015869140625,0.6137528515111669,False,True,True,False
pt022,MR2,153_to_152_warp.nii.gz,1.0657914985838455,1.4307173489629832,7.817223854053967,0.0006286389894074271,0.07280986022948892,0.37821952655469554,3.2010269841712846,1.0445769300780428,0.6784591258789902,-0.5887031119412146,5.67626953125e-05,0.5955437748449499,False,True,True,False
pt022,MR2,154_to_153_warp.nii.gz,1.0512222156180608,1.4248206499465563,10.536162596811318,0.0005176084702658948,0.07304335374541258,0.37646667220243235,3.1871040328093034,1.0436898128698946,0.6749766440147724,-0.7956897141353667,7.75146484375e-05,0.5963792177857221,False,True,True,False
pt022,MR2,155_to_154_warp.nii.gz,1.0748911768590808,1.4153706846753031,10.303967471857518,0.0010979184276980497,0.07313102167107868,0.3995443658964253,3.1721637490919923,1.041004203405298,0.6727904247277109,-0.6049317586974012,7.2021484375e-05,0.5852699160890564,False,True,True,False
pt022,MR2,156_to_155_warp.nii.gz,1.0634288575594288,1.4412703236321727,13.914401745111695,0.0014471741344838389,0.075726750632618,0.36652928625376213,3.198388768893765,1.0422410400908866,0.6744653895747602,-2.657863482207295,0.0001605224609375,0.6045539091952753,False,True,True,False
pt022,MR2,157_to_156_warp.nii.gz,1.0314610884964168,1.415384588312817,10.388090766822462,0.0005887433949169461,0.07403307518860708,0.3434996241827174,3.1604252569200737,1.0437378410986522,0.6691824583467659,-1.5448404801500133,5.7373046875e-05,0.5750260520377979,False,True,True,False
pt022,MR2,158_to_157_warp.nii.gz,1.0707174810493285,1.4257465367556401,8.494133038916537,0.0013133292718309276,0.07657095733021382,0.41294366511197983,3.1842458302546333,1.0419035569062336,0.67945955338344,-5.584840471099163,6.28662109375e-05,0.577890931259524,False,True,True,False
pt022,MR2,159_to_158_warp.nii.gz,1.1009536401942983,1.434037286743469,11.547572109819189,0.0009723096762019769,0.07705332590948491,0.41289973985375056,3.2968387746380823,1.0443533031090944,0.6835471468330804,-0.8820451827654596,0.0001458740234375,0.6166986907912356,False,True,True,False
pt022,MR2,160_to_159_warp.nii.gz,1.1178340575280619,1.4540374682737764,10.054615829760367,0.0013778956194321144,0.08421571365334812,0.4119646059449338,3.2954473060695144,1.043390793076117,0.6975433934477511,-1.9872502821593492,0.0001837158203125,0.6460415447813475,False,True,True,False
pt022,MR3,002_to_001_warp.nii.gz,0.9834056943940815,1.3838648344254894,8.30075430357292,0.0013737188815250321,0.08408171440792049,0.3122804173391892,3.1049921502860047,1.043452047854281,0.6458480619449067,-0.7141180103252663,5.2490234375e-05,0.5272205875273367,False,True,True,False
pt022,MR3,003_to_002_warp.nii.gz,0.93075587292401,1.3834043013475064,8.22057944222389,0.0004901430410098039,0.0696322994203994,0.25670344645797655,3.067259039047612,1.0431875129451673,0.6281643169581886,-1.1615643709783254,1.15966796875e-05,0.4862942322357208,False,True,True,False
pt022,MR3,004_to_003_warp.nii.gz,0.9178531191339716,1.3769795160715084,8.051451634209833,0.0007471869843865972,0.07081521525369384,0.2583401686150364,3.059965335928572,1.0430947815998617,0.623718956692845,-0.5572271018967603,2.13623046875e-05,0.4698240514189327,False,True,True,False
pt022,MR3,005_to_004_warp.nii.gz,0.8918803172543888,1.3783589377713945,6.2787212236118,0.0012983293744688604,0.06801480810204516,0.23273894125140554,3.0512968975573194,1.0431020637287765,0.6149695651804467,-0.25515792225604733,9.765625e-06,0.4536262056515508,False,True,True,False
pt022,MR3,006_to_005_warp.nii.gz,0.9077575770278224,1.381258925379175,8.838874889499275,0.0008313689479979396,0.06775711939629743,0.2437739970508125,3.0603112283538696,1.0433589432661776,0.6230485626819283,-0.42046831715707245,2.62451171875e-05,0.4680603169160045,False,True,True,False
pt022,MR3,007_to_006_warp.nii.gz,0.938679218783765,1.3739894519697848,5.94739208891294,0.0011445598032146231,0.07329959669855024,0.29624849057764113,3.0709954922631577,1.0435466051660487,0.6258420743034309,-0.4261426569527035,3.0517578125e-06,0.476217114570429,False,True,True,False
pt022,MR3,008_to_007_warp.nii.gz,0.9258855949754357,1.37594419827465,11.016372998177985,0.0007618454957802912,0.07237600600385848,0.2719962531100585,3.058978153205813,1.0428407837196012,0.6220490521113813,-0.2904406072841058,1.40380859375e-05,0.4735749346043214,False,True,True,False
pt022,MR3,009_to_008_warp.nii.gz,0.9489089276575882,1.3897835760088721,10.303239532689135,0.0009816400638451848,0.07000412997050226,0.2623755610852788,3.0853827843360024,1.0433926821934412,0.6320535496119836,-0.5236938243866319,1.89208984375e-05,0.4970366069716777,False,True,True,False
pt022,MR3,010_to_009_warp.nii.gz,0.9631897609970435,1.3832426557440645,8.49167316942235,0.0008525037042101648,0.07475023692404736,0.30242997805744626,3.0800144143513166,1.0426624482503377,0.6352642150683794,-0.9075410238397487,4.21142578125e-05,0.5103165466473512,False,True,True,False
pt022,MR3,011_to_010_warp.nii.gz,0.9606188575046286,1.3920970523109457,9.354473629926192,0.001565253573334126,0.07108572032292917,0.2809512358587549,3.09558342266726,1.0433664828972649,0.6400347415329884,-0.7552185008202851,3.72314453125e-05,0.5130305092816981,False,True,True,False
pt022,MR3,012_to_011_warp.nii.gz,0.9608249570253673,1.3932091592010893,8.649461290630185,0.0007552598752790301,0.07181070492136886,0.2861958824953934,3.098093110450168,1.042876616108473,0.6394335592102756,-1.7728703901632008,6.34765625e-05,0.5120833554442143,False,True,True,False
pt022,MR3,013_to_012_warp.nii.gz,0.9405932295166964,1.3941331929093095,8.518051684506077,0.0012548357374756027,0.07072063910169514,0.26252889039583843,3.094797879401833,1.0442443703976978,0.631454427860326,-1.1675357990195137,2.44140625e-05,0.49606461096540827,False,True,True,False
pt022,MR3,014_to_013_warp.nii.gz,0.9203749502929341,1.3825317013139014,7.698718736394181,0.0007480945764165644,0.07030426334480891,0.2501330977748802,3.069206693502778,1.0433581308994768,0.6248796238933993,-0.27888574218724455,2.38037109375e-05,0.47865920919539284,False,True,True,False
pt022,MR3,015_to_014_warp.nii.gz,0.9063938561962971,1.3788432542674374,6.369485006442794,0.0008242647829130914,0.06777667806870685,0.2461162248487223,3.05992799236661,1.0434469560615045,0.6205412598237057,-0.780363380492662,2.38037109375e-05,0.4647446490441301,False,True,True,False
pt022,MR3,016_to_015_warp.nii.gz,0.9083438648792825,1.3729503651483126,6.458040061405702,0.0010886231704867583,0.07122968753016604,0.2601504145324759,3.0521446304964304,1.043372558138856,0.6181785300037452,-0.6062071273654654,9.765625e-06,0.45598648702117006,False,True,True,False
pt022,MR3,017_to_016_warp.nii.gz,0.9554546418602512,1.3781741517948156,9.11020007310902,0.0007899885174536976,0.0763309727813539,0.30821536866388854,3.0822709973024,1.0435017234334714,0.6299416649282221,-0.8692330176110282,7.26318359375e-05,0.48896541697920015,False,True,True,False
pt022,MR3,018_to_017_warp.nii.gz,0.9299609463942743,1.3846711696142457,8.02146894464677,0.0010314895970587707,0.07188205332817489,0.259786827222275,3.070273422345867,1.0434010371637703,0.6270071501543488,-0.717055870397069,1.708984375e-05,0.4795995929314163,False,True,True,False
pt022,MR3,019_to_018_warp.nii.gz,0.9512845184079733,1.3819126212560187,6.164054247157616,0.0008795275487528525,0.07314127688771398,0.2819851503629144,3.07535037773605,1.0430721886890841,0.6340268386775005,-0.5764003257173838,1.46484375e-05,0.49850415637178414,False,True,True,False
pt022,MR3,020_to_019_warp.nii.gz,0.96155616883792,1.3914070089802169,8.130036709633488,0.0007194286018319275,0.07248143455060893,0.2723043408872957,3.0929425410246196,1.0429758717820312,0.6417782184960241,-0.8616676341997113,2.25830078125e-05,0.512809235534382,False,True,True,False
pt022,MR3,021_to_020_warp.nii.gz,0.9915275707519818,1.386234464886879,7.243394228368255,0.0002783647335887037,0.07492773561181951,0.3387470996088472,3.116457589990197,1.0439464843721828,0.6441295984032331,-0.6701801684967938,3.5400390625e-05,0.5237527219224803,False,True,True,False
pt022,MR3,022_to_021_warp.nii.gz,0.9605263955338192,1.3890829550894292,8.150689594470778,0.0008419928053444047,0.07210202453551107,0.2903131427766037,3.0935170770316653,1.0432092716411872,0.6410831732323954,-0.4879463861806146,4.8828125e-05,0.5112465666224858,False,True,True,False
pt022,MR3,023_to_022_warp.nii.gz,0.9313523203622077,1.385507019774432,10.048214244421557,0.0006092963078728283,0.0721055606726943,0.26814407257709727,3.0687523953964613,1.0425511989226413,0.628613269162252,-0.7463512816190052,2.197265625e-05,0.48534986537700014,False,True,True,False
pt022,MR3,024_to_023_warp.nii.gz,0.8858664477339971,1.3848456850122102,7.470026905514458,0.00052164900485514,0.06507801336672822,0.2221212911594979,3.056330371138665,1.0436392470768125,0.6128146151076417,-0.054941514137033784,4.8828125e-06,0.4471174843170624,False,True,True,False
pt022,MR3,025_to_024_warp.nii.gz,0.8858260830293097,1.3794405300085653,6.680158555561455,0.001655994681340631,0.06849216427524656,0.23719862369679154,3.047101008373102,1.042859852511551,0.6152752688939127,-1.6264058646753112,1.77001953125e-05,0.4490503663797969,False,True,True,False
pt022,MR3,026_to_025_warp.nii.gz,0.9259779243195821,1.3889681820635276,8.1903798355726,0.0012150847329465155,0.0678748274261579,0.2578686392458215,3.0706783075873796,1.0432774230762651,0.6255050648806592,-0.2985506253588071,1.77001953125e-05,0.47677314055138426,False,True,True,False
pt022,MR3,027_to_026_warp.nii.gz,0.9544948000654343,1.3943310294850055,7.699316367556917,0.0010490253135631905,0.07704522504613115,0.28557850860704614,3.1098061662300234,1.0443621667870904,0.6330125573212392,-0.36125124600515784,1.52587890625e-05,0.4987927400632248,False,True,True,False
pt022,MR3,028_to_027_warp.nii.gz,0.9305846314501739,1.3775365604769416,7.894065158621511,0.0011548390298328725,0.0737180677882136,0.269942246720853,3.065880574336098,1.0433697245011129,0.6245707054479223,-0.12820304766618312,2.44140625e-06,0.4779738833897115,False,True,True,False
pt022,MR3,029_to_028_warp.nii.gz,0.9266058149124221,1.3800768782559993,6.370664234085587,0.0007157915466294957,0.07281118062072726,0.26316007206550257,3.0659669377176697,1.0431857860653295,0.6233702214153959,-0.010586733341057048,6.103515625e-07,0.4779274530717259,False,True,True,False
pt022,MR3,030_to_029_warp.nii.gz,0.9222865527652856,1.3689688198169856,7.022428507696853,0.0012079161618385379,0.07325200481864735,0.2848635446709279,3.0571331602165603,1.0437243531714164,0.61973662898177,-0.24344006299992854,5.4931640625e-06,0.46447559419992546,False,True,True,False
pt022,MR3,031_to_030_warp.nii.gz,0.8966672291638597,1.368273096254612,5.893201014909997,0.0008526004859185779,0.07137196297363532,0.2650423196300533,3.045219415268132,1.043298145341558,0.6134833551333291,0.0041857825506822184,0.0,0.4438977060032795,True,True,True,True
pt022,MR3,032_to_031_warp.nii.gz,0.9031758518928116,1.3716314139990902,5.937941350663273,0.000898775113576603,0.074853956476153,0.2766473019073603,3.0506466913470924,1.0422253635884307,0.6181617902074249,-0.00788544763243687,1.220703125e-06,0.45278527070057406,False,True,True,False
pt022,MR3,033_to_032_warp.nii.gz,0.8723524566352403,1.3776141642943327,5.862930700749752,0.0013489624321487417,0.06916159947805471,0.24320871761239604,3.04481479118025,1.0434323693021,0.6078321183622222,0.0171577525581919,0.0,0.4298805886851197,True,True,True,True
pt022,MR3,034_to_033_warp.nii.gz,0.8751417027924502,1.3842806138584969,6.211764462855235,0.0009595255783815954,0.06727514209372913,0.22769881180426702,3.0566795963246802,1.0442181965389374,0.6076781673287108,0.014580145453592186,0.0,0.4320930991374816,True,True,True,True
pt022,MR3,035_to_034_warp.nii.gz,0.8958303710108375,1.3789561869268143,8.213596648678651,0.000624836618131777,0.07134392027913337,0.24856144890151682,3.0540381085532196,1.0429765925765593,0.6151204499266172,-0.12957487329670647,1.52587890625e-05,0.4490458231813191,False,True,True,False
pt022,MR3,036_to_035_warp.nii.gz,0.9614872047843427,1.3959045526919391,11.530952499154727,0.0007745394862442109,0.07312126600212601,0.2768575917997619,3.0927203812663038,1.0436008085414432,0.6367906337117113,-2.2014403461513887,9.1552734375e-05,0.4996997615391192,False,True,True,False
pt022,MR3,037_to_036_warp.nii.gz,0.9804648464032791,1.3860133618400579,7.084993239438792,0.0013194149194833108,0.07622743955918816,0.31935691663253046,3.1035622119971884,1.0441779501347461,0.6367714008615093,-0.1871731601973127,9.765625e-06,0.5099319269069794,False,True,True,False
pt022,MR3,038_to_037_warp.nii.gz,0.9396828275394715,1.3817466797971476,8.746617646956555,0.0007999947151816932,0.07125810806062946,0.2652783544857804,3.072251363529529,1.0434203594034401,0.626803804953425,-0.0869063551166672,4.8828125e-06,0.48448990424876903,False,True,True,False
pt022,MR3,039_to_038_warp.nii.gz,0.9327880955587596,1.3808002287115941,7.0078385325418395,0.00062740665463144,0.07404927989248727,0.2726894317957501,3.070872766850039,1.0430869866009795,0.624804873895796,-0.29759844680136444,1.46484375e-05,0.48052617556536503,False,True,True,False
pt022,MR3,040_to_039_warp.nii.gz,0.9405391336499161,1.372347948633811,7.204987321156383,0.001269604304932453,0.07529585028798862,0.3064495816633013,3.075085915859153,1.043992787446812,0.6232395000013803,-0.054958234506919515,5.4931640625e-06,0.4711365493791406,False,True,True,False
pt022,MR3,041_to_040_warp.nii.gz,0.8918298075951582,1.3761491607492555,8.705327058019485,0.000712778344193254,0.07005786385618233,0.24850887686648632,3.048006224125078,1.0431698824071618,0.6124715790012449,-0.04834811757205695,8.544921875e-06,0.4472980114232417,False,True,True,False
pt022,MR3,042_to_041_warp.nii.gz,0.8752045332072997,1.3844062934892256,7.802521694922551,0.00057708241168379,0.06562116185253745,0.21859034413407757,3.051701288909599,1.0434241256843135,0.6125928681687959,-0.4121004575048116,8.544921875e-06,0.4432432462354551,False,True,True,False
pt022,MR3,043_to_042_warp.nii.gz,0.9363450347890473,1.3794638343707284,7.277263319901365,0.0008014465822646612,0.07228090644552965,0.28073838213888114,3.073783468228134,1.0435017058252298,0.6225595080390967,-0.04605825831855679,4.8828125e-06,0.4739570100655008,False,True,True,False
pt022,MR3,044_to_043_warp.nii.gz,0.9653524206241151,1.3873004479856685,7.605093942309092,0.0015540838362654795,0.07529610742539698,0.30014537481361314,3.092774672323145,1.0428977449916288,0.6387532482885139,-0.9038792570935562,1.28173828125e-05,0.5100319456891971,False,True,True,False
pt022,MR3,045_to_044_warp.nii.gz,0.9663644154578291,1.3834012830321263,6.739014809009229,0.0006508888474816784,0.07489444384133513,0.304370197491044,3.086139998017325,1.0431550409996482,0.6324128278497062,-0.3820608791522682,1.0986328125e-05,0.5017896830172706,False,True,True,False
pt022,MR3,046_to_045_warp.nii.gz,0.9236838484972587,1.3872093402151704,6.318645352671103,0.0003977845990062286,0.06874857963440417,0.25238351396297837,3.0722821029974456,1.043337834799064,0.6252134036157535,-0.3665141929415101,6.7138671875e-06,0.47325395610054016,False,True,True,False
pt022,MR3,047_to_046_warp.nii.gz,0.907181860424089,1.377929306771187,6.472843989272152,0.0011909946084751428,0.0698315083528606,0.25914417359265673,3.0526483091040255,1.0430161767387123,0.6166649243944815,-0.12727504336506526,3.662109375e-06,0.45717124467574644,False,True,True,False
pt022,MR3,048_to_047_warp.nii.gz,0.9133376605786339,1.3816257777655963,7.179571029151345,0.0016213362783370708,0.07027180665876998,0.2536654811761976,3.0657349154172744,1.0432673581202372,0.6179317607582933,-0.1949213294923435,5.4931640625e-06,0.46095754526821353,False,True,True,False
pt022,MR3,049_to_048_warp.nii.gz,0.9206091651307743,1.3789440498449155,8.64652845315698,0.0006948387826815197,0.07249075830655534,0.2670898568078645,3.066461761144068,1.0434165304852003,0.6230008289940486,-0.7840676518800161,1.220703125e-05,0.4638798162973836,False,True,True,False
pt022,MR3,050_to_049_warp.nii.gz,0.9337193388660988,1.389696369826968,7.0185631612595945,0.0017512245963968594,0.07153194840425231,0.2646182017091613,3.0820780147989058,1.0437574882704541,0.6257692912671329,-0.24579573286807896,3.662109375e-06,0.47672347847236507,False,True,True,False
pt022,MR3,051_to_050_warp.nii.gz,0.9025740614364851,1.385319037065816,8.48547627100985,0.0015397545211940076,0.06741866849513704,0.2350985989502354,3.0703358765393025,1.0434248511985553,0.6168123987417004,-0.39543374055504216,1.0986328125e-05,0.4612607966863163,False,True,True,False
pt022,MR3,052_to_051_warp.nii.gz,0.9075350335874824,1.3758589154619172,8.453551464061595,0.0010017864648019196,0.0709178692939988,0.25699820024967857,3.0590171927640664,1.0431477276194976,0.6160514016645714,-0.14060119163897705,7.9345703125e-06,0.4534842179046589,False,True,True,False
pt022,MR3,053_to_052_warp.nii.gz,0.9231586846277302,1.376347679946963,7.072212675644096,0.0005606115465956715,0.07301276120697424,0.2671578992689857,3.061345010322224,1.043422905820469,0.6234224670917904,-0.6586782412243036,1.15966796875e-05,0.47296771087942646,False,True,True,False
pt022,MR3,054_to_053_warp.nii.gz,0.964268145177769,1.374473400425522,7.046883154970489,0.0009062091627245597,0.0771561632947612,0.31069726988443,3.0744008794917175,1.0432442741792844,0.6308735661645416,-0.23654429174141395,9.1552734375e-06,0.4981888663468,False,True,True,False
pt022,MR3,055_to_054_warp.nii.gz,0.9892932813151486,1.3809901801659972,8.216803237418043,0.0010142627844698636,0.07630089195428696,0.34368432238094404,3.0965795642239193,1.0424036688475027,0.6394462779211623,-0.37271179647748615,3.2958984375e-05,0.5119103705249921,False,True,True,False
pt022,MR3,056_to_055_warp.nii.gz,0.9731701337427515,1.381625521704608,7.674228108111684,0.00042157915477285127,0.07630908029201655,0.326276194929803,3.0949286744554234,1.043642645910864,0.6353986965841404,-0.8969490927010918,1.03759765625e-05,0.4967925251463366,False,True,True,False
pt022,MR3,057_to_056_warp.nii.gz,0.9173868465783491,1.3792195646664163,7.6681048802314535,0.0009724997813497559,0.07027219001884381,0.2593232738415429,3.0592616915663404,1.043546144715788,0.6200276520679591,-0.09154332248911608,4.2724609375e-06,0.4676124918854559,False,True,True,False
pt022,MR3,058_to_057_warp.nii.gz,0.9541210074373777,1.371122210103947,6.805097680035219,0.001204793883026749,0.07882479509719344,0.3228912663439871,3.0716253388024337,1.042068694254042,0.6235560398979109,-0.09850589802167682,2.44140625e-06,0.4757572789377415,False,True,True,False
pt022,MR3,059_to_058_warp.nii.gz,0.9193257914991702,1.390628727868395,7.940046154522119,0.0011645304632355697,0.06927808364969869,0.2533517325762803,3.077371948834346,1.0438646911933558,0.6220165550662627,-0.08581196569391156,4.8828125e-06,0.46961422787969526,False,True,True,False
pt022,MR3,060_to_059_warp.nii.gz,0.9930224432169105,1.3770572290253096,7.093922601031298,0.0012176837481747708,0.08203061570927987,0.3647675840432678,3.106578870032968,1.0442872278772934,0.6368623726215128,-0.09867780343871523,3.0517578125e-06,0.4966675490268328,False,True,True,False
pt022,MR3,061_to_060_warp.nii.gz,0.9770764562717861,1.37694527685675,7.497489955291198,0.0009385441209464924,0.08043873647833312,0.3193037378998357,3.0873680608836396,1.0431025011593322,0.6395576229516239,-0.4256399787516392,4.21142578125e-05,0.5032975490537103,False,True,True,False
pt022,MR3,062_to_061_warp.nii.gz,0.9558017331389492,1.3810939552471215,6.68509454173765,0.0018794396854555227,0.07526830566177706,0.30097277459223193,3.0775760779739074,1.043624486702401,0.6330588607914452,-0.03438498989650786,2.44140625e-06,0.4907802077599495,False,True,True,False
pt022,MR3,063_to_062_warp.nii.gz,0.9138866905619791,1.386356142322933,7.033482032307229,0.0009542242012287134,0.07076188449974323,0.2531425923810538,3.0663998341320315,1.0434676710159612,0.619457296428623,-0.04992725027445006,6.103515625e-07,0.4642934707756319,False,True,True,False
pt022,MR3,064_to_063_warp.nii.gz,0.9381944853184291,1.3779900626301682,6.798487013170959,0.0006182790727861708,0.07195550660974069,0.28721167405843706,3.071229282107593,1.0434719464798339,0.6328241680129453,-0.11832766423815497,4.2724609375e-06,0.48004463817936593,False,True,True,False
pt022,MR3,065_to_064_warp.nii.gz,0.9076324282701432,1.3795321568624448,5.967498152057261,0.0006133277866210504,0.06990348522779785,0.2546475623721697,3.056571313326866,1.0428365548330576,0.6181207461271132,-0.11643187325946444,1.3427734375e-05,0.45933855949131597,False,True,True,False
pt022,MR3,066_to_065_warp.nii.gz,0.966240914485786,1.3646202297721137,6.077082289867433,0.0008835149534506345,0.0767281598271468,0.34586350191287746,3.064466255550706,1.0415041309276893,0.622695334274904,-0.20277108745904632,4.2724609375e-06,0.47807452429540354,False,True,True,False
pt022,MR3,067_to_066_warp.nii.gz,0.940491934650248,1.375804524156114,6.000175093621971,0.0016268723091348374,0.07613409377514836,0.30951890969993767,3.077894086895112,1.0441191078791803,0.6231463162847624,0.012857687277495892,0.0,0.46808189639083186,True,True,True,True
pt022,MR3,068_to_067_warp.nii.gz,0.8801230477226548,1.3720845407788038,6.008983691618469,0.0012581443020461493,0.07100756783989287,0.24185556935469443,3.039489061587375,1.043368746413376,0.6084084509859913,-0.06746178391648694,6.103515625e-07,0.43562438220791394,False,True,True,False
pt022,MR3,069_to_068_warp.nii.gz,0.933874038113228,1.3640292619772185,7.0130001734210055,0.0007929985464470094,0.07550046236178873,0.2988258183168032,3.0463222524145923,1.0433126764251057,0.6146558958327378,-0.5875223403028036,8.544921875e-06,0.4583871566401897,False,True,True,False
pt022,MR3,070_to_069_warp.nii.gz,0.9533726467236527,1.3764723761067315,8.060942316953303,0.000742245643460055,0.07707079156683241,0.29939607341004476,3.0718072999289103,1.0430584557701692,0.6273528686022979,-0.09884368534787157,6.103515625e-06,0.48139798431414327,False,True,True,False
pt022,MR3,071_to_070_warp.nii.gz,0.9265669696473957,1.3779439944746967,7.5619725285168915,0.0008237712125717766,0.0742665573722677,0.27506136302041145,3.0680236374051804,1.043525158589059,0.6236818941192668,-0.7902210353416318,1.03759765625e-05,0.47468821397975935,False,True,True,False
pt022,MR3,072_to_071_warp.nii.gz,0.9337797052856739,1.3764082712613923,8.650997046358361,0.0008180869080085166,0.07434565008784073,0.2817855027467968,3.0668854648518393,1.043407688614571,0.6223657758095382,-0.023663677821306545,4.8828125e-06,0.47861681127388084,False,True,True,False
pt022,MR3,073_to_072_warp.nii.gz,0.9739906389887308,1.3624711002186696,7.406883588954468,0.0007273482140842442,0.07944275419630181,0.35684390204182237,3.064286094109986,1.04247830392263,0.6289607179352055,-1.1115500274171357,1.77001953125e-05,0.49411019204303636,False,True,True,False
pt022,MR3,074_to_073_warp.nii.gz,0.976663365101774,1.3731278486478298,6.002735625438722,0.0012334426276270135,0.08195269883080872,0.34963706949454293,3.085620275029886,1.0441211389481215,0.631321880509958,-0.04368133010199715,6.103515625e-07,0.48353517515493016,False,True,True,False
pt022,MR3,075_to_074_warp.nii.gz,0.921740677783482,1.3685753300528738,6.165902291684498,0.0006039757989486842,0.07579028139970755,0.2896463089574299,3.0526043994612078,1.0430968698504928,0.615790710380508,-0.4490388368780486,1.8310546875e-06,0.4534554742777405,False,True,True,False
pt022,MR3,076_to_075_warp.nii.gz,0.8726175513701341,1.3755791430474502,5.88014965165932,0.0008365069988559128,0.06866604579095983,0.23166368721574893,3.0420142044151794,1.0437500024145783,0.6077281459241625,-0.002846070948855936,6.103515625e-07,0.4336150557860387,False,True,True,False
pt022,MR3,077_to_076_warp.nii.gz,0.9661217165827959,1.3703363301242801,10.269643186711017,0.0006832264646712198,0.07799826931087016,0.3501035021539366,3.0744325251459954,1.0417060492808012,0.6315124112092981,-1.043079086112952,4.39453125e-05,0.48963324124217544,False,True,True,False
pt022,MR3,078_to_077_warp.nii.gz,1.0129657040219795,1.3802052086680237,9.236083601632238,0.0016201220845621328,0.08384394557038623,0.38627918503034187,3.117591463489573,1.044558130067004,0.6440727724758777,-0.4419118648948646,2.0751953125e-05,0.5121073306673746,False,True,True,False
pt022,MR3,079_to_078_warp.nii.gz,0.959994250178476,1.3709225503289943,7.45596208192143,0.0011340601696636398,0.08064426853518195,0.3279286111085433,3.0715799450552277,1.042645387208017,0.6270787562831833,-0.11847076430409156,4.8828125e-06,0.4818489467573015,False,True,True,False
pt022,MR3,080_to_079_warp.nii.gz,0.971568388554296,1.3718678553446038,6.690603476311402,0.0007346597930918691,0.0778815999540945,0.3436414183879131,3.0727173067196385,1.0425406108300423,0.6322830404889594,-0.09333888454289894,1.220703125e-06,0.49942220087705025,False,True,True,False
pt022,MR3,081_to_080_warp.nii.gz,0.909660344766501,1.3852242970136617,7.530417635083526,0.0012489070414610465,0.06846306988875897,0.2547387111426627,3.070873435077657,1.0440115742448561,0.6220084739698409,-0.345286704322276,1.28173828125e-05,0.4681378513073674,False,True,True,False
pt022,MR3,082_to_081_warp.nii.gz,0.8814642894946733,1.3855552432471043,7.215279992856622,0.0005367766132058739,0.06729709139820152,0.2245800676078446,3.058695275731912,1.0439131192582678,0.6142195214993387,-0.44342607092856084,9.765625e-06,0.4486601452232467,False,True,True,False
pt022,MR3,083_to_082_warp.nii.gz,0.8790329373962593,1.385935698508297,6.193959988202507,0.0008105974104612935,0.06564005211242058,0.21976932412483946,3.05422590417439,1.0436955777725736,0.6130353012965359,-0.21323324243424108,6.7138671875e-06,0.44323459867202886,False,True,True,False
pt022,MR3,084_to_083_warp.nii.gz,0.8747984201629442,1.377639955076613,5.907632080905725,0.000718419307046989,0.06799683926153596,0.2347307087933977,3.0445778105120143,1.043659804470299,0.6098988949463512,0.00843551468196626,0.0,0.4357033414320351,True,True,True,True
pt022,MR3,085_to_084_warp.nii.gz,0.8868662387171716,1.3737652017603637,5.907971221368056,0.0005298293145220162,0.07111187978340217,0.26708084263861454,3.0555195283427397,1.0443665764743841,0.6135390978761726,-0.1826562915816751,6.103515625e-07,0.4374047886308632,False,True,True,False
pt022,MR3,086_to_085_warp.nii.gz,0.8543946656328568,1.3728937085848152,5.872851427859328,0.0009086411657795509,0.0688974137800765,0.22386091861404506,3.036608746705927,1.0434285416566111,0.6000579376126999,0.003264495031654107,0.0,0.4182901773651117,True,True,True,True
pt022,MR3,087_to_086_warp.nii.gz,0.8984666957389074,1.3796363030027896,6.7938923488561285,0.0006671778015008038,0.0720296900363002,0.2501684881216961,3.055601337539035,1.0427027111841967,0.6164296539620758,-0.3076321688765319,1.8310546875e-06,0.45260317387262705,False,True,True,False
pt022,MR3,088_to_087_warp.nii.gz,0.9411749578205572,1.384703268038117,7.476974404356894,0.0005459619042716695,0.07405099454911022,0.2862438303046796,3.083504568841999,1.0430142400715265,0.6334539753630415,-1.1772479660166006,3.72314453125e-05,0.48449105201961307,False,True,True,False
pt022,MR3,089_to_088_warp.nii.gz,0.9697970471201975,1.390195091209293,8.252116297393053,0.0011448216118793268,0.07564120914668386,0.3092745520367852,3.106457379594805,1.0440206159534826,0.6396390391583018,-0.32697205840446075,2.44140625e-05,0.49803865039096834,False,True,True,False
pt022,MR3,090_to_089_warp.nii.gz,0.9476389087982915,1.3796190941196336,10.605446742901364,0.00047968979688255825,0.0758984271051537,0.2895999192600372,3.070290104527055,1.043285952876046,0.6237305292572278,-0.2008255900989996,9.1552734375e-06,0.4831841694102086,False,True,True,False
pt022,MR3,091_to_090_warp.nii.gz,0.9393074165971563,1.368472474629852,6.054481292363557,0.0006791013742931441,0.07725436214766676,0.3080813842229976,3.0586405184512215,1.042171949814626,0.6281173125046702,-0.19529238599476245,3.662109375e-06,0.4750798200368292,False,True,True,False
pt022,MR3,092_to_091_warp.nii.gz,0.956525371300467,1.3769540282281958,5.9596361394798425,0.001080931714956115,0.07935633954529879,0.33596316771507106,3.093051441767252,1.0444559893764431,0.628519853543536,-0.07486920146508011,7.32421875e-06,0.4732198803831785,False,True,True,False
pt022,MR3,093_to_092_warp.nii.gz,0.9149341101224324,1.3686052146211818,6.121829948169004,0.0005347130361906006,0.07507815627555621,0.2878838731987972,3.049639095778412,1.043369762775274,0.6126755756227524,-0.0738418118178687,2.44140625e-06,0.4446817095216706,False,True,True,False
pt022,MR3,094_to_093_warp.nii.gz,0.8868443613041141,1.3762287774885908,7.340242858194851,0.0004979440241875878,0.07131664472713437,0.2527490780168905,3.0523812171572255,1.0437190136073642,0.6114290794356654,0.012481325970777878,0.0,0.43761112019223175,True,True,True,True
pt022,MR3,095_to_094_warp.nii.gz,0.8951380341285733,1.3830121406076221,6.424852048007058,0.0008021537200299039,0.06945940011266447,0.2409010115016531,3.0571320080144804,1.0433273902356397,0.6182959308273144,-0.2602783050020738,6.103515625e-06,0.45413742856378037,False,True,True,False
pt022,MR3,096_to_095_warp.nii.gz,0.9306494926461428,1.3813664492043936,8.302524520746699,0.00034320229834018673,0.07215213423022002,0.2818482141567729,3.073852802098425,1.0436481427906374,0.6285024869976166,-0.18271377180565262,1.77001953125e-05,0.48040992613433076,False,True,True,False
pt022,MR3,097_to_096_warp.nii.gz,0.9753286259374989,1.3740721376458231,9.052958413521887,0.0010088179761039609,0.07858750668238781,0.34620084966898756,3.0887653263131787,1.0421528240755613,0.6315435415002437,-0.5861517628655929,1.77001953125e-05,0.4967224856157775,False,True,True,False
pt022,MR3,098_to_097_warp.nii.gz,0.9110822388034725,1.37818727395238,5.954713456818536,0.0009428596431191984,0.07131585040202743,0.2660614932820429,3.0626357813934626,1.043504786487548,0.62274592827067,-0.1449803096480504,4.2724609375e-06,0.46449516087846504,False,True,True,False
pt022,MR3,099_to_098_warp.nii.gz,0.955139069361844,1.3714249940299246,8.13156991997218,0.0007453244497495857,0.07809441540013021,0.3209700051391484,3.071635182109266,1.0440074564928752,0.6283000820471898,-0.29541517635478126,9.765625e-06,0.4848595803678387,False,True,True,False
pt022,MR3,100_to_099_warp.nii.gz,0.9745898812247362,1.3789728493034994,10.682596322901356,0.0014935789231082886,0.0817548930411524,0.3414973510553599,3.0988870097698658,1.0435170200332986,0.6388966619756867,-0.49162814581417974,1.52587890625e-05,0.5091796790600724,False,True,True,False
pt022,MR3,101_to_100_warp.nii.gz,1.0110325831203721,1.3530822674941108,6.757345363871106,0.0008412013618458022,0.07932506575942556,0.4237406845181674,3.0657584076974334,1.0398837762402304,0.6224222112704328,-0.1785073924618956,7.9345703125e-06,0.4776592967992551,False,True,True,False
pt022,MR3,102_to_101_warp.nii.gz,0.9133598910718546,1.3690233126101123,6.753524844463452,0.0005536064828502433,0.07134502623234919,0.2826552188572433,3.0483363382409627,1.0434861535027213,0.6129573876731647,0.0047204701857530805,0.0,0.4516245080011318,True,True,True,True
pt022,MR3,103_to_102_warp.nii.gz,0.85891966033908,1.374371342659053,5.914809313542257,0.0006707282325654603,0.0667119151973546,0.2232451264821918,3.042162276333134,1.044064006388469,0.6018933809454778,0.0167219938535526,0.0,0.4197454933225054,True,True,True,True
pt022,MR3,104_to_103_warp.nii.gz,0.8932169823217447,1.367805048325473,6.492137023750151,0.00047063273488967756,0.07348212618414082,0.2697756662365928,3.045230801115002,1.0434096549617862,0.6128229829590138,0.012063425664146877,0.0,0.4427918278789265,True,True,True,True
pt022,MR3,105_to_104_warp.nii.gz,0.8974526569783013,1.3854037820379044,9.498474070882446,0.0004918660493730438,0.06811836645411053,0.23819067756454435,3.0650580420352367,1.0436827536919446,0.6164435732136139,-0.11168283364037936,6.7138671875e-06,0.4534674494148245,False,True,True,False
pt022,MR3,106_to_105_warp.nii.gz,0.9253644303338713,1.390794696411997,10.28545282680705,0.0010658646494927277,0.07054908360019357,0.2748304116752963,3.086998056523208,1.043995779289565,0.6249279556624339,-0.8473829303108394,3.72314453125e-05,0.47532506885581627,False,True,True,False
pt022,MR3,107_to_106_warp.nii.gz,0.9090487104643644,1.378038507184579,7.289651026929804,0.0016399757936423703,0.0719033707285359,0.2582953244482932,3.0550193458810577,1.0431807915608062,0.6189601939562449,-0.25525706361991185,9.1552734375e-06,0.4622443472043725,False,True,True,False
pt022,MR3,108_to_107_warp.nii.gz,0.9703412864005376,1.4092429134030622,13.828122730209284,0.0009986864720108258,0.07175920538368125,0.2786086613126072,3.107623097964314,1.0434512318739007,0.6365430158750142,-0.8043818132053918,7.2021484375e-05,0.5096741673486684,False,True,True,False
pt022,MR3,109_to_108_warp.nii.gz,0.9443541897941892,1.3925286796571597,11.440376275954666,0.0009506844030449673,0.07258256835195838,0.2764008564194699,3.0870283075539144,1.0437643393052078,0.6337407748524468,-0.5059368755121453,5.126953125e-05,0.4911445208833217,False,True,True,False
pt022,MR3,110_to_109_warp.nii.gz,0.9225366080330994,1.3814129427992854,7.812936154719399,0.0009970908130216348,0.07123653248998058,0.26896136083634015,3.0684390967500956,1.0438258296432656,0.6224072363201294,-0.4264938901874121,2.38037109375e-05,0.4668336563564306,False,True,True,False
pt022,MR3,111_to_110_warp.nii.gz,0.9815072563059293,1.3697549808480283,5.993943600107102,0.00029017044615782447,0.07905412473744781,0.37344832506111103,3.092600042038753,1.0443790251053162,0.6356531162653741,-0.005812848235113649,6.103515625e-07,0.48740968824949255,False,True,True,False
pt022,MR3,112_to_111_warp.nii.gz,0.9241348670953726,1.3721715165779516,5.903586192147581,0.0012858515818678913,0.07712612357144734,0.300583284799,3.061652581755048,1.0422573511368427,0.6212547842137051,-0.011972731275282868,6.103515625e-07,0.4594685572533413,False,True,True,False
pt022,MR3,113_to_112_warp.nii.gz,0.8914186451793698,1.402465931835866,5.917321890940785,0.0005897797634699962,0.07272908644767019,0.24410393346375225,3.0988513550987493,1.0448756713997638,0.6177409588627963,0.016595007367373127,0.0,0.4436805530948289,True,True,True,True
pt022,MR3,114_to_113_warp.nii.gz,0.8732004959986955,1.3784127977275145,6.141244742934504,0.0011790966772321143,0.06892757155170466,0.23795168469359865,3.0499885046876374,1.0435229356877205,0.610349954396778,0.008870027819094312,0.0,0.43361456460311715,True,True,True,True
pt022,MR3,115_to_114_warp.nii.gz,0.8762862366404471,1.3734968337904891,6.2060589690267305,0.0004343860843764631,0.07060350053623148,0.24181819595020268,3.04356034541933,1.043022529355672,0.6092717350896318,0.01766426371436396,0.0,0.4336012436131532,True,True,True,True
pt022,MR3,116_to_115_warp.nii.gz,0.936997940727485,1.4006246631078423,9.47072696990456,0.0016755741459202637,0.07138382925160511,0.2681610201412029,3.1053595486398895,1.0443514408646686,0.6299929754233612,-0.4810828002580956,2.38037109375e-05,0.48684233550124234,False,True,True,False
pt022,MR3,117_to_116_warp.nii.gz,0.9526913545722364,1.389467228929953,8.780164982391035,0.0012606163945601404,0.07463672550858627,0.28882371660054407,3.0978817735493203,1.0435484640827801,0.637543485109357,-0.5154482039017627,4.33349609375e-05,0.5020726897422613,False,True,True,False
pt022,MR3,118_to_117_warp.nii.gz,0.9214341846660369,1.386145110284047,6.794110918118044,0.0006217084810787868,0.06842979264922767,0.2543462444410878,3.0703183435585246,1.0435805752952236,0.6248768336542844,-1.1995035568077812,1.52587890625e-05,0.47733363230606257,False,True,True,False
pt022,MR3,119_to_118_warp.nii.gz,0.9262795778241049,1.3809101332453346,8.515686496698383,0.0007791534995232053,0.0720305569740467,0.27254469627636657,3.072101850013844,1.0434298179824533,0.6206840034735552,-0.2795926413694824,1.8310546875e-05,0.4712927757951235,False,True,True,False
pt022,MR3,120_to_119_warp.nii.gz,0.9533827612404212,1.3718843532914344,6.84476684094423,0.0014253055689815997,0.07444226015985021,0.3287943149666216,3.074776414506582,1.0426277694303467,0.6247751991506295,-1.0141027113306795,6.7138671875e-06,0.479361045567735,False,True,True,False
pt022,MR3,121_to_120_warp.nii.gz,0.907805065456954,1.3703217794277878,6.312218554938888,0.0003990256604932437,0.07383824812387714,0.26496330235548127,3.0439123436453137,1.043002616273604,0.6162187060175088,-0.029944977954565768,6.103515625e-07,0.45519140421388776,False,True,True,False
pt022,MR3,122_to_121_warp.nii.gz,0.9159243450750008,1.3728413939682038,5.8969305838370705,7.596558353977228e-05,0.07253826121906608,0.2861985738506687,3.056203071465718,1.0435291951771708,0.6158702948841392,0.007256475781408362,0.0,0.4545316867397351,True,True,True,True
pt022,MR3,123_to_122_warp.nii.gz,0.919669098269354,1.378000550445778,7.452327726546624,0.0007541263317175479,0.07209678567641471,0.27932424560068225,3.072482619499763,1.0442583551732005,0.6210500550885861,-0.2222330591988581,4.2724609375e-06,0.4615197000618197,False,True,True,False
pt022,MR3,124_to_123_warp.nii.gz,1.0452005949178527,1.3721129920061002,7.249630003276016,0.0005754782309576532,0.08114102524464648,0.4272939231209626,3.1311873332828704,1.0444192010174906,0.6454961345778613,-0.22852782792124454,6.7138671875e-06,0.5106916536420912,False,True,True,False
pt022,MR3,125_to_124_warp.nii.gz,0.9305767306094035,1.3894045940124222,9.113622976891431,0.0007911030725741927,0.07089858426693668,0.26907318224503907,3.0764304381924164,1.0431235921984685,0.6263855269327291,-0.3767501168958183,3.72314453125e-05,0.4793810393952102,False,True,True,False
pt022,MR3,126_to_125_warp.nii.gz,0.9412973692270693,1.3854595011837654,7.741088542467689,0.0012154470664219855,0.07184631440043636,0.2858989019632602,3.0802664064990495,1.043028860157541,0.6264139078980262,-0.22595904071456702,2.9296875e-05,0.47975504012724235,False,True,True,False
pt022,MR3,127_to_126_warp.nii.gz,0.9400746726437613,1.380220117026605,9.483412573032714,0.001038709742508667,0.07241806604921697,0.3018240824210413,3.0676474096865665,1.0426529277293815,0.6247182808505051,-0.12118609835034577,6.103515625e-06,0.4749712380657298,False,True,True,False
pt022,MR3,128_to_127_warp.nii.gz,0.9174952393166563,1.3895582749453768,7.295964616152574,0.0006924698992617104,0.06849299355632969,0.24647819319585385,3.075439481831619,1.0436634188324545,0.6245317167438433,-0.17825423434753956,1.5869140625e-05,0.4711955394549943,False,True,True,False
pt022,MR3,129_to_128_warp.nii.gz,0.9013662955747985,1.386512704463103,7.8347420073564855,0.0008676158981277364,0.06896205680315137,0.23614471001989917,3.0632233591045863,1.043283810473668,0.6188136639288694,-0.15386653450954094,3.0517578125e-06,0.4608435351533139,False,True,True,False
pt022,MR3,130_to_129_warp.nii.gz,0.9113133572463781,1.3799991965752891,7.444332907260042,0.0007221704945104326,0.07079659795193056,0.2735951573957003,3.067618891177163,1.043229249557386,0.6178797938496858,-0.6240044328794865,7.32421875e-06,0.45901247580124177,False,True,True,False
pt022,MR3,131_to_130_warp.nii.gz,0.9391231485921445,1.3806513647791658,8.89163438134985,0.0011980495913671376,0.07421725663662766,0.3021979556479313,3.07542785353859,1.0426396587162055,0.6234725392245323,-0.4304372344500034,1.77001953125e-05,0.47558811168355225,False,True,True,False
pt022,MR3,132_to_131_warp.nii.gz,0.9082447482576321,1.3802680139972638,7.739612285726595,0.0005580154483800126,0.07236967182951962,0.25737515033004904,3.062234858254714,1.0429983848321822,0.6202900962674034,-0.6836592923867967,1.64794921875e-05,0.4565814921542999,False,True,True,False
pt022,MR3,133_to_132_warp.nii.gz,0.9255898346690329,1.390461512155678,7.59057769356095,0.00041389176911140835,0.0689941599650239,0.2528870534558358,3.078195883943861,1.0437012561448165,0.6254391855801518,-0.17327993590005678,5.4931640625e-06,0.4725304470852818,False,True,True,False
pt022,MR3,134_to_133_warp.nii.gz,0.8953755376797232,1.3882036127050363,6.803867802183774,0.0013810497783312895,0.06685122309388182,0.23823014968204484,3.0678388392929663,1.0439051505252224,0.6177675240626761,-0.04136591943479456,5.4931640625e-06,0.45652665322456315,False,True,True,False
pt022,MR3,135_to_134_warp.nii.gz,0.924060707910861,1.3870430575392039,6.121231528759022,0.0008267165953342877,0.06964502036413196,0.265296741696852,3.079871187258479,1.0444147505537265,0.6248152906319169,0.012015406341150142,0.0,0.46704653196245716,True,True,True,True
pt022,MR3,136_to_135_warp.nii.gz,1.0190297755450042,1.372671725840397,8.034059602253546,0.000561037444543493,0.07969049457458137,0.39913541839048516,3.1027266020035538,1.0413728239722473,0.6378793369237715,-0.18559383892077586,3.35693359375e-05,0.5159497650047912,False,True,True,False
pt022,MR3,137_to_136_warp.nii.gz,0.9803184097993612,1.392578455951476,10.412556254958263,0.0011332466497480122,0.074903550051246,0.3138055234475912,3.108596020838138,1.0441770878471393,0.6412328270579863,-0.5191759774318898,3.0517578125e-05,0.5167346510223404,False,True,True,False
pt022,MR3,138_to_137_warp.nii.gz,0.979999468747388,1.3954551464571585,10.437637366302816,0.0011503674917068857,0.07398803371795705,0.3049417971293224,3.1097070866553476,1.0432120323406138,0.6463781215144155,-0.579939932368653,4.2724609375e-05,0.5211055196879115,False,True,True,False
pt022,MR3,139_to_138_warp.nii.gz,0.9708737424860783,1.39493002817647,11.38087600826319,0.0014442882431471495,0.07256367525229813,0.3037365723923302,3.102539791747074,1.043689963700063,0.6357794445053618,-0.17726141388533695,2.74658203125e-05,0.5074609498644537,False,True,True,False
pt022,MR3,140_to_139_warp.nii.gz,1.0508420531459945,1.3782812008895646,8.76372638849218,0.0007543673216159837,0.07946953524137307,0.43963765467720683,3.135782825669897,1.0447036142379644,0.6515434921481492,-0.1986232299942115,1.28173828125e-05,0.5258267511298851,False,True,True,False
pt022,MR3,141_to_140_warp.nii.gz,0.9490715424107465,1.388526628169188,6.469430045296964,0.0011245454793999958,0.07278213396652401,0.29051817676770686,3.0969458411821313,1.0435839527535173,0.6304573354891787,-0.1325036025505938,6.103515625e-06,0.4862390868713227,False,True,True,False
pt022,MR3,142_to_141_warp.nii.gz,0.9384501505322654,1.3848873260078602,6.731583172294575,0.0007454730091748297,0.07179103360530878,0.27563987564989506,3.0737290038903677,1.0431977108557646,0.6289839475489428,-0.09963287249902346,7.9345703125e-06,0.48145410483893303,False,True,True,False
pt022,MR3,143_to_142_warp.nii.gz,0.9329362007999348,1.384152976994963,7.552385089607524,0.0011500924404440477,0.0719137919532933,0.28415499827281643,3.072299497803625,1.042833813517601,0.6246911679946905,-0.04634831623689826,3.662109375e-06,0.47690150795285857,False,True,True,False
pt022,MR3,144_to_143_warp.nii.gz,0.9091638254491134,1.3888139181377173,9.534672819269327,0.0012637852499110314,0.06813780832410603,0.2481404405934556,3.0698830194872375,1.0434075167552548,0.6193526686395082,-0.0683613808513425,3.662109375e-06,0.46307878607768516,False,True,True,False
pt022,MR3,145_to_144_warp.nii.gz,0.8932669804848932,1.3927602985048428,8.760956651281075,0.0008601793141061379,0.06538869158008734,0.2186004815750574,3.069908040510736,1.0435586129390193,0.6170723444313931,-0.056903787841733715,2.44140625e-06,0.45890492525190474,False,True,True,False
pt022,MR3,146_to_145_warp.nii.gz,0.924702159203851,1.3826173553088097,6.0978751790926164,0.00040003746717969435,0.07194362994916914,0.2818125729138393,3.08174458716767,1.0438413280448224,0.6261923834612931,-0.17538208830804566,6.103515625e-06,0.46990791755341044,False,True,True,False
pt022,MR3,147_to_146_warp.nii.gz,0.9194256804696376,1.3869131957554393,7.7686514698346425,0.0008258972755134218,0.07008567923225931,0.26741694286565154,3.0729707086554665,1.0430937757376364,0.6249939329406673,-0.10042605364796656,4.2724609375e-06,0.47062955931470496,False,True,True,False
pt022,MR3,148_to_147_warp.nii.gz,0.9630437246987138,1.3797838884142162,7.973383377294132,0.0011559818524885521,0.0765033809041334,0.3332828972816553,3.0974972780633756,1.044098932876918,0.6308813823384584,-0.29556930848446,1.5869140625e-05,0.4827302390935823,False,True,True,False
pt022,MR3,149_to_148_warp.nii.gz,0.9566702003424994,1.380323576989847,7.58259479665358,0.0006102332977982618,0.07415940754031222,0.31980185188159016,3.078919103893508,1.0428294221899308,0.6281340494833694,-0.05234852587868115,3.662109375e-06,0.4794649463878921,False,True,True,False
pt022,MR3,150_to_149_warp.nii.gz,1.0764972634893792,1.3606340000225603,8.200825688137787,0.0010091189902123583,0.08078527856387542,0.4860501041172853,3.097397451962457,1.0387214349575509,0.632032106190117,-0.6638550167927632,1.5869140625e-05,0.5040451729648231,False,True,True,False
pt022,MR3,151_to_150_warp.nii.gz,0.946202418883824,1.3752649550675338,7.462700019096588,0.00029157512113761337,0.0767972659816252,0.3045727901891764,3.0754345280287176,1.043329484222922,0.6293771340809683,-0.28875539488485286,4.2724609375e-06,0.48292447693693163,False,True,True,False
pt022,MR3,152_to_151_warp.nii.gz,0.9246232090203642,1.3856778548163962,7.298814713720935,0.0005509451406019364,0.06917506094405848,0.262140354617865,3.0689849500863984,1.0438106808069698,0.6312265951547169,-0.06282635178935474,6.103515625e-06,0.48365785512968384,False,True,True,False
pt022,MR3,153_to_152_warp.nii.gz,0.9151822033608213,1.3883193785858075,7.847931216460469,0.0009507051690526489,0.06868148800849311,0.25277198095594827,3.072237307679196,1.0438964980703809,0.6222790307667823,-0.16386640091588558,8.544921875e-06,0.47146446510890144,False,True,True,False
pt022,MR3,154_to_153_warp.nii.gz,0.9400990797942357,1.3791691295641286,6.513579573485477,0.001097569357143894,0.07278831816409868,0.313376726047043,3.0862140350863685,1.0442391225953154,0.6256502028614128,-0.10189728680445818,1.220703125e-06,0.46934328535691283,False,True,True,False
pt022,MR3,155_to_154_warp.nii.gz,0.991937071166776,1.383412758245858,7.473670337546412,0.0010589030665436126,0.07495854367690935,0.3641112967990324,3.119529815685482,1.044593879273587,0.6395373888119484,-0.12392518940599044,1.52587890625e-05,0.501425619360706,False,True,True,False
pt022,MR3,156_to_155_warp.nii.gz,1.1319612864626487,1.3861301212572195,12.228538636232601,0.001358353660074031,0.08176325444853848,0.5244233008657928,3.1457305746533093,1.0379621071680538,0.6536217248909654,-0.8171142986112553,9.27734375e-05,0.5630397908324113,False,True,True,False
pt022,MR3,157_to_156_warp.nii.gz,1.0264211567540054,1.3935324979833579,8.131783953842751,0.0010617132852425825,0.07755699380569099,0.35658809322724727,3.122103574100715,1.043285784753971,0.6617733439449425,-0.8555405561623199,2.9296875e-05,0.5377690871290572,False,True,True,False
pt022,MR3,158_to_157_warp.nii.gz,0.9803232741231299,1.39473950813279,6.834624544662254,0.0012403996689503184,0.07158645819872253,0.2973573969051078,3.1048869986395933,1.0438432018634476,0.637653219011778,-0.7339800715522554,3.2958984375e-05,0.5112543541891008,False,True,True,False
pt022,MR3,159_to_158_warp.nii.gz,0.9202747831464283,1.3820429000627976,7.250618423348182,0.0018632579532643907,0.07073186629527951,0.2589909439524878,3.0714199417049546,1.0435674518142937,0.6241783984246775,-0.2301906863831175,7.32421875e-06,0.4748031137485538,False,True,True,False
pt022,MR3,160_to_159_warp.nii.gz,0.9005811921521503,1.3820371686042017,7.120813656517809,0.000679659179616764,0.0684787533879546,0.23993626511005084,3.0637008824459473,1.0437293707768003,0.6193321396228781,-0.08047079517393979,3.662109375e-06,0.4573714628586687,False,True,True,False
